/**
 * generated by fontconvert.py
 * name: bookerly_24_bolditalic
 * size: 24
 * mode: 2-bit  compressed: zopfli
 * hinting: auto (FT_LOAD_FORCE_AUTOHINT — grid-fits stems to whole pixels)
 * Command used: fontconvert.py bookerly_24_bolditalic 24 ../builtinFonts/source/Bookerly/Bookerly-BoldItalic.ttf --2bit --compress --zopfli
 */
#pragma once
#include "EpdFontData.h"
#include "shared_tables.h"

static const uint8_t bookerly_24_bolditalicBitmaps[81299] = {
    0xAD, 0x54, 0x2F, 0xAC, 0xDE, 0xCE, 0x11, 0x5C, 0x7F, 0xCE, 0x2F, 0x96, 0x6A, 0x70, 0x21, 0x41,
    0x4F, 0xAA, 0x69, 0x49, 0x65, 0x8E, 0xCE, 0x6A, 0x61, 0x41, 0x03, 0x52, 0xCE, 0xD1, 0xE3, 0xC8,
    0x6E, 0x49, 0x69, 0x38, 0x47, 0x8F, 0x94, 0x93, 0xDA, 0xE5, 0xC4, 0x51, 0xB9, 0x64, 0x10, 0xDE,
    0x03, 0x06, 0x8E, 0x6A, 0x7B, 0x7A, 0xB3, 0xE3, 0x48, 0x5F, 0xBE, 0xF6, 0x49, 0x89, 0xD4, 0x93,
    0x6F, 0x67, 0x65, 0xDF, 0xFE, 0x9B, 0xDB, 0xB5, 0x59, 0xBB, 0x99, 0x61, 0xB3, 0x12, 0xC9, 0x6A,
    0x2C, 0x16, 0x30, 0x5B, 0x83, 0xC9, 0x5A, 0x0C, 0x16, 0xD1, 0xE5, 0x6D, 0x16, 0x4F, 0xB3, 0xFE,
    0xC8, 0x7B, 0x37, 0x1B, 0xF3, 0x06, 0x4D, 0xD2, 0xB5, 0x17, 0x2B, 0x30, 0xE7, 0x3D, 0xD9, 0xCD,
    0xF7, 0x90, 0x77, 0x67, 0x25, 0x4C, 0xFB, 0xCC, 0xFB, 0xB8, 0xF6, 0x17, 0xB3, 0xC2, 0xAE, 0xF5,
    0xC1, 0x2C, 0x1C, 0xE6, 0xEE, 0xFB, 0xBC, 0x47, 0xEE, 0x53, 0x21, 0xE2, 0x6A, 0xF6, 0x4B, 0x67,
    0x66, 0xED, 0xFC, 0xB4, 0x66, 0xC7, 0x63, 0x2A, 0xF1, 0x0F, 0xA4, 0x1A, 0x7F, 0xC1, 0x12, 0xF0,
    0x7B, 0xCC, 0x01, 0x25, 0xA6, 0x80, 0x0A, 0x43, 0x73, 0x56, 0xE8, 0x9A, 0xA3, 0x86, 0xB5, 0xBB,
    0x8B, 0x70, 0x5A, 0xDC, 0xC2, 0x91, 0x7D, 0x84, 0xDD, 0x62, 0xA2, 0x58, 0xC2, 0x66, 0x71, 0x68,
    0x3E, 0xD9, 0x3B, 0x7B, 0x63, 0xC6, 0xB4, 0xBA, 0x70, 0x38, 0x5A, 0xB3, 0x67, 0xAC, 0x68, 0x97,
    0xB1, 0x3E, 0x9D, 0x0B, 0xA3, 0x8B, 0x95, 0x98, 0xBD, 0x24, 0x33, 0x1E, 0xEA, 0x89, 0xF9, 0xD0,
    0xC8, 0x62, 0x7D, 0xED, 0x37, 0xE1, 0x56, 0x0A, 0x57, 0xA1, 0x18, 0xC9, 0x11, 0x2C, 0xE3, 0x4C,
    0x02, 0xC8, 0x4C, 0x45, 0xCC, 0xEC, 0xD4, 0xA7, 0x87, 0x1D, 0x82, 0x50, 0x69, 0x54, 0x4A, 0x23,
    0xCA, 0xBE, 0xBB, 0xD0, 0xFA, 0x0B, 0x47, 0x87, 0xF3, 0x5B, 0x78, 0xCB, 0xE5, 0x19, 0x66, 0xE2,
    0x6A, 0x98, 0x32, 0xF6, 0xA9, 0x70, 0x1C, 0x13, 0xB9, 0xFF, 0xAF, 0xF0, 0xF6, 0x32, 0xDC, 0x5E,
    0xEE, 0x48, 0x67, 0x61, 0x49, 0xB0, 0x38, 0x34, 0xB3, 0x43, 0x3B, 0xDD, 0x43, 0x1C, 0x28, 0x9F,
    0x3D, 0x50, 0x05, 0x1C, 0xA6, 0x04, 0x07, 0x95, 0xBF, 0x58, 0x89, 0xCF, 0xAC, 0x35, 0x9C, 0xB7,
    0xBD, 0xDF, 0x72, 0xFE, 0xE5, 0xD6, 0x6E, 0x39, 0xC3, 0x72, 0x6D, 0x36, 0x8B, 0x7B, 0x95, 0xC2,
    0x6A, 0xF1, 0xA8, 0x53, 0x0E, 0x11, 0xF1, 0xC7, 0xE5, 0x57, 0x9D, 0xB5, 0xF8, 0x17, 0x7D, 0x35,
    0xF0, 0x5C, 0x83, 0xA0, 0x04, 0x56, 0x32, 0xA4, 0x00, 0x8C, 0xC0, 0xB0, 0x35, 0x03, 0x90, 0x2F,
    0xAC, 0x82, 0x5D, 0x47, 0x4F, 0xAB, 0x97, 0x72, 0x1B, 0x61, 0x71, 0xA9, 0xD6, 0x88, 0xCC, 0x46,
    0x9D, 0x1A, 0x18, 0x72, 0x94, 0x90, 0x61, 0x0D, 0x73, 0x73, 0x1A, 0xF6, 0x66, 0x8A, 0x87, 0x8D,
    0x67, 0x3B, 0x8D, 0x3B, 0x49, 0xFC, 0x2B, 0x56, 0x71, 0xCB, 0xD6, 0xF6, 0x12, 0x4A, 0x28, 0xDE,
    0xA8, 0x38, 0x6F, 0xF1, 0xD5, 0x98, 0xC4, 0x4E, 0x69, 0xE5, 0x05, 0x9B, 0x43, 0xB5, 0x3A, 0xD4,
    0x17, 0x61, 0x82, 0x46, 0xBC, 0xB5, 0xB3, 0x43, 0x9C, 0x1C, 0xDE, 0xD9, 0x6B, 0xEB, 0x37, 0x77,
    0x7A, 0xEF, 0xF2, 0xD9, 0x03, 0x62, 0x56, 0x59, 0x13, 0x6B, 0x5C, 0xC4, 0x4D, 0x22, 0xDB, 0x93,
    0x72, 0xDB, 0x48, 0x93, 0xB3, 0x93, 0x38, 0x14, 0xAD, 0x5A, 0x76, 0x22, 0xF6, 0x9B, 0xD3, 0x64,
    0x4D, 0xD6, 0x91, 0xBC, 0x65, 0xA9, 0xDF, 0xDC, 0xB4, 0xDD, 0xA9, 0x57, 0xDE, 0x03, 0xD1, 0xF5,
    0x20, 0x76, 0x79, 0x41, 0xEC, 0x70, 0xF5, 0x4E, 0xBC, 0xBA, 0xDA, 0xFA, 0x95, 0x9F, 0x30, 0x49,
    0xCF, 0x2F, 0x39, 0xBE, 0xD2, 0x91, 0xAA, 0xD3, 0x64, 0x9B, 0x7D, 0x87, 0xDD, 0x9E, 0xCE, 0x8E,
    0xF7, 0x8A, 0x21, 0x26, 0x63, 0xB6, 0x2D, 0x6F, 0x65, 0x9C, 0x2B, 0x60, 0x27, 0xBB, 0x5B, 0x81,
    0xA1, 0xE1, 0xAB, 0x12, 0xDE, 0x7D, 0xFD, 0x11, 0xE0, 0xE5, 0x66, 0x53, 0xA4, 0x5A, 0x7E, 0x5B,
    0xFA, 0xAA, 0xAE, 0x18, 0xA9, 0xC4, 0x90, 0x1F, 0xEA, 0x7C, 0xE9, 0x69, 0x6B, 0x44, 0x5C, 0x57,
    0x99, 0xE1, 0xA4, 0xD4, 0x24, 0x4A, 0x57, 0x39, 0x2C, 0xCD, 0xF3, 0x43, 0xA2, 0x4E, 0x36, 0x9C,
    0x83, 0xE6, 0x64, 0x75, 0x46, 0x07, 0x3C, 0x30, 0x3A, 0x43, 0xE0, 0xFE, 0x1D, 0x16, 0x67, 0x85,
    0x6E, 0xD5, 0x6C, 0xE3, 0xAA, 0xDE, 0x12, 0xD1, 0x59, 0xAA, 0xEB, 0x34, 0x52, 0x2C, 0x97, 0x19,
    0xBB, 0xD4, 0x7A, 0x6B, 0xAF, 0xAD, 0x27, 0x95, 0x41, 0x63, 0xFA, 0xD0, 0x0A, 0x57, 0x6B, 0x5F,
    0xF3, 0x73, 0xA9, 0xD8, 0xC2, 0xA5, 0xDE, 0x30, 0x57, 0x97, 0x5A, 0xA2, 0x2B, 0xA5, 0xB2, 0xC2,
    0xEB, 0x2D, 0xEF, 0x8E, 0x7F, 0x0D, 0x55, 0xCF, 0xC7, 0x57, 0xBB, 0xF3, 0x7A, 0xEC, 0x8D, 0xAB,
    0xD9, 0x87, 0xD9, 0x6F, 0xBD, 0xAE, 0x86, 0x94, 0x81, 0xEA, 0x81, 0x8D, 0x29, 0xF1, 0x00, 0x30,
    0x67, 0x4D, 0x6A, 0xF6, 0xA6, 0x8C, 0x7A, 0x0C, 0x06, 0xC0, 0xAB, 0x67, 0x34, 0xB0, 0xD4, 0x06,
    0x24, 0x9E, 0xEE, 0x6C, 0xFC, 0x37, 0xA6, 0xE0, 0x14, 0xDD, 0xF0, 0x4F, 0xCC, 0xE1, 0x33, 0x3D,
    0x57, 0xF8, 0x33, 0x52, 0xE1, 0x59, 0xFA, 0xC4, 0x99, 0xAB, 0x6D, 0xA6, 0x78, 0x67, 0x96, 0xCE,
    0x6C, 0x3C, 0x2D, 0xEC, 0x52, 0x5B, 0x74, 0xDE, 0x6E, 0x3D, 0x9B, 0x63, 0xEE, 0x93, 0xD4, 0x0A,
    0x2B, 0x16, 0xA9, 0x37, 0x40, 0xBF, 0xB0, 0x6C, 0x0B, 0x40, 0x2C, 0x31, 0xB7, 0x43, 0xEA, 0x6C,
    0xAD, 0xD4, 0x06, 0xE7, 0x0B, 0x80, 0x4F, 0xCE, 0x8D, 0x2F, 0xFD, 0x41, 0xB5, 0xBE, 0x6A, 0x60,
    0xF0, 0x07, 0x16, 0xE4, 0x27, 0xBE, 0x14, 0x52, 0xED, 0xFD, 0x47, 0x27, 0x20, 0x99, 0x56, 0x31,
    0x7A, 0x3C, 0xE9, 0x7F, 0xF2, 0x21, 0x2E, 0x30, 0x95, 0x98, 0x6A, 0x16, 0xDE, 0x05, 0xB0, 0xAE,
    0xC6, 0x87, 0xA9, 0xDD, 0xF9, 0xC4, 0xCD, 0x67, 0x25, 0x59, 0x5C, 0x2C, 0x0E, 0xDF, 0x4F, 0x79,
    0x4D, 0x57, 0xFA, 0x27, 0x97, 0x1E, 0xA1, 0x51, 0x47, 0xA9, 0x0D, 0x19, 0xBD, 0xD6, 0x40, 0xC2,
    0xBC, 0x5C, 0x4A, 0x7F, 0x5D, 0x7A, 0xFD, 0xFA, 0xD8, 0xA8, 0xEA, 0xE3, 0xE1, 0x88, 0x7A, 0xB1,
    0xC4, 0xEC, 0x72, 0xF2, 0xE3, 0x83, 0xD3, 0xDE, 0xB9, 0x34, 0x99, 0x8A, 0x7D, 0x39, 0x10, 0xE7,
    0x3F, 0x2A, 0x0F, 0xD9, 0xBA, 0xBC, 0xF3, 0x76, 0xF9, 0xF7, 0x58, 0x4A, 0x50, 0x39, 0xDC, 0x44,
    0xA1, 0xFA, 0x7A, 0x94, 0x8B, 0x53, 0x66, 0x9D, 0x8E, 0xEA, 0x90, 0x7F, 0x76, 0xD9, 0x4E, 0x8F,
    0xE3, 0xF2, 0x6B, 0x97, 0xBD, 0xBF, 0x47, 0xBA, 0x73, 0x04, 0x4A, 0xC5, 0xAC, 0x14, 0xD3, 0x3F,
    0x17, 0x8A, 0x86, 0xDD, 0xCD, 0xEE, 0x62, 0xB6, 0x32, 0x90, 0x54, 0x7C, 0x25, 0x7C, 0xEF, 0xE2,
    0x07, 0x64, 0x25, 0x29, 0xDB, 0x3B, 0x62, 0xC3, 0x2B, 0xC4, 0x8E, 0x9B, 0x52, 0xF7, 0x52, 0x17,
    0xB9, 0x51, 0xE6, 0x0F, 0x17, 0x89, 0x4D, 0x6C, 0x3C, 0xB4, 0x80, 0x97, 0xAB, 0xD7, 0x41, 0x7D,
    0x8F, 0xEB, 0xF4, 0xC5, 0x0B, 0xC7, 0xF8, 0x7E, 0xFD, 0xDD, 0xAC, 0x30, 0x4C, 0x16, 0x3A, 0x2C,
    0x16, 0xA7, 0xAC, 0xF5, 0x09, 0xEC, 0xB0, 0x83, 0xB6, 0xDB, 0xF3, 0xA0, 0x01, 0x6A, 0xB3, 0x28,
    0xA8, 0xE5, 0x77, 0xFD, 0x34, 0x1E, 0x7B, 0xD1, 0xF9, 0xB9, 0x38, 0xA3, 0xA3, 0x2D, 0x3D, 0x53,
    0x14, 0xAA, 0x65, 0xFD, 0x19, 0xD9, 0x23, 0xAF, 0xED, 0x35, 0xA9, 0x33, 0x3F, 0x2F, 0x3F, 0x9A,
    0xFF, 0x2F, 0x22, 0x3A, 0xFF, 0x11, 0xB5, 0x79, 0x37, 0x79, 0x07, 0x74, 0x19, 0x45, 0x7D, 0xBF,
    0x9B, 0xFE, 0x30, 0x8B, 0x13, 0xDC, 0xF3, 0x55, 0xB6, 0x6D, 0x07, 0xCF, 0x69, 0x1F, 0x81, 0x03,
    0xDA, 0xD4, 0xF7, 0xEC, 0xB2, 0x02, 0x9D, 0x44, 0x0C, 0x3D, 0x9F, 0x2E, 0xC2, 0xDA, 0xCD, 0x7E,
    0xE9, 0xAE, 0x69, 0x7F, 0x19, 0x1C, 0x2B, 0x08, 0x75, 0xC7, 0x0A, 0xA5, 0x1B, 0x16, 0x8E, 0x9E,
    0x9F, 0xE6, 0x4F, 0x37, 0xFC, 0xBF, 0xCD, 0x0E, 0x61, 0xBF, 0x0B, 0x91, 0x2E, 0xB3, 0xE5, 0xDE,
    0x4C, 0x5D, 0x75, 0x67, 0x16, 0xBF, 0x99, 0x6D, 0xDF, 0x99, 0xDD, 0x1E, 0xCC, 0xC2, 0x65, 0xD6,
    0x3C, 0x26, 0xF7, 0x68, 0x36, 0x5F, 0xC9, 0x4D, 0xFF, 0xFF, 0x9A, 0x64, 0x32, 0x7E, 0xD5, 0x27,
    0x78, 0x86, 0x05, 0xD9, 0x76, 0x8B, 0xBC, 0x18, 0x80, 0x98, 0x9D, 0x00, 0x1D, 0x7F, 0xAC, 0x25,
    0x56, 0x6B, 0xFC, 0xBE, 0xE6, 0xBC, 0x93, 0x5F, 0x6B, 0x9D, 0x91, 0x6D, 0x5E, 0x65, 0xC4, 0xE1,
    0xA3, 0x5D, 0x60, 0x27, 0xAE, 0x3C, 0x2E, 0x4C, 0xFE, 0xBD, 0xC6, 0xE2, 0x48, 0x73, 0xE1, 0x64,
    0xB4, 0x6F, 0x84, 0x0B, 0xDD, 0xD1, 0x77, 0x14, 0x4E, 0x91, 0x2C, 0x35, 0x42, 0xC6, 0x72, 0x8C,
    0x30, 0xC7, 0xFE, 0x14, 0x62, 0x77, 0x2C, 0xB0, 0x65, 0x1C, 0x18, 0x3E, 0xE3, 0xE4, 0x29, 0xB6,
    0x19, 0xF9, 0xAE, 0x61, 0x4A, 0x27, 0x5D, 0x9E, 0x7F, 0xC3, 0xC6, 0xD0, 0xF0, 0x72, 0x6F, 0xC4,
    0xCE, 0xC7, 0x14, 0x9B, 0x6E, 0xF3, 0x62, 0xEC, 0xFD, 0x07, 0xBB, 0xD6, 0x1B, 0x11, 0x4B, 0xF9,
    0xCC, 0x34, 0x9F, 0x80, 0x99, 0xE7, 0x34, 0x95, 0x74, 0xEE, 0x3E, 0x82, 0xF8, 0xB2, 0x3B, 0xC9,
    0x90, 0x8C, 0x71, 0xF8, 0x8D, 0xEC, 0x77, 0x92, 0xB1, 0x2A, 0x97, 0x35, 0x19, 0x72, 0x2A, 0x2F,
    0xE9, 0xF4, 0xB2, 0x58, 0xC9, 0xD9, 0xCC, 0xAB, 0xF9, 0x26, 0x7B, 0xCF, 0x6F, 0xF4, 0xA4, 0x41,
    0xF9, 0x5A, 0xC0, 0x27, 0x9C, 0x1F, 0xEC, 0x2D, 0x80, 0xD3, 0xD3, 0x44, 0x17, 0x29, 0x59, 0xA8,
    0x7F, 0xCE, 0x9F, 0xBE, 0xA8, 0x30, 0x55, 0xCC, 0x22, 0x56, 0xF7, 0x0C, 0xDD, 0x21, 0x17, 0xD3,
    0x3B, 0x0A, 0x55, 0x37, 0x5F, 0x63, 0xDC, 0x79, 0x22, 0xF1, 0x30, 0xC7, 0x76, 0x23, 0x0E, 0x56,
    0x27, 0xD3, 0x65, 0x7C, 0xA2, 0x0B, 0xF3, 0x05, 0x61, 0xE9, 0xF1, 0xE8, 0x6A, 0x73, 0x6C, 0x91,
    0x1C, 0x7B, 0xF5, 0xE8, 0x4D, 0xC7, 0x18, 0xE9, 0xBB, 0xCF, 0xA3, 0x3E, 0x97, 0xD7, 0xE7, 0x80,
    0xED, 0xB2, 0x9A, 0xAF, 0xB4, 0x1F, 0x9C, 0xCE, 0xF7, 0x31, 0xC5, 0xB0, 0xAA, 0x82, 0xB7, 0xA7,
    0xD0, 0x01, 0xCB, 0x85, 0xB3, 0x57, 0xAB, 0x2B, 0x54, 0xD9, 0xFF, 0x01, 0x9D, 0x57, 0x21, 0x8C,
    0xE4, 0x46, 0x10, 0x6C, 0xAF, 0x75, 0x67, 0x60, 0x60, 0x92, 0x90, 0x7F, 0x45, 0xE6, 0x21, 0xE6,
    0x21, 0xB6, 0x12, 0x2E, 0x3D, 0xC8, 0x73, 0x12, 0x14, 0xB2, 0x1C, 0xCD, 0x72, 0x74, 0x1C, 0x3D,
    0x0F, 0x78, 0x8E, 0x6C, 0x8E, 0xAC, 0x70, 0x60, 0xF0, 0x91, 0xC2, 0x62, 0xE0, 0x97, 0xE6, 0x3F,
    0x5E, 0x57, 0xB6, 0xAB, 0x4B, 0xBA, 0xCD, 0x49, 0x1F, 0x25, 0x19, 0x9D, 0xB7, 0x7A, 0xEC, 0x99,
    0xAE, 0x9E, 0xEE, 0x9E, 0x9E, 0x39, 0x33, 0x7B, 0xC4, 0x07, 0x33, 0xB3, 0x13, 0x80, 0xE1, 0x86,
    0x2D, 0x80, 0xF5, 0x86, 0x23, 0x80, 0x1C, 0xAF, 0x71, 0x35, 0xAB, 0x70, 0x2D, 0x00, 0xB3, 0x06,
    0xB3, 0x25, 0xA2, 0x59, 0xEF, 0xB8, 0x07, 0x96, 0x9B, 0x59, 0x3A, 0xCC, 0xEC, 0x9D, 0x99, 0x8F,
    0xA7, 0xC6, 0x9D, 0x58, 0x53, 0x9F, 0x0F, 0x9B, 0x44, 0xE4, 0x50, 0x8C, 0xC8, 0x8E, 0x67, 0x60,
    0x73, 0x4C, 0xC0, 0x11, 0xA3, 0x80, 0x8B, 0xD0, 0xC7, 0x7F, 0x37, 0x24, 0x2C, 0x7F, 0xD3, 0x53,
    0x09, 0xCB, 0x17, 0xFD, 0x46, 0xE3, 0xC4, 0x53, 0x84, 0x1E, 0x7B, 0x1D, 0x7C, 0x8F, 0x70, 0x73,
    0x7E, 0xFE, 0x25, 0x96, 0x37, 0x22, 0xD4, 0x27, 0x5F, 0x9D, 0xD8, 0x9E, 0xC8, 0x11, 0xDE, 0xB0,
    0xB7, 0x6F, 0x08, 0x41, 0x90, 0x03, 0xBB, 0x23, 0x70, 0x7C, 0xB1, 0x3E, 0x61, 0x27, 0xD4, 0xC2,
    0x4E, 0x5A, 0x58, 0x4D, 0x42, 0x9F, 0x1D, 0x38, 0x7E, 0xC4, 0xC2, 0xCF, 0xBF, 0x62, 0xE6, 0xE7,
    0x1F, 0x30, 0xF1, 0x73, 0x49, 0x1C, 0x73, 0xE5, 0x78, 0xC2, 0x52, 0xBB, 0xFD, 0xB7, 0x9F, 0x06,
    0x03, 0xB9, 0x1B, 0xF0, 0xB3, 0xB5, 0xE0, 0x67, 0x9A, 0xE3, 0x63, 0xFA, 0xAB, 0x73, 0xB3, 0x4D,
    0x49, 0x38, 0x06, 0x5E, 0x84, 0x43, 0x12, 0xB6, 0x81, 0xF4, 0x8F, 0xDC, 0x76, 0x12, 0x96, 0x58,
    0x84, 0xB3, 0x70, 0x22, 0x56, 0xC2, 0x5A, 0xD8, 0xE0, 0x42, 0x90, 0x07, 0x5B, 0xF2, 0xC8, 0x82,
    0x21, 0x3C, 0x89, 0x88, 0x27, 0x03, 0x3A, 0xEE, 0xC6, 0x86, 0x4D, 0xB8, 0x9A, 0xD8, 0x5F, 0xB0,
    0x7E, 0x12, 0x1B, 0x3E, 0xC8, 0x6B, 0x10, 0x0D, 0x66, 0xA5, 0xA5, 0x6B, 0x78, 0x78, 0x0F, 0xB9,
    0xF9, 0x8C, 0x43, 0x33, 0x21, 0xCD, 0x18, 0x88, 0x49, 0xD8, 0x7F, 0x01, 0x13, 0x34, 0x5E, 0xF3,
    0xA5, 0xAF, 0x41, 0x56, 0xF8, 0x56, 0xA5, 0xCD, 0x64, 0xF6, 0xAD, 0xE7, 0x8B, 0xF2, 0x23, 0x0B,
    0x67, 0x62, 0xD8, 0xDB, 0xE2, 0xA0, 0xD2, 0xE2, 0xAD, 0x83, 0xDA, 0xF9, 0xAA, 0x7C, 0xC0, 0x45,
    0x1B, 0x8B, 0x01, 0x0E, 0x2C, 0xA4, 0xA1, 0x56, 0x7A, 0xF4, 0xD2, 0xA0, 0x2C, 0x29, 0xB5, 0x8A,
    0x06, 0xBB, 0x8C, 0x5E, 0x65, 0xD5, 0x85, 0x08, 0xC8, 0xE8, 0xF0, 0x53, 0x25, 0xEF, 0x37, 0x8E,
    0xAB, 0xA2, 0xB1, 0x2B, 0x1A, 0x07, 0xD7, 0x5C, 0x01, 0xB1, 0xE6, 0x11, 0x83, 0x8D, 0x7C, 0x77,
    0x31, 0x5C, 0x85, 0x1C, 0x7B, 0x8F, 0x9C, 0x23, 0x34, 0x8D, 0x33, 0x9F, 0xC7, 0x27, 0xC1, 0x8A,
    0xF8, 0x36, 0x55, 0xD8, 0x9C, 0xEF, 0xF3, 0x88, 0xE5, 0x39, 0x1B, 0xCA, 0xA0, 0x75, 0x32, 0x65,
    0x3F, 0x64, 0xF8, 0xD7, 0x6F, 0x4C, 0xCE, 0x00, 0xB6, 0x92, 0xB0, 0x57, 0x01, 0x75, 0x40, 0x43,
    0xC8, 0x2D, 0x61, 0xED, 0x0E, 0xD7, 0x3E, 0xF5, 0x61, 0x50, 0x9F, 0x69, 0x4B, 0xBF, 0x5A, 0x89,
    0x6C, 0xFD, 0x62, 0x35, 0x6E, 0xCF, 0x64, 0x1D, 0x5D, 0xAB, 0x90, 0xAA, 0xF0, 0x94, 0x62, 0x66,
    0x66, 0x69, 0x84, 0x92, 0x42, 0x31, 0x57, 0xC8, 0xEB, 0x18, 0xA8, 0xBA, 0xA1, 0xB2, 0x31, 0x6A,
    0x20, 0x38, 0x30, 0x34, 0x56, 0xC8, 0x31, 0x70, 0x75, 0x68, 0xEF, 0x15, 0xD3, 0x8B, 0x84, 0xFB,
    0xDC, 0xEA, 0x95, 0x01, 0x3B, 0xA1, 0xF8, 0xC9, 0xD4, 0x1E, 0xF1, 0xBB, 0xA2, 0x89, 0x8B, 0x92,
    0x7C, 0x53, 0x56, 0xF9, 0x50, 0xED, 0xCD, 0x12, 0x87, 0x8D, 0x88, 0xC2, 0xD6, 0x61, 0xB0, 0x06,
    0x93, 0x35, 0x8E, 0x7A, 0x5A, 0x98, 0x9E, 0xC1, 0xFA, 0x23, 0x76, 0xE4, 0xB8, 0x3B, 0x2E, 0x27,
    0x6C, 0x2C, 0x48, 0x2D, 0x66, 0xD7, 0xA3, 0x9A, 0x2E, 0xF5, 0xD6, 0x01, 0xB3, 0x63, 0x0A, 0x2C,
    0x45, 0xDF, 0xAA, 0x08, 0x8E, 0xF8, 0xDE, 0xC7, 0x9F, 0x90, 0x2D, 0x61, 0xA2, 0x03, 0x5D, 0x8F,
    0xAB, 0x77, 0x1F, 0x75, 0x34, 0x69, 0x21, 0x65, 0x29, 0x64, 0x1F, 0x4E, 0x39, 0x13, 0x5B, 0x4C,
    0x37, 0x9C, 0xE9, 0xC5, 0x0E, 0xC7, 0x7B, 0x1C, 0xCA, 0x8D, 0x1C, 0x74, 0xE4, 0x85, 0x72, 0xE4,
    0x35, 0xBB, 0xCA, 0x0D, 0xF9, 0x47, 0x7B, 0xF0, 0x85, 0x81, 0x9A, 0x91, 0xB4, 0x20, 0x60, 0x18,
    0x31, 0x79, 0x01, 0xA6, 0x81, 0x25, 0x56, 0x1A, 0x58, 0xF1, 0x59, 0xDD, 0x18, 0xBD, 0x9B, 0xFE,
    0x1D, 0x6A, 0x6E, 0xAD, 0xB9, 0x15, 0x0E, 0x6B, 0xF9, 0x2D, 0x76, 0x57, 0x41, 0x1C, 0xC4, 0xAF,
    0xA2, 0xB4, 0xC7, 0x19, 0x26, 0x83, 0x7D, 0x6A, 0x78, 0x78, 0x7E, 0xDE, 0xAE, 0x8C, 0xA4, 0x5E,
    0x67, 0x1D, 0x49, 0x4B, 0x64, 0x10, 0x3F, 0x3F, 0x02, 0xD7, 0x00, 0x2C, 0xCA, 0x02, 0x0E, 0x56,
    0x09, 0x6C, 0x54, 0x12, 0x8B, 0xB7, 0x66, 0x21, 0x44, 0xC1, 0x97, 0x93, 0xF5, 0x60, 0x88, 0x83,
    0x60, 0xB3, 0xFF, 0xD4, 0x7E, 0x34, 0xAB, 0x18, 0xAF, 0x0B, 0x33, 0x38, 0xF1, 0x19, 0x18, 0xC3,
    0x2E, 0x9B, 0x3D, 0x0C, 0x22, 0x0C, 0x46, 0x52, 0x92, 0x4F, 0x3F, 0x3A, 0x92, 0xC4, 0xFB, 0xFF,
    0xDA, 0x29, 0xD3, 0x15, 0xB1, 0x39, 0xB5, 0x91, 0xBA, 0x28, 0x66, 0x64, 0xA4, 0x2B, 0xB4, 0x99,
    0x6C, 0xCC, 0x3A, 0x33, 0x78, 0x1C, 0x75, 0x18, 0x74, 0xB2, 0xF4, 0xEE, 0xB9, 0x07, 0x53, 0x33,
    0x9A, 0x5D, 0xC7, 0x46, 0x9E, 0x15, 0x17, 0x95, 0xF4, 0xDA, 0x43, 0x58, 0x20, 0xAA, 0xD6, 0x41,
    0x71, 0xA1, 0x48, 0x03, 0x16, 0xFE, 0x1A, 0x7F, 0x67, 0x32, 0x1F, 0x51, 0xAE, 0x96, 0x97, 0x9D,
    0x9E, 0x9D, 0x0A, 0x9A, 0xB2, 0xB1, 0xB3, 0x70, 0x26, 0x79, 0x6B, 0x46, 0x5E, 0xC9, 0x92, 0xBF,
    0xF4, 0x6B, 0x5F, 0x68, 0xFF, 0x3C, 0xAB, 0xB0, 0xE7, 0xF5, 0x35, 0xD4, 0xD1, 0xE9, 0xB2, 0x94,
    0x95, 0x56, 0xA6, 0x25, 0x7A, 0x67, 0x78, 0xD9, 0xA1, 0x1F, 0xAC, 0xE6, 0xE0, 0x92, 0xBF, 0x9D,
    0x7F, 0x3E, 0x71, 0x5E, 0xF2, 0x17, 0x15, 0x24, 0xAA, 0x72, 0x4B, 0xB3, 0xB3, 0x88, 0x51, 0xEB,
    0x53, 0x3B, 0x67, 0x4E, 0x69, 0x80, 0xA5, 0x03, 0x72, 0x0F, 0xEC, 0x3D, 0x70, 0xED, 0x81, 0xA3,
    0x9B, 0x3B, 0x7C, 0xC3, 0x4B, 0x4B, 0xE3, 0x45, 0xE0, 0xAA, 0xBB, 0xE2, 0x66, 0x86, 0xC5, 0x4A,
    0x5C, 0xF8, 0xBA, 0xCF, 0x56, 0x70, 0xC7, 0x0D, 0x1C, 0xD1, 0xAF, 0x66, 0x89, 0xD7, 0xB3, 0xDD,
    0x46, 0x96, 0xA1, 0x95, 0xE5, 0xA4, 0x3E, 0x9E, 0x29, 0x8B, 0x37, 0x66, 0xED, 0x1E, 0x69, 0x31,
    0x1E, 0x2C, 0xFA, 0x3C, 0xAE, 0xDC, 0xD0, 0xB4, 0xDC, 0x25, 0xC3, 0x2B, 0xE0, 0x49, 0x62, 0x1D,
    0x1B, 0x58, 0x7B, 0x50, 0x55, 0x45, 0xA7, 0x25, 0x0E, 0xED, 0x58, 0xB6, 0x29, 0x62, 0xFB, 0x9B,
    0x3D, 0x8C, 0x58, 0xB5, 0x73, 0xE5, 0x32, 0x6D, 0x6A, 0x92, 0xE9, 0xEE, 0xC7, 0x1A, 0xA8, 0x83,
    0xC6, 0x9A, 0x28, 0xC9, 0x22, 0x1C, 0x68, 0xE0, 0x79, 0x79, 0xF5, 0xAE, 0xF2, 0xF2, 0x9C, 0xFD,
    0x2C, 0x49, 0x73, 0x89, 0x4B, 0x81, 0x95, 0xC4, 0x53, 0xC9, 0xBF, 0xB8, 0xF0, 0xDE, 0x04, 0x1F,
    0x86, 0xAD, 0xC3, 0x70, 0xC2, 0xD4, 0xC0, 0x4E, 0xFE, 0xC6, 0xCA, 0x9B, 0x7C, 0xB8, 0x7B, 0xAA,
    0xC3, 0x7D, 0xD6, 0xED, 0xCE, 0x52, 0x5F, 0x5D, 0xEE, 0x77, 0x6B, 0xAF, 0x56, 0xEF, 0x56, 0xF2,
    0x78, 0xF4, 0x4F, 0xBB, 0xEF, 0xE9, 0xB4, 0xB9, 0x57, 0xDB, 0x6C, 0x35, 0x6C, 0x5C, 0xDD, 0xE1,
    0xDD, 0x66, 0xCD, 0xE1, 0x72, 0xBA, 0x75, 0x57, 0x77, 0x1E, 0x56, 0x53, 0x57, 0xB2, 0xC7, 0x64,
    0xDC, 0x5C, 0xC6, 0x7A, 0xC2, 0x5C, 0x60, 0x0D, 0xB9, 0xC6, 0x5C, 0x63, 0xE2, 0x98, 0xDC, 0xFD,
    0xB1, 0x24, 0x0C, 0x94, 0x81, 0xB3, 0xFB, 0xCD, 0xE5, 0x84, 0xA3, 0x63, 0x3E, 0xE3, 0xC6, 0xCB,
    0xD3, 0x7B, 0xD6, 0x2D, 0x75, 0x69, 0x62, 0x6F, 0xED, 0xF6, 0x78, 0xD8, 0x09, 0x4F, 0x72, 0x97,
    0x9A, 0xEF, 0x6D, 0x35, 0x95, 0x17, 0xB5, 0x26, 0x82, 0x53, 0xDD, 0xD5, 0xCF, 0x74, 0x89, 0xC0,
    0x7D, 0xB2, 0xE2, 0x1C, 0x31, 0x48, 0x60, 0x7B, 0x8E, 0xA2, 0xE2, 0x71, 0xA2, 0xBC, 0x88, 0x41,
    0xE7, 0x9A, 0xAE, 0x8B, 0x9F, 0x07, 0x47, 0xB5, 0x91, 0x1D, 0x95, 0x37, 0x0D, 0x97, 0xA4, 0x1A,
    0xC7, 0x06, 0x49, 0xCE, 0x3E, 0x87, 0x54, 0x4A, 0x3F, 0xB3, 0x4A, 0x52, 0x73, 0x60, 0x95, 0x92,
    0x8F, 0x90, 0x94, 0x56, 0x6C, 0x52, 0x32, 0x4B, 0x2A, 0x30, 0x21, 0x4B, 0xC9, 0x30, 0xEE, 0x52,
    0x62, 0x94, 0xB8, 0x45, 0x92, 0xB2, 0x2A, 0x5B, 0xBA, 0x4A, 0x89, 0xC9, 0x67, 0x3A, 0x68, 0xCD,
    0x13, 0x43, 0x52, 0x89, 0x8B, 0xA4, 0x5A, 0x27, 0x94, 0x9C, 0xA1, 0x9A, 0x00, 0xE5, 0x73, 0x02,
    0x24, 0x01, 0x92, 0x4E, 0x71, 0x69, 0x9B, 0x75, 0xCD, 0x6F, 0xA2, 0x7B, 0x51, 0x32, 0xB7, 0x50,
    0xE9, 0x0C, 0xF2, 0xCA, 0x25, 0x1A, 0x59, 0xE3, 0x93, 0x73, 0x3D, 0x71, 0x17, 0x2D, 0x09, 0xD8,
    0x48, 0xBD, 0x8E, 0xF0, 0x63, 0xD4, 0x25, 0x40, 0xE9, 0xBD, 0xB0, 0xDE, 0xD0, 0xE7, 0xFA, 0x57,
    0x52, 0x46, 0xCA, 0xC4, 0xD9, 0x3A, 0xE2, 0x6A, 0xDD, 0x9F, 0x58, 0x5B, 0x64, 0xFB, 0xAA, 0xC4,
    0x5A, 0x62, 0x8F, 0x72, 0xEA, 0x58, 0x63, 0x26, 0x36, 0x98, 0xEE, 0x91, 0x87, 0x96, 0x2B, 0xEC,
    0xB8, 0x99, 0x1C, 0x87, 0xD2, 0xF9, 0x7A, 0x70, 0xC8, 0xFD, 0xBF, 0x20, 0xDA, 0xB7, 0x91, 0x07,
    0x90, 0x6B, 0xC4, 0x6F, 0xD8, 0x0B, 0xE7, 0x2F, 0xE0, 0xD9, 0xBA, 0xF1, 0xDE, 0x53, 0x21, 0xF3,
    0xFE, 0x58, 0x12, 0x57, 0x62, 0x25, 0xAC, 0xB1, 0xF0, 0xDB, 0xFD, 0xF5, 0xA2, 0x11, 0x76, 0x98,
    0x3D, 0x89, 0x0B, 0xD7, 0x4F, 0x77, 0x1F, 0x5A, 0x6E, 0x56, 0x1C, 0xE6, 0x78, 0x7D, 0xA5, 0x35,
    0x74, 0xCB, 0x5F, 0x95, 0x55, 0x2F, 0xCC, 0xA7, 0x56, 0x16, 0xBD, 0x40, 0x32, 0x64, 0x97, 0x64,
    0xF1, 0xFB, 0x09, 0xBC, 0xC2, 0x9B, 0x05, 0xB7, 0x62, 0xCD, 0x98, 0xF1, 0x3E, 0x23, 0xD6, 0x2B,
    0x48, 0x4D, 0xED, 0xB8, 0xDA, 0xEA, 0x31, 0xE3, 0x15, 0xF8, 0x8A, 0x22, 0xEA, 0x4B, 0xD2, 0xF1,
    0x41, 0x90, 0xF4, 0xD7, 0x86, 0xF7, 0x4E, 0xF3, 0xEE, 0x39, 0xBC, 0x64, 0x9A, 0x5F, 0xA6, 0x5F,
    0x3F, 0xF1, 0xBB, 0xE7, 0x02, 0x1F, 0xEF, 0x9C, 0x73, 0xFF, 0x60, 0x66, 0xF6, 0x7F, 0x7C, 0x4E,
    0xE1, 0x05, 0xC0, 0x6E, 0x56, 0x00, 0x40, 0x30, 0x6B, 0x52, 0xBC, 0xCC, 0x06, 0xC6, 0x02, 0xF8,
    0x6C, 0xD3, 0x65, 0x35, 0xA2, 0x59, 0xFF, 0xB0, 0x16, 0xA7, 0xC7, 0x01, 0xAB, 0xD9, 0x70, 0xDA,
    0x02, 0x33, 0x1B, 0x0E, 0x43, 0x4C, 0x71, 0x2B, 0xD3, 0xBF, 0xDA, 0x7F, 0xC6, 0x2A, 0x3D, 0x66,
    0xE9, 0x6D, 0x87, 0xC7, 0x16, 0xBB, 0xC7, 0x0E, 0x9B, 0xC7, 0x9E, 0x91, 0xAF, 0xF9, 0x4A, 0x9C,
    0xF0, 0x3C, 0x0E, 0xF9, 0xFF, 0x77, 0x46, 0x3F, 0xE7, 0x5F, 0x36, 0xE0, 0x91, 0x32, 0xEB, 0x11,
    0x92, 0x24, 0x6B, 0x81, 0xD9, 0x3A, 0x24, 0x55, 0xF1, 0x23, 0xA2, 0x55, 0x90, 0x2C, 0x8F, 0x87,
    0xD9, 0x94, 0xE2, 0x4A, 0xD9, 0xC1, 0xCC, 0x6C, 0x01, 0x3E, 0xA4, 0x58, 0xBC, 0x7B, 0x6B, 0x1E,
    0xDF, 0xF3, 0x82, 0xDF, 0x01, 0x46, 0x93, 0x45, 0x7E, 0x50, 0xE7, 0x08, 0x49, 0x10, 0xD1, 0x66,
    0xD6, 0x7F, 0x87, 0xE3, 0x05, 0xCE, 0xA7, 0xC6, 0x61, 0x13, 0x2E, 0xF9, 0xD0, 0x20, 0xC8, 0x89,
    0x0A, 0x70, 0xB4, 0x99, 0x09, 0xAD, 0xE9, 0xF5, 0x73, 0x7A, 0xE1, 0x2A, 0x91, 0xBD, 0x1B, 0xCC,
    0x9F, 0x39, 0xA3, 0x31, 0x23, 0x13, 0x9A, 0x32, 0x5A, 0x32, 0x42, 0xCC, 0x28, 0x18, 0x5F, 0x50,
    0xE0, 0x72, 0xFB, 0x46, 0xA1, 0x05, 0xA3, 0xB1, 0x58, 0x80, 0x59, 0x95, 0xD4, 0x14, 0x88, 0x09,
    0x9D, 0xE9, 0xE7, 0x22, 0x79, 0xAB, 0xF1, 0x10, 0x6A, 0x71, 0x50, 0x86, 0x7B, 0xCF, 0x82, 0x02,
    0x33, 0x65, 0x34, 0x88, 0xE6, 0xE4, 0x8B, 0x05, 0x0F, 0x93, 0xAB, 0xD8, 0x6F, 0xAB, 0x9C, 0x98,
    0x83, 0xF3, 0x46, 0x71, 0x94, 0xA3, 0x91, 0x36, 0x1B, 0xC0, 0x4A, 0x94, 0x37, 0xA8, 0xBE, 0xB8,
    0xE2, 0x47, 0xBD, 0x10, 0x90, 0x51, 0x85, 0x91, 0xA0, 0x84, 0x1B, 0xBC, 0x13, 0x24, 0x3A, 0x65,
    0xBC, 0xC1, 0x45, 0x5A, 0x56, 0x7C, 0x6F, 0xB2, 0xD4, 0x1C, 0xCC, 0x04, 0x6E, 0x28, 0x01, 0xA3,
    0x33, 0xBF, 0x58, 0x6D, 0x01, 0x64, 0x20, 0xFE, 0x26, 0x6D, 0x72, 0xD2, 0x4C, 0x46, 0x1A, 0x7D,
    0x24, 0xE0, 0x93, 0xF2, 0xAE, 0x1B, 0x6F, 0xEB, 0x56, 0x32, 0xB5, 0x65, 0xBD, 0xEB, 0x9F, 0x80,
    0xAB, 0x55, 0xF5, 0x6B, 0x8C, 0xB7, 0x7F, 0xD9, 0xBE, 0xDB, 0xBD, 0x78, 0xDF, 0xB9, 0xC8, 0x0F,
    0x3C, 0x4E, 0x0F, 0xC9, 0x27, 0x19, 0x17, 0x95, 0x47, 0xD9, 0x16, 0x48, 0xAA, 0x0D, 0xE4, 0xD4,
    0x5E, 0x66, 0x0D, 0xA3, 0xD7, 0xB2, 0x7D, 0x90, 0x50, 0x7B, 0x90, 0x46, 0xB3, 0x65, 0xBF, 0x14,
    0xD5, 0x88, 0xD9, 0x35, 0xB6, 0x1E, 0xAD, 0xA2, 0x31, 0x24, 0xC4, 0x78, 0xE7, 0x87, 0x36, 0xCB,
    0x2A, 0x97, 0x64, 0x92, 0xA2, 0x2C, 0x3A, 0x15, 0x8F, 0x67, 0x3B, 0x83, 0x3E, 0xA9, 0x8E, 0xDC,
    0x5B, 0x3F, 0xF1, 0x31, 0x60, 0x53, 0x3B, 0x1D, 0xAA, 0xDC, 0x2E, 0x36, 0xAA, 0xB3, 0xBD, 0xC7,
    0xEF, 0x4E, 0x35, 0x4F, 0x37, 0xC8, 0x85, 0xC6, 0x72, 0xAE, 0x04, 0xD2, 0x9E, 0x7B, 0xC1, 0x68,
    0x15, 0xA7, 0xC0, 0xB8, 0xE9, 0x2A, 0xA8, 0xDF, 0xEB, 0xC8, 0x99, 0xB1, 0x3A, 0x68, 0xBE, 0xEA,
    0x4B, 0x8A, 0x9A, 0x5D, 0x52, 0xC4, 0x5D, 0xA4, 0x05, 0x3A, 0xA9, 0xD0, 0xCA, 0xE3, 0x60, 0x3E,
    0x01, 0x55, 0x22, 0x36, 0x79, 0x03, 0x08, 0x34, 0x04, 0x04, 0x63, 0x02, 0xC5, 0x27, 0x04, 0xFE,
    0x57, 0x81, 0x93, 0xBC, 0x4A, 0x07, 0x47, 0x62, 0x7A, 0x58, 0x8F, 0x93, 0xA0, 0xC3, 0x95, 0xC0,
    0x9E, 0xFE, 0x35, 0x19, 0x9B, 0x18, 0x7A, 0xB6, 0x79, 0x35, 0x3E, 0x2E, 0xDC, 0x17, 0x32, 0xA3,
    0x93, 0x07, 0xEC, 0x98, 0x07, 0xC9, 0x22, 0x92, 0xDB, 0xBB, 0x77, 0x8C, 0xEE, 0xE0, 0x72, 0xF7,
    0xD5, 0xC5, 0xBC, 0x4A, 0xCF, 0x17, 0x9E, 0x97, 0x6E, 0xFF, 0x3D, 0xF5, 0xBF, 0xA5, 0x53, 0x83,
    0x8A, 0x2A, 0x7B, 0x1A, 0xC2, 0x93, 0x90, 0x44, 0x55, 0xE5, 0x5A, 0x70, 0xE3, 0x2D, 0xD6, 0x9A,
    0xB7, 0xAC, 0x27, 0xDC, 0xE8, 0x13, 0x6F, 0xB1, 0x17, 0x33, 0x1C, 0xF5, 0x94, 0x4D, 0x90, 0x14,
    0xA9, 0xE3, 0xBE, 0x26, 0x82, 0x3D, 0x83, 0x31, 0xCF, 0xB1, 0xC3, 0x92, 0x30, 0xB0, 0x3D, 0x79,
    0x8B, 0x90, 0xB7, 0xD8, 0xAC, 0xD2, 0xF3, 0x44, 0xDA, 0x2B, 0xF4, 0x4C, 0xD8, 0xD8, 0x15, 0xAC,
    0x6B, 0xED, 0x7C, 0x07, 0x00, 0x6B, 0x07, 0x60, 0x73, 0x0D, 0xB3, 0xE7, 0xAE, 0xC1, 0x06, 0x09,
    0x02, 0xB2, 0xF7, 0x55, 0xFE, 0x86, 0xED, 0xF4, 0x59, 0x87, 0xEB, 0xDC, 0x26, 0x1B, 0xCB, 0x5F,
    0x31, 0x91, 0x5D, 0x7D, 0xF6, 0x4F, 0xD6, 0xD9, 0xA4, 0x5F, 0xCE, 0xB2, 0xD1, 0x0B, 0xD9, 0x20,
    0x07, 0xCA, 0xFC, 0x4B, 0xC9, 0xCF, 0x0F, 0x3C, 0xFE, 0x74, 0x60, 0x4F, 0x95, 0x59, 0xA0, 0x4D,
    0x59, 0xD6, 0xC8, 0x0D, 0x00, 0xD9, 0x07, 0x7A, 0xA7, 0x51, 0xA6, 0x27, 0xCE, 0xF8, 0xFC, 0xEA,
    0x2A, 0xE8, 0x5E, 0xBD, 0xA1, 0x18, 0xC1, 0x28, 0x7D, 0x54, 0x98, 0x35, 0x3E, 0xDB, 0x50, 0x27,
    0xE3, 0xDF, 0xDC, 0x50, 0xAF, 0x5F, 0x9C, 0xCF, 0x69, 0x7C, 0x71, 0x7C, 0xAB, 0x63, 0x86, 0x5D,
    0x3D, 0x2E, 0xF7, 0x16, 0x50, 0x85, 0x7B, 0xC8, 0x7C, 0xE7, 0x21, 0x51, 0x64, 0x3F, 0x58, 0x1E,
    0xDD, 0xAB, 0x01, 0x02, 0xBB, 0xA7, 0xBD, 0x3B, 0xE8, 0x74, 0x94, 0xAE, 0x6D, 0x6F, 0x34, 0xB6,
    0x0F, 0xB3, 0x3C, 0xB5, 0x75, 0x9E, 0x54, 0xCA, 0x6A, 0xB0, 0xDB, 0x04, 0xC9, 0x15, 0xD5, 0x16,
    0x6B, 0xBA, 0x4C, 0xE9, 0x3D, 0x66, 0x89, 0x5E, 0xA2, 0xE4, 0x7E, 0x83, 0x53, 0xE8, 0x7F, 0xD8,
    0x84, 0x06, 0x98, 0x4C, 0x90, 0xDC, 0xC4, 0xFC, 0xC8, 0x4C, 0x33, 0x92, 0x09, 0xDC, 0x2E, 0xB2,
    0x07, 0xB8, 0x0D, 0x5A, 0x30, 0xCB, 0xA2, 0x01, 0x2B, 0xD1, 0xD1, 0xE1, 0x50, 0x95, 0x92, 0x12,
    0x92, 0xAF, 0x10, 0x88, 0xF6, 0x02, 0x18, 0x55, 0x2B, 0x60, 0x25, 0x79, 0x1B, 0xF2, 0x74, 0xF6,
    0xB8, 0x34, 0x9C, 0x2D, 0x30, 0x72, 0x36, 0x2B, 0x60, 0xE7, 0xFC, 0x15, 0x40, 0x90, 0xF3, 0x03,
    0x2E, 0x0E, 0xA6, 0x51, 0x3A, 0xB7, 0x64, 0x5E, 0x91, 0x46, 0x97, 0xEF, 0xEE, 0x66, 0x4E, 0xF1,
    0x64, 0x45, 0x77, 0x99, 0xBF, 0xBE, 0x9D, 0xD4, 0x46, 0xAF, 0x6B, 0xA7, 0xDC, 0xDD, 0x8A, 0xD7,
    0x5F, 0x77, 0xF9, 0x3F, 0x44, 0xAB, 0x5F, 0x49, 0x67, 0x5A, 0x29, 0x0F, 0xAB, 0xD3, 0x2A, 0x3C,
    0x6E, 0x56, 0x61, 0x76, 0x5A, 0x0D, 0x46, 0x2D, 0x5B, 0x7D, 0x4A, 0xA3, 0xBE, 0xA4, 0x97, 0x2E,
    0xD3, 0x23, 0xE0, 0xA4, 0x11, 0x91, 0x65, 0xD6, 0x6C, 0xB3, 0xAA, 0x4A, 0x74, 0x9F, 0x3E, 0xF9,
    0xA5, 0x93, 0xA2, 0x61, 0x2C, 0xC5, 0x9D, 0x74, 0x00, 0x65, 0xB3, 0x0A, 0x77, 0x42, 0x26, 0x34,
    0x22, 0x25, 0x50, 0x82, 0x9F, 0x31, 0x97, 0xF8, 0x14, 0x99, 0xFC, 0x88, 0xB9, 0xC2, 0x10, 0xE9,
    0xC3, 0x0F, 0x58, 0x9B, 0xC0, 0xA4, 0xC4, 0xB7, 0x58, 0xDB, 0x8B, 0x49, 0x85, 0xFF, 0x62, 0xED,
    0xCF, 0x21, 0xB0, 0x4A, 0x15, 0xD6, 0xE1, 0x60, 0xD2, 0xC4, 0x0A, 0xDB, 0xB2, 0x4D, 0x9E, 0xB4,
    0xA1, 0xC2, 0x8E, 0x55, 0xC9, 0x55, 0xE1, 0x17, 0x8C, 0x4C, 0xFA, 0xAB, 0xC4, 0xAF, 0xD1, 0x96,
    0xCB, 0xA9, 0x3D, 0x0A, 0xF7, 0x81, 0xC9, 0x59, 0x00, 0x0F, 0x25, 0xD3, 0x61, 0xC0, 0xA1, 0xBA,
    0x60, 0x37, 0x60, 0x57, 0xC2, 0xE6, 0x64, 0x92, 0x3C, 0x5F, 0x30, 0x32, 0x29, 0x7D, 0x7B, 0x1A,
    0x93, 0x54, 0x85, 0x21, 0x28, 0xA9, 0x93, 0x1B, 0x97, 0x15, 0xDA, 0xA4, 0xE9, 0x28, 0x25, 0x6D,
    0x34, 0xEB, 0x0F, 0x25, 0x5D, 0x34, 0xFB, 0xF7, 0x68, 0x35, 0xC2, 0x98, 0x9C, 0xDE, 0xF3, 0xE0,
    0xB5, 0xD0, 0x3B, 0x53, 0xD2, 0x33, 0xA9, 0x3D, 0x19, 0xC0, 0x15, 0xA0, 0xFE, 0x4D, 0xFC, 0xF9,
    0x40, 0xE9, 0x4F, 0x0D, 0x5A, 0x24, 0xC1, 0x8D, 0x3F, 0x55, 0xD3, 0x1E, 0x69, 0xEF, 0xBC, 0x78,
    0xE1, 0x16, 0x7E, 0x28, 0x30, 0x9B, 0x2D, 0xDA, 0xEB, 0xAB, 0x99, 0x3E, 0x19, 0xD8, 0x05, 0x5B,
    0x20, 0x91, 0xDC, 0x09, 0x4F, 0x2B, 0xF8, 0xB1, 0xE2, 0x41, 0x2B, 0x61, 0xB0, 0xCA, 0x61, 0x1F,
    0x00, 0x97, 0x6F, 0x36, 0x5C, 0x0B, 0x92, 0x78, 0x77, 0x7A, 0xC2, 0x4C, 0x38, 0xA5, 0x7D, 0xD0,
    0xC0, 0xD5, 0x9D, 0x1D, 0xF6, 0xD6, 0x21, 0x8E, 0x16, 0x47, 0x1B, 0x09, 0x6B, 0x9C, 0x5D, 0xA0,
    0xF3, 0x15, 0xAE, 0x9E, 0x56, 0x6F, 0x25, 0x42, 0x7F, 0x1B, 0x8D, 0x38, 0xD0, 0x92, 0x54, 0x80,
    0xE9, 0x21, 0x38, 0xD1, 0x8E, 0x9A, 0x5F, 0xB3, 0x43, 0xD6, 0x77, 0x90, 0x1E, 0x09, 0x49, 0x21,
    0xDD, 0xA1, 0x9E, 0xE8, 0xFA, 0x37, 0xF9, 0x5F, 0x82, 0x22, 0x12, 0x11, 0x87, 0x6F, 0xDC, 0x53,
    0xDF, 0x65, 0x74, 0x7E, 0xC2, 0x48, 0x63, 0x39, 0xDD, 0x3A, 0xB3, 0x83, 0xDD, 0x7F, 0xFF, 0x7C,
    0x6B, 0x66, 0x7F, 0x00, 0x85, 0x96, 0x21, 0xAC, 0xE5, 0x44, 0x18, 0x85, 0xA7, 0xBD, 0x81, 0x27,
    0x2A, 0xAA, 0x56, 0xC0, 0x8A, 0x7A, 0x4C, 0xBD, 0xEA, 0x04, 0x2F, 0x59, 0x83, 0x77, 0x88, 0xE7,
    0x55, 0xEB, 0xD5, 0x7A, 0x8D, 0xC2, 0xAC, 0x57, 0x2D, 0x78, 0xD1, 0x0D, 0x02, 0x49, 0x43, 0x16,
    0x41, 0x30, 0x93, 0x6C, 0x13, 0xEE, 0x5B, 0xDA, 0x1E, 0x7A, 0x72, 0xCE, 0xA4, 0x2F, 0x59, 0x16,
    0x6E, 0x5E, 0xDA, 0x6F, 0xE6, 0xCD, 0x4C, 0xFF, 0x39, 0xFF, 0x99, 0xBF, 0x0D, 0x21, 0x14, 0x6F,
    0xF0, 0x3A, 0xF0, 0xD7, 0x02, 0x07, 0xEF, 0x25, 0x00, 0xCC, 0xEA, 0x00, 0xEE, 0x27, 0x80, 0xBF,
    0x3D, 0x84, 0x1B, 0xC0, 0x5F, 0x08, 0x35, 0xF0, 0xFA, 0x25, 0x30, 0x84, 0x16, 0x5B, 0x28, 0x80,
    0x29, 0xF4, 0x58, 0x02, 0x2F, 0x81, 0xBD, 0xA1, 0x43, 0x2A, 0x01, 0x2E, 0x81, 0x74, 0xE3, 0xCC,
    0xD0, 0x20, 0x55, 0xD8, 0x02, 0xA7, 0xAE, 0xE7, 0x9F, 0xE0, 0xEC, 0x14, 0xB4, 0x58, 0x04, 0xDD,
    0x05, 0xB3, 0xA0, 0xC7, 0xA4, 0xE9, 0x86, 0x0C, 0xE7, 0x14, 0xC1, 0x39, 0x52, 0x70, 0x5E, 0x05,
    0x63, 0x06, 0x20, 0x72, 0x9D, 0xC0, 0x58, 0xB8, 0x72, 0x78, 0xC0, 0xCE, 0xD8, 0xB8, 0xF0, 0x3D,
    0x34, 0xD8, 0x38, 0x29, 0x71, 0x37, 0x1C, 0x32, 0x87, 0x0A, 0xF8, 0x30, 0x02, 0xD1, 0x1B, 0xDD,
    0xF3, 0xD6, 0x19, 0x6E, 0x47, 0x18, 0x4E, 0xA8, 0x2C, 0x0A, 0x9F, 0xC3, 0x0E, 0x4A, 0xF8, 0x2A,
    0x06, 0xC1, 0x77, 0x38, 0x88, 0xA1, 0xF7, 0x74, 0x0E, 0x06, 0x26, 0xC6, 0xCD, 0x5F, 0xB2, 0xA8,
    0xD8, 0x4E, 0xF8, 0x13, 0xA9, 0x05, 0x07, 0x3D, 0x50, 0x24, 0x70, 0x34, 0xF5, 0xCB, 0x30, 0x22,
    0x32, 0xCE, 0x39, 0xF4, 0x82, 0x49, 0xD0, 0x60, 0xD2, 0xBF, 0x5A, 0x0C, 0x1A, 0xDC, 0x21, 0x1A,
    0xB8, 0x8D, 0x5D, 0xF0, 0x80, 0x8D, 0x61, 0x20, 0x48, 0xE3, 0xF1, 0x28, 0x94, 0x53, 0xF0, 0x17,
    0x0D, 0x1C, 0x5B, 0x10, 0x16, 0x83, 0xF3, 0xEF, 0x4D, 0xDC, 0xB8, 0xF1, 0x0B, 0x14, 0xA9, 0xA0,
    0xBA, 0x60, 0x11, 0x30, 0x52, 0x83, 0x80, 0x91, 0x0A, 0x7A, 0xFC, 0xEE, 0xB1, 0x7C, 0x92, 0xB5,
    0x4C, 0x59, 0xA6, 0xC5, 0x52, 0x7A, 0xF4, 0x65, 0xC8, 0xCB, 0x92, 0xCF, 0x4D, 0x69, 0x29, 0x15,
    0xD0, 0x98, 0x77, 0x71, 0x59, 0xF3, 0x99, 0x39, 0xC3, 0x65, 0xCF, 0x20, 0x83, 0x8E, 0xBC, 0x04,
    0x76, 0xC8, 0x06, 0x36, 0x29, 0xD1, 0x36, 0x25, 0x56, 0xD9, 0xA8, 0xBE, 0xF0, 0xEA, 0x7F, 0x09,
    0xDB, 0x0B, 0x65, 0x58, 0xE3, 0x9C, 0x91, 0xF6, 0x23, 0xA6, 0x8C, 0xCD, 0x85, 0x6D, 0x46, 0xCF,
    0xC8, 0x38, 0x65, 0xEC, 0x2F, 0x04, 0xA2, 0x47, 0x15, 0xCE, 0xF0, 0x92, 0x23, 0x6D, 0x15, 0xE9,
    0x9D, 0x8B, 0x3F, 0x8F, 0x69, 0x0B, 0xF4, 0x3F, 0x73, 0x05, 0x0C, 0x0F, 0x80, 0xC5, 0x93, 0xE7,
    0x9C, 0x77, 0xE7, 0xAC, 0x23, 0x3A, 0x69, 0xEA, 0xF4, 0xE0, 0x3F, 0x44, 0x5C, 0x69, 0xC8, 0xD8,
    0x60, 0xCF, 0x58, 0x5A, 0x7E, 0x67, 0xF0, 0x9D, 0xB1, 0xC2, 0x39, 0x33, 0x86, 0x48, 0x1E, 0xED,
    0x7B, 0x2F, 0x0D, 0xAD, 0x53, 0x8C, 0x76, 0x9F, 0x47, 0xC3, 0x33, 0x1F, 0x15, 0x9C, 0x58, 0xC9,
    0xFF, 0xD6, 0x1E, 0x6C, 0x9D, 0xE0, 0x5B, 0x5E, 0xB0, 0xFE, 0xF8, 0x20, 0x01, 0xE9, 0x91, 0x83,
    0xBE, 0xB8, 0xF1, 0x20, 0x1D, 0xF6, 0xE9, 0xB3, 0x83, 0x64, 0x57, 0xF6, 0x82, 0x49, 0xD0, 0x64,
    0x68, 0x4F, 0x18, 0x0F, 0x02, 0x86, 0xE0, 0xF3, 0x13, 0x0B, 0x6C, 0xF9, 0x20, 0xAD, 0x3A, 0x48,
    0x2D, 0x98, 0xDE, 0x11, 0x9F, 0x3F, 0x3F, 0x3F, 0x86, 0x45, 0x20, 0xB3, 0x16, 0x59, 0xEB, 0x12,
    0x4F, 0xBD, 0xCD, 0xB9, 0x76, 0x10, 0xA4, 0x16, 0x83, 0x02, 0xAC, 0x31, 0x0B, 0x2A, 0x24, 0x45,
    0x7A, 0xB3, 0xEF, 0xE6, 0x12, 0x87, 0x23, 0xA5, 0x70, 0x8E, 0x34, 0x51, 0x9B, 0x99, 0x96, 0xA6,
    0x76, 0xA0, 0x10, 0xB1, 0xA3, 0xB2, 0x37, 0xB0, 0x26, 0x32, 0xAA, 0x13, 0xA8, 0x30, 0x67, 0x38,
    0x6F, 0xC5, 0x37, 0xBC, 0xBE, 0x04, 0x0F, 0x60, 0xA9, 0x40, 0x1B, 0xC5, 0x39, 0xF2, 0xC6, 0x58,
    0x79, 0xA3, 0xA5, 0x1E, 0x77, 0xC6, 0x10, 0xEA, 0x9D, 0x0F, 0x0E, 0xF5, 0xC6, 0x45, 0x74, 0x3B,
    0x5B, 0x6B, 0x68, 0x79, 0x4B, 0x81, 0x95, 0xFA, 0xB3, 0x28, 0xCB, 0x31, 0xC4, 0x43, 0x37, 0xEF,
    0x05, 0x77, 0xA7, 0x8A, 0x0A, 0x59, 0x97, 0x4E, 0xBD, 0x95, 0xD5, 0xF1, 0x3F, 0x5B, 0xB9, 0xE3,
    0xC6, 0xDB, 0xF7, 0xEC, 0x9D, 0x6F, 0x1B, 0xC7, 0xCE, 0xD5, 0xC6, 0x10, 0xE7, 0xF3, 0xC1, 0x54,
    0xA2, 0x61, 0x0B, 0x53, 0xCB, 0x34, 0x9F, 0xB7, 0x83, 0x43, 0x86, 0xF3, 0xAF, 0x00, 0x4E, 0xFA,
    0xF0, 0x06, 0xBB, 0x5C, 0xBC, 0xCA, 0x0E, 0xB3, 0xAC, 0xCE, 0x2D, 0x3B, 0x29, 0x2F, 0x28, 0x40,
    0x0D, 0xFD, 0x42, 0x63, 0xD0, 0x68, 0x46, 0xD4, 0x19, 0x0C, 0x5C, 0x6F, 0x0D, 0x67, 0xF3, 0x7C,
    0x70, 0x9F, 0xE8, 0x06, 0xC2, 0x62, 0x18, 0x67, 0xDA, 0xA2, 0x5D, 0xC3, 0x38, 0x95, 0x84, 0x14,
    0xFA, 0x53, 0xFD, 0x7B, 0xE8, 0x96, 0xF0, 0x65, 0x64, 0x91, 0xFC, 0x2A, 0x7E, 0xA2, 0x48, 0x1A,
    0x6A, 0x2C, 0x9F, 0x2A, 0x92, 0x6D, 0x86, 0xEE, 0x82, 0x21, 0x43, 0x14, 0xF4, 0xC8, 0xE7, 0x32,
    0x03, 0x8E, 0x0C, 0xBB, 0x13, 0x7E, 0xC1, 0x26, 0x28, 0x33, 0x30, 0x52, 0x57, 0xF1, 0x27, 0x0F,
    0x01, 0x92, 0xE2, 0x83, 0xF3, 0x99, 0x7B, 0x9A, 0x6C, 0x6A, 0x0A, 0x35, 0x55, 0xBC, 0x50, 0xA0,
    0xA1, 0x26, 0xF5, 0x96, 0x92, 0x99, 0xC0, 0x13, 0x67, 0x3F, 0x71, 0xAD, 0xE8, 0x48, 0x5D, 0xA9,
    0x1C, 0x9D, 0x69, 0x27, 0x1D, 0x39, 0xAC, 0x7E, 0xCF, 0x71, 0x8D, 0x5B, 0x0E, 0x0C, 0x17, 0xDD,
    0x49, 0x2B, 0x69, 0xB5, 0x9C, 0x05, 0xA9, 0x22, 0x95, 0x48, 0xD6, 0xF1, 0x26, 0x9A, 0x49, 0xF4,
    0xB5, 0x68, 0xB6, 0x94, 0x0F, 0x98, 0x4C, 0x15, 0x26, 0x8B, 0x59, 0x8B, 0x22, 0x69, 0xA0, 0x9C,
    0x24, 0x5E, 0x5C, 0x10, 0xB2, 0xB2, 0x9D, 0x48, 0x81, 0x92, 0x22, 0xC3, 0x73, 0x3D, 0x2C, 0x71,
    0xD7, 0xEB, 0xC4, 0x6F, 0x84, 0x0E, 0xC7, 0x0F, 0xCF, 0xBE, 0x97, 0x30, 0x64, 0xC3, 0x1D, 0xD2,
    0x3A, 0x6B, 0x5B, 0xB8, 0x80, 0xC9, 0x9C, 0x4E, 0x45, 0x78, 0xF1, 0x2A, 0xE7, 0x18, 0x88, 0x37,
    0x4E, 0xA7, 0xBA, 0xA1, 0x62, 0x73, 0x24, 0xD5, 0xBC, 0xF4, 0x5C, 0xA3, 0xE4, 0x2C, 0x96, 0x06,
    0xEF, 0x0B, 0xFB, 0xA5, 0xB3, 0x43, 0x15, 0x39, 0x54, 0xA9, 0xC6, 0x50, 0xAD, 0x10, 0x07, 0x53,
    0x17, 0x13, 0x35, 0x20, 0x45, 0xED, 0x3C, 0xB4, 0x27, 0x75, 0xBB, 0x68, 0x08, 0xFD, 0x46, 0x62,
    0x0D, 0xC8, 0xD6, 0x98, 0x4A, 0x2C, 0xA6, 0x1B, 0x26, 0x53, 0x05, 0x2E, 0x42, 0x8D, 0x6B, 0xD8,
    0x5C, 0x73, 0xBB, 0x67, 0xEA, 0x36, 0x02, 0x9F, 0x3E, 0xA6, 0x4C, 0x58, 0x6C, 0xCB, 0xDF, 0x30,
    0x99, 0xDE, 0x23, 0xDA, 0x90, 0x7F, 0x23, 0xFB, 0x19, 0xBB, 0x49, 0x5A, 0x89, 0x92, 0x69, 0xF4,
    0x22, 0x7E, 0x4F, 0x9A, 0xA2, 0x40, 0x9A, 0x88, 0x6C, 0xFD, 0x96, 0xC2, 0x16, 0x88, 0xAC, 0x7A,
    0x8B, 0xA5, 0x8E, 0x4C, 0xC8, 0xDC, 0xAB, 0xFC, 0xC5, 0xC0, 0xE4, 0xB4, 0xFA, 0x08, 0x1C, 0x98,
    0xA0, 0x50, 0xE0, 0x90, 0x46, 0xB4, 0x22, 0x85, 0xA5, 0x2C, 0xDC, 0x14, 0x1B, 0x32, 0x14, 0xFF,
    0xCB, 0x06, 0x7D, 0x41, 0x11, 0xD5, 0x00, 0x06, 0x5A, 0x9D, 0xBD, 0xCC, 0xD9, 0x44, 0x29, 0xD9,
    0x50, 0xB1, 0xB3, 0x7B, 0x68, 0x8C, 0xA9, 0x40, 0x52, 0xA3, 0x86, 0xD5, 0x65, 0xA3, 0x81, 0x05,
    0xE6, 0x46, 0xBA, 0xBF, 0xAC, 0x31, 0x1B, 0xFD, 0x7B, 0xCB, 0xCC, 0x06, 0x7E, 0x66, 0x41, 0x54,
    0xA3, 0xC0, 0x4F, 0x98, 0xBA, 0x4D, 0x8D, 0x12, 0x5F, 0x63, 0x1A, 0xEF, 0xDA, 0xF7, 0x0D, 0x25,
    0x66, 0x24, 0x35, 0xAA, 0xA3, 0xC0, 0x5B, 0x49, 0xD7, 0xA0, 0xDE, 0x0A, 0x2E, 0xA1, 0x46, 0x7B,
    0x2F, 0xF0, 0x8B, 0x04, 0xAC, 0xD1, 0xA7, 0x02, 0xBF, 0x22, 0xA8, 0x81, 0x85, 0xB9, 0x70, 0x83,
    0xF1, 0x63, 0x73, 0x83, 0xD6, 0xC0, 0x9A, 0x1B, 0x57, 0x7A, 0x2A, 0x89, 0x30, 0xBB, 0xB1, 0xB1,
    0x31, 0xB9, 0x71, 0xD7, 0x69, 0x92, 0x3D, 0x56, 0x36, 0x88, 0x3E, 0xE4, 0xE3, 0x4E, 0xF4, 0x21,
    0xEE, 0x37, 0x37, 0x38, 0xB7, 0x5F, 0xAF, 0xAF, 0xC0, 0x74, 0x03, 0xE8, 0x68, 0x22, 0x5F, 0x2A,
    0xC2, 0xA5, 0x06, 0x76, 0x7F, 0xBB, 0x96, 0xAA, 0x5D, 0x2F, 0xF9, 0x80, 0xFC, 0x02, 0x66, 0x14,
    0xAB, 0xCB, 0xA1, 0x4F, 0x03, 0xB3, 0xA5, 0x14, 0x2A, 0x3D, 0x14, 0xD3, 0x75, 0x77, 0xCC, 0xBE,
    0xC1, 0x8F, 0x57, 0xE9, 0x96, 0x58, 0x2E, 0x97, 0x22, 0x3E, 0x7A, 0xFF, 0x97, 0xAF, 0x22, 0x05,
    0xE0, 0x85, 0x87, 0x0B, 0xA3, 0xA9, 0xA0, 0x22, 0xDE, 0xB9, 0x95, 0x92, 0x8A, 0xC9, 0xD8, 0x5D,
    0x8B, 0xE1, 0x3D, 0xEE, 0xF9, 0x61, 0x6F, 0xB1, 0xE5, 0xA1, 0x11, 0x0A, 0x97, 0x61, 0xF7, 0x10,
    0x8E, 0x1B, 0x83, 0x57, 0x30, 0x49, 0x45, 0x42, 0x07, 0xBE, 0xCE, 0x49, 0x8F, 0xF9, 0x5D, 0xD4,
    0x53, 0x37, 0x3C, 0x69, 0x37, 0xEF, 0xC2, 0x23, 0xD8, 0xDD, 0x01, 0x1B, 0xC5, 0x64, 0x62, 0x84,
    0xEC, 0x65, 0xC7, 0x03, 0x25, 0xD6, 0x39, 0xE2, 0xA8, 0xD4, 0x11, 0x46, 0xC1, 0x11, 0xF8, 0xCF,
    0xD6, 0x2F, 0xE1, 0x58, 0x2A, 0x25, 0xEF, 0x28, 0xAF, 0x8B, 0xEF, 0x08, 0x46, 0xEC, 0x52, 0xD4,
    0xED, 0xAE, 0x3A, 0xE3, 0xDD, 0x95, 0x0C, 0x29, 0x57, 0x95, 0x99, 0x80, 0xB9, 0xCA, 0xDF, 0x48,
    0x4D, 0xFE, 0x6A, 0x92, 0xB7, 0x4B, 0xAC, 0xA3, 0x6B, 0xE9, 0x53, 0x4E, 0xA1, 0x95, 0x64, 0x30,
    0x59, 0xBA, 0xDD, 0x90, 0x75, 0x6B, 0xB3, 0xAC, 0xCD, 0xC7, 0x6F, 0xDD, 0xFF, 0x78, 0xD9, 0xFE,
    0xFF, 0x5B, 0xB7, 0xC0, 0x11, 0x3D, 0x04, 0x0E, 0x10, 0xB0, 0xE1, 0xDC, 0x43, 0xE1, 0xEE, 0x84,
    0x7F, 0x00, 0x94, 0x55, 0x31, 0xAE, 0xE4, 0x44, 0x10, 0x2D, 0x8F, 0xB5, 0x6B, 0x84, 0x03, 0x93,
    0xAC, 0x84, 0x40, 0xA8, 0x8F, 0xE0, 0x1B, 0xD0, 0x06, 0x02, 0xD2, 0x1F, 0xB0, 0x11, 0x47, 0x20,
    0xF8, 0x47, 0xB0, 0xB9, 0x0B, 0x11, 0xC9, 0xBF, 0x00, 0x5A, 0xFB, 0x08, 0x16, 0x27, 0x18, 0x52,
    0x22, 0x07, 0x06, 0xCD, 0x82, 0xDD, 0x8F, 0x79, 0xAF, 0xDD, 0xE3, 0xD1, 0xB0, 0x7F, 0xB4, 0xBF,
    0x25, 0xD7, 0x6B, 0x79, 0xDA, 0x55, 0xAF, 0xAA, 0x5E, 0xF5, 0x58, 0x01, 0xAE, 0xC9, 0x4A, 0xE1,
    0x62, 0xD5, 0x0D, 0xBA, 0x0D, 0xEB, 0xC5, 0xAC, 0xC6, 0x64, 0xFE, 0x64, 0xD6, 0x62, 0x34, 0x3F,
    0x59, 0x06, 0x34, 0xC4, 0x1C, 0xC1, 0xAC, 0x1E, 0xAD, 0xC2, 0xC9, 0xEC, 0xD3, 0x4E, 0xC7, 0xB8,
    0x7A, 0x0C, 0x84, 0x0C, 0x20, 0x58, 0x81, 0x95, 0xC0, 0x63, 0x42, 0x8F, 0xA3, 0x10, 0xF1, 0xD8,
    0xE1, 0x72, 0x6C, 0x11, 0x3A, 0xCC, 0x37, 0xC7, 0x3A, 0x42, 0xBE, 0x1D, 0x2B, 0x79, 0xEC, 0x9D,
    0x99, 0x63, 0x30, 0x34, 0xE2, 0x94, 0xA1, 0xD3, 0xB1, 0x1C, 0x9D, 0x38, 0x15, 0x68, 0x2A, 0x2C,
    0x8C, 0xD8, 0x88, 0x93, 0x83, 0xB5, 0xE0, 0x0A, 0x1B, 0xAE, 0x42, 0xA6, 0xE7, 0x85, 0xA7, 0x98,
    0x2E, 0xCF, 0x8A, 0xF9, 0x43, 0xE4, 0x35, 0x31, 0xEC, 0x6E, 0x0B, 0x90, 0x52, 0x09, 0x8C, 0x72,
    0xAD, 0x94, 0xEC, 0x62, 0x9D, 0x6C, 0x1D, 0xC4, 0x7D, 0x95, 0x55, 0x42, 0xAD, 0x6C, 0xAF, 0xDC,
    0x63, 0x6A, 0x0A, 0x93, 0x6D, 0xF6, 0xA8, 0x50, 0xA3, 0x32, 0x1C, 0x2E, 0xB6, 0x40, 0xA7, 0x5C,
    0x15, 0x44, 0xF6, 0x6E, 0x90, 0x14, 0x4A, 0x41, 0xFA, 0x3D, 0x88, 0xDD, 0x0F, 0x72, 0x13, 0xEA,
    0x36, 0x1F, 0xBE, 0xAA, 0x65, 0x3D, 0x60, 0xC9, 0xB6, 0x60, 0xF4, 0x2F, 0x7E, 0xD9, 0xC3, 0xBA,
    0x75, 0xFF, 0xAA, 0x94, 0x95, 0x4F, 0x45, 0x49, 0x71, 0x0D, 0xC7, 0x9D, 0x55, 0x3B, 0xEF, 0x1F,
    0xD7, 0xB2, 0x2E, 0x5C, 0xBB, 0x68, 0x9E, 0x71, 0x31, 0xBD, 0xCC, 0x45, 0x7E, 0xE5, 0x22, 0xBB,
    0x76, 0xD1, 0xCB, 0xAA, 0x5A, 0xC9, 0x45, 0x4C, 0xE1, 0x03, 0x2E, 0x86, 0xE7, 0x34, 0x20, 0xBB,
    0x17, 0x33, 0xBF, 0x5F, 0xCC, 0xA0, 0x28, 0xCF, 0x75, 0x4C, 0x16, 0x1F, 0xDF, 0x37, 0x05, 0x79,
    0xB9, 0x02, 0xEF, 0x04, 0x91, 0xCD, 0x31, 0xDE, 0x88, 0xA3, 0x64, 0x28, 0xF7, 0x8C, 0x06, 0xFC,
    0x36, 0xD8, 0x2E, 0x82, 0xC7, 0x06, 0x8D, 0xC2, 0xA1, 0x23, 0x60, 0xAB, 0xFE, 0xE6, 0x5F, 0x95,
    0x2F, 0xE0, 0x67, 0xFA, 0x0E, 0x6A, 0x5C, 0xB5, 0x38, 0x82, 0x5B, 0x2A, 0xF9, 0x3C, 0x95, 0x0A,
    0x30, 0x15, 0x68, 0xD8, 0x28, 0x91, 0xC1, 0xF1, 0x70, 0x06, 0x3E, 0x38, 0x8A, 0x1E, 0x26, 0xCE,
    0x38, 0x95, 0x5E, 0x41, 0x59, 0x0A, 0x56, 0x15, 0xD8, 0x05, 0xBE, 0xE0, 0x9B, 0x56, 0xD0, 0x41,
    0x6B, 0xB8, 0x07, 0x24, 0xD5, 0x99, 0x1B, 0xCC, 0x4F, 0x6C, 0x49, 0xBB, 0x32, 0x19, 0x87, 0x21,
    0xC7, 0xC8, 0x58, 0xF5, 0x6C, 0xC5, 0x64, 0x36, 0xB2, 0x4E, 0x5D, 0xBC, 0x10, 0x67, 0x16, 0x12,
    0x08, 0x62, 0x02, 0xA6, 0x57, 0x11, 0x46, 0xF3, 0x18, 0x5B, 0x0C, 0xD6, 0x07, 0x86, 0xCE, 0x40,
    0x6A, 0x4D, 0x8E, 0x89, 0xCD, 0x29, 0x70, 0xB4, 0x1A, 0x56, 0xE2, 0x1C, 0x47, 0x3F, 0x8B, 0x32,
    0xF3, 0x58, 0x54, 0x3C, 0x08, 0x0E, 0x38, 0xF1, 0xE7, 0xFC, 0x0C, 0x6D, 0xB0, 0x12, 0x33, 0xE9,
    0xF0, 0xB6, 0xEB, 0xC9, 0x6A, 0xA2, 0x67, 0xF4, 0xD3, 0x57, 0x2D, 0xF2, 0xD0, 0xFE, 0x85, 0x16,
    0x4F, 0x4B, 0x0B, 0x78, 0x60, 0xEA, 0xB1, 0x7A, 0x30, 0xFA, 0xC2, 0xA1, 0x6D, 0x31, 0x55, 0xE0,
    0x17, 0x5D, 0x8E, 0xA3, 0x5A, 0xF4, 0xC6, 0x2C, 0x6B, 0xCE, 0xCF, 0x93, 0x24, 0xF0, 0x88, 0x25,
    0x36, 0x66, 0x55, 0xFB, 0x05, 0x39, 0xF4, 0xD2, 0x2C, 0xC1, 0xC9, 0x74, 0x66, 0x8E, 0x30, 0x99,
    0x8E, 0x0A, 0xE8, 0x34, 0x69, 0x45, 0x62, 0x29, 0xDF, 0x4B, 0x2D, 0x6C, 0x7B, 0x89, 0xEF, 0x58,
    0x89, 0x0A, 0x15, 0x47, 0xA6, 0x0A, 0x9E, 0xE0, 0xD6, 0x1E, 0x98, 0xAD, 0x5E, 0xF1, 0xFD, 0x19,
    0xFC, 0xBF, 0x4B, 0x4E, 0xC0, 0x7C, 0x10, 0x8C, 0x84, 0x16, 0x03, 0xA1, 0x87, 0x82, 0x20, 0x58,
    0x4E, 0x58, 0x08, 0x19, 0x4E, 0x56, 0x60, 0x24, 0x95, 0x92, 0xA7, 0xCE, 0x6E, 0x31, 0x28, 0x31,
    0x34, 0xB9, 0xAA, 0xAE, 0xB2, 0xB6, 0x2B, 0xDF, 0xC7, 0xAA, 0x8F, 0x85, 0xAA, 0x1E, 0x9E, 0x30,
    0x5A, 0x0D, 0x80, 0xE5, 0x86, 0xF2, 0x6C, 0x01, 0xA6, 0xE4, 0xFF, 0x90, 0x46, 0x5F, 0x35, 0xAF,
    0x7E, 0x30, 0x25, 0xA8, 0x09, 0x71, 0x90, 0xF0, 0x28, 0x8A, 0x1C, 0xB4, 0x95, 0xAC, 0xC7, 0x37,
    0xE8, 0xD8, 0xA8, 0x5A, 0x85, 0x48, 0xB3, 0xA2, 0x29, 0x51, 0x2B, 0x8D, 0x54, 0x38, 0x7E, 0xD8,
    0x67, 0xC1, 0x07, 0xDA, 0xF6, 0xCA, 0xF6, 0x17, 0xFB, 0xB9, 0xB5, 0x30, 0xFB, 0xED, 0x6C, 0xBB,
    0x82, 0x6D, 0xFA, 0x47, 0xED, 0x05, 0x16, 0x92, 0x55, 0x7E, 0xA2, 0x20, 0xC2, 0xD6, 0xAB, 0xDA,
    0xE2, 0xA9, 0xF5, 0x93, 0x1A, 0xE3, 0x10, 0xBD, 0x01, 0x04, 0x24, 0x08, 0xB6, 0xC7, 0x66, 0x45,
    0x04, 0x8B, 0xA0, 0x4F, 0x7D, 0x15, 0x5C, 0xF5, 0xF5, 0x80, 0x9F, 0x09, 0x35, 0xFE, 0x66, 0x24,
    0x29, 0x59, 0xBA, 0x56, 0xFE, 0x02, 0xE9, 0xBA, 0x8B, 0xBA, 0x6E, 0x62, 0x85, 0xED, 0x5A, 0xD7,
    0x21, 0xEA, 0x7A, 0x8D, 0xBA, 0x5E, 0xEE, 0xE8, 0x7A, 0xFE, 0x58, 0x5D, 0xF7, 0x2F, 0xD0, 0xB5,
    0xFA, 0xC7, 0x7C, 0x9C, 0xCA, 0x90, 0x8A, 0x47, 0x19, 0x6A, 0x3A, 0x7D, 0x20, 0x4B, 0xCA, 0xED,
    0x98, 0xF1, 0x3A, 0x19, 0x73, 0xCA, 0x68, 0x28, 0x29, 0x9F, 0xAE, 0x02, 0xB3, 0x71, 0x41, 0xBC,
    0x57, 0x8A, 0xCC, 0x2F, 0x4E, 0xD9, 0x20, 0x48, 0x2E, 0xB3, 0x2C, 0x75, 0xC1, 0x2D, 0x19, 0xDB,
    0x27, 0xAA, 0xE9, 0xD7, 0xB4, 0x19, 0x98, 0x98, 0x3B, 0x5B, 0xFC, 0x09, 0xE6, 0x04, 0xCC, 0x0A,
    0x3B, 0x92, 0x42, 0xF8, 0x40, 0xFF, 0xEC, 0x35, 0x8E, 0xC2, 0x74, 0x95, 0xC6, 0x19, 0x44, 0xA7,
    0x5D, 0x29, 0xF6, 0x5C, 0x75, 0xDA, 0x89, 0x7F, 0x93, 0x66, 0xF3, 0x9D, 0xA5, 0xB9, 0xFC, 0xCC,
    0xAE, 0x66, 0x72, 0x1F, 0x4B, 0x29, 0x73, 0x14, 0x9A, 0xFA, 0x12, 0x57, 0x25, 0x36, 0x0A, 0x2F,
    0xB5, 0x88, 0x59, 0x7A, 0x07, 0x89, 0x4F, 0x7E, 0x01, 0x29, 0x24, 0xE9, 0xF8, 0x5A, 0x4F, 0x52,
    0xB2, 0x40, 0x75, 0x10, 0x88, 0xD4, 0x07, 0x76, 0xF4, 0x91, 0x88, 0xA6, 0x1C, 0xD3, 0x2E, 0xDF,
    0x29, 0xDF, 0x27, 0x9F, 0x76, 0x1C, 0xEC, 0xFF, 0xED, 0x1C, 0xBA, 0xCB, 0xAE, 0x11, 0xA6, 0x01,
    0xBC, 0x21, 0x8F, 0x8F, 0x24, 0x7F, 0x12, 0x64, 0x17, 0xCA, 0xC5, 0x90, 0xE8, 0x55, 0x73, 0x22,
    0x55, 0xE3, 0x29, 0x35, 0x05, 0x80, 0xA5, 0xDD, 0x92, 0xC2, 0x63, 0x4A, 0x49, 0x84, 0xC4, 0xE9,
    0xED, 0x43, 0x44, 0x39, 0xEF, 0xC3, 0x43, 0x3A, 0x09, 0xBA, 0xCC, 0x88, 0xF4, 0x58, 0xA4, 0x8D,
    0xC3, 0xD8, 0xAE, 0x7D, 0xE4, 0xED, 0x44, 0x58, 0x17, 0x5B, 0x9C, 0xE0, 0x6D, 0x83, 0x39, 0x6D,
    0x34, 0x83, 0xDA, 0x6C, 0x79, 0x6A, 0xB4, 0x74, 0xF8, 0xC4, 0x41, 0x55, 0xD6, 0x3F, 0x8A, 0xD5,
    0x2E, 0xA8, 0x32, 0xB5, 0x5D, 0xDA, 0x14, 0x2F, 0xAC, 0x42, 0x0D, 0xB0, 0x96, 0xD7, 0x0B, 0x45,
    0x4F, 0x9B, 0xCB, 0x4F, 0x78, 0x9F, 0xBE, 0x56, 0x55, 0x24, 0xFA, 0x55, 0x5E, 0xC2, 0x63, 0x4C,
    0x86, 0x83, 0xC6, 0xA0, 0x0E, 0x7C, 0x96, 0xE8, 0x4E, 0x7C, 0xDA, 0x45, 0xE5, 0x4F, 0x9B, 0x65,
    0xEB, 0x8A, 0xCE, 0xE8, 0xEF, 0x63, 0xE6, 0x26, 0xFC, 0x0A, 0x32, 0xAB, 0xC0, 0xD5, 0xD1, 0x61,
    0x92, 0x2A, 0x37, 0xE2, 0xFC, 0x25, 0x12, 0xE7, 0x37, 0x6F, 0x23, 0x66, 0x8F, 0xB3, 0xF0, 0x31,
    0xFE, 0x90, 0xF1, 0x8B, 0xF4, 0xFF, 0xB6, 0xA3, 0x82, 0xDD, 0xE0, 0x29, 0x49, 0x75, 0x9F, 0xA8,
    0x24, 0x49, 0xE1, 0x28, 0x2C, 0x30, 0xBC, 0x46, 0xA3, 0x99, 0x6A, 0x31, 0x92, 0xDD, 0xB7, 0xC0,
    0x44, 0xAC, 0x80, 0x99, 0xE8, 0x85, 0x2E, 0xF4, 0xBF, 0x13, 0xEB, 0x10, 0x74, 0xBF, 0x7A, 0x9C,
    0x0E, 0x11, 0xA7, 0x9C, 0xD8, 0x62, 0x94, 0xEB, 0x1E, 0x9D, 0x64, 0x05, 0xC4, 0x31, 0x45, 0xB0,
    0x4A, 0xB8, 0xB0, 0x0D, 0x2A, 0x97, 0x43, 0xA3, 0xB9, 0xA9, 0xA1, 0x59, 0xD1, 0x20, 0x0A, 0x57,
    0x15, 0x59, 0x45, 0xE4, 0x94, 0xF4, 0xCB, 0x6B, 0x7D, 0x8B, 0xC5, 0x45, 0x0C, 0x68, 0xE8, 0x03,
    0x40, 0xE3, 0x22, 0xEA, 0x52, 0x06, 0xB6, 0x5B, 0x19, 0x47, 0xF9, 0x48, 0x83, 0xFD, 0xEA, 0x41,
    0x25, 0x9D, 0xD4, 0x11, 0x8A, 0xE1, 0x70, 0x7E, 0x72, 0x2C, 0x7A, 0x44, 0xBE, 0xEF, 0x2C, 0x2D,
    0x1D, 0x0D, 0x54, 0x51, 0x53, 0x03, 0x8D, 0x8F, 0x4F, 0x6C, 0x76, 0x0D, 0x39, 0x95, 0x73, 0x36,
    0x17, 0x27, 0x49, 0x92, 0x75, 0xA0, 0x1B, 0xE6, 0x9D, 0x63, 0x64, 0x29, 0xC5, 0x93, 0x1C, 0x2B,
    0x34, 0x8D, 0x43, 0x3E, 0xD6, 0x78, 0x3A, 0x7A, 0x80, 0xCF, 0xE0, 0xE5, 0x5B, 0xFF, 0xE4, 0x96,
    0xFD, 0x37, 0x60, 0xC9, 0x09, 0x00, 0x85, 0x96, 0x21, 0x90, 0xE5, 0x4E, 0x11, 0xC6, 0x27, 0x09,
    0xFF, 0x0D, 0xC5, 0x13, 0x51, 0x18, 0x56, 0xC4, 0x23, 0x88, 0x57, 0x33, 0x70, 0x02, 0x7B, 0x82,
    0x53, 0x98, 0xF3, 0x88, 0xF5, 0x6A, 0x52, 0x18, 0x04, 0x02, 0xAF, 0xF0, 0x6A, 0xBD, 0x9A, 0x07,
    0x08, 0x24, 0x61, 0x4F, 0x9E, 0x89, 0x06, 0x41, 0x80, 0x50, 0xF5, 0x6E, 0x2B, 0x33, 0x1F, 0xF3,
    0x7D, 0x5D, 0xA9, 0x7A, 0xCB, 0x0A, 0x52, 0xF5, 0xE6, 0xD7, 0x9B, 0x7D, 0x99, 0xEE, 0xAF, 0xBB,
    0xA7, 0xF3, 0x1C, 0xAF, 0x71, 0x15, 0xD2, 0xC1, 0xB5, 0x85, 0xD0, 0xFD, 0x0F, 0x6E, 0x86, 0xCD,
    0xBE, 0x19, 0xDC, 0xFF, 0xB9, 0x1E, 0x33, 0xD7, 0x0B, 0x40, 0xF8, 0x37, 0x88, 0x06, 0x37, 0x19,
    0x3C, 0x0C, 0x45, 0x88, 0xF9, 0x0C, 0xE5, 0x0E, 0x30, 0x58, 0x0C, 0x0D, 0x76, 0x0B, 0x73, 0xB3,
    0x88, 0xEE, 0xD1, 0x63, 0x35, 0xB7, 0x0B, 0x31, 0xE0, 0x7A, 0x87, 0x11, 0xB3, 0x79, 0x0D, 0xEF,
    0x9D, 0xC7, 0x22, 0xA4, 0xFC, 0xDE, 0x9D, 0xFC, 0xFC, 0xC0, 0x75, 0xDC, 0x79, 0x9A, 0xB5, 0x57,
    0x7C, 0x4D, 0xDC, 0x2B, 0x41, 0x42, 0x00, 0x7D, 0x3F, 0x01, 0x9B, 0x69, 0x9C, 0xE5, 0xF3, 0x9B,
    0xF6, 0xF8, 0x14, 0x84, 0xE6, 0x69, 0x37, 0xE5, 0x59, 0x02, 0x50, 0xB4, 0x31, 0xF2, 0x89, 0x7B,
    0xAD, 0x37, 0xC3, 0x6E, 0x5A, 0xB7, 0x37, 0x5A, 0x57, 0xC3, 0xD5, 0xB4, 0x5E, 0x2F, 0x99, 0x5A,
    0xE7, 0x84, 0x50, 0xD1, 0xA3, 0xDE, 0x1F, 0x30, 0xA2, 0x8A, 0x1F, 0x72, 0x24, 0xC6, 0x8C, 0x9F,
    0x55, 0x4C, 0xB8, 0x35, 0x15, 0x1E, 0x6B, 0x83, 0x6B, 0xC5, 0xDC, 0x56, 0x44, 0xD4, 0x8D, 0x02,
    0x25, 0x0F, 0x45, 0x92, 0xFD, 0x41, 0xAF, 0x72, 0x85, 0xFF, 0x50, 0x60, 0x03, 0xE0, 0xA6, 0x00,
    0x11, 0xE8, 0xF5, 0x1F, 0xC5, 0x11, 0x5F, 0x11, 0xE8, 0xFC, 0x4F, 0xB8, 0xD2, 0xF9, 0x1F, 0xB1,
    0x29, 0xC3, 0x38, 0x08, 0x86, 0x52, 0x11, 0x3C, 0x5E, 0xE7, 0x11, 0xD5, 0xC2, 0x32, 0xC1, 0x31,
    0x32, 0x0F, 0xEE, 0x37, 0x57, 0x27, 0x67, 0xA5, 0x9B, 0x8F, 0xCE, 0x7D, 0x97, 0x96, 0x26, 0x61,
    0xEB, 0x81, 0xFD, 0x02, 0x6C, 0xFC, 0xA8, 0x94, 0x54, 0xDA, 0x63, 0xA1, 0x46, 0x77, 0xA1, 0x2C,
    0x7D, 0x66, 0x37, 0x22, 0xA8, 0x72, 0x1E, 0xB6, 0x4D, 0xCC, 0x96, 0x37, 0xF0, 0x73, 0xE3, 0x47,
    0xED, 0xD1, 0xBE, 0xDD, 0xE6, 0x7E, 0x0B, 0x46, 0x77, 0x6E, 0x13, 0x3C, 0xFA, 0x1A, 0xD8, 0xD3,
    0xE2, 0x81, 0x25, 0x2A, 0x48, 0x38, 0x8F, 0x9B, 0x5A, 0xA5, 0xF9, 0x05, 0xBB, 0xF8, 0x70, 0x0F,
    0x74, 0x31, 0xAB, 0x93, 0x3D, 0xC2, 0x05, 0x7B, 0x05, 0x5A, 0x7D, 0xF9, 0xA0, 0x79, 0x01, 0xFE,
    0x80, 0x6A, 0x46, 0x60, 0x02, 0xFE, 0xAC, 0x6A, 0x8E, 0x25, 0xFD, 0x1D, 0x7F, 0x29, 0x8C, 0x6A,
    0x2A, 0xE8, 0x80, 0x35, 0xD1, 0xC4, 0x51, 0xCD, 0x40, 0xD3, 0x53, 0x73, 0x71, 0x90, 0xB9, 0xF4,
    0x95, 0x8C, 0x3E, 0xD6, 0x8A, 0x62, 0x53, 0x7F, 0x27, 0x84, 0x01, 0xAB, 0x15, 0xA3, 0x30, 0xF6,
    0x4E, 0xE6, 0xC1, 0xD0, 0xBA, 0xAA, 0xA8, 0xA9, 0xE6, 0x04, 0xE5, 0xA7, 0x55, 0x48, 0xD4, 0x28,
    0xDD, 0x3E, 0x4B, 0x26, 0xA5, 0xC7, 0x43, 0x6A, 0xF9, 0xFD, 0xC4, 0x27, 0xD5, 0x33, 0xF4, 0x34,
    0xA1, 0x09, 0xFC, 0xBE, 0x9E, 0xEC, 0xAF, 0x75, 0xFB, 0x86, 0x4F, 0x22, 0x2E, 0xF5, 0xD1, 0x56,
    0x26, 0x96, 0x11, 0xA1, 0x33, 0xF3, 0x3A, 0x41, 0xFB, 0x59, 0x7A, 0xB8, 0x1F, 0xB3, 0x44, 0x4F,
    0x3D, 0x82, 0x92, 0x65, 0x97, 0xE5, 0xEC, 0x57, 0xD9, 0x3D, 0xA8, 0x21, 0x41, 0x6D, 0xCA, 0x16,
    0xCB, 0x1A, 0x95, 0xAA, 0xDD, 0xFD, 0xF8, 0x19, 0x13, 0xC9, 0x24, 0xBD, 0x90, 0x13, 0x20, 0xC9,
    0x1E, 0x07, 0xA3, 0xA8, 0xDC, 0x5A, 0xE3, 0x42, 0xA7, 0xCC, 0x0A, 0x3D, 0xBA, 0x24, 0xB9, 0xCA,
    0xC7, 0x45, 0x34, 0xA1, 0x8D, 0x92, 0x12, 0x94, 0x06, 0xB6, 0x86, 0x62, 0x3E, 0x59, 0xC8, 0x95,
    0x91, 0xAA, 0x0F, 0xE2, 0xD1, 0xEA, 0xD9, 0x74, 0x8C, 0x61, 0xA8, 0x44, 0xC1, 0x2C, 0x02, 0xA1,
    0xCA, 0x20, 0x35, 0x1F, 0xA0, 0xD2, 0xD2, 0xA5, 0x3D, 0xEB, 0x8B, 0x1D, 0xE3, 0xEF, 0x3E, 0x4A,
    0x65, 0xD2, 0xD9, 0x9E, 0xC0, 0x28, 0x1A, 0x48, 0x4C, 0x6F, 0x53, 0x60, 0xAC, 0x60, 0x5B, 0x22,
    0x00, 0x76, 0xA8, 0x10, 0x28, 0x66, 0xC2, 0xDC, 0x63, 0x65, 0xAA, 0xAA, 0x7B, 0xA2, 0x46, 0x4E,
    0x54, 0x67, 0x04, 0x7D, 0x19, 0xE8, 0x3E, 0x16, 0xC2, 0x11, 0x5E, 0xE0, 0x27, 0x55, 0xA4, 0x83,
    0x60, 0x01, 0x23, 0x58, 0x6B, 0xE2, 0xC2, 0x10, 0xB9, 0xD1, 0xD5, 0x4D, 0x78, 0xA5, 0xD7, 0x41,
    0xA1, 0x28, 0xA2, 0xCD, 0x4E, 0xEF, 0xAC, 0x68, 0x6D, 0x78, 0x7E, 0x72, 0x36, 0x9E, 0x8B, 0x7B,
    0x28, 0x9A, 0xCF, 0x73, 0xD4, 0x84, 0xC0, 0xAF, 0x61, 0xC5, 0xFE, 0x2D, 0x0F, 0xFD, 0x8F, 0x9E,
    0xF1, 0x04, 0x3B, 0xD2, 0xE9, 0xC5, 0x08, 0x67, 0x3C, 0xC4, 0x11, 0xBB, 0x11, 0xAB, 0x48, 0xFF,
    0xA4, 0xC7, 0x6C, 0x84, 0xE2, 0x64, 0xE4, 0x0D, 0x99, 0x0E, 0x05, 0xCC, 0xFF, 0x75, 0xE2, 0xCD,
    0x66, 0x35, 0x76, 0x1D, 0x4C, 0x16, 0x9E, 0x05, 0xB0, 0xDE, 0xB3, 0xA2, 0xA5, 0x42, 0xEE, 0x2D,
    0x4C, 0xCC, 0x33, 0x36, 0xC5, 0x0B, 0x2C, 0xA6, 0x11, 0xE1, 0xD4, 0xCA, 0x30, 0x9E, 0xB0, 0x48,
    0x25, 0x5B, 0x90, 0x34, 0x99, 0xFE, 0x64, 0x31, 0xC6, 0x6C, 0x4C, 0x87, 0x11, 0xA4, 0xB6, 0x55,
    0x49, 0x3D, 0x80, 0x7B, 0x26, 0x55, 0xD3, 0x26, 0xF0, 0x3C, 0x49, 0xE6, 0xCE, 0x6A, 0x03, 0x05,
    0x9B, 0x32, 0xAC, 0xA2, 0x02, 0xEA, 0xF3, 0x6B, 0x64, 0x6B, 0x15, 0x76, 0x25, 0x35, 0x0F, 0x76,
    0x7E, 0x46, 0xA8, 0xF5, 0x26, 0x48, 0xA8, 0xD7, 0xBF, 0x19, 0x07, 0x4B, 0x9F, 0xAC, 0xCD, 0x20,
    0xB4, 0xAC, 0x6B, 0xA1, 0x64, 0x62, 0xA8, 0x48, 0xD9, 0x8D, 0xD8, 0x08, 0x4F, 0x14, 0x87, 0x54,
    0xD3, 0x82, 0xAE, 0xB0, 0x95, 0xF1, 0x7C, 0x08, 0xF8, 0x27, 0xB7, 0x05, 0x5E, 0xD4, 0x01, 0xF8,
    0xA0, 0x31, 0x97, 0x3B, 0x1B, 0x01, 0x7D, 0x85, 0xFB, 0x61, 0xD5, 0xA7, 0xFE, 0x1D, 0xE0, 0xEE,
    0x30, 0xBE, 0x7D, 0x0B, 0x97, 0x3B, 0x3C, 0x82, 0x2A, 0xCF, 0x37, 0xDB, 0xF9, 0x1A, 0xD0, 0xCD,
    0x5F, 0x66, 0x77, 0x59, 0x79, 0xB6, 0xD3, 0xA1, 0x93, 0x9D, 0xEB, 0xDA, 0x23, 0x47, 0x80, 0xAD,
    0x31, 0xC0, 0x73, 0x2D, 0x11, 0x3B, 0x5F, 0x3E, 0xE1, 0xB3, 0x9B, 0x4A, 0xE6, 0xB6, 0xDC, 0x41,
    0x2A, 0x74, 0x9E, 0xB5, 0xCE, 0x4A, 0xB0, 0xAA, 0x20, 0xA7, 0xF2, 0xD5, 0x70, 0xD5, 0x59, 0xD6,
    0x09, 0x3E, 0x57, 0x6B, 0x16, 0x7B, 0xAF, 0x2B, 0x8F, 0xB6, 0xEA, 0xD4, 0x68, 0x0D, 0x54, 0x52,
    0x9C, 0x5D, 0x4F, 0xDF, 0x74, 0x8F, 0x5F, 0x48, 0xAC, 0x50, 0xA7, 0xA3, 0x30, 0x68, 0x9D, 0xD0,
    0xD8, 0xA1, 0x1E, 0xAF, 0x7C, 0xE3, 0xB5, 0x41, 0x07, 0x4C, 0x8D, 0xAB, 0x75, 0xD7, 0xD6, 0x59,
    0x2E, 0x79, 0xAB, 0xE1, 0x43, 0x26, 0xE0, 0xFC, 0x47, 0xCB, 0xE6, 0x98, 0x19, 0x7B, 0xC7, 0xB3,
    0x17, 0xC6, 0xAA, 0x15, 0xDA, 0x12, 0xFC, 0xD3, 0x97, 0xBA, 0xBE, 0xAA, 0xA6, 0x50, 0x7B, 0x03,
    0x8B, 0x7A, 0x45, 0x7A, 0x77, 0x3B, 0x84, 0xCA, 0x32, 0x6D, 0x97, 0x36, 0xC9, 0x3E, 0xA5, 0x5A,
    0xEF, 0xDB, 0xB8, 0xB2, 0x7E, 0x67, 0x08, 0x9A, 0x4B, 0x00, 0xB4, 0x67, 0x66, 0xD5, 0xCF, 0x43,
    0x76, 0xAE, 0x56, 0x38, 0xD3, 0x92, 0xB2, 0xE5, 0xF3, 0x6E, 0x65, 0xF4, 0x0D, 0xD7, 0xF7, 0xB9,
    0x3D, 0x1D, 0xD6, 0xF5, 0x33, 0x33, 0xDC, 0xEE, 0x5C, 0x47, 0x36, 0xF0, 0x2B, 0xB8, 0x9E, 0xC9,
    0x5B, 0x14, 0x0E, 0xDF, 0x27, 0xDA, 0x88, 0xE6, 0x39, 0x12, 0x9F, 0xEA, 0x8D, 0xE9, 0x70, 0x8F,
    0xCC, 0x8F, 0x94, 0x5B, 0x3B, 0x27, 0x71, 0x13, 0xE5, 0x6B, 0x22, 0x57, 0x45, 0x2B, 0x81, 0x3E,
    0xDB, 0x4C, 0x8F, 0x87, 0xCD, 0xF4, 0x74, 0x58, 0x5D, 0xE5, 0x77, 0xAE, 0xDC, 0x55, 0xDB, 0xC6,
    0xC6, 0xC2, 0xBB, 0xF1, 0xC0, 0x3D, 0x90, 0x1D, 0x9F, 0x6D, 0x49, 0xBD, 0x27, 0x0F, 0x72, 0x1E,
    0xC8, 0x11, 0x61, 0xC2, 0xD1, 0xD0, 0x6D, 0x7A, 0x3E, 0x86, 0x30, 0xA1, 0x85, 0xCF, 0x71, 0x9E,
    0xF0, 0xCC, 0xEE, 0xAD, 0xC4, 0x56, 0xA9, 0x5E, 0x51, 0xE3, 0xA2, 0x68, 0xA2, 0x75, 0xAC, 0x1B,
    0xE5, 0x7D, 0xE2, 0xCF, 0x14, 0xEA, 0x5B, 0xF9, 0x3B, 0xE0, 0x82, 0x9B, 0xCD, 0xDA, 0x5C, 0x71,
    0xB5, 0x07, 0x97, 0x58, 0x31, 0xE8, 0x24, 0x86, 0x8B, 0xCE, 0x79, 0xA8, 0x51, 0x31, 0x02, 0x0A,
    0xAB, 0x01, 0x55, 0x30, 0xBE, 0x0B, 0x66, 0x62, 0x00, 0xA3, 0x16, 0x3A, 0x5C, 0xC7, 0x4C, 0x2C,
    0xFE, 0x30, 0xEC, 0x42, 0x5A, 0x29, 0xF4, 0xAF, 0xB8, 0x12, 0x5F, 0x18, 0x45, 0x83, 0xAF, 0xC5,
    0x11, 0x38, 0x0C, 0x9B, 0x61, 0x51, 0x69, 0x31, 0x0B, 0xC5, 0x59, 0x89, 0x0D, 0xAB, 0x1D, 0x84,
    0x20, 0xD8, 0xF5, 0xB4, 0xB8, 0xC7, 0xCD, 0x5D, 0x28, 0x63, 0xB7, 0xC9, 0x13, 0x3C, 0x2A, 0x8A,
    0x9B, 0x28, 0x26, 0x57, 0x30, 0x5E, 0xE9, 0xA1, 0x16, 0x4E, 0x95, 0x53, 0xC7, 0xA8, 0x1B, 0x1D,
    0x15, 0xDD, 0x59, 0x73, 0xB5, 0xFA, 0x53, 0xD7, 0xD2, 0x23, 0x98, 0xB4, 0xE5, 0x02, 0x53, 0x87,
    0x75, 0x28, 0xB2, 0x26, 0xAC, 0xE3, 0x21, 0xCB, 0x63, 0x9D, 0x0E, 0x0A, 0x5B, 0x12, 0x36, 0xBF,
    0xCB, 0x02, 0xB6, 0xB8, 0x31, 0xE8, 0x17, 0xA4, 0x0D, 0x0B, 0xAD, 0x2F, 0x39, 0xFE, 0x4B, 0xBA,
    0xF0, 0xF5, 0x88, 0xFF, 0x86, 0xE9, 0xDC, 0x22, 0xB2, 0x59, 0x6B, 0xB4, 0xB6, 0x56, 0xD9, 0x36,
    0xB3, 0x58, 0x12, 0x59, 0x99, 0xCA, 0x64, 0xED, 0xE7, 0xBC, 0x67, 0x79, 0xF6, 0x33, 0x23, 0xE3,
    0xE2, 0xDE, 0x5E, 0x69, 0x76, 0x4D, 0xAA, 0xF7, 0xD5, 0xE6, 0x8B, 0xCE, 0xA8, 0x7E, 0x2A, 0xE3,
    0x46, 0x57, 0x2D, 0x70, 0xB4, 0xD0, 0xDF, 0xB9, 0x07, 0x7D, 0xF8, 0x32, 0x94, 0x3E, 0xB0, 0x99,
    0x27, 0x6D, 0x3A, 0x22, 0xAD, 0xE4, 0x00, 0x2B, 0x45, 0x0F, 0x10, 0xAE, 0x53, 0xB8, 0x56, 0x14,
    0x5D, 0x27, 0x71, 0x08, 0x6C, 0xD9, 0xFB, 0xEF, 0x0F, 0xB0, 0xB8, 0x3D, 0xBD, 0x48, 0x3B, 0xF9,
    0xFD, 0x16, 0xBF, 0xD1, 0x91, 0x79, 0x46, 0x87, 0xED, 0xC1, 0x79, 0xE4, 0x16, 0x80, 0x8B, 0xB8,
    0x35, 0x64, 0xC2, 0xE6, 0x80, 0xC2, 0xB1, 0xCA, 0x7B, 0x9A, 0x82, 0x13, 0x66, 0x1D, 0xCC, 0xF3,
    0xF7, 0xCA, 0x6C, 0xB3, 0x66, 0xC2, 0xAA, 0x3E, 0x91, 0x44, 0x39, 0x85, 0x3A, 0x3A, 0xA8, 0xB5,
    0x64, 0x28, 0x7F, 0xA3, 0x8C, 0x68, 0x06, 0xF5, 0x56, 0xC3, 0x02, 0xA3, 0xA1, 0x8D, 0x6C, 0xD8,
    0x6A, 0xE2, 0x49, 0xCC, 0x70, 0x67, 0xC4, 0xDD, 0x8C, 0x90, 0x54, 0x9A, 0x0B, 0x02, 0x56, 0x33,
    0x7E, 0x6A, 0xC2, 0x7A, 0x7C, 0x40, 0x30, 0xE3, 0xE7, 0x67, 0xAA, 0x7E, 0x97, 0xCD, 0xC0, 0xEF,
    0x6F, 0x66, 0x80, 0x4F, 0xCB, 0xC0, 0x72, 0x1A, 0xD7, 0xD3, 0x10, 0x2D, 0xC1, 0x66, 0xE8, 0x21,
    0x0D, 0x31, 0xD1, 0xA6, 0x89, 0x85, 0x61, 0x74, 0x16, 0xDE, 0xF7, 0xAA, 0x78, 0x85, 0xF7, 0x13,
    0x0D, 0x0F, 0xCA, 0xFC, 0x5B, 0xB2, 0x60, 0x6C, 0xA6, 0x9A, 0xB1, 0x9D, 0xC6, 0x2C, 0xC3, 0x1A,
    0x4F, 0x7A, 0x97, 0xBB, 0x5F, 0xBA, 0xBC, 0xFE, 0x0B, 0x75, 0x92, 0x31, 0xAE, 0x9D, 0x30, 0x10,
    0x45, 0x2F, 0xA0, 0x3C, 0x0A, 0x0A, 0x9A, 0x74, 0x29, 0x58, 0x02, 0x4B, 0x80, 0x45, 0xA4, 0xCF,
    0x52, 0xCC, 0x76, 0xD2, 0xA7, 0x07, 0x29, 0x1B, 0xC8, 0x12, 0x5C, 0xA4, 0x4A, 0xF5, 0x0B, 0x0A,
    0x0A, 0xEC, 0x9B, 0x99, 0x6B, 0xE5, 0xCB, 0x12, 0xF9, 0x96, 0xE6, 0x8C, 0x34, 0xF3, 0x38, 0x33,
    0x7E, 0x80, 0x96, 0x6B, 0x93, 0x81, 0x89, 0xA9, 0xE3, 0x81, 0x40, 0xFE, 0xB4, 0x44, 0x3F, 0x25,
    0x59, 0xDB, 0x99, 0xD0, 0xF0, 0xF8, 0xC6, 0xCB, 0xD2, 0xDA, 0x32, 0x5A, 0x42, 0xCF, 0x0D, 0x48,
    0x98, 0x32, 0x80, 0xCF, 0x08, 0xB7, 0x25, 0x2B, 0xBF, 0x79, 0xEA, 0x79, 0x78, 0x1A, 0xE9, 0xC4,
    0x72, 0x2B, 0x95, 0x56, 0xC7, 0x5F, 0x6A, 0x99, 0xD7, 0x5B, 0x09, 0x5D, 0x04, 0x78, 0xA2, 0xBF,
    0xD0, 0x5A, 0x1A, 0x6F, 0x0C, 0xE4, 0x9F, 0xFD, 0xC6, 0x4C, 0x92, 0x37, 0x02, 0x4B, 0xCA, 0x24,
    0x2F, 0x2C, 0xE7, 0x4C, 0xF3, 0x4C, 0x6F, 0x0D, 0xB9, 0xB9, 0xE7, 0xD3, 0x57, 0xB9, 0xBF, 0xD0,
    0x50, 0x6A, 0xBD, 0x38, 0x91, 0xAB, 0xE9, 0xE9, 0xF5, 0x3D, 0xBD, 0x8F, 0x6F, 0x34, 0xBD, 0xD5,
    0x7A, 0x1D, 0x0B, 0xB7, 0x07, 0x57, 0x63, 0xFF, 0xE0, 0x40, 0x2D, 0x2E, 0xEA, 0xD2, 0x08, 0x49,
    0xCD, 0x4B, 0xE5, 0xE8, 0x65, 0xFD, 0x70, 0x96, 0x78, 0xD0, 0xA8, 0x86, 0xB1, 0x0C, 0x17, 0x63,
    0x45, 0x75, 0xEB, 0x15, 0xEA, 0x21, 0x59, 0xBC, 0x9D, 0xB3, 0xB8, 0x9C, 0xA2, 0x34, 0xE1, 0xC9,
    0x4B, 0x24, 0x8D, 0x8B, 0x38, 0x33, 0xCB, 0x96, 0x8C, 0xCD, 0xAE, 0x87, 0xF1, 0xFA, 0x6E, 0x4E,
    0x2B, 0x4C, 0x77, 0xB1, 0x2E, 0x1E, 0x97, 0xDC, 0xF2, 0xEC, 0x16, 0xF4, 0x88, 0x5A, 0xCF, 0x97,
    0x6B, 0x2D, 0x3A, 0xC5, 0xA6, 0x7F, 0xA1, 0xA7, 0x4B, 0xB5, 0xA0, 0x62, 0x4A, 0x45, 0x35, 0xD7,
    0xAA, 0x53, 0x2A, 0xC5, 0x07, 0xAA, 0xAE, 0x56, 0x49, 0xF7, 0xDF, 0xCD, 0x74, 0x83, 0x4D, 0xB7,
    0x39, 0x75, 0xB3, 0x24, 0xF2, 0xFD, 0xAE, 0x18, 0xAB, 0xF7, 0xD3, 0xA9, 0xD2, 0x57, 0x1C, 0xB2,
    0x41, 0xE2, 0xA2, 0x2E, 0xD2, 0xB2, 0x65, 0xD9, 0xCF, 0x37, 0x7C, 0x7C, 0x16, 0x5B, 0xC5, 0xA3,
    0x50, 0x5D, 0x3D, 0x4B, 0xD9, 0xC2, 0xAD, 0x8A, 0x73, 0xE4, 0x6F, 0xD7, 0x53, 0xE2, 0x6A, 0x48,
    0x38, 0x45, 0x0D, 0xD9, 0x3F, 0x20, 0x2B, 0x3E, 0x17, 0x11, 0xA7, 0xEA, 0x3B, 0xD6, 0x3C, 0xF2,
    0x14, 0xB7, 0xF2, 0xDE, 0xAB, 0x33, 0xDB, 0x22, 0x3F, 0xD0, 0x92, 0x2B, 0x88, 0x91, 0x8C, 0x0D,
    0xD7, 0x99, 0xCC, 0x3D, 0xD7, 0x85, 0x7E, 0xEC, 0xF7, 0x13, 0x99, 0x11, 0x62, 0x4B, 0x73, 0x2D,
    0x07, 0x02, 0x23, 0x5E, 0x1B, 0x5E, 0x79, 0xFD, 0x27, 0xF9, 0x0B, 0xED, 0x57, 0xBF, 0xB3, 0xE5,
    0x58, 0x71, 0x3E, 0x92, 0x98, 0x11, 0x85, 0x6C, 0xB4, 0x01, 0x6B, 0x16, 0xDE, 0x62, 0x39, 0x20,
    0xB0, 0x29, 0x83, 0x12, 0x07, 0x8E, 0xF6, 0x88, 0x9D, 0x80, 0x90, 0x0D, 0x76, 0xA8, 0xC2, 0x09,
    0xB9, 0x09, 0x1E, 0x01, 0x21, 0xAC, 0x64, 0x13, 0x38, 0x64, 0x02, 0x57, 0x39, 0x64, 0x03, 0x27,
    0x1E, 0xBB, 0x6A, 0x1C, 0x10, 0x38, 0x80, 0x91, 0x58, 0xFE, 0x00, 0xDF, 0xDD, 0x00, 0x07, 0x04,
    0x08, 0x6A, 0xCA, 0x55, 0x86, 0x60, 0x65, 0xFB, 0x6E, 0xAD, 0xDE, 0x5A, 0xD2, 0x71, 0xF7, 0xD7,
    0xDD, 0xE7, 0xDE, 0xF7, 0xE6, 0xCD, 0xCC, 0x9B, 0xDA, 0x65, 0x6B, 0x19, 0xDE, 0x9B, 0xB9, 0x3A,
    0x7D, 0xAF, 0xA4, 0x73, 0xBA, 0xBF, 0xFE, 0xF5, 0xB5, 0x73, 0xC5, 0xE4, 0x9C, 0x5F, 0x9C, 0xEB,
    0x57, 0xE7, 0x02, 0x7F, 0x16, 0xFD, 0xF0, 0xEF, 0x9D, 0x8B, 0x7F, 0xE9, 0xE0, 0x5C, 0x4B, 0x9F,
    0x9E, 0x3E, 0x81, 0x3F, 0x9D, 0x4B, 0xE8, 0x93, 0x86, 0xC6, 0x65, 0xFA, 0xC9, 0x83, 0x73, 0x05,
    0x7D, 0x4A, 0xFD, 0x54, 0x9B, 0x73, 0x35, 0x7D, 0xFC, 0x2A, 0x9F, 0x7E, 0x89, 0xDB, 0x27, 0x61,
    0xA6, 0x57, 0xF6, 0xF4, 0x99, 0xE8, 0xB5, 0x89, 0x1E, 0x1F, 0xE9, 0x33, 0xB8, 0x9A, 0xB6, 0xE1,
    0x47, 0x9F, 0x7F, 0x45, 0x4E, 0xFD, 0xAC, 0x68, 0xC0, 0x87, 0x3A, 0x9C, 0x89, 0xA5, 0x91, 0x05,
    0xD7, 0x44, 0x96, 0x74, 0xC3, 0x92, 0xAD, 0xB2, 0x2C, 0x58, 0x72, 0x2C, 0x49, 0x4F, 0x9B, 0x93,
    0x36, 0x21, 0x6C, 0xFC, 0x38, 0xFD, 0x75, 0xA4, 0x26, 0xFD, 0x0D, 0xCE, 0xCB, 0x12, 0xC2, 0xBD,
    0x9F, 0x85, 0x2E, 0x0D, 0x8B, 0x1F, 0x6A, 0x52, 0x67, 0xF4, 0x03, 0x1B, 0x30, 0xB0, 0xF9, 0x55,
    0x68, 0x5A, 0x3A, 0xCE, 0x6F, 0xAE, 0x77, 0xB0, 0x82, 0x8F, 0x6B, 0x17, 0xC7, 0xC7, 0xF5, 0x4B,
    0xC2, 0xC7, 0xF5, 0x73, 0xCA, 0xE7, 0x04, 0x5B, 0xB2, 0x99, 0x97, 0x05, 0x4B, 0xBF, 0xE4, 0x7B,
    0xF7, 0x27, 0xAE, 0xDF, 0x08, 0xE6, 0xC5, 0xB5, 0xA1, 0x9C, 0x48, 0x27, 0x1F, 0xDE, 0x1E, 0x69,
    0x8B, 0x8A, 0x0F, 0x67, 0xD3, 0xA1, 0x43, 0x16, 0xA0, 0x9F, 0xEB, 0x03, 0xC1, 0xC2, 0xE7, 0x8A,
    0x41, 0xFD, 0x93, 0x4D, 0x3E, 0x67, 0xB9, 0x98, 0xEC, 0x0A, 0x59, 0xCA, 0xF9, 0x78, 0xB9, 0x71,
    0xF0, 0xE6, 0xE9, 0x86, 0x0D, 0x73, 0x56, 0x80, 0xED, 0x0A, 0x01, 0x2F, 0x90, 0x0E, 0xBC, 0x8D,
    0xE9, 0x52, 0x86, 0x9D, 0xE7, 0xB3, 0xEA, 0x00, 0x7F, 0x72, 0x9C, 0x94, 0xD0, 0x71, 0x76, 0x25,
    0x3F, 0xC7, 0xDA, 0x93, 0xB2, 0x29, 0xAD, 0x37, 0x1A, 0x7E, 0x6D, 0x27, 0x3A, 0x04, 0x71, 0x57,
    0xA1, 0x6B, 0xA9, 0x7E, 0xAB, 0xC4, 0x0A, 0x80, 0x4E, 0x4F, 0xB6, 0x62, 0x38, 0x5B, 0xCC, 0x2E,
    0xE1, 0xC3, 0x03, 0x9E, 0xE8, 0x45, 0x79, 0x17, 0x6C, 0x9D, 0xD5, 0xEC, 0x49, 0xEC, 0xD6, 0x35,
    0x83, 0x5B, 0x79, 0x1D, 0x8E, 0x8F, 0x7D, 0xAE, 0xE0, 0x4D, 0x6E, 0x74, 0xFE, 0xED, 0x70, 0xF7,
    0xEE, 0xDD, 0x30, 0xE0, 0x18, 0x3A, 0xA8, 0x97, 0xB5, 0x93, 0x25, 0xD0, 0xB1, 0x3F, 0x83, 0x99,
    0xED, 0xE6, 0x6E, 0x32, 0xE6, 0x35, 0xED, 0x96, 0xDC, 0x6E, 0x0E, 0x18, 0xBD, 0x80, 0xC3, 0x1A,
    0xF7, 0x1A, 0x6C, 0x19, 0x28, 0xDA, 0x4F, 0xB6, 0xC6, 0x4F, 0x69, 0x78, 0x33, 0x84, 0x77, 0xE8,
    0x05, 0xD9, 0x70, 0x47, 0xE8, 0x60, 0x3F, 0x89, 0xA9, 0x99, 0xF5, 0xD9, 0xE7, 0xAC, 0x5A, 0x16,
    0xBA, 0x84, 0xED, 0xE4, 0x94, 0xE0, 0xEF, 0x25, 0x67, 0xD9, 0x28, 0xDE, 0xE8, 0xE9, 0xF7, 0x8A,
    0xA0, 0xE3, 0xFB, 0xF5, 0x5E, 0x32, 0x8A, 0xD6, 0x54, 0x57, 0xCE, 0x26, 0x57, 0x2F, 0x82, 0x3A,
    0xE5, 0x44, 0xBF, 0x3A, 0xC5, 0x07, 0x3E, 0x3B, 0xC4, 0x2E, 0xAB, 0x31, 0xF7, 0x61, 0xA5, 0x70,
    0xF2, 0xBB, 0x22, 0xDC, 0xA1, 0xBD, 0x2B, 0x60, 0x32, 0xBA, 0x8F, 0xC3, 0x88, 0xCE, 0x7D, 0xF6,
    0xEE, 0xDD, 0x7F, 0x72, 0x84, 0x44, 0x43, 0x40, 0x6C, 0x99, 0x22, 0xB1, 0x66, 0x0A, 0xC5, 0xCC,
    0x02, 0x9B, 0xD0, 0xB9, 0x53, 0xE4, 0xE3, 0x22, 0x7E, 0x4A, 0x58, 0xF0, 0x38, 0x76, 0x85, 0xC3,
    0xE9, 0xB2, 0x49, 0x55, 0x20, 0xC7, 0x29, 0xE6, 0x14, 0x1C, 0x00, 0x9B, 0xDE, 0xE8, 0x10, 0x18,
    0xC8, 0x9A, 0x45, 0x7D, 0xDF, 0x4E, 0xE2, 0x95, 0x1D, 0xC2, 0x82, 0xC2, 0xFC, 0x57, 0x88, 0x36,
    0x12, 0xDE, 0x35, 0x41, 0x02, 0xA1, 0x54, 0x8B, 0xB0, 0xB5, 0xF8, 0x94, 0xB6, 0xEE, 0x64, 0x3F,
    0x0D, 0x8A, 0x42, 0xAD, 0x17, 0x61, 0x33, 0x41, 0x82, 0xBE, 0xD5, 0x40, 0x89, 0x91, 0x13, 0x43,
    0xC7, 0x62, 0x87, 0x84, 0xBD, 0xD6, 0x31, 0x13, 0x08, 0x85, 0x51, 0x73, 0x40, 0x1E, 0x2A, 0x83,
    0xA4, 0x1E, 0x04, 0x09, 0x31, 0x84, 0x7B, 0x45, 0x87, 0x54, 0x0B, 0xFC, 0xE1, 0xFC, 0x2C, 0x9F,
    0x96, 0x1E, 0x64, 0xFB, 0xFA, 0x49, 0x7C, 0x4B, 0x1F, 0xF6, 0x75, 0x42, 0x56, 0xA4, 0x48, 0xE6,
    0x0E, 0x9F, 0x5C, 0xAB, 0xE2, 0x55, 0xFE, 0xB0, 0x95, 0x6D, 0x77, 0xBC, 0x95, 0x6D, 0x77, 0xA1,
    0xC0, 0x92, 0x66, 0xE5, 0xB1, 0x66, 0xAA, 0x1D, 0xFD, 0x9D, 0x30, 0x76, 0x29, 0xAC, 0xAA, 0x00,
    0x51, 0xCF, 0x88, 0xD1, 0x26, 0xE4, 0x38, 0x7A, 0x8D, 0xFE, 0xD7, 0xAB, 0xCB, 0x57, 0x2E, 0x6A,
    0x54, 0x28, 0xE9, 0x56, 0xFA, 0x7A, 0xB2, 0xB1, 0x96, 0xE9, 0x19, 0x7B, 0x21, 0xDB, 0xB3, 0x1A,
    0xD9, 0x9E, 0xBD, 0x9F, 0xEF, 0x2B, 0x36, 0x03, 0x01, 0x9D, 0xCF, 0x0C, 0x2B, 0xD5, 0x99, 0x9A,
    0xFD, 0xCF, 0x1E, 0x26, 0xFD, 0x12, 0xBA, 0x41, 0xA8, 0x11, 0x1E, 0x2D, 0xDD, 0x98, 0xE9, 0x5E,
    0x47, 0x71, 0x5E, 0x84, 0x89, 0x76, 0xA6, 0x82, 0xCA, 0x85, 0xB8, 0x0D, 0x5C, 0x18, 0xCB, 0xF0,
    0x37, 0x0B, 0xE7, 0xC4, 0x5B, 0xEC, 0x99, 0xFE, 0x7F, 0x58, 0x53, 0xFF, 0xEE, 0x3E, 0x79, 0x9D,
    0x6E, 0x4C, 0xE5, 0x44, 0x6F, 0x8C, 0x35, 0x5F, 0x07, 0xB2, 0xA1, 0x08, 0x9D, 0x47, 0xEC, 0x7B,
    0x2A, 0xBE, 0x0B, 0x02, 0x5D, 0xCA, 0x24, 0xA3, 0x00, 0xCF, 0x9E, 0x6E, 0x1D, 0xEB, 0xE6, 0xEE,
    0x93, 0xE9, 0x6C, 0xD7, 0x4A, 0x71, 0xD7, 0x2F, 0x54, 0x67, 0xC2, 0x42, 0xC1, 0xDB, 0x4F, 0x6C,
    0x62, 0x97, 0xC3, 0x99, 0x37, 0xFB, 0x7F, 0x34, 0xC7, 0xAB, 0xC3, 0x91, 0xB0, 0x9B, 0x54, 0x94,
    0x33, 0xF7, 0x69, 0x44, 0x67, 0xCE, 0xDF, 0x6B, 0x56, 0xAA, 0x9E, 0xAC, 0xA6, 0xB6, 0x88, 0xC0,
    0x9E, 0x82, 0x4F, 0x2A, 0x6C, 0xBD, 0xB3, 0xBE, 0x42, 0xFA, 0xE6, 0x13, 0xF5, 0x95, 0x33, 0x42,
    0xC9, 0x95, 0x23, 0xA3, 0xDC, 0x25, 0x54, 0xD0, 0x07, 0x46, 0x7A, 0x70, 0x04, 0x04, 0x35, 0x93,
    0x8E, 0xBA, 0xC8, 0x7D, 0xE7, 0x1B, 0x06, 0xBA, 0x73, 0x9E, 0xFE, 0x11, 0x30, 0x35, 0xB5, 0x37,
    0xD7, 0x72, 0xD5, 0xFC, 0x0C, 0xD9, 0xDF, 0xBC, 0x26, 0xC7, 0xD1, 0xCF, 0x51, 0xEA, 0x5E, 0x73,
    0xFE, 0x31, 0x52, 0xEB, 0xFC, 0x5E, 0xDE, 0xF0, 0x70, 0xBB, 0xC3, 0xCE, 0xD5, 0x26, 0x52, 0xDD,
    0x51, 0xC9, 0x4E, 0x3A, 0x2A, 0x59, 0xD5, 0x90, 0x07, 0xD1, 0xA5, 0xDC, 0xB1, 0xE5, 0x03, 0xE9,
    0x47, 0x3A, 0x53, 0x0D, 0x68, 0xA8, 0x31, 0xD1, 0xFF, 0x9B, 0xE1, 0x01, 0xF7, 0xFE, 0x44, 0x6C,
    0xAB, 0x76, 0xD6, 0x6A, 0xF8, 0xCA, 0xA5, 0x50, 0xDA, 0x4B, 0xC1, 0x97, 0x6A, 0x06, 0x56, 0x0F,
    0xE8, 0x9D, 0xD1, 0xF0, 0x0B, 0x11, 0xD3, 0x07, 0x4E, 0x83, 0xEE, 0x4C, 0xE3, 0xF8, 0x7B, 0x74,
    0x52, 0xF8, 0x3F, 0x0E, 0x05, 0xAE, 0x4E, 0xEF, 0x85, 0x89, 0x42, 0xD9, 0x8F, 0x14, 0x31, 0x7E,
    0xA0, 0xEE, 0xD4, 0x0E, 0x54, 0xA3, 0x42, 0x43, 0x08, 0x04, 0x57, 0x51, 0x31, 0xA5, 0x0B, 0x81,
    0x5F, 0x93, 0xCB, 0x3E, 0x5E, 0xEF, 0xDB, 0xF5, 0x4B, 0xDC, 0xA6, 0xB7, 0x32, 0x9C, 0x85, 0x85,
    0x42, 0x82, 0xDE, 0xA5, 0x02, 0xDD, 0x9C, 0x4F, 0x94, 0x3B, 0xC9, 0xDD, 0xBB, 0xFD, 0xC8, 0xDD,
    0x73, 0xE4, 0xD0, 0xE0, 0x02, 0xCF, 0x65, 0x20, 0x1F, 0x5D, 0xBA, 0x87, 0x13, 0x4B, 0xA1, 0x31,
    0x14, 0x90, 0x14, 0xB6, 0x9C, 0xEF, 0x1C, 0x94, 0xE4, 0x66, 0x2A, 0x60, 0x14, 0x51, 0x59, 0x98,
    0x13, 0x7A, 0x81, 0x18, 0x47, 0x7E, 0xB8, 0x45, 0x95, 0x8C, 0x03, 0x1D, 0x0B, 0x97, 0xD6, 0xA1,
    0xA2, 0x1F, 0xE9, 0x46, 0x21, 0xFC, 0x24, 0xA5, 0x5C, 0x62, 0xCA, 0xC2, 0xF5, 0x85, 0x22, 0x92,
    0x49, 0x4D, 0x25, 0xB5, 0x8F, 0x52, 0x32, 0xE5, 0x74, 0xFB, 0x37, 0xE7, 0xBE, 0x2B, 0x1D, 0x6D,
    0x7E, 0xD4, 0x15, 0x2E, 0xBA, 0xD2, 0x95, 0x9E, 0x5F, 0xB8, 0x48, 0x07, 0xF9, 0xB0, 0xBC, 0x44,
    0xF3, 0x6B, 0x38, 0x21, 0x95, 0xB2, 0x48, 0xBD, 0xE2, 0x74, 0x44, 0x90, 0x92, 0x4B, 0x53, 0x7E,
    0xFD, 0xBE, 0xCB, 0x7F, 0x49, 0xB7, 0xEA, 0xA6, 0x7C, 0x83, 0x00, 0x2A, 0x87, 0xAA, 0xF1, 0x5F,
    0xD9, 0xE7, 0x23, 0x45, 0xC9, 0xAD, 0x39, 0x9B, 0x5E, 0x72, 0xFE, 0xE5, 0x39, 0x9D, 0xBE, 0x4B,
    0xDF, 0xF6, 0x6E, 0xFF, 0x1D, 0xE7, 0xBF, 0x31, 0x62, 0x21, 0x13, 0x66, 0x5E, 0x1C, 0x96, 0xD3,
    0xC1, 0xED, 0xE9, 0x91, 0xAF, 0x8E, 0xC9, 0x9E, 0x5E, 0xF8, 0x0A, 0xBD, 0x50, 0xBB, 0xFE, 0xAD,
    0x90, 0x4D, 0xD5, 0xAD, 0x30, 0x85, 0xBF, 0xDB, 0x95, 0xC3, 0xED, 0xE6, 0x33, 0xE5, 0x90, 0x4D,
    0x08, 0xC4, 0x64, 0xC1, 0xB1, 0xAC, 0x44, 0xCE, 0x25, 0xE7, 0x2C, 0xE1, 0xEE, 0x96, 0x6A, 0x8E,
    0x9D, 0x84, 0x3B, 0x12, 0x31, 0xC8, 0x63, 0x6E, 0x42, 0x01, 0x9D, 0xD3, 0x89, 0xDB, 0x0A, 0x06,
    0xAF, 0x07, 0x1B, 0x0C, 0x01, 0x49, 0x3E, 0xF0, 0xC3, 0x3B, 0xBF, 0xA6, 0x61, 0xA4, 0x0A, 0xDB,
    0x4F, 0xD4, 0x32, 0xFD, 0x44, 0x3B, 0xDA, 0x05, 0x5F, 0xF9, 0x46, 0x4B, 0x8F, 0xEC, 0x10, 0x01,
    0x1C, 0x0B, 0x4D, 0xC1, 0x07, 0x26, 0x28, 0xE1, 0x27, 0x60, 0x37, 0x92, 0x28, 0x4F, 0x77, 0x7D,
    0x92, 0x07, 0x9F, 0x76, 0xCF, 0x8B, 0x7F, 0x4F, 0xDA, 0xFF, 0xC6, 0xAB, 0xA0, 0xA8, 0x1D, 0x23,
    0x31, 0x31, 0x62, 0x94, 0x2B, 0x67, 0xFD, 0x42, 0x21, 0x56, 0x2D, 0x94, 0x90, 0xE5, 0xC2, 0x65,
    0x66, 0x71, 0x9F, 0x97, 0x50, 0xE1, 0x96, 0x01, 0x8A, 0x91, 0x33, 0x8A, 0x35, 0xA8, 0xD9, 0x5E,
    0x79, 0x58, 0x15, 0x84, 0xA8, 0x91, 0x23, 0x76, 0xD2, 0x2D, 0xA4, 0x90, 0xB6, 0x76, 0xD9, 0xD5,
    0x12, 0x42, 0x4C, 0xB5, 0x6F, 0xB2, 0x2B, 0x40, 0x02, 0xB8, 0x80, 0x25, 0xE1, 0x3F, 0xA9, 0x8A,
    0x50, 0xE2, 0x8D, 0x6E, 0x76, 0xED, 0x8E, 0xF9, 0xEB, 0xE0, 0xC0, 0xF4, 0x51, 0x68, 0x6E, 0x32,
    0xC4, 0x5E, 0x2E, 0xF4, 0xDA, 0x4B, 0xDF, 0x08, 0x20, 0x61, 0xE7, 0x2E, 0x20, 0x2E, 0xC4, 0x5A,
    0xBE, 0x76, 0x8F, 0x9E, 0x43, 0x97, 0x47, 0xC9, 0x40, 0x7B, 0x67, 0x1B, 0xF1, 0xF7, 0x09, 0xC7,
    0x25, 0xD3, 0xB3, 0x2F, 0x89, 0xDB, 0x11, 0x9D, 0xA3, 0xF2, 0xCF, 0x55, 0x7F, 0xE1, 0xDF, 0xA8,
    0x66, 0x7E, 0x49, 0x9F, 0xBB, 0xF9, 0x2F, 0xCE, 0xFD, 0xD5, 0x4E, 0xDA, 0x3B, 0x48, 0x1E, 0xA7,
    0x22, 0x4F, 0x0B, 0xA0, 0x82, 0x9C, 0xB7, 0x98, 0x23, 0x40, 0x2F, 0x99, 0x14, 0xD6, 0xA2, 0x06,
    0xB2, 0x5A, 0x68, 0xA1, 0xDF, 0x94, 0x8E, 0x82, 0xD1, 0xB0, 0x00, 0xCA, 0xC0, 0xC4, 0xB4, 0x17,
    0xA1, 0x11, 0x8E, 0xC3, 0x7A, 0x2B, 0xFF, 0x56, 0xB2, 0x43, 0x9B, 0x09, 0xF1, 0x24, 0x78, 0x85,
    0x79, 0x72, 0xDB, 0x44, 0x0E, 0x92, 0x50, 0x98, 0x50, 0x42, 0x20, 0x2E, 0x29, 0xE9, 0xD9, 0x73,
    0x90, 0x4F, 0x9F, 0x60, 0xD2, 0xF6, 0x9B, 0xD0, 0x9F, 0xB5, 0xC2, 0xDE, 0x3C, 0x63, 0xC0, 0x09,
    0xED, 0x25, 0x54, 0xC3, 0x54, 0x07, 0x6E, 0x93, 0x7D, 0xD8, 0x51, 0x17, 0xA4, 0x5D, 0xE9, 0x8C,
    0x1C, 0xC3, 0x54, 0x42, 0x4E, 0x79, 0xD5, 0x1D, 0xB8, 0x43, 0x61, 0x42, 0xF9, 0x90, 0x50, 0x99,
    0x50, 0x6F, 0x2A, 0xF8, 0x28, 0xAC, 0x16, 0x76, 0x91, 0x20, 0x29, 0xBD, 0x72, 0xAF, 0x1E, 0x47,
    0xE5, 0x89, 0xD2, 0xAF, 0xDC, 0x78, 0x58, 0xAB, 0x94, 0x3C, 0x0D, 0x71, 0x12, 0x08, 0x53, 0xDF,
    0x48, 0x0C, 0x4D, 0x41, 0x47, 0x85, 0x31, 0x38, 0x19, 0xA8, 0x76, 0x41, 0x87, 0x86, 0x37, 0x37,
    0xDD, 0xE5, 0x8D, 0x55, 0x19, 0xDA, 0x4F, 0x17, 0x25, 0x54, 0xDF, 0x33, 0xE1, 0x96, 0x09, 0xF9,
    0xAC, 0x42, 0xB1, 0x57, 0xA1, 0x9C, 0x44, 0xD8, 0x20, 0xD0, 0xEB, 0x2B, 0x04, 0xDA, 0x70, 0xA9,
    0x46, 0x39, 0x62, 0xA9, 0x77, 0x72, 0xFA, 0xEC, 0x21, 0xD4, 0xBF, 0xD9, 0x7B, 0x9D, 0x32, 0xA2,
    0x30, 0x49, 0xE7, 0x26, 0xA1, 0x97, 0xD6, 0x51, 0x8D, 0x3A, 0x3F, 0xD5, 0x3B, 0x05, 0xCB, 0x0F,
    0x26, 0xFC, 0x44, 0xC1, 0x6A, 0xDF, 0x58, 0x0F, 0xFD, 0x4B, 0x18, 0x63, 0x66, 0x42, 0x21, 0xB9,
    0x9C, 0x6C, 0x95, 0x4E, 0x1E, 0x4B, 0xAB, 0x93, 0xCE, 0x06, 0x9A, 0xFA, 0x82, 0x8D, 0x6B, 0xBE,
    0xE9, 0xB5, 0xCE, 0x0B, 0x7E, 0x10, 0xCC, 0x4D, 0xB3, 0xF1, 0x90, 0x4E, 0x05, 0x6E, 0x42, 0x0D,
    0x35, 0x20, 0xCF, 0xCC, 0x8C, 0xAE, 0xEC, 0xAF, 0x92, 0xDA, 0x69, 0x7F, 0x87, 0x9A, 0x56, 0xC6,
    0x31, 0x3E, 0x33, 0x53, 0x20, 0x62, 0xD0, 0x52, 0x0F, 0xEF, 0x6A, 0x64, 0x24, 0x86, 0xB8, 0x44,
    0x4A, 0xFF, 0x09, 0xB7, 0xB2, 0xB0, 0x4F, 0xB8, 0x56, 0x84, 0x23, 0xEE, 0xC8, 0xE3, 0xC4, 0x79,
    0x2A, 0xDA, 0x20, 0x2D, 0xC1, 0x1F, 0x95, 0x37, 0xE2, 0xB3, 0x10, 0x89, 0xD9, 0xEE, 0x50, 0xF9,
    0xDC, 0x53, 0xF2, 0x4F, 0x1E, 0x7B, 0x9C, 0x6C, 0x70, 0xEA, 0x8E, 0xF1, 0x9F, 0x28, 0xA8, 0x28,
    0x2F, 0xDA, 0x3D, 0x3D, 0x49, 0xCD, 0x90, 0xEB, 0x50, 0x49, 0x84, 0xCB, 0xE9, 0x85, 0x1A, 0x77,
    0x35, 0x33, 0xBF, 0xD9, 0x17, 0x2B, 0xD1, 0x61, 0x92, 0xC2, 0x2E, 0x0B, 0x54, 0x8C, 0x32, 0x44,
    0x8D, 0x54, 0x4C, 0x36, 0xF7, 0xC6, 0xDF, 0x1F, 0x82, 0x2D, 0x69, 0xB8, 0x7F, 0x77, 0x5C, 0xB3,
    0x3B, 0xAF, 0x8D, 0x80, 0xF0, 0x7D, 0x89, 0x20, 0x6A, 0xA0, 0x35, 0xC7, 0x28, 0x9D, 0xDC, 0xCE,
    0x88, 0x5B, 0x0E, 0x66, 0x1F, 0x90, 0xAA, 0x94, 0xF2, 0x9C, 0x6F, 0x4C, 0x2E, 0x31, 0xAA, 0xA0,
    0x8F, 0x13, 0xC9, 0xC4, 0x88, 0x22, 0xDD, 0x39, 0x63, 0x34, 0x98, 0x3B, 0x4E, 0xDC, 0xDC, 0xE9,
    0x6C, 0xEE, 0xE3, 0x74, 0x1B, 0x23, 0x8B, 0xDE, 0x1A, 0x98, 0xCC, 0xD2, 0xB6, 0x5C, 0x2F, 0xA8,
    0x4A, 0x33, 0x81, 0x2E, 0x06, 0xA6, 0x0F, 0x8F, 0xF8, 0x93, 0x32, 0x94, 0x88, 0xD7, 0x5A, 0xC4,
    0xD8, 0xA9, 0x04, 0x04, 0xCA, 0xC1, 0x89, 0x38, 0x36, 0x65, 0xEC, 0x13, 0x9D, 0x20, 0x50, 0x8F,
    0x13, 0x9D, 0x22, 0x4A, 0xCD, 0x17, 0x61, 0x70, 0x12, 0x53, 0x42, 0xA4, 0x5A, 0xDD, 0x66, 0x77,
    0xF8, 0x09, 0x93, 0xA0, 0xCC, 0x81, 0x0E, 0x68, 0xC4, 0x22, 0x20, 0xBF, 0x95, 0xAB, 0xCE, 0xBC,
    0x9D, 0x11, 0x56, 0x27, 0xD3, 0xA2, 0x6B, 0x35, 0x36, 0x83, 0xED, 0x52, 0x77, 0xF2, 0x2A, 0x6E,
    0xB3, 0x3F, 0x37, 0x25, 0xBA, 0x3C, 0x52, 0x60, 0x9F, 0x12, 0xBC, 0x5C, 0xBF, 0x30, 0xC3, 0xF4,
    0xFC, 0x05, 0x04, 0x9D, 0x83, 0x88, 0x48, 0x6D, 0xBF, 0xB1, 0x4F, 0x28, 0x82, 0xD6, 0xD0, 0x70,
    0x98, 0x60, 0xFB, 0xF2, 0x1D, 0x4C, 0x8C, 0x13, 0x1E, 0xF5, 0x6F, 0xA1, 0xB3, 0x4F, 0x50, 0x26,
    0xDC, 0xB2, 0x6C, 0xA2, 0x6A, 0xB6, 0x65, 0x9A, 0x51, 0xBC, 0x29, 0x87, 0x89, 0xE9, 0xEA, 0xC7,
    0x62, 0x89, 0x55, 0x0D, 0xF3, 0x02, 0x12, 0x64, 0x41, 0x09, 0x09, 0xD6, 0x3D, 0x51, 0x8C, 0x26,
    0x85, 0x39, 0x7E, 0x49, 0x11, 0xD6, 0x4A, 0xE5, 0x73, 0x49, 0x6B, 0x0F, 0xE4, 0x84, 0x03, 0x3B,
    0x29, 0x0B, 0x32, 0x84, 0x3A, 0x49, 0x53, 0x9D, 0xF8, 0xFA, 0xE1, 0x08, 0xE6, 0xBF, 0x96, 0x37,
    0x87, 0x23, 0x3F, 0x17, 0x8D, 0xBB, 0xF2, 0x9F, 0x46, 0x83, 0xFC, 0x65, 0x82, 0x7C, 0xBE, 0xB3,
    0x89, 0x51, 0x3A, 0x54, 0xD4, 0xC9, 0x6A, 0xC2, 0x22, 0xBC, 0x6D, 0x8A, 0xA1, 0xA3, 0x11, 0x92,
    0x48, 0x00, 0x7C, 0x2D, 0x8C, 0xD1, 0xB3, 0x1A, 0x14, 0x56, 0xE4, 0xF1, 0x45, 0x43, 0x47, 0x82,
    0x42, 0xE9, 0x85, 0x7C, 0x51, 0x9B, 0x52, 0x29, 0xD9, 0xC3, 0x21, 0x28, 0x32, 0x7D, 0x5F, 0x7A,
    0xF2, 0x4A, 0xD9, 0xFE, 0x40, 0xE3, 0x09, 0xA3, 0xDA, 0xA6, 0x5F, 0x3C, 0x97, 0x0F, 0x7A, 0x19,
    0x11, 0x12, 0x86, 0x0C, 0x0D, 0x9B, 0x83, 0x82, 0x7A, 0x7E, 0x19, 0xBE, 0x4C, 0xDB, 0xB3, 0x8F,
    0x38, 0xDB, 0x17, 0x3E, 0xAB, 0x92, 0xD2, 0x41, 0xB5, 0xB9, 0x1F, 0x6F, 0x82, 0xA7, 0x90, 0x83,
    0x06, 0x52, 0x12, 0x11, 0xC2, 0xA1, 0xD3, 0x90, 0x16, 0x1C, 0x14, 0x16, 0xC0, 0xCD, 0x17, 0xEE,
    0xDE, 0xBD, 0x23, 0xCA, 0xA8, 0x9B, 0x24, 0x8E, 0xB5, 0x2F, 0xD5, 0x32, 0x60, 0x8C, 0x16, 0x3A,
    0x4A, 0x0B, 0xA3, 0xE1, 0xC7, 0x31, 0xAF, 0xCE, 0x2C, 0x82, 0xA5, 0x19, 0xEF, 0xB9, 0x1E, 0xB5,
    0xBF, 0xC8, 0x8C, 0x0C, 0x66, 0x84, 0x4B, 0xA3, 0x44, 0x28, 0xD3, 0xD9, 0x25, 0x17, 0xD6, 0x20,
    0x5F, 0x4A, 0x6B, 0x64, 0xB3, 0x6D, 0x66, 0x7F, 0xE9, 0x7C, 0xEC, 0xF5, 0x6F, 0xB9, 0xA7, 0xF8,
    0xFB, 0xFC, 0xF1, 0x97, 0xD7, 0x24, 0x02, 0x8F, 0xF2, 0xBD, 0x90, 0xC6, 0x00, 0xAE, 0xC6, 0x25,
    0x70, 0x88, 0xF6, 0x00, 0xFD, 0xA8, 0x54, 0x27, 0x0C, 0x83, 0x81, 0x4A, 0x56, 0x6E, 0x00, 0x56,
    0x36, 0x7E, 0x28, 0xD1, 0x2D, 0xA8, 0x3D, 0x87, 0x8C, 0xCF, 0x8E, 0x7D, 0x6F, 0x94, 0x01, 0xE8,
    0x69, 0xD9, 0x00, 0x75, 0xD3, 0x31, 0x83, 0xB2, 0xF6, 0x08, 0x29, 0x50, 0x39, 0x6C, 0x72, 0x43,
    0x29, 0x1D, 0x36, 0xE9, 0x77, 0x12, 0x3C, 0x1C, 0x19, 0x8A, 0x5F, 0x83, 0x60, 0x28, 0xE4, 0x3C,
    0x29, 0x1B, 0x35, 0x7F, 0xE1, 0xF3, 0xF8, 0xF1, 0x96, 0x8D, 0xA0, 0x4E, 0xC6, 0x65, 0x03, 0x54,
    0xF6, 0xD3, 0x60, 0xF7, 0x64, 0x1D, 0xD5, 0x90, 0x60, 0x65, 0xA3, 0xA2, 0x1A, 0x82, 0x98, 0xAB,
    0x99, 0x75, 0xBF, 0x15, 0xA4, 0x59, 0x90, 0xEF, 0x13, 0xAE, 0x21, 0x35, 0x13, 0x78, 0xDA, 0x34,
    0xB7, 0x1A, 0x82, 0x63, 0xE7, 0xFC, 0x50, 0x36, 0x62, 0x0D, 0xE1, 0xF2, 0x1D, 0x6B, 0x88, 0xDF,
    0x1F, 0xD5, 0x90, 0x8B, 0x65, 0x23, 0x7E, 0xE1, 0xB2, 0x91, 0x58, 0x0D, 0xD1, 0x14, 0x93, 0x1A,
    0xA2, 0x65, 0x43, 0x6A, 0x88, 0x7A, 0x0B, 0x28, 0x0B, 0x05, 0xD4, 0x1A, 0x62, 0x29, 0x26, 0x35,
    0xA4, 0x3F, 0x2E, 0x1B, 0xE5, 0xA3, 0xA2, 0x21, 0x5D, 0xEC, 0xAC, 0x9A, 0x71, 0xF5, 0x72, 0x71,
    0x76, 0xC1, 0xDD, 0x4B, 0x3A, 0x10, 0xFB, 0x3B, 0x93, 0x39, 0x29, 0x80, 0x1A, 0x31, 0x91, 0x08,
    0x5A, 0xC7, 0xA5, 0x54, 0xA3, 0x12, 0x84, 0x51, 0xF3, 0x03, 0xE9, 0xC5, 0x01, 0xA2, 0x73, 0x81,
    0xF9, 0x1E, 0x29, 0xC6, 0xBE, 0x92, 0xFC, 0xA2, 0x27, 0xFE, 0x94, 0xB2, 0xEF, 0xE6, 0x22, 0x63,
    0x98, 0xE7, 0x4B, 0xCD, 0x97, 0x92, 0x47, 0xCD, 0x3C, 0x60, 0xDE, 0xE5, 0x4D, 0x4F, 0xB6, 0x8B,
    0x2A, 0x65, 0xB1, 0xF4, 0x15, 0x53, 0x34, 0x3B, 0xE6, 0x4C, 0x15, 0x9A, 0x28, 0x8D, 0x91, 0xAA,
    0x1A, 0xFD, 0xCC, 0x42, 0xBC, 0xDD, 0x06, 0xAB, 0xBD, 0x69, 0x94, 0xDC, 0x49, 0x77, 0xB5, 0xDC,
    0x8A, 0x98, 0x5B, 0x9D, 0x60, 0x58, 0x4D, 0xF2, 0x71, 0xBF, 0x60, 0x52, 0x22, 0x29, 0x25, 0x1A,
    0x8C, 0xF6, 0xAA, 0x49, 0xE5, 0xA6, 0xDE, 0x75, 0xF5, 0x3B, 0x26, 0xB5, 0x93, 0x16, 0x1A, 0xCA,
    0xD6, 0x10, 0x6B, 0x6D, 0x88, 0x0D, 0xB7, 0x8F, 0xA1, 0xA8, 0x12, 0x41, 0xA0, 0xD5, 0x8C, 0xD2,
    0xAB, 0x5D, 0xAD, 0x94, 0x29, 0x17, 0x67, 0xC6, 0x11, 0xCC, 0x58, 0x1F, 0xAC, 0x9C, 0x89, 0xC4,
    0x3C, 0x59, 0x80, 0xA9, 0x82, 0x12, 0x6F, 0x10, 0xC8, 0x23, 0x2E, 0x2E, 0x65, 0xDE, 0x24, 0x70,
    0x8D, 0x52, 0xD2, 0x71, 0x70, 0x32, 0x7B, 0x30, 0x41, 0x92, 0x71, 0x04, 0x03, 0x41, 0xC1, 0x86,
    0x78, 0xA1, 0xE3, 0x93, 0x13, 0x25, 0x8B, 0x70, 0xC6, 0x67, 0xDD, 0x41, 0xF0, 0x8F, 0xA0, 0x5D,
    0x7C, 0xF4, 0xD4, 0x23, 0x29, 0x59, 0x42, 0x82, 0x54, 0x21, 0x22, 0x73, 0xDC, 0x1D, 0x0F, 0x31,
    0xD9, 0xB8, 0x0B, 0x4C, 0x96, 0x5E, 0x31, 0xC8, 0x7B, 0x93, 0xF2, 0xE8, 0xEA, 0x3A, 0xAC, 0xF1,
    0xA6, 0xED, 0x4B, 0x9A, 0x58, 0x65, 0xBC, 0x6A, 0xD7, 0xBD, 0xF6, 0xF9, 0x87, 0xE3, 0xF3, 0xCF,
    0x46, 0x8E, 0x13, 0x31, 0xCD, 0x0C, 0xA1, 0xA3, 0x54, 0x8E, 0x83, 0x4D, 0x42, 0x13, 0x6E, 0xA7,
    0x2E, 0x7F, 0x43, 0x5F, 0xA9, 0x83, 0x4D, 0x9A, 0x34, 0x3D, 0x78, 0x95, 0x88, 0x52, 0xC8, 0xDD,
    0xE7, 0xAF, 0x3D, 0xFD, 0x51, 0xF0, 0x74, 0xDF, 0xE5, 0x8D, 0xB9, 0xB7, 0xDC, 0xA9, 0x7B, 0xE7,
    0x7A, 0x54, 0xC0, 0xED, 0x31, 0x1F, 0x0C, 0x68, 0xFF, 0xA6, 0x0E, 0xB5, 0x34, 0xE7, 0xB6, 0x9B,
    0x95, 0x85, 0xEA, 0x81, 0x7B, 0xBA, 0xBF, 0x24, 0x5C, 0xE6, 0xDF, 0xE1, 0xA1, 0xBE, 0x10, 0xFD,
    0x9B, 0x3E, 0xD6, 0xBF, 0x55, 0xF4, 0xAF, 0x7F, 0x9C, 0x7F, 0xD3, 0xC7, 0xFA, 0x97, 0x48, 0x9F,
    0x7A, 0xF5, 0xA9, 0xFD, 0x5B, 0x7E, 0x80, 0xFE, 0x9D, 0x3E, 0x40, 0xFF, 0x12, 0x75, 0xAD, 0x3B,
    0xF5, 0x6A, 0x12, 0x7D, 0x69, 0xA9, 0xEC, 0x43, 0xAE, 0x52, 0xBB, 0xE5, 0x0A, 0xAF, 0x5F, 0x72,
    0x85, 0xBC, 0x1A, 0x93, 0xF5, 0x6A, 0xCE, 0x8C, 0xB9, 0x9C, 0x46, 0xAF, 0x96, 0x97, 0xE4, 0xEA,
    0x15, 0xBD, 0x5A, 0x06, 0xF3, 0xE0, 0x65, 0x5E, 0xED, 0x8F, 0xBD, 0x3A, 0x3F, 0xD2, 0xAB, 0xE5,
    0x63, 0xBD, 0xDA, 0x7F, 0x10, 0x5E, 0xED, 0x1F, 0xE7, 0xD5, 0xFC, 0xB7, 0xE9, 0xD5, 0xA3, 0xA6,
    0x5B, 0xC7, 0xAA, 0xDC, 0x5B, 0x55, 0x4E, 0x82, 0xF2, 0x65, 0xE6, 0x9B, 0x9A, 0xA1, 0xD9, 0x7C,
    0x89, 0xB4, 0x98, 0x7F, 0xB3, 0x2D, 0x8F, 0xEF, 0x1A, 0xBA, 0xE4, 0xAD, 0x9D, 0x65, 0xE8, 0x65,
    0x61, 0x70, 0xE3, 0xDA, 0xE7, 0x1F, 0xAE, 0xCF, 0x45, 0x31, 0x35, 0xFA, 0xB2, 0x2F, 0xDA, 0xC2,
    0xFA, 0xA3, 0x2F, 0x7A, 0xCB, 0x5A, 0x5F, 0xD0, 0x51, 0x0D, 0x8E, 0x79, 0xFB, 0xF0, 0x25, 0x09,
    0xBF, 0xD8, 0x6C, 0xFA, 0x21, 0x28, 0x6A, 0xFE, 0x32, 0x68, 0xCB, 0xA3, 0x21, 0x8E, 0x2A, 0xBD,
    0xBC, 0x3F, 0xFB, 0xE5, 0xD0, 0x9F, 0xA7, 0x76, 0x39, 0x22, 0x09, 0xFD, 0x1C, 0x47, 0x03, 0x1A,
    0xF0, 0xF6, 0x71, 0x26, 0xD8, 0x5C, 0x0C, 0x50, 0x2A, 0x2D, 0x89, 0x21, 0xCA, 0xEF, 0xA7, 0x06,
    0x25, 0x8F, 0x29, 0x59, 0xBC, 0x93, 0x87, 0x0E, 0x5F, 0xCC, 0xA5, 0x3C, 0xB1, 0xA9, 0x2F, 0x17,
    0x99, 0x38, 0x35, 0xDC, 0xC3, 0x71, 0xEF, 0x8F, 0xFB, 0xCA, 0x84, 0x67, 0x31, 0x29, 0xF6, 0x93,
    0x93, 0xD8, 0x36, 0xF6, 0x00, 0x3B, 0x39, 0x9F, 0x85, 0x93, 0xE0, 0x07, 0x1E, 0x9F, 0x52, 0xD6,
    0x91, 0xC3, 0xA4, 0x9A, 0xD5, 0x8B, 0x6C, 0x1B, 0xCF, 0x54, 0x18, 0xD6, 0xD8, 0x5F, 0xFD, 0x84,
    0x79, 0x56, 0x8F, 0x9A, 0x24, 0x88, 0x4F, 0x83, 0x0C, 0x90, 0x04, 0xEC, 0x24, 0x37, 0xE8, 0x47,
    0x0A, 0x16, 0x31, 0x8D, 0xD5, 0x23, 0x2D, 0xC5, 0x34, 0xD3, 0xE8, 0x34, 0xA0, 0x53, 0x9E, 0x88,
    0x5B, 0xF1, 0xD2, 0xAA, 0xF4, 0x60, 0xD1, 0x40, 0x5B, 0xF8, 0xE7, 0x07, 0xAC, 0x42, 0x1E, 0x36,
    0x0C, 0x6D, 0x25, 0x03, 0x4A, 0x2B, 0xD2, 0x8A, 0xD4, 0xEA, 0x83, 0xCC, 0x71, 0x7C, 0x9B, 0xE6,
    0xD4, 0x14, 0x99, 0xFF, 0x52, 0x93, 0x29, 0xEE, 0x85, 0x42, 0x5E, 0x6A, 0xE4, 0x54, 0x9A, 0x6F,
    0xB5, 0x95, 0x78, 0x6B, 0xE5, 0x8F, 0x58, 0xDB, 0x47, 0xAC, 0x3E, 0xBE, 0x6F, 0x8D, 0x84, 0xCF,
    0xF9, 0x24, 0xAD, 0x98, 0x2B, 0x85, 0xE3, 0x27, 0x81, 0x41, 0xEF, 0x38, 0xF0, 0xC9, 0xAA, 0xED,
    0x2E, 0xE9, 0x28, 0x00, 0x2C, 0x11, 0x3B, 0xE9, 0x87, 0x83, 0x98, 0xBD, 0xAA, 0x33, 0xEF, 0xC0,
    0x91, 0xB7, 0x5F, 0xB9, 0xC0, 0x02, 0xBB, 0x73, 0xDC, 0x33, 0x57, 0x0B, 0x6D, 0x75, 0x95, 0xAD,
    0x56, 0x33, 0xB4, 0x9E, 0xA8, 0xC6, 0xB9, 0xA2, 0xAE, 0x25, 0xC0, 0xF8, 0xE8, 0x65, 0xE4, 0xF3,
    0x2F, 0x4C, 0xD8, 0x62, 0x50, 0x77, 0x17, 0x88, 0x6F, 0x66, 0x33, 0x4C, 0x12, 0x83, 0xAD, 0x3D,
    0x50, 0x11, 0x4B, 0x80, 0x98, 0x16, 0xE9, 0xFE, 0xAA, 0x64, 0xC8, 0xA2, 0x25, 0x86, 0x4D, 0x76,
    0xE1, 0x97, 0x4E, 0x22, 0x06, 0x02, 0x97, 0x90, 0x8C, 0xED, 0xCA, 0x11, 0x86, 0x4E, 0x28, 0x21,
    0x04, 0xAE, 0x42, 0xE9, 0x66, 0xC2, 0xA2, 0x33, 0x59, 0xF2, 0xFA, 0x31, 0xB7, 0x8A, 0x24, 0xDA,
    0x5B, 0x8E, 0xF8, 0x10, 0x6B, 0x75, 0x90, 0x1E, 0xD2, 0x9B, 0x10, 0x8E, 0x85, 0xBD, 0x09, 0x23,
    0x20, 0x58, 0xAC, 0x9A, 0x2F, 0x86, 0xCE, 0x6C, 0xC2, 0xDE, 0x32, 0x91, 0x0B, 0x60, 0x63, 0xF5,
    0x6F, 0x50, 0xF2, 0xDA, 0x0F, 0x5A, 0x2F, 0xA5, 0x5C, 0x0E, 0x28, 0xBE, 0xD0, 0x14, 0xEE, 0x6A,
    0x35, 0x65, 0x85, 0x32, 0x07, 0xAB, 0xBE, 0x9B, 0xDD, 0x59, 0xAC, 0x0A, 0xCF, 0x0F, 0x03, 0x79,
    0x47, 0xD7, 0xDC, 0x6A, 0x4E, 0xBD, 0x37, 0x8F, 0xCD, 0x17, 0xFC, 0xD4, 0xAA, 0x57, 0x33, 0xEB,
    0x46, 0x65, 0xD8, 0xAC, 0x66, 0xE8, 0x36, 0xE5, 0xD5, 0x49, 0xED, 0xB5, 0x07, 0xDF, 0x8F, 0x07,
    0x6F, 0xBC, 0x6E, 0xEE, 0x5A, 0xA2, 0x21, 0x17, 0x32, 0x2D, 0xB7, 0x36, 0x58, 0x6F, 0xAA, 0x5C,
    0xAF, 0xDD, 0x28, 0x0B, 0x63, 0xB9, 0x8A, 0xDF, 0x1A, 0x21, 0x3E, 0x54, 0xD2, 0x13, 0x6C, 0x9D,
    0x90, 0x32, 0xCD, 0xB5, 0xE3, 0x7E, 0x6B, 0x8E, 0x6B, 0x3B, 0xB4, 0x52, 0xA6, 0x40, 0xF5, 0xAA,
    0xA5, 0x52, 0x66, 0x42, 0x3A, 0xAD, 0x57, 0x61, 0x27, 0x5A, 0x52, 0x5B, 0xEF, 0xA1, 0x5C, 0xBA,
    0xBA, 0x7A, 0xF7, 0x94, 0xD3, 0xE2, 0xB5, 0x9B, 0xDE, 0x6F, 0x85, 0xCC, 0xA5, 0x4D, 0xC2, 0x44,
    0x8F, 0xD3, 0x85, 0x0C, 0x4B, 0xCF, 0x97, 0x4E, 0x5E, 0xA2, 0xBF, 0x25, 0x42, 0xBD, 0x0A, 0x31,
    0xFE, 0xF4, 0xF1, 0x4E, 0xD9, 0x80, 0xFF, 0x02, 0x77, 0x48, 0x83, 0x1F, 0xD9, 0xAA, 0x35, 0x1A,
    0x29, 0x03, 0x66, 0xA1, 0xFB, 0x8F, 0x47, 0xD7, 0x9D, 0x82, 0x6F, 0xC8, 0x7B, 0xA5, 0xDA, 0x0D,
    0x70, 0x6E, 0x62, 0x11, 0x00, 0xD9, 0x11, 0xAA, 0xE3, 0x54, 0xC1, 0x25, 0xA2, 0x2A, 0x57, 0x01,
    0xF6, 0xB2, 0x03, 0xA7, 0x0B, 0x07, 0xD6, 0x2C, 0x17, 0x08, 0x13, 0x8F, 0xF0, 0x69, 0x8D, 0xA6,
    0x85, 0xF3, 0x85, 0xE2, 0x45, 0x59, 0x7E, 0xAC, 0x6E, 0xD2, 0xC0, 0x70, 0xC7, 0xF8, 0x6C, 0x12,
    0x11, 0xB3, 0xFC, 0xB6, 0x83, 0x36, 0x82, 0xF8, 0xD9, 0x55, 0xE2, 0x79, 0x73, 0x8A, 0x9D, 0x82,
    0x67, 0xE8, 0x29, 0x7C, 0x16, 0x24, 0x62, 0x8F, 0x71, 0x3A, 0xA5, 0x74, 0x71, 0xD9, 0xB9, 0x88,
    0xA2, 0x05, 0xB0, 0xE0, 0x68, 0xC1, 0xDB, 0xDA, 0xE2, 0x0E, 0x58, 0x2A, 0x98, 0x82, 0xA6, 0xC5,
    0x69, 0x7A, 0x6E, 0xD1, 0x50, 0x7D, 0x84, 0x0E, 0xD3, 0xC3, 0x3A, 0x00, 0x58, 0x45, 0x56, 0xA1,
    0x55, 0x6C, 0x8F, 0xC1, 0xFD, 0xBA, 0x4D, 0x08, 0x47, 0x6F, 0x7A, 0x4B, 0x1B, 0xF1, 0xE4, 0x2F,
    0x24, 0x4D, 0x25, 0xD0, 0x69, 0x60, 0x18, 0xC0, 0xCE, 0xFB, 0x01, 0x33, 0x6F, 0x4D, 0x3F, 0x7E,
    0xCA, 0xB9, 0x8F, 0x5D, 0xC3, 0x7A, 0x04, 0x6B, 0x41, 0x03, 0x01, 0xA6, 0xA3, 0x0C, 0x3F, 0xAF,
    0x5C, 0x30, 0x5C, 0x58, 0xE2, 0x42, 0x6F, 0x86, 0x09, 0x83, 0x4C, 0xAD, 0xF5, 0xDA, 0x5D, 0xC7,
    0xE7, 0x65, 0x40, 0x26, 0xDF, 0xD4, 0x31, 0x44, 0xCA, 0x67, 0xE3, 0xAC, 0xC4, 0xCE, 0x30, 0x42,
    0x8B, 0x2D, 0x4F, 0x7B, 0x32, 0xE9, 0xB9, 0xFA, 0x1F, 0xC2, 0x74, 0x82, 0x89, 0x06, 0x2A, 0xB4,
    0xD0, 0x8D, 0xB5, 0x28, 0xA0, 0x3A, 0x6B, 0x90, 0x05, 0x6B, 0x3B, 0x4E, 0x25, 0x9C, 0xA8, 0xE5,
    0x5C, 0x46, 0xAB, 0x5A, 0x74, 0x1A, 0x14, 0x94, 0x0B, 0x12, 0xA0, 0x21, 0x29, 0x93, 0xD2, 0x4E,
    0x52, 0x2E, 0x3A, 0x99, 0xB4, 0x67, 0xA9, 0x90, 0xD1, 0x8A, 0xC1, 0x15, 0xC0, 0x18, 0x58, 0x01,
    0xAB, 0x87, 0x34, 0x3B, 0xD1, 0x00, 0xC8, 0x25, 0x8C, 0x30, 0xC0, 0xCB, 0xF8, 0x11, 0xE0, 0x97,
    0xF3, 0x0D, 0x40, 0x08, 0x00, 0xD1, 0x88, 0x30, 0xF1, 0x01, 0x48, 0xE0, 0xC6, 0x66, 0x48, 0xDD,
    0x23, 0xE5, 0x93, 0x1E, 0x7B, 0x4A, 0xCB, 0x19, 0x8F, 0xBA, 0x91, 0xB6, 0xA3, 0xBD, 0x49, 0x5B,
    0xA3, 0x88, 0x6E, 0x87, 0xE1, 0xEE, 0xB4, 0xCB, 0x3A, 0xEB, 0x8E, 0x7B, 0x63, 0xEB, 0x84, 0x9A,
    0xCD, 0x71, 0xA5, 0x0C, 0x8A, 0x4E, 0xE1, 0xD6, 0x21, 0xAB, 0x1E, 0x83, 0x35, 0xE9, 0x6A, 0x88,
    0x4D, 0x39, 0x6F, 0x8A, 0xBD, 0x7B, 0x1F, 0x7F, 0xF0, 0x6F, 0xCD, 0xD8, 0xA6, 0x88, 0x73, 0xAF,
    0x0D, 0x6D, 0x85, 0x71, 0x7B, 0xC4, 0x3D, 0x1E, 0xB8, 0x03, 0x8E, 0xD1, 0x30, 0xF5, 0x94, 0xC1,
    0x81, 0x4C, 0xE8, 0xC5, 0xF9, 0xC8, 0x35, 0x69, 0x3C, 0x40, 0x4B, 0xFA, 0x0E, 0x2D, 0x89, 0x36,
    0x1F, 0xEC, 0x23, 0x2D, 0x0F, 0x07, 0x0D, 0x22, 0xAE, 0x2E, 0x93, 0x16, 0xB8, 0xD2, 0x19, 0x99,
    0x74, 0xC0, 0x85, 0xB2, 0x40, 0x06, 0x57, 0x3F, 0xB7, 0xA1, 0x13, 0xB1, 0xDD, 0xC3, 0xC9, 0x08,
    0xCE, 0x7D, 0x45, 0x94, 0x57, 0xBA, 0x22, 0xE5, 0xF5, 0x54, 0x4A, 0x6B, 0x9C, 0xF2, 0xB0, 0xAF,
    0x90, 0x31, 0x61, 0x24, 0xAF, 0x82, 0x4A, 0xD3, 0x91, 0x69, 0x58, 0x6B, 0xE9, 0x94, 0x03, 0xE5,
    0x95, 0x97, 0x22, 0xCB, 0x1D, 0xAF, 0x9D, 0x55, 0x6C, 0x83, 0x36, 0x4E, 0xF4, 0x44, 0xB1, 0xA7,
    0x61, 0xE5, 0xC4, 0x1E, 0x35, 0x84, 0x97, 0x48, 0xC3, 0xCB, 0x2D, 0x0E, 0x4E, 0x95, 0xD4, 0x09,
    0x18, 0xB1, 0x01, 0x4D, 0x12, 0x6F, 0x02, 0x53, 0x84, 0x39, 0x80, 0x95, 0x34, 0xF7, 0x0A, 0x6F,
    0xA3, 0xC0, 0xD2, 0x19, 0xD1, 0x09, 0x9F, 0x78, 0xE5, 0x82, 0x57, 0xD2, 0xC1, 0xDC, 0x6B, 0xCE,
    0x15, 0x96, 0x0F, 0x45, 0x3A, 0x13, 0x62, 0xB8, 0xAC, 0x16, 0x4D, 0xD6, 0x6A, 0x6A, 0x1D, 0xEB,
    0xE8, 0x27, 0x63, 0x9B, 0x27, 0xC3, 0x93, 0x42, 0x21, 0xB9, 0xA7, 0x05, 0xA0, 0x0E, 0x52, 0x83,
    0x52, 0xCD, 0x74, 0x49, 0xFA, 0xD9, 0x98, 0xE8, 0xEA, 0x8C, 0x80, 0x02, 0x9D, 0x3B, 0x27, 0x1C,
    0x0B, 0xB5, 0x30, 0x20, 0x06, 0x74, 0x74, 0xB8, 0x68, 0xB1, 0x99, 0x52, 0xAD, 0x1B, 0x53, 0x06,
    0x3D, 0xAB, 0x30, 0x15, 0xC8, 0xCC, 0x32, 0xEC, 0x4B, 0x60, 0x4F, 0xD7, 0x4A, 0x31, 0xDE, 0xD7,
    0x1A, 0x31, 0xE4, 0xF0, 0x28, 0xEC, 0x44, 0x68, 0x35, 0x6C, 0xA6, 0x0B, 0x02, 0xBD, 0xD2, 0x2A,
    0x87, 0xDA, 0x89, 0x40, 0x57, 0x11, 0x7A, 0x13, 0x08, 0x18, 0xEC, 0xC3, 0xBA, 0x78, 0x63, 0x69,
    0x5E, 0xD2, 0x7D, 0xA6, 0xAD, 0xE0, 0xA4, 0x89, 0xAD, 0xE1, 0x47, 0x38, 0xCF, 0xC3, 0x7B, 0x3D,
    0xA3, 0x99, 0x99, 0xC5, 0xEE, 0x7C, 0x5A, 0x77, 0x5A, 0x1E, 0x67, 0xAB, 0x98, 0xE2, 0x94, 0xE4,
    0xF6, 0x65, 0x13, 0x57, 0x6E, 0x42, 0xDD, 0xD9, 0x60, 0x37, 0x98, 0xEB, 0x06, 0xE3, 0xD6, 0x83,
    0xB2, 0x03, 0xDD, 0xA9, 0xD2, 0x36, 0x20, 0x78, 0xE2, 0x10, 0x8B, 0x80, 0x97, 0x1A, 0x77, 0xED,
    0xCA, 0x0F, 0xD5, 0x95, 0x7F, 0x64, 0xA2, 0x65, 0x53, 0x9C, 0x61, 0x62, 0xEE, 0xF9, 0xA0, 0xE9,
    0x1C, 0xDE, 0x15, 0x57, 0x66, 0xE1, 0x27, 0x46, 0x00, 0x5C, 0x8B, 0x4C, 0xED, 0x17, 0x57, 0x8B,
    0x30, 0xBA, 0x02, 0xB7, 0x6E, 0xD0, 0x31, 0xD7, 0x1E, 0xFC, 0x10, 0x3C, 0xD8, 0x6A, 0xC7, 0xCD,
    0xC8, 0x5E, 0x25, 0x46, 0x8B, 0xF8, 0xA2, 0xB2, 0x5E, 0x5B, 0x2B, 0xBC, 0xCE, 0x5B, 0x9F, 0xAD,
    0x3B, 0xED, 0xB2, 0xB9, 0x7B, 0x8A, 0x1E, 0x7B, 0xED, 0xB8, 0x0F, 0xD0, 0x71, 0xE9, 0xEA, 0xEA,
    0x41, 0xFC, 0xE5, 0xCC, 0x4D, 0xB7, 0x44, 0xF0, 0x21, 0x3B, 0x08, 0xF0, 0xA9, 0xCE, 0x00, 0xB4,
    0xE5, 0x98, 0x6C, 0xD7, 0xFE, 0xFA, 0xD0, 0xFD, 0x95, 0xD0, 0xF5, 0x39, 0x97, 0xD3, 0x81, 0x7B,
    0x47, 0x54, 0x36, 0x5B, 0x69, 0x84, 0xA5, 0xCD, 0x9B, 0x96, 0x4F, 0x6F, 0x88, 0x34, 0xD3, 0x8E,
    0x79, 0xF8, 0x5F, 0x25, 0x95, 0xC0, 0x4B, 0x46, 0x81, 0x0D, 0xDB, 0xCE, 0xB8, 0x2E, 0x02, 0xBC,
    0x6C, 0x3F, 0xC0, 0x19, 0x54, 0x2D, 0xC3, 0xAF, 0xE8, 0x36, 0x8D, 0x50, 0xFD, 0xC6, 0x53, 0x12,
    0x8D, 0x0C, 0x9E, 0x77, 0x76, 0x25, 0x9D, 0x42, 0x6C, 0x95, 0x6C, 0x9D, 0x2E, 0xBA, 0xF5, 0x39,
    0x5C, 0x6F, 0xF6, 0xC4, 0xBF, 0x7F, 0x04, 0xE5, 0x68, 0xBB, 0x7D, 0x12, 0x8C, 0x5E, 0x87, 0x7C,
    0x8B, 0xA3, 0xCE, 0xDB, 0x4A, 0x68, 0xCD, 0xEF, 0xA5, 0x88, 0xE0, 0xA0, 0xC4, 0xDF, 0x4F, 0xA5,
    0xB2, 0xB3, 0x1E, 0x39, 0x44, 0xD0, 0xAC, 0x04, 0xBA, 0x67, 0x21, 0x12, 0xC0, 0x42, 0x26, 0x08,
    0x16, 0xE1, 0xD7, 0x3A, 0xC8, 0x74, 0x83, 0xD9, 0x87, 0xAF, 0x3C, 0xCF, 0x64, 0x01, 0x3F, 0x10,
    0xB1, 0x75, 0xE5, 0x02, 0x91, 0xE7, 0x13, 0x3F, 0xD5, 0x36, 0x22, 0x85, 0xC1, 0xC4, 0x2C, 0xE0,
    0x65, 0x1E, 0x56, 0x2A, 0x8C, 0x3B, 0x10, 0xDB, 0xD1, 0xC4, 0x04, 0x8C, 0x95, 0x07, 0x9E, 0x95,
    0x6D, 0xE9, 0xA1, 0xD3, 0x5A, 0xCF, 0xB2, 0x0F, 0x3D, 0xD0, 0xF3, 0xCB, 0x41, 0x26, 0x57, 0x76,
    0xA9, 0xB8, 0x73, 0xE5, 0x28, 0x58, 0x20, 0xEE, 0x11, 0x60, 0x12, 0x30, 0x4E, 0xE2, 0x02, 0x21,
    0x9C, 0x04, 0x0D, 0xAC, 0x99, 0xED, 0x11, 0x18, 0xC2, 0xAF, 0x25, 0x1E, 0x24, 0x20, 0xF0, 0xD6,
    0x31, 0x62, 0x0B, 0x26, 0x1C, 0x24, 0xE1, 0x54, 0xD9, 0xC8, 0xE2, 0x87, 0x44, 0x7F, 0x74, 0x25,
    0xF5, 0xBA, 0xDB, 0x8F, 0xCF, 0xC3, 0x48, 0x92, 0x5C, 0x69, 0x94, 0xD5, 0xF9, 0x58, 0x76, 0x7D,
    0x4C, 0x68, 0x6F, 0x94, 0x89, 0x24, 0xBB, 0x5D, 0x58, 0x17, 0x66, 0x37, 0x37, 0xF1, 0xC7, 0x58,
    0xFE, 0x4F, 0x9F, 0x66, 0x22, 0xE2, 0xB4, 0xC7, 0x44, 0x39, 0x70, 0xCC, 0x77, 0x1C, 0x0D, 0x03,
    0xCF, 0x79, 0x68, 0x15, 0xD4, 0x12, 0xC2, 0x19, 0xC3, 0x72, 0xC6, 0x30, 0x35, 0x4A, 0xE8, 0x75,
    0xF0, 0x63, 0x78, 0xB6, 0x28, 0xAD, 0xAA, 0xB6, 0x4E, 0xA4, 0xAB, 0xB3, 0x89, 0x74, 0xD1, 0x39,
    0xD4, 0x85, 0x83, 0x34, 0x1B, 0xA7, 0xE0, 0x0B, 0x26, 0xD2, 0x84, 0x25, 0x4C, 0xA4, 0xA9, 0x64,
    0xEC, 0x88, 0xF6, 0x25, 0x73, 0xA8, 0x43, 0xC9, 0xAB, 0x44, 0xDA, 0xB1, 0xCE, 0x03, 0xBF, 0x36,
    0xA8, 0x54, 0x88, 0x43, 0x3B, 0x25, 0x98, 0xD0, 0x11, 0x73, 0x43, 0x2B, 0x12, 0x66, 0x10, 0xA7,
    0x23, 0x48, 0x1F, 0x95, 0x87, 0xC4, 0x8A, 0x22, 0x9A, 0x9C, 0x68, 0x4B, 0xAF, 0xA5, 0x3A, 0xEB,
    0x8E, 0x12, 0xD9, 0x9C, 0x15, 0x77, 0x8F, 0x4A, 0x24, 0xAA, 0x00, 0x92, 0x06, 0x4E, 0xCA, 0x2D,
    0x40, 0x10, 0x79, 0xEA, 0xAD, 0x13, 0x2B, 0x1A, 0xCE, 0x3D, 0xFF, 0x88, 0x40, 0xF8, 0x83, 0x28,
    0xDD, 0x8F, 0x31, 0x11, 0x0E, 0x4E, 0x31, 0x07, 0x1B, 0xCF, 0x62, 0x27, 0x58, 0x77, 0x87, 0xA6,
    0x12, 0x9D, 0x3B, 0x7B, 0xCC, 0x8E, 0x73, 0x67, 0xEE, 0xDA, 0xFB, 0x1F, 0x51, 0xEF, 0x7F, 0xDD,
    0x84, 0xCC, 0x86, 0x5A, 0xB1, 0x4F, 0x3D, 0xB1, 0x8F, 0x5E, 0x5D, 0xEC, 0xB1, 0x5F, 0x04, 0x7B,
    0x2C, 0xD7, 0x57, 0xDA, 0x45, 0xA7, 0xA9, 0x84, 0xB4, 0x6B, 0x55, 0xA2, 0xCE, 0x2C, 0xC9, 0xFF,
    0x29, 0xE7, 0x3E, 0x76, 0xED, 0xF3, 0x8F, 0x8E, 0xCF, 0x89, 0x48, 0xF7, 0xE2, 0x99, 0xC8, 0xD6,
    0x68, 0xB0, 0x2D, 0xD4, 0xE9, 0x61, 0x2D, 0xF5, 0xB7, 0xB0, 0x44, 0x89, 0xF8, 0x92, 0xBA, 0xA9,
    0xCB, 0xE6, 0xA7, 0xC8, 0xE4, 0xE7, 0x6F, 0xDF, 0xBE, 0xDD, 0xDC, 0xE0, 0xCB, 0x79, 0xAF, 0x36,
    0xF0, 0x6A, 0xF4, 0x2F, 0x2B, 0xFA, 0xC0, 0xDD, 0x44, 0xCF, 0xEA, 0x83, 0x95, 0x9A, 0x4B, 0xBD,
    0x0A, 0x69, 0x7D, 0xB2, 0x7F, 0xF7, 0xEA, 0xDF, 0x3C, 0xFA, 0xB7, 0x10, 0xFF, 0x4E, 0x4F, 0xF6,
    0xEF, 0xF0, 0x90, 0x7F, 0xFD, 0x45, 0xFF, 0x76, 0x97, 0xFB, 0xF7, 0xA0, 0xBC, 0xF8, 0x77, 0x7B,
    0x8C, 0x7F, 0xB3, 0xF7, 0xE3, 0xDF, 0xEE, 0x8A, 0x15, 0xFD, 0x5B, 0x46, 0xE2, 0x2D, 0x8F, 0x2B,
    0x2B, 0xD3, 0xFD, 0x62, 0xF5, 0x7D, 0xB1, 0x56, 0x3E, 0x5B, 0x75, 0x1F, 0xF5, 0x8E, 0x76, 0xEF,
    0x42, 0x7F, 0x70, 0xF9, 0x83, 0xA7, 0x29, 0xE1, 0x4C, 0x59, 0x26, 0xF6, 0x3B, 0x53, 0x3C, 0x16,
    0x36, 0x66, 0x2E, 0x63, 0xCD, 0x76, 0xD0, 0xA5, 0x49, 0xD9, 0xB2, 0x8C, 0x1C, 0x0F, 0x4F, 0x03,
    0xDD, 0x1E, 0xC4, 0xDE, 0x49, 0xA2, 0x78, 0xF8, 0x9A, 0x74, 0xE8, 0x67, 0x27, 0xCE, 0x50, 0xAE,
    0x3E, 0x64, 0xCA, 0x11, 0x77, 0x05, 0x80, 0xA0, 0xCC, 0x45, 0x4E, 0xB1, 0x27, 0xFD, 0x22, 0xF3,
    0xC3, 0xBE, 0x57, 0xB0, 0xCE, 0x54, 0xF9, 0x98, 0x14, 0xBD, 0xF5, 0x2C, 0x6F, 0x8C, 0xC5, 0x2C,
    0xE7, 0x51, 0x41, 0x51, 0xB2, 0x0A, 0x58, 0x19, 0xD3, 0xA9, 0x4D, 0xF0, 0x56, 0x26, 0xBD, 0x71,
    0x9B, 0xF6, 0x20, 0x18, 0xB6, 0x26, 0x28, 0xF5, 0x62, 0x2A, 0xD8, 0xE8, 0x23, 0x61, 0xB1, 0x01,
    0x67, 0x75, 0xCA, 0xE0, 0x16, 0x73, 0xF0, 0x6C, 0xB5, 0x16, 0xF7, 0x52, 0xBD, 0x65, 0x8F, 0xA4,
    0x46, 0xEA, 0xAA, 0x70, 0xA6, 0xA5, 0x78, 0x52, 0x47, 0x4D, 0xD6, 0x8D, 0xDF, 0x6B, 0x34, 0x6A,
    0x66, 0x8B, 0x9E, 0xC6, 0x21, 0xC5, 0xF8, 0xCD, 0x9A, 0x93, 0x0F, 0xB4, 0xB8, 0x03, 0x53, 0x26,
    0x53, 0x90, 0x3C, 0x64, 0x49, 0x22, 0x83, 0x88, 0x84, 0x67, 0xAF, 0x2B, 0x69, 0x8F, 0xDF, 0x49,
    0x1B, 0x3C, 0x47, 0x9F, 0x0C, 0x93, 0xC3, 0x82, 0x14, 0xE2, 0xDF, 0x98, 0x1E, 0x73, 0x20, 0xF7,
    0xA0, 0xB7, 0xFB, 0x13, 0xE1, 0xB6, 0x12, 0xAA, 0xB9, 0x1E, 0xCF, 0x55, 0xFD, 0x81, 0xA8, 0xF3,
    0x5F, 0xC7, 0xED, 0xC5, 0xB0, 0x3D, 0x95, 0xEF, 0x45, 0xE4, 0xFB, 0x41, 0x67, 0x29, 0x09, 0xF3,
    0x3E, 0x44, 0x92, 0x81, 0xA7, 0x23, 0x0B, 0xAD, 0x2C, 0x50, 0xF1, 0x4C, 0x6C, 0x4F, 0xC6, 0x77,
    0xC5, 0x7C, 0xF3, 0xD5, 0x1D, 0xF3, 0x12, 0x8D, 0x2F, 0xA5, 0x8A, 0xA4, 0xB7, 0x8A, 0x29, 0x46,
    0x30, 0xDD, 0x60, 0x34, 0x91, 0x43, 0xB2, 0x5A, 0x75, 0xAF, 0xC1, 0x49, 0x68, 0x21, 0xE5, 0xDB,
    0x49, 0x35, 0x68, 0x9C, 0x1A, 0x53, 0x87, 0xD8, 0x40, 0xA9, 0x64, 0x15, 0x5B, 0xA4, 0xCC, 0x96,
    0x70, 0x14, 0xCD, 0x5E, 0xA3, 0x8B, 0x8A, 0x81, 0x69, 0xDE, 0x53, 0xE7, 0x54, 0x31, 0x2C, 0xE6,
    0x4F, 0x52, 0x2C, 0x53, 0x7B, 0xA8, 0x1F, 0xA5, 0x6A, 0x04, 0xEB, 0xA8, 0x89, 0xCF, 0xA2, 0x8C,
    0xA9, 0xAA, 0xEE, 0x5E, 0xC4, 0x9D, 0x65, 0x73, 0xAE, 0x53, 0x8B, 0x3B, 0xCA, 0xAB, 0xD8, 0x96,
    0xCC, 0x08, 0xD2, 0x59, 0xA2, 0xA5, 0xF9, 0x57, 0xE9, 0x49, 0x74, 0x4D, 0x67, 0x15, 0x6B, 0x6A,
    0xEE, 0xAE, 0x5E, 0xC5, 0x88, 0x22, 0xBC, 0x27, 0xFB, 0xFA, 0x8D, 0x41, 0x9D, 0xC4, 0x88, 0xC2,
    0x52, 0xAA, 0x27, 0xCD, 0x15, 0x74, 0x7A, 0xAC, 0xB7, 0x84, 0x9B, 0xDD, 0x8D, 0x57, 0xD5, 0x9E,
    0x38, 0x43, 0xA4, 0x61, 0x3A, 0xF0, 0x0D, 0xAB, 0x2A, 0x4D, 0x66, 0xE9, 0x56, 0x8E, 0x45, 0x4C,
    0xB8, 0xED, 0x5E, 0x88, 0x43, 0x86, 0xB9, 0x94, 0xC5, 0xF9, 0x50, 0x62, 0xC6, 0xC8, 0x51, 0x63,
    0x50, 0xB8, 0xDB, 0xCD, 0xC3, 0xD5, 0xE8, 0xDB, 0x82, 0xA5, 0x40, 0x9A, 0x6D, 0xC7, 0xA3, 0x89,
    0x9E, 0xA7, 0xD0, 0xA7, 0xBA, 0x7B, 0x6B, 0x5E, 0x57, 0x4D, 0xD5, 0x59, 0xB2, 0xBC, 0xF8, 0xC8,
    0xAA, 0x97, 0x86, 0xAE, 0x5E, 0xC0, 0x9A, 0xD8, 0x62, 0xD2, 0x9A, 0x76, 0xCD, 0x25, 0xF9, 0x4A,
    0x99, 0xD3, 0x7C, 0xD8, 0xB5, 0x74, 0x22, 0x82, 0xB0, 0xE3, 0x44, 0x22, 0xF4, 0xF9, 0x6C, 0x02,
    0x3D, 0xA7, 0xA7, 0x28, 0x8A, 0x58, 0x21, 0x8F, 0xDB, 0x1C, 0x32, 0xEC, 0x22, 0xAA, 0xD4, 0x5E,
    0x32, 0x92, 0x16, 0xD6, 0x90, 0x6E, 0x73, 0xCE, 0xB5, 0x1B, 0x3D, 0xBC, 0x67, 0x5D, 0xB9, 0x81,
    0xF4, 0x2B, 0xC6, 0x47, 0xDA, 0x39, 0xF4, 0xD3, 0xE7, 0xDA, 0x90, 0x6D, 0xED, 0x3B, 0xA1, 0x0D,
    0xF7, 0x16, 0xCA, 0x23, 0x2E, 0xC4, 0x7D, 0x58, 0x69, 0xA1, 0xD3, 0x17, 0xAE, 0xBD, 0x54, 0x07,
    0xCA, 0xC0, 0x6F, 0x74, 0xEC, 0x06, 0x0E, 0xF2, 0xE7, 0x09, 0xA0, 0xF3, 0xD0, 0xBD, 0xA0, 0x90,
    0x6B, 0xB2, 0x28, 0xAD, 0xDB, 0x59, 0xA8, 0x1D, 0xC0, 0x93, 0x88, 0x91, 0x7A, 0x4D, 0x28, 0xED,
    0x8F, 0x9E, 0x77, 0x0A, 0xDD, 0x77, 0x9E, 0xD4, 0x30, 0x9E, 0x29, 0xE8, 0xFA, 0xE1, 0x28, 0xC0,
    0x0B, 0x09, 0xAD, 0x4A, 0x42, 0xCB, 0x4B, 0x22, 0x85, 0x9F, 0x6F, 0x78, 0xE2, 0x16, 0xE3, 0x53,
    0x6C, 0x09, 0x07, 0x63, 0x4D, 0x65, 0x94, 0xD9, 0xC4, 0xE8, 0x3C, 0x2D, 0x55, 0xE3, 0xFE, 0xEC,
    0x99, 0x06, 0xAB, 0xED, 0xB2, 0x06, 0x05, 0x21, 0x1F, 0x19, 0xA4, 0xB9, 0x04, 0x0B, 0x5B, 0xEB,
    0x49, 0xD8, 0x03, 0xF7, 0xAB, 0x5F, 0x82, 0x0F, 0xF9, 0x81, 0xE9, 0x92, 0xAB, 0x3A, 0xD0, 0xA9,
    0x9C, 0xF9, 0xEB, 0xB3, 0x1F, 0x4B, 0x09, 0x1D, 0xDA, 0x31, 0x2E, 0x4E, 0x38, 0xE9, 0x2D, 0x69,
    0xDC, 0x88, 0x29, 0x1F, 0x72, 0xD0, 0xD3, 0x05, 0x1D, 0xA7, 0x18, 0x93, 0xF5, 0x6A, 0xA4, 0xEC,
    0x99, 0x08, 0x9B, 0x44, 0x5A, 0x60, 0x25, 0x3D, 0xA5, 0xD5, 0x74, 0x7A, 0x79, 0x13, 0xCC, 0x38,
    0x9D, 0xD2, 0x05, 0x4B, 0xB6, 0x38, 0xE4, 0xD8, 0x02, 0x78, 0xD2, 0x2D, 0x97, 0x27, 0xED, 0x3D,
    0x29, 0x60, 0xEB, 0xB3, 0x1D, 0x44, 0xFD, 0x88, 0x0F, 0x32, 0x8A, 0x66, 0xAE, 0x55, 0xC8, 0xE5,
    0x04, 0xA6, 0x95, 0x85, 0xA0, 0x73, 0x46, 0xA9, 0xD2, 0xC0, 0x26, 0xD1, 0x53, 0xAC, 0x76, 0xCF,
    0x7C, 0x66, 0xE2, 0xF1, 0x90, 0x74, 0xCD, 0x99, 0x72, 0x0F, 0x19, 0x48, 0x52, 0x93, 0xF3, 0x7F,
    0x1E, 0x5A, 0xB8, 0x3D, 0xC2, 0xC2, 0x95, 0x89, 0x02, 0x93, 0x8B, 0x76, 0x61, 0xAE, 0x2E, 0x76,
    0xA6, 0xF4, 0x0C, 0x4C, 0x9D, 0xF9, 0x3B, 0x49, 0x09, 0x91, 0x88, 0x15, 0xFC, 0x23, 0x93, 0xF4,
    0x26, 0x9B, 0x73, 0xE9, 0xEC, 0x2D, 0x63, 0x04, 0x8F, 0xF4, 0x0C, 0xD3, 0xCC, 0xBD, 0x87, 0xA4,
    0x96, 0x91, 0xFF, 0x11, 0xDF, 0xE5, 0xAE, 0x9F, 0xF1, 0x0F, 0xD9, 0xC6, 0xA4, 0x93, 0x8D, 0xBD,
    0x37, 0xF7, 0xE1, 0x9F, 0x81, 0xA3, 0x0C, 0x19, 0x0C, 0x78, 0x18, 0x6A, 0x35, 0x88, 0xE1, 0xE4,
    0xD0, 0x48, 0xC1, 0x57, 0xC3, 0x1D, 0x07, 0x50, 0x8C, 0x90, 0x24, 0x98, 0x28, 0xAA, 0x20, 0x23,
    0x1B, 0x29, 0x9E, 0xC1, 0xFA, 0x52, 0x31, 0xF8, 0x32, 0x6D, 0x41, 0x8E, 0xAA, 0x65, 0x5A, 0xD4,
    0x66, 0x87, 0x39, 0x50, 0x78, 0x13, 0x78, 0x9F, 0xCE, 0x79, 0xCA, 0xA7, 0x50, 0x9A, 0x58, 0xD3,
    0x78, 0xED, 0xE3, 0xF5, 0x05, 0x10, 0x6B, 0xB2, 0x23, 0x74, 0x39, 0x6B, 0xFE, 0x1E, 0xDC, 0x1B,
    0xC0, 0x9E, 0x03, 0x30, 0x55, 0x15, 0x64, 0x46, 0x1C, 0x0F, 0x7A, 0x1E, 0xFD, 0x15, 0xF3, 0xD1,
    0x61, 0x38, 0x3E, 0x11, 0x02, 0x83, 0x6B, 0x1A, 0x0E, 0xD1, 0xEC, 0xF7, 0xF8, 0x61, 0x87, 0xC6,
    0x02, 0x6B, 0x5F, 0x39, 0xDE, 0x28, 0xC7, 0x5B, 0x15, 0x3A, 0x94, 0x1F, 0x0F, 0x0D, 0x5B, 0xE6,
    0x41, 0xAF, 0xE4, 0xAF, 0x53, 0x12, 0xC9, 0x07, 0xA0, 0x7D, 0x09, 0x77, 0x2D, 0x70, 0x4D, 0x86,
    0x4B, 0x33, 0x26, 0xC1, 0x46, 0x15, 0xE8, 0xAA, 0x99, 0x44, 0x5B, 0x94, 0x70, 0x8E, 0xDF, 0x38,
    0x68, 0x98, 0xCD, 0x8E, 0xC4, 0x78, 0x49, 0x3D, 0x0A, 0xA8, 0x34, 0x0C, 0x05, 0xA7, 0x4C, 0x57,
    0x22, 0x96, 0xAA, 0x8D, 0x29, 0x76, 0xBD, 0x12, 0xE7, 0x25, 0xA1, 0x42, 0x64, 0x71, 0x78, 0xB4,
    0xC8, 0xD9, 0x56, 0xBD, 0xB5, 0x97, 0x28, 0x71, 0x1F, 0xE7, 0x68, 0x73, 0x2F, 0xF1, 0x35, 0x09,
    0x20, 0xDA, 0x3C, 0x70, 0xFE, 0x3A, 0xAC, 0x18, 0x77, 0xF6, 0x38, 0x96, 0x67, 0x13, 0x04, 0xD8,
    0xA5, 0xA8, 0x26, 0x28, 0x24, 0x19, 0xAC, 0x2F, 0x61, 0xBD, 0x90, 0x7D, 0xE1, 0x31, 0xC0, 0xE3,
    0x38, 0x00, 0x84, 0x30, 0xCA, 0x83, 0x25, 0x70, 0xC8, 0x87, 0xC7, 0x14, 0xDB, 0xDF, 0x31, 0x34,
    0x8A, 0xE5, 0x10, 0xC6, 0x98, 0x16, 0x12, 0xCC, 0x1A, 0x19, 0x28, 0x7E, 0xB9, 0x72, 0x11, 0xF1,
    0x7B, 0x0E, 0x82, 0x7E, 0xAC, 0xF6, 0x5C, 0x1C, 0x29, 0x20, 0x73, 0xAA, 0x5D, 0xB3, 0x4B, 0xE8,
    0xEB, 0x9D, 0xDF, 0x65, 0x04, 0xAA, 0x1D, 0x4D, 0x3D, 0xAE, 0x9F, 0x4A, 0x1E, 0x77, 0xF7, 0xA8,
    0xCB, 0x13, 0xCA, 0xF2, 0xD4, 0xF2, 0xE0, 0x3B, 0x78, 0xBA, 0x7B, 0x9F, 0x9E, 0x7A, 0x52, 0x7B,
    0xFD, 0x1D, 0xF2, 0x78, 0xC1, 0x74, 0x73, 0x00, 0xD7, 0x44, 0xFA, 0x73, 0xB0, 0x73, 0x91, 0xE2,
    0x52, 0x8D, 0x42, 0xC7, 0x71, 0xCF, 0xDE, 0x2E, 0x46, 0xCB, 0x93, 0xF8, 0x77, 0x82, 0xDA, 0xDA,
    0x70, 0x47, 0xF1, 0xF2, 0x91, 0x09, 0x80, 0xCB, 0x21, 0xC7, 0x0F, 0xA7, 0x0F, 0xEF, 0xC7, 0x65,
    0x1C, 0xD5, 0x77, 0xC2, 0xD4, 0xC7, 0xBD, 0x49, 0x26, 0xD4, 0x01, 0xBD, 0xA2, 0x44, 0x9D, 0x6E,
    0xA8, 0x2B, 0x65, 0xBB, 0x3A, 0xDC, 0x1B, 0x69, 0x1F, 0xFE, 0x0C, 0x1E, 0x7B, 0x73, 0x33, 0xA5,
    0x11, 0xF6, 0x28, 0x44, 0x53, 0x4E, 0xB6, 0x7C, 0x6F, 0x29, 0x88, 0xD1, 0x94, 0x11, 0xC0, 0x39,
    0x18, 0x2B, 0x33, 0x84, 0x6A, 0xB0, 0x27, 0x4A, 0x36, 0x39, 0xEF, 0x2E, 0xF7, 0x15, 0x19, 0x01,
    0x2B, 0xD0, 0x18, 0xB9, 0x1A, 0xE3, 0x62, 0xB3, 0x0C, 0x2A, 0x3B, 0x72, 0x01, 0xB5, 0xA0, 0xB7,
    0x63, 0x30, 0xC8, 0xA2, 0x26, 0xE8, 0x81, 0xA3, 0x16, 0x87, 0x5C, 0x8E, 0x1E, 0xB4, 0x41, 0xB0,
    0x5D, 0x8E, 0x0D, 0x73, 0x6C, 0x19, 0xEF, 0x8C, 0xCB, 0x20, 0x07, 0xB1, 0x75, 0x30, 0xEF, 0x9C,
    0x7D, 0x48, 0x40, 0x2F, 0x1D, 0x9A, 0xF7, 0xA7, 0x7D, 0x72, 0x34, 0xA5, 0x85, 0x72, 0x0F, 0xA9,
    0x47, 0xBD, 0x99, 0xC2, 0xA7, 0x2B, 0x67, 0x2A, 0xEB, 0xF9, 0x3E, 0xBD, 0x2C, 0xED, 0x3E, 0x4A,
    0x66, 0xD5, 0x03, 0xA5, 0x55, 0x98, 0xAA, 0x15, 0xE9, 0xC4, 0xD9, 0x44, 0x97, 0xB1, 0x5D, 0x33,
    0x64, 0xD4, 0xE3, 0x13, 0xEA, 0xA3, 0xE7, 0x1E, 0xFA, 0xFB, 0xA2, 0x7B, 0x51, 0xDA, 0xEE, 0x7D,
    0x34, 0xC7, 0xFF, 0xC0, 0xE8, 0x26, 0x5D, 0x3B, 0x09, 0xD2, 0x25, 0x5B, 0x21, 0xA7, 0x1E, 0x4B,
    0x12, 0xB4, 0x6F, 0xE0, 0x5E, 0x39, 0x23, 0x75, 0xF3, 0x1D, 0x82, 0x36, 0xD5, 0x2E, 0xC3, 0x49,
    0x8F, 0x86, 0x02, 0xE2, 0x1A, 0x7E, 0x8E, 0x39, 0x10, 0x1C, 0x26, 0x11, 0x6E, 0x56, 0x08, 0x31,
    0xAB, 0x65, 0xA1, 0x41, 0xA8, 0x0F, 0x43, 0x12, 0x98, 0x25, 0x11, 0x1F, 0xE3, 0x2C, 0x1F, 0x72,
    0x30, 0xD2, 0x41, 0x72, 0x6A, 0xA8, 0x90, 0x56, 0x03, 0x43, 0x44, 0xB6, 0x7A, 0x2C, 0x0D, 0x63,
    0x45, 0xC8, 0x51, 0x39, 0x63, 0xEC, 0x78, 0xA1, 0x5F, 0xB8, 0x88, 0x30, 0x61, 0x5B, 0x41, 0x47,
    0xDB, 0x0D, 0xC8, 0xB5, 0xC2, 0x5D, 0xC9, 0x80, 0x0A, 0xA7, 0xBE, 0xC7, 0x88, 0x70, 0x29, 0x59,
    0x1D, 0xD8, 0x2F, 0x00, 0x46, 0x4F, 0xA0, 0x9B, 0x67, 0xA8, 0x7A, 0xB7, 0x1B, 0x81, 0x47, 0xE6,
    0x39, 0x1B, 0xE8, 0x6C, 0xA2, 0xB3, 0x91, 0xCE, 0x66, 0x3A, 0xE7, 0x7F, 0x29, 0xAF, 0xFB, 0x01,
    0x0D, 0xC6, 0xD5, 0x8D, 0x34, 0x9D, 0x2B, 0xCC, 0x75, 0xFC, 0xF7, 0xCD, 0xD5, 0xDD, 0x24, 0x95,
    0x08, 0x16, 0x26, 0xAB, 0xEC, 0xB1, 0x34, 0x40, 0xEF, 0x50, 0xB0, 0x76, 0x5F, 0xB8, 0x17, 0x6A,
    0x68, 0x59, 0x6D, 0xFD, 0x5B, 0xBC, 0xD2, 0x37, 0xAE, 0xA7, 0xF4, 0xE0, 0x82, 0xC8, 0x20, 0x5E,
    0x9D, 0xCA, 0xBA, 0x43, 0x7C, 0xB4, 0x8C, 0xE3, 0x0E, 0x3D, 0x4F, 0x0A, 0xDF, 0x06, 0x4E, 0xEB,
    0xC2, 0x8A, 0x58, 0x61, 0x5A, 0xCF, 0x6C, 0x8F, 0x79, 0x24, 0x63, 0xCA, 0x1C, 0xD8, 0xDB, 0xBA,
    0x49, 0x8C, 0xF9, 0x55, 0xB8, 0x52, 0xBB, 0xA4, 0x78, 0xB7, 0x5F, 0xAA, 0x86, 0xBD, 0x41, 0x23,
    0x43, 0x87, 0x15, 0xDC, 0xBB, 0xE3, 0x15, 0x05, 0x36, 0x08, 0xFB, 0x47, 0x51, 0xF6, 0xF0, 0x85,
    0x20, 0x78, 0xE3, 0x1C, 0x4F, 0xFB, 0xB6, 0xF4, 0x14, 0xB4, 0x65, 0x3A, 0x46, 0xB8, 0x9B, 0x84,
    0x97, 0x12, 0xB3, 0x4C, 0x62, 0x2E, 0x41, 0xE8, 0x3B, 0xB8, 0xD5, 0x22, 0x89, 0xDD, 0x20, 0x9B,
    0xB6, 0xB2, 0xDB, 0x1F, 0x3E, 0xA6, 0x6B, 0x9D, 0x09, 0xE5, 0x63, 0xAB, 0x13, 0x71, 0x71, 0x0E,
    0x76, 0x8A, 0x46, 0x82, 0xFE, 0xD3, 0x04, 0x9B, 0x59, 0x1A, 0x06, 0x8F, 0xE8, 0xA1, 0x4C, 0x00,
    0x1D, 0x9B, 0x5B, 0xB1, 0x95, 0x1D, 0x2F, 0x6C, 0x5C, 0x25, 0x41, 0xA7, 0x0B, 0xFD, 0xC2, 0x6C,
    0x98, 0x83, 0x6E, 0x03, 0xB9, 0xE4, 0x85, 0x3E, 0x4C, 0x8B, 0x29, 0x6D, 0x79, 0xE1, 0xE1, 0x07,
    0x2D, 0x97, 0x97, 0x42, 0x62, 0xAF, 0xB6, 0xD8, 0x73, 0x88, 0xBD, 0x45, 0x34, 0x42, 0x5E, 0x6B,
    0xD0, 0x88, 0xCD, 0xC9, 0xED, 0x8B, 0xD6, 0xBC, 0x28, 0x8B, 0x17, 0xE3, 0xFB, 0x41, 0x00, 0x1A,
    0x5D, 0x64, 0x71, 0xE2, 0x5D, 0x64, 0xC5, 0x81, 0xEB, 0xB9, 0x56, 0x42, 0x4F, 0x9E, 0x70, 0x0A,
    0xDD, 0x77, 0x9E, 0xDC, 0xF0, 0x9F, 0x21, 0xE8, 0x04, 0xAB, 0x54, 0xB0, 0xCA, 0x51, 0xAB, 0x48,
    0x15, 0x1D, 0x0A, 0x80, 0x92, 0x54, 0xBC, 0x34, 0xFC, 0x2D, 0xE3, 0x43, 0x3D, 0x88, 0xB7, 0xAB,
    0x16, 0xBC, 0xD8, 0x52, 0x36, 0xF0, 0xB7, 0xCE, 0x7D, 0xEE, 0x99, 0x06, 0xEB, 0xB4, 0x4B, 0x3B,
    0xB4, 0x98, 0x6C, 0xE2, 0x67, 0x17, 0xAE, 0x70, 0x34, 0x6C, 0x72, 0x81, 0xAB, 0xE4, 0xCD, 0x7A,
    0x42, 0xD5, 0xAF, 0x87, 0x9E, 0xED, 0xAC, 0xA0, 0x1D, 0xCD, 0x5C, 0x4F, 0xAC, 0x6D, 0xCF, 0x02,
    0x3C, 0x09, 0xB5, 0xA5, 0x8E, 0x33, 0x0C, 0xF4, 0xB1, 0x0A, 0x2F, 0x03, 0x90, 0x70, 0x4B, 0x16,
    0x94, 0xDB, 0x6A, 0x05, 0x4B, 0x23, 0x5A, 0xB9, 0xB9, 0x2B, 0xFD, 0x3D, 0x0B, 0xB8, 0x54, 0xC8,
    0x29, 0xF4, 0x7D, 0x17, 0x1E, 0xBA, 0x4A, 0xED, 0xB9, 0xC8, 0x86, 0x5A, 0x6E, 0xF8, 0xF3, 0xA3,
    0xAE, 0xE7, 0x9F, 0xD5, 0xFD, 0xE7, 0x47, 0xEC, 0x3F, 0x5F, 0xB6, 0x3F, 0xE3, 0xFA, 0xE7, 0x86,
    0x6C, 0x2F, 0x6C, 0x25, 0xBC, 0xBB, 0x39, 0xB1, 0x05, 0xE9, 0x0F, 0xCE, 0xB1, 0x13, 0x56, 0xD3,
    0xA3, 0x26, 0x52, 0x1D, 0xF0, 0x2C, 0x64, 0xE8, 0x86, 0x9D, 0x03, 0x57, 0xE8, 0x85, 0x52, 0x0D,
    0xA0, 0xAC, 0x5C, 0x57, 0x4B, 0x08, 0x04, 0xAA, 0x7F, 0x9B, 0x05, 0x82, 0x35, 0x7C, 0x15, 0xC2,
    0x96, 0xAF, 0x28, 0xBB, 0xED, 0x5A, 0x4D, 0x20, 0x72, 0xED, 0xD2, 0x0E, 0x48, 0x90, 0x7E, 0x0B,
    0x42, 0xE8, 0x7A, 0xB2, 0x0D, 0x7C, 0x8E, 0x9B, 0x23, 0xEC, 0x6C, 0xD9, 0xA9, 0xAC, 0x4E, 0xBB,
    0x01, 0x7F, 0xDE, 0xB0, 0xA9, 0x51, 0xC4, 0x5B, 0x1A, 0x77, 0x74, 0x54, 0x15, 0x1A, 0x06, 0xD5,
    0x41, 0x36, 0xFE, 0x5B, 0x3D, 0xE1, 0x3B, 0xF5, 0xC5, 0x1F, 0x5F, 0xD2, 0x2C, 0xE2, 0xDF, 0x24,
    0x4B, 0xB6, 0x28, 0x15, 0x97, 0xA6, 0x60, 0xAD, 0x54, 0x98, 0x23, 0x5A, 0xC7, 0xA8, 0xBD, 0x55,
    0xB3, 0xB9, 0xD7, 0x17, 0x94, 0xC4, 0x59, 0x9B, 0x76, 0xEE, 0xC7, 0xBA, 0xBE, 0xF0, 0xB8, 0xD0,
    0x3E, 0x25, 0xC5, 0xEA, 0xC5, 0x9D, 0x84, 0x55, 0xA3, 0x97, 0xE3, 0x8C, 0xCC, 0x0F, 0x12, 0x6F,
    0xBC, 0x66, 0x92, 0x3A, 0x42, 0x65, 0x09, 0x20, 0x74, 0x7E, 0xEA, 0x59, 0xA0, 0x2A, 0x14, 0x50,
    0x68, 0x66, 0xFD, 0x22, 0x1A, 0xD2, 0xBB, 0xA0, 0xB7, 0xA4, 0x1D, 0x53, 0x96, 0x44, 0xA9, 0x4A,
    0x1A, 0x29, 0xCB, 0x88, 0x88, 0xE6, 0x3D, 0xF8, 0xC8, 0x82, 0x5D, 0xB6, 0xC2, 0xBA, 0x4C, 0x28,
    0x2F, 0x25, 0x0A, 0xD2, 0x8A, 0xE7, 0xAF, 0x84, 0x8F, 0xED, 0xEF, 0x2D, 0x25, 0x7D, 0x49, 0x83,
    0x5F, 0x5B, 0x02, 0xF2, 0xDE, 0x42, 0x3A, 0xD2, 0x4A, 0x7C, 0x9E, 0x74, 0xAB, 0x30, 0xAC, 0xF1,
    0xD9, 0x3C, 0x7B, 0x8E, 0x4E, 0xE8, 0x28, 0xB9, 0x97, 0x70, 0x4E, 0x5E, 0xB9, 0x60, 0xEB, 0x5F,
    0x5A, 0x97, 0xD1, 0x55, 0x11, 0xCD, 0x74, 0xCD, 0x75, 0xD5, 0xAE, 0x2C, 0xB1, 0x10, 0x73, 0x46,
    0xC6, 0x51, 0x38, 0x5A, 0xC6, 0xB9, 0xC4, 0x8A, 0xC7, 0x0F, 0xAF, 0x52, 0x42, 0x7E, 0x7F, 0x70,
    0x4E, 0xFA, 0xEE, 0x1C, 0xAC, 0xA5, 0xE2, 0xE6, 0x35, 0x60, 0x7B, 0xA9, 0x08, 0x49, 0xF8, 0xF7,
    0x55, 0x1E, 0x93, 0x80, 0x2D, 0x97, 0x14, 0xAB, 0xDF, 0x0B, 0xF5, 0x61, 0x2E, 0x8B, 0xD2, 0xD0,
    0x44, 0xBF, 0xFD, 0x5E, 0xE2, 0x4A, 0xF3, 0x6B, 0xCB, 0x78, 0x94, 0x5B, 0x8A, 0x3A, 0xE8, 0x43,
    0xA6, 0x6B, 0x21, 0xEB, 0x26, 0x64, 0xD2, 0x2F, 0x39, 0x70, 0x2B, 0xC7, 0x74, 0x75, 0x57, 0xFF,
    0xFB, 0x7D, 0xCA, 0x7F, 0xE7, 0x3E, 0x69, 0x42, 0x3D, 0x58, 0x8B, 0x1B, 0xDD, 0xB9, 0xEC, 0x86,
    0xA6, 0xEE, 0x88, 0xAA, 0x3B, 0xB1, 0xE7, 0xB8, 0xC2, 0x3A, 0x3F, 0x5F, 0x7C, 0xBB, 0xD5, 0x47,
    0xDC, 0x17, 0xAF, 0x8C, 0x3C, 0xE7, 0xC9, 0x89, 0xB4, 0xB8, 0x91, 0x27, 0x3E, 0xCE, 0x0C, 0x8A,
    0x7D, 0x4E, 0x02, 0x6E, 0xAE, 0x1E, 0xE8, 0x09, 0xA1, 0x90, 0xAE, 0x57, 0x41, 0x68, 0x4D, 0xF0,
    0x6C, 0xB1, 0x24, 0x96, 0x0A, 0x04, 0x56, 0xBD, 0x09, 0x65, 0xA6, 0x70, 0xD0, 0xE6, 0x11, 0x05,
    0x69, 0xF1, 0x04, 0x4E, 0x3F, 0x49, 0x1F, 0x69, 0xA4, 0x93, 0x14, 0xE1, 0xCB, 0x92, 0xA9, 0x39,
    0x91, 0xA4, 0x46, 0x84, 0xAF, 0x04, 0x85, 0xE0, 0xFB, 0xAB, 0x0A, 0x3F, 0x98, 0x55, 0x90, 0xB7,
    0x49, 0x50, 0x78, 0xB2, 0x10, 0xCB, 0x68, 0x30, 0xE0, 0x56, 0x13, 0x14, 0xA7, 0x5C, 0x7B, 0x96,
    0xCD, 0x3D, 0x87, 0xAE, 0xA6, 0xEA, 0x7D, 0x8C, 0x8C, 0x87, 0x7A, 0x5F, 0xB2, 0xB9, 0xB2, 0xFD,
    0xB5, 0x74, 0x7B, 0x27, 0xDC, 0x46, 0x84, 0xC9, 0x84, 0x4E, 0xE9, 0x89, 0x1E, 0x54, 0x99, 0xAB,
    0x92, 0x57, 0x0F, 0xF8, 0x7E, 0x73, 0xD5, 0x7B, 0x41, 0xCB, 0x4E, 0xDC, 0xCF, 0x1D, 0xAF, 0x08,
    0xCB, 0x73, 0xE5, 0x7E, 0x3D, 0xDF, 0x57, 0xCD, 0x08, 0x2D, 0x5F, 0x89, 0x6A, 0x41, 0x71, 0x92,
    0x6E, 0x58, 0x77, 0x35, 0x1F, 0x4F, 0xE5, 0x0E, 0x0A, 0x66, 0xE1, 0xA7, 0xE0, 0x46, 0x79, 0xF8,
    0x3E, 0x34, 0x2F, 0x82, 0x0F, 0x12, 0xD9, 0xFD, 0x9B, 0x58, 0x89, 0x65, 0xB0, 0xDE, 0x3C, 0xD6,
    0xC8, 0xBA, 0xC7, 0x51, 0x88, 0x82, 0x85, 0xD5, 0x19, 0x74, 0x6D, 0xB0, 0xB6, 0x41, 0x54, 0xA0,
    0xAC, 0x49, 0x58, 0x05, 0xFA, 0x0D, 0x21, 0x4A, 0x2B, 0x27, 0x13, 0xFF, 0xC6, 0xA8, 0xB2, 0x5A,
    0x9C, 0x80, 0xC2, 0x3D, 0x1D, 0x92, 0x96, 0x89, 0x24, 0x25, 0x44, 0xA2, 0xE4, 0xF0, 0x1E, 0xBF,
    0x5E, 0x28, 0x9F, 0x62, 0xCE, 0xC8, 0x80, 0x28, 0x77, 0xA4, 0xF5, 0x07, 0x00, 0x91, 0x62, 0xEB,
    0x55, 0x8D, 0xA5, 0xCB, 0xD1, 0xD1, 0xB5, 0x57, 0x94, 0xD4, 0x05, 0xB4, 0xED, 0x99, 0x3C, 0x2E,
    0x30, 0x7B, 0x85, 0xB7, 0x05, 0x3B, 0x96, 0xBF, 0xFB, 0xCA, 0xFF, 0x32, 0x62, 0x72, 0x93, 0x04,
    0xC1, 0x4F, 0x82, 0x06, 0xE5, 0x1B, 0x26, 0xBC, 0x1C, 0xF4, 0x56, 0x22, 0x3E, 0xCD, 0x67, 0x7A,
    0xEF, 0x69, 0xFF, 0xAE, 0x53, 0xEB, 0xB7, 0x98, 0x5A, 0xFF, 0x0F, 0xED, 0x77, 0x31, 0xB3, 0xE5,
    0xD8, 0x71, 0xDE, 0x01, 0xB0, 0x6F, 0x60, 0x2D, 0x64, 0x41, 0x01, 0x97, 0x45, 0x72, 0xE8, 0x42,
    0xE2, 0x88, 0x45, 0x13, 0x89, 0x02, 0x07, 0x14, 0x01, 0xD2, 0x81, 0x03, 0x05, 0x9E, 0x60, 0xC7,
    0x55, 0x26, 0x03, 0x31, 0x50, 0x20, 0x16, 0x83, 0x51, 0xC8, 0x80, 0x45, 0x80, 0xE4, 0x0F, 0xF0,
    0x64, 0x0E, 0xCD, 0x80, 0xD1, 0x3A, 0x18, 0x06, 0x0E, 0x1C, 0x98, 0x0B, 0x98, 0x0C, 0x9D, 0xC0,
    0x54, 0xE0, 0x40, 0x81, 0x50, 0xA5, 0x75, 0xB9, 0x8A, 0xC9, 0x42, 0x26, 0x28, 0x62, 0x76, 0x01,
    0x1C, 0x77, 0xF7, 0xD7, 0x7D, 0x70, 0xDF, 0x7D, 0x6F, 0xDE, 0x7B, 0x3B, 0xDC, 0x59, 0x72, 0x97,
    0xEF, 0xD5, 0xCC, 0x3D, 0x8D, 0x7B, 0x81, 0x83, 0x3E, 0xDD, 0x5F, 0x7F, 0xFD, 0xB5, 0x73, 0xCE,
    0xE5, 0xDE, 0xFB, 0xDE, 0xF1, 0x5F, 0x41, 0xD6, 0x20, 0x56, 0x19, 0xBE, 0xAB, 0x82, 0xC5, 0xDF,
    0xB5, 0xEE, 0x83, 0xFD, 0x7D, 0xBB, 0x56, 0x23, 0x0D, 0x8F, 0x16, 0xC1, 0xAA, 0x74, 0x63, 0xE7,
    0x3A, 0xB3, 0x22, 0x73, 0xC0, 0x25, 0xC1, 0x4A, 0xBD, 0x1F, 0x61, 0xE5, 0xBB, 0x9F, 0x60, 0x95,
    0xBF, 0x36, 0xAB, 0x9A, 0xCC, 0xF2, 0x83, 0x9F, 0x75, 0x93, 0xDE, 0x2F, 0xBA, 0x49, 0xDD, 0xAD,
    0x62, 0x65, 0xDE, 0xA9, 0x95, 0x6F, 0xAE, 0x81, 0x55, 0x2E, 0xAE, 0xD9, 0xC4, 0x6A, 0x26, 0x57,
    0xED, 0xD8, 0x64, 0x24, 0xB7, 0xD8, 0x88, 0xC9, 0x25, 0x58, 0x09, 0x39, 0x0C, 0x2B, 0xF3, 0xFC,
    0x57, 0x6B, 0xA4, 0x10, 0x8D, 0x4A, 0x2C, 0x76, 0xBF, 0x09, 0x96, 0x37, 0x2B, 0x66, 0xCF, 0x73,
    0x3E, 0x48, 0xC2, 0x97, 0x39, 0x2E, 0x5B, 0xDE, 0x69, 0xE4, 0x4D, 0x64, 0x4F, 0x72, 0x5F, 0x5E,
    0x9E, 0xB2, 0x25, 0x4E, 0x66, 0xFE, 0x39, 0xBF, 0xEB, 0x29, 0x87, 0xC3, 0x8F, 0xB4, 0xEF, 0x2C,
    0xAF, 0x9E, 0x3A, 0xFA, 0x2F, 0xE9, 0x9A, 0xF8, 0xBF, 0x38, 0x31, 0xC2, 0xAB, 0x1E, 0x69, 0x1C,
    0xE0, 0x59, 0x1F, 0x12, 0x58, 0xA8, 0xBF, 0x37, 0xFC, 0xC5, 0xBE, 0x2D, 0x57, 0x7E, 0x60, 0xE6,
    0xF0, 0x79, 0xCF, 0x31, 0x4E, 0xBD, 0x6C, 0xCD, 0x5B, 0xD2, 0x9E, 0x95, 0x1F, 0x1A, 0xDA, 0xAC,
    0xDB, 0xD9, 0xF7, 0xC8, 0xAF, 0xB4, 0xD4, 0x89, 0xBC, 0x9F, 0x6E, 0x1C, 0xE9, 0x49, 0x72, 0xA1,
    0xE7, 0x33, 0xF0, 0xD1, 0xAA, 0x8D, 0xBE, 0xA8, 0xF9, 0x1C, 0x1C, 0x33, 0x2F, 0x4B, 0x4C, 0xE9,
    0xA0, 0x9F, 0x13, 0x5A, 0x9A, 0x9D, 0x6E, 0x9E, 0x39, 0xEE, 0x05, 0xED, 0xD0, 0x6D, 0xF4, 0xF3,
    0xC4, 0x3B, 0xFB, 0x6E, 0xFA, 0x17, 0x8D, 0x4F, 0xF6, 0xE6, 0xD7, 0xBE, 0xF1, 0xCF, 0x56, 0x3A,
    0x73, 0x25, 0x07, 0xDE, 0x68, 0xA1, 0xB7, 0xAF, 0x74, 0x9E, 0xBA, 0xF1, 0x53, 0xEE, 0xF9, 0x89,
    0x36, 0xA1, 0xD7, 0x16, 0x94, 0xBA, 0x37, 0x28, 0xD9, 0xE7, 0xC7, 0x8B, 0x29, 0x24, 0x40, 0x58,
    0x3E, 0xB9, 0x18, 0x18, 0x2A, 0x16, 0x97, 0xAB, 0xB5, 0x47, 0xDD, 0x01, 0x76, 0x3C, 0x4B, 0xC7,
    0xDC, 0x03, 0xD4, 0x96, 0x00, 0x44, 0x05, 0x9D, 0x7B, 0xB8, 0xDF, 0x11, 0xEC, 0x5F, 0x77, 0x01,
    0xEC, 0xF5, 0xC7, 0x0B, 0xEC, 0xD1, 0x8D, 0x60, 0xCF, 0x5F, 0x1E, 0xEC, 0xD9, 0x87, 0x0D, 0xF6,
    0x93, 0x24, 0x0F, 0x92, 0xE1, 0x64, 0x90, 0xF4, 0x16, 0x43, 0xC8, 0x6D, 0x01, 0x67, 0xF9, 0x51,
    0x84, 0x76, 0x3D, 0xC9, 0x67, 0xB1, 0x7D, 0xE2, 0x0B, 0xA1, 0x33, 0x23, 0x0B, 0xE0, 0x2B, 0xAF,
    0x81, 0xA1, 0xBF, 0x16, 0x86, 0xA3, 0x3D, 0x7A, 0x13, 0x0C, 0x9B, 0x49, 0xC1, 0xF7, 0xC1, 0x61,
    0x58, 0x7D, 0x32, 0x38, 0x17, 0x81, 0xB6, 0xA0, 0xA6, 0xAB, 0x61, 0xA8, 0x9C, 0xCC, 0x6A, 0x2C,
    0xCE, 0xCE, 0x5F, 0xB5, 0x22, 0x8B, 0x38, 0xFB, 0xBD, 0x04, 0x5E, 0x98, 0x42, 0x92, 0xEC, 0x15,
    0xE9, 0x5E, 0x7F, 0x8C, 0x91, 0x99, 0xED, 0x82, 0xCC, 0x18, 0x27, 0xCC, 0x70, 0xBC, 0x02, 0x47,
    0xAF, 0x10, 0x8B, 0xA6, 0x3D, 0x0D, 0xA5, 0x86, 0xC5, 0x23, 0x12, 0x1D, 0x2E, 0x15, 0xB2, 0xD9,
    0x39, 0x0D, 0x27, 0x8A, 0xF3, 0xB2, 0xBF, 0x14, 0xDD, 0x4C, 0x37, 0x69, 0xB0, 0xC6, 0x8A, 0xF3,
    0x5C, 0xD8, 0x80, 0x77, 0x03, 0x60, 0x15, 0x7B, 0xEE, 0x2B, 0xB7, 0xB4, 0xC7, 0x27, 0xFE, 0x1D,
    0x69, 0x02, 0xC8, 0x3B, 0x83, 0x83, 0xCE, 0x07, 0x54, 0xAE, 0x8A, 0xC4, 0x95, 0xBF, 0x7E, 0x87,
    0x11, 0x9E, 0x72, 0x23, 0x21, 0xA6, 0xCD, 0xF9, 0x25, 0xB4, 0x8A, 0xEB, 0xD5, 0x4C, 0x27, 0x11,
    0xF2, 0x76, 0xD2, 0x67, 0xAA, 0x21, 0x16, 0x4A, 0xFA, 0x0A, 0x65, 0x68, 0x56, 0x97, 0x27, 0x6D,
    0x44, 0xA3, 0x76, 0x0D, 0x53, 0x61, 0xC3, 0xA5, 0xA2, 0x7D, 0xD1, 0xDA, 0xBC, 0x60, 0xAD, 0xC2,
    0xF3, 0xA3, 0xAE, 0xFC, 0x9E, 0x3F, 0xA1, 0x95, 0x33, 0x52, 0xD1, 0xFE, 0x1B, 0x1F, 0x89, 0x63,
    0xD3, 0x32, 0x54, 0xE8, 0x54, 0xFB, 0x5B, 0x9E, 0x51, 0x10, 0x8E, 0x25, 0xA0, 0x47, 0x99, 0xF5,
    0x38, 0xF6, 0x86, 0xD4, 0x50, 0xA5, 0x30, 0x90, 0x1F, 0x3F, 0xBA, 0x14, 0xAD, 0x48, 0xF2, 0x98,
    0xC8, 0xB1, 0xF2, 0xF5, 0x20, 0xDC, 0x0A, 0x4F, 0x81, 0x89, 0x27, 0x29, 0xF0, 0x41, 0x0E, 0x5E,
    0x87, 0x1B, 0x73, 0x89, 0x41, 0xDA, 0xDF, 0x90, 0x8B, 0xA8, 0x5B, 0xC0, 0x03, 0xB5, 0x78, 0xD0,
    0x8B, 0xA3, 0xBD, 0x0A, 0xD8, 0xCA, 0x7F, 0x95, 0x4E, 0x41, 0xAF, 0x28, 0x2F, 0xBD, 0x22, 0x95,
    0x58, 0x08, 0x01, 0xD0, 0x93, 0xB5, 0x44, 0x15, 0xB1, 0x38, 0x50, 0xD0, 0x9C, 0x7C, 0x76, 0xE1,
    0xF3, 0x33, 0x74, 0x6C, 0xE7, 0xFE, 0x3B, 0x7D, 0xB6, 0x29, 0x43, 0xFA, 0x3D, 0x29, 0x05, 0x8E,
    0x4B, 0xE9, 0x8D, 0x14, 0xC4, 0x85, 0x4D, 0x02, 0xC2, 0x21, 0xBE, 0x78, 0xD3, 0x5C, 0xFD, 0xB4,
    0x72, 0x43, 0x37, 0x6A, 0x6F, 0xD1, 0x1A, 0x50, 0xA5, 0x51, 0xAA, 0xF6, 0xE8, 0x7E, 0x23, 0xEE,
    0x91, 0xAB, 0xF2, 0x3C, 0x55, 0x6D, 0xC5, 0xAE, 0x73, 0xED, 0x71, 0x0C, 0x9B, 0xD1, 0xA5, 0xB2,
    0x2F, 0x9D, 0xFD, 0x1E, 0x9D, 0xBF, 0x2D, 0x3A, 0xB3, 0xF5, 0x48, 0xB9, 0x9C, 0x39, 0x92, 0x76,
    0x92, 0x40, 0x3E, 0x6F, 0x9C, 0xAA, 0x6A, 0xE6, 0xF8, 0x77, 0x23, 0x45, 0x9F, 0x48, 0x37, 0x5B,
    0x88, 0x80, 0x5D, 0xB2, 0xB8, 0x88, 0x2E, 0x9F, 0x7E, 0xCC, 0x11, 0x79, 0x61, 0x6D, 0xA6, 0xD7,
    0x36, 0x3D, 0xAA, 0xE0, 0x1C, 0x2F, 0x65, 0x37, 0xD7, 0xAC, 0xE4, 0x2A, 0x19, 0x52, 0xA3, 0xDD,
    0x47, 0xF7, 0x3C, 0xF9, 0x21, 0x20, 0x31, 0x93, 0x93, 0x54, 0x6B, 0xA0, 0x43, 0xA7, 0xF2, 0x14,
    0xB6, 0xFC, 0xDA, 0x89, 0x37, 0x6F, 0xB8, 0x4F, 0x02, 0x13, 0x3E, 0x68, 0x5D, 0x24, 0xD4, 0x57,
    0x92, 0x56, 0x91, 0x0D, 0xCB, 0x59, 0x8F, 0x5F, 0xAC, 0x11, 0xE2, 0x9D, 0xFB, 0x14, 0x60, 0x4B,
    0xFC, 0xBB, 0x9B, 0x49, 0xD2, 0xD9, 0x44, 0xD1, 0x60, 0x9A, 0x48, 0x1B, 0x75, 0x6E, 0x0A, 0x3E,
    0xFA, 0xF1, 0x6D, 0x60, 0x34, 0x34, 0x06, 0x38, 0x06, 0x3C, 0x1A, 0x20, 0x03, 0x22, 0x03, 0x24,
    0x03, 0x26, 0x03, 0x28, 0x03, 0x2A, 0x0D, 0x96, 0xCE, 0x70, 0xE9, 0x0C, 0x98, 0x01, 0x99, 0x01,
    0x9A, 0x01, 0x9B, 0x01, 0x9C, 0x87, 0xF4, 0xBE, 0xC1, 0x68, 0x5E, 0x6C, 0x54, 0xC7, 0x3E, 0xA3,
    0xBB, 0x04, 0xD3, 0x80, 0xD3, 0x00, 0xD4, 0x80, 0xD4, 0x00, 0xD5, 0x80, 0xD5, 0x03, 0xAC, 0x01,
    0xAD, 0x07, 0x5C, 0x03, 0x5E, 0x2F, 0x51, 0xE7, 0xA7, 0xB0, 0xB9, 0x60, 0x8D, 0x6A, 0x51, 0x38,
    0x44, 0x7A, 0x76, 0x33, 0x70, 0x78, 0x78, 0x2A, 0x65, 0xD7, 0xCA, 0xF7, 0x25, 0x8B, 0x39, 0x5A,
    0x5C, 0x06, 0x44, 0x27, 0x08, 0x4C, 0x6C, 0xCA, 0xEE, 0x16, 0xB5, 0x65, 0xC8, 0x56, 0x68, 0x03,
    0xDB, 0x0A, 0x6E, 0x85, 0x99, 0xC2, 0x1B, 0xF8, 0x56, 0x80, 0x2B, 0xC2, 0x15, 0xE2, 0xC6, 0x5D,
    0x00, 0xB9, 0xA2, 0x5C, 0x61, 0x6E, 0xBA, 0xAF, 0xB9, 0xB4, 0x74, 0xC7, 0xF2, 0x19, 0xA7, 0x60,
    0x57, 0xB4, 0x2B, 0xDC, 0x15, 0xEF, 0x0A, 0x78, 0x73, 0x25, 0x09, 0x65, 0x2E, 0x29, 0x39, 0xC8,
    0xF6, 0x8B, 0xF4, 0xF6, 0x16, 0x48, 0xA6, 0x5F, 0x27, 0x58, 0x6D, 0xA2, 0xB9, 0xF4, 0x43, 0xEE,
    0x15, 0xDE, 0x53, 0xA5, 0xB3, 0x43, 0xB5, 0x85, 0x89, 0xCB, 0xDB, 0xB4, 0x96, 0xFA, 0x3D, 0xCC,
    0xA6, 0x36, 0x25, 0x98, 0xA2, 0xA0, 0xBF, 0xCF, 0xBD, 0x38, 0x98, 0xD1, 0xB7, 0x2D, 0x91, 0x9D,
    0x8D, 0x4F, 0x18, 0xA4, 0x96, 0x30, 0x48, 0x79, 0xC8, 0x10, 0xCC, 0x0F, 0xAE, 0xFC, 0x4F, 0x7E,
    0x7A, 0x08, 0x58, 0xF0, 0x4C, 0xD4, 0xF8, 0x55, 0x51, 0x9D, 0xC9, 0x09, 0x19, 0xD6, 0x89, 0x3C,
    0x22, 0xFD, 0x41, 0xAD, 0x9E, 0xB7, 0x6F, 0x79, 0xC3, 0x5E, 0x81, 0x5A, 0x22, 0x41, 0xF2, 0xD1,
    0x06, 0xAB, 0x0E, 0x96, 0x61, 0xBD, 0x09, 0x56, 0x17, 0x2C, 0x54, 0x97, 0x58, 0x9B, 0xC3, 0x06,
    0xA0, 0xC5, 0x86, 0x36, 0x80, 0xD5, 0x91, 0x85, 0xE2, 0x63, 0x0F, 0x78, 0x58, 0xA1, 0x1F, 0x04,
    0xDC, 0x33, 0x7F, 0xAC, 0x3A, 0xD0, 0xA5, 0xFC, 0x43, 0x8A, 0x3C, 0x4D, 0x36, 0xEE, 0xB1, 0xDF,
    0x52, 0x9D, 0x12, 0x5E, 0x3E, 0x06, 0xC4, 0x18, 0x39, 0x1F, 0x75, 0x12, 0x17, 0x0C, 0x93, 0xA3,
    0x85, 0xCA, 0x87, 0x49, 0x73, 0x36, 0x6B, 0x57, 0x4C, 0xFA, 0xFD, 0xA8, 0x8E, 0x6F, 0x2F, 0xEE,
    0xB9, 0x56, 0xFC, 0x1E, 0xA9, 0xAA, 0xF3, 0x3E, 0x46, 0x0E, 0xE9, 0xD6, 0x04, 0xDF, 0xD1, 0x33,
    0x89, 0x26, 0xBD, 0xDA, 0xAD, 0xA9, 0x36, 0x5B, 0xA6, 0xE9, 0x6F, 0xD6, 0x4C, 0x33, 0xDC, 0xAD,
    0xB9, 0x72, 0x89, 0x5F, 0x72, 0xCD, 0xB5, 0x9F, 0x8B, 0x5E, 0x89, 0x71, 0xCA, 0x5A, 0xC1, 0xC3,
    0xF7, 0x95, 0x71, 0x4A, 0xFF, 0x4F, 0x0A, 0x1C, 0xCD, 0xA4, 0xC3, 0x68, 0x68, 0x43, 0x8F, 0x5A,
    0x32, 0x20, 0xB6, 0x0A, 0xF2, 0x5C, 0x5C, 0xC2, 0x98, 0x68, 0x45, 0x5A, 0x78, 0x53, 0x03, 0xA5,
    0xD6, 0x6F, 0xAF, 0xAA, 0x5D, 0x46, 0xC6, 0x15, 0xEF, 0xAA, 0xB5, 0x69, 0xE9, 0xE0, 0x08, 0x4B,
    0xC1, 0x29, 0xE3, 0xE3, 0xAC, 0x55, 0x95, 0xA9, 0x85, 0x21, 0x92, 0x5F, 0xBB, 0x29, 0x5F, 0xD9,
    0x28, 0x29, 0x01, 0x97, 0x69, 0x52, 0xAC, 0x67, 0x6B, 0x67, 0x11, 0xE7, 0x99, 0x12, 0xD6, 0x00,
    0x1C, 0xEA, 0x64, 0x29, 0xBE, 0x6C, 0x40, 0x96, 0xE8, 0x17, 0xCC, 0x16, 0xDC, 0x29, 0xA3, 0xFA,
    0x77, 0x8D, 0xFB, 0xEB, 0xD0, 0x5E, 0x9F, 0xA1, 0x3D, 0x01, 0x05, 0x93, 0x95, 0xC2, 0x27, 0xB3,
    0x66, 0xB6, 0x32, 0xF0, 0xF2, 0x65, 0xDC, 0xC7, 0x27, 0xB8, 0x5F, 0xEE, 0x84, 0xFB, 0xEC, 0x04,
    0xF7, 0xE3, 0xAB, 0xC5, 0x3D, 0x5A, 0xEC, 0x6E, 0xF1, 0x36, 0x14, 0x5E, 0x5A, 0x8D, 0x70, 0x15,
    0x4C, 0x4E, 0x9A, 0x2D, 0x90, 0xB9, 0x9E, 0xAC, 0x85, 0xE6, 0x88, 0x1E, 0x9C, 0x0C, 0xE9, 0xD2,
    0x0D, 0x7E, 0x20, 0xE8, 0x66, 0x94, 0x0F, 0x8A, 0xF1, 0xFE, 0x40, 0xB8, 0x64, 0xB4, 0x55, 0x74,
    0xD7, 0x8A, 0x6D, 0x7E, 0x76, 0x11, 0x3C, 0x33, 0xAE, 0x19, 0xCD, 0x29, 0x3D, 0xCB, 0xAF, 0xE7,
    0xCC, 0x31, 0x92, 0x0B, 0xC8, 0x23, 0xE9, 0x0C, 0x50, 0xA7, 0xF2, 0x08, 0xAF, 0x12, 0x51, 0xC3,
    0x2F, 0xAD, 0x82, 0x5E, 0xC3, 0xAE, 0x21, 0xB7, 0x63, 0xDC, 0xFE, 0x63, 0x17, 0x50, 0xDB, 0x08,
    0x66, 0xF7, 0x80, 0x58, 0xC3, 0x2B, 0xD0, 0xDA, 0x1F, 0x58, 0x3D, 0x41, 0xAA, 0x9E, 0x9B, 0xD2,
    0xEA, 0xAD, 0x53, 0x9E, 0x18, 0x8B, 0x19, 0x93, 0xFB, 0x80, 0x7F, 0x48, 0x61, 0x2F, 0xFB, 0x9A,
    0x2C, 0xBB, 0xF4, 0x4D, 0x0B, 0x59, 0x24, 0x06, 0xA3, 0x46, 0xF8, 0x89, 0x8D, 0xD8, 0x3B, 0x60,
    0x26, 0x36, 0xBC, 0xC7, 0xBB, 0x19, 0x48, 0x51, 0xEF, 0xA2, 0x1F, 0x39, 0x25, 0x79, 0xF0, 0x41,
    0x7B, 0x26, 0xCE, 0xB4, 0xC9, 0x02, 0x53, 0xAB, 0xD5, 0xE1, 0x6A, 0x8E, 0x05, 0x63, 0x36, 0x63,
    0x3C, 0xC4, 0xAF, 0x53, 0xB0, 0x3B, 0x45, 0x38, 0x8C, 0xD9, 0x5A, 0x21, 0x45, 0xA2, 0xA8, 0x8D,
    0xCC, 0x7B, 0x45, 0x77, 0xD7, 0x5B, 0x65, 0xF6, 0x48, 0x6F, 0x62, 0x75, 0x99, 0xB2, 0x4B, 0x8D,
    0xE2, 0x39, 0x00, 0x1B, 0xB8, 0xDE, 0xED, 0x97, 0x55, 0x79, 0x02, 0xAF, 0xEB, 0xE4, 0x0B, 0xD1,
    0x42, 0x91, 0xFC, 0x18, 0x07, 0x75, 0x3F, 0xDF, 0x24, 0x58, 0x66, 0xE0, 0x17, 0x27, 0x42, 0xC0,
    0x07, 0x01, 0xF6, 0xC8, 0x54, 0x4F, 0x9F, 0x7E, 0x8E, 0xFD, 0x48, 0x62, 0x97, 0x54, 0x10, 0x49,
    0x80, 0x98, 0x4B, 0x9D, 0x74, 0x54, 0x9B, 0xF3, 0x44, 0xE1, 0x8A, 0x9D, 0x31, 0x59, 0x6E, 0x11,
    0xB3, 0xC0, 0x5A, 0x08, 0xED, 0xAA, 0x87, 0xB3, 0x7C, 0x8A, 0xC4, 0x9F, 0x41, 0xA1, 0xEE, 0x9F,
    0x49, 0xFD, 0x7C, 0x85, 0x3F, 0x49, 0x5A, 0x54, 0x0C, 0x50, 0x3A, 0xD4, 0x2F, 0xFD, 0x26, 0xB5,
    0x30, 0xCB, 0x6B, 0x07, 0x76, 0x61, 0xBF, 0x66, 0x04, 0xB4, 0xBF, 0x2F, 0x3B, 0xF7, 0xC7, 0x62,
    0xEC, 0x62, 0x73, 0xE0, 0x5D, 0xA4, 0x68, 0x1C, 0x8A, 0xC5, 0x60, 0x39, 0x19, 0xA0, 0x06, 0xAB,
    0xF0, 0x5A, 0xD3, 0xBE, 0x59, 0xBE, 0x9E, 0xDE, 0xC3, 0xF2, 0x95, 0xC3, 0x12, 0x7F, 0x5F, 0x72,
    0xEE, 0x9F, 0xD3, 0x7E, 0xCE, 0xFD, 0x39, 0x2B, 0xC9, 0x88, 0x21, 0x3A, 0x3E, 0x04, 0x38, 0x17,
    0xF1, 0x59, 0x34, 0x0E, 0x48, 0x71, 0x17, 0xEF, 0x87, 0x8F, 0x3B, 0x5C, 0x8D, 0x2A, 0x5D, 0x69,
    0x2C, 0xD8, 0x69, 0x40, 0x4E, 0x52, 0x73, 0x9E, 0x91, 0xD8, 0x28, 0x33, 0x32, 0x14, 0xC8, 0xFC,
    0x72, 0x8F, 0xD2, 0x57, 0x8D, 0xD2, 0x4C, 0x5E, 0x06, 0xA1, 0x08, 0x91, 0x28, 0x0E, 0xA9, 0x7F,
    0x70, 0xA5, 0x1B, 0x54, 0xAF, 0x7D, 0xFC, 0xE9, 0xF4, 0x1E, 0x2A, 0x2F, 0x03, 0x95, 0xD5, 0x2A,
    0x7A, 0xB4, 0x22, 0xD5, 0x03, 0xA5, 0xF6, 0x4B, 0x3E, 0x9F, 0x17, 0x7D, 0x15, 0x0C, 0xA3, 0xC3,
    0xCA, 0xB4, 0x65, 0xE8, 0x44, 0xB9, 0x0F, 0xCC, 0x30, 0xFC, 0xBE, 0xA1, 0x68, 0x39, 0x50, 0xE4,
    0x25, 0x51, 0x7C, 0xD4, 0x8B, 0xBF, 0x94, 0x08, 0x94, 0x92, 0xD8, 0x46, 0x5C, 0x97, 0xA3, 0xC4,
    0x90, 0x80, 0x2A, 0x04, 0x55, 0x05, 0xD6, 0x4E, 0x87, 0x90, 0x08, 0x62, 0xBB, 0x44, 0x8C, 0xA2,
    0x9F, 0x38, 0xF7, 0x3D, 0x09, 0xDE, 0x42, 0x29, 0x65, 0xAC, 0x64, 0x5B, 0x98, 0xE8, 0xEA, 0x4A,
    0x1B, 0xFA, 0xFF, 0xB0, 0xF1, 0xF0, 0x37, 0x8A, 0xA2, 0x46, 0x15, 0x3B, 0x45, 0x4F, 0x83, 0x96,
    0xE9, 0x2D, 0x74, 0xB7, 0x51, 0xEE, 0xB7, 0xEE, 0xA9, 0xF2, 0x55, 0x36, 0x74, 0x6E, 0x49, 0x15,
    0xED, 0xC6, 0x30, 0xAA, 0x25, 0xCF, 0x5D, 0x9F, 0xCB, 0xCC, 0x37, 0x54, 0x32, 0x75, 0x4D, 0x82,
    0xE3, 0xF2, 0x7D, 0x39, 0x79, 0x8E, 0x8C, 0x65, 0x36, 0x1F, 0x4C, 0x2A, 0xD5, 0x90, 0x88, 0xFA,
    0xB6, 0x54, 0xA1, 0x18, 0xB4, 0x1A, 0x50, 0x0E, 0x5A, 0x0F, 0x5A, 0x10, 0x5A, 0x11, 0x28, 0x09,
    0x87, 0x9A, 0x70, 0x28, 0x0A, 0x87, 0xAA, 0x70, 0x28, 0x0B, 0xAD, 0x0B, 0x2D, 0x0C, 0xAD, 0x0C,
    0x2D, 0x0D, 0xAD, 0x0D, 0x2D, 0x0E, 0xAD, 0x0E, 0x2D, 0x0F, 0xAD, 0x0F, 0x2D, 0x10, 0xAD, 0x10,
    0x2D, 0x11, 0x65, 0x5A, 0x2D, 0x12, 0xE3, 0x5A, 0x25, 0xDB, 0x53, 0xF1, 0x7A, 0xF1, 0xF4, 0x9C,
    0x07, 0x0E, 0x1D, 0xAA, 0x41, 0xC8, 0xBD, 0x42, 0x86, 0x5C, 0x52, 0xF5, 0x3A, 0x35, 0x0B, 0xF2,
    0xDA, 0x17, 0x2B, 0xA2, 0xA0, 0x5C, 0x43, 0x3A, 0x37, 0x9E, 0x4D, 0x66, 0xBC, 0x28, 0x86, 0xDF,
    0xF6, 0xEF, 0xD5, 0x08, 0xBD, 0xC7, 0xCB, 0x14, 0xE3, 0x9A, 0xE9, 0xD6, 0x32, 0xDD, 0xF2, 0x2F,
    0xEF, 0x10, 0xE0, 0x6B, 0x3A, 0xC0, 0x8E, 0xD2, 0xCD, 0xF9, 0x54, 0x89, 0x9C, 0x93, 0xCE, 0x95,
    0xEE, 0x7C, 0x26, 0x2E, 0x01, 0xDA, 0x47, 0x8E, 0x98, 0xAE, 0x0A, 0xC4, 0x6C, 0x3C, 0x80, 0x98,
    0x99, 0x7C, 0xC9, 0xCD, 0x28, 0xAC, 0x38, 0x4B, 0x53, 0x74, 0x95, 0xD5, 0xC5, 0x25, 0x83, 0x33,
    0xDA, 0x37, 0x82, 0x48, 0x35, 0xB2, 0x53, 0xA3, 0x66, 0x23, 0x7A, 0xA6, 0x13, 0xA9, 0x13, 0x62,
    0xE3, 0x0D, 0x63, 0x31, 0x26, 0xC0, 0xAA, 0x84, 0xCB, 0x13, 0xBD, 0x74, 0x75, 0x32, 0xB6, 0x66,
    0x0C, 0x1A, 0x06, 0x47, 0xE2, 0xE5, 0x6A, 0x10, 0xC5, 0xF9, 0x56, 0xC7, 0x7B, 0x74, 0x16, 0x8C,
    0xC2, 0x62, 0x10, 0x07, 0x8C, 0x97, 0xDE, 0x58, 0xE6, 0xF1, 0xE3, 0x03, 0x88, 0x7F, 0xAD, 0x46,
    0xB1, 0xB9, 0xB3, 0x3A, 0xF6, 0x5A, 0xE2, 0xB1, 0x65, 0x30, 0xF3, 0x7A, 0xEE, 0x62, 0xD5, 0x06,
    0x50, 0x4D, 0x05, 0x8A, 0xD4, 0x0F, 0xF9, 0xA2, 0x24, 0x87, 0x54, 0x52, 0x48, 0x13, 0xFC, 0xF4,
    0xE8, 0xC5, 0xA9, 0x3C, 0xAA, 0x61, 0x7F, 0xA4, 0xF1, 0x04, 0xE2, 0x22, 0x3B, 0x46, 0x7A, 0x9C,
    0x67, 0x68, 0xB6, 0x0E, 0xEE, 0x15, 0x72, 0x8C, 0xC6, 0x88, 0x95, 0x94, 0x0D, 0x0C, 0x11, 0x07,
    0x40, 0x98, 0x80, 0x59, 0x8C, 0xCA, 0x7E, 0x6A, 0x36, 0xC8, 0x55, 0xA5, 0x9C, 0x66, 0xFF, 0x06,
    0xD2, 0x59, 0x7A, 0x3D, 0x5F, 0x16, 0xE2, 0xA3, 0x40, 0x27, 0x37, 0x42, 0x2F, 0x33, 0xB6, 0xB3,
    0x28, 0x35, 0xC1, 0x38, 0x88, 0xF0, 0xB9, 0x3D, 0x0D, 0x54, 0x14, 0x0A, 0x50, 0xEA, 0x10, 0x4F,
    0xF4, 0x30, 0xD4, 0xDC, 0x84, 0xCC, 0xB8, 0x6C, 0xD9, 0x0D, 0xDE, 0x4E, 0xFC, 0xE1, 0x62, 0x94,
    0xC2, 0x84, 0xC1, 0xDF, 0xEC, 0x2A, 0xD7, 0x2A, 0x7A, 0x41, 0x26, 0xA5, 0xED, 0xF7, 0xB7, 0x24,
    0x03, 0xF9, 0xC1, 0xE1, 0x5E, 0x7D, 0x36, 0x3E, 0x65, 0x7E, 0x57, 0xCF, 0xDE, 0x78, 0x7C, 0x35,
    0xD0, 0xDF, 0x75, 0xEE, 0x33, 0x72, 0x30, 0xBA, 0xE7, 0x3B, 0xDA, 0xCF, 0x62, 0x4D, 0xDC, 0x80,
    0x16, 0x96, 0xD8, 0x94, 0x19, 0x5B, 0x5C, 0x9C, 0xB7, 0xDE, 0x5E, 0x59, 0x49, 0x3C, 0xB8, 0xC3,
    0x94, 0x79, 0x5F, 0xA7, 0x1F, 0x66, 0x9D, 0x9E, 0xCC, 0x9C, 0x7F, 0x04, 0x94, 0x39, 0xF7, 0xAF,
    0x90, 0x9D, 0x16, 0x32, 0x25, 0xF2, 0xD3, 0xC3, 0xD5, 0xF2, 0xB5, 0x98, 0x31, 0x99, 0x3A, 0xEB,
    0x35, 0x34, 0xBB, 0x95, 0xDC, 0x78, 0xE7, 0x11, 0xEC, 0xBE, 0x3C, 0x5F, 0x71, 0x79, 0x5E, 0xD4,
    0xE7, 0xBA, 0xDA, 0xB4, 0x4F, 0x6C, 0x46, 0x72, 0x18, 0x93, 0x19, 0xC3, 0xB9, 0x42, 0x7C, 0xD3,
    0xDD, 0x57, 0xE5, 0x47, 0x5A, 0x95, 0xA9, 0x4D, 0x46, 0x95, 0xCD, 0x4A, 0xDD, 0x76, 0x26, 0x84,
    0x5C, 0x18, 0xB0, 0x2C, 0x83, 0xAE, 0xD3, 0x63, 0xBB, 0x37, 0xDC, 0x7D, 0x0D, 0xFE, 0x9E, 0xD4,
    0xE0, 0x7D, 0x5D, 0xBC, 0x82, 0x6E, 0x15, 0x3D, 0x3A, 0x1F, 0x0F, 0xBA, 0xF5, 0xBC, 0x60, 0x82,
    0x51, 0x86, 0x6F, 0xAC, 0x4E, 0x9A, 0xC0, 0x86, 0xBD, 0x4D, 0x82, 0xFA, 0x45, 0x6E, 0xFB, 0x45,
    0xA7, 0xD2, 0xF2, 0x35, 0x33, 0x3A, 0x5D, 0x13, 0x43, 0x60, 0x6E, 0x5B, 0x96, 0xB6, 0x65, 0x33,
    0x9C, 0xED, 0x1D, 0x19, 0x48, 0x03, 0x9D, 0x26, 0xF6, 0x4D, 0x62, 0xF7, 0x24, 0x96, 0xA1, 0xC8,
    0x0C, 0xD7, 0xD4, 0xF7, 0x95, 0xFB, 0xBB, 0x16, 0xB7, 0xD1, 0x8F, 0x82, 0x59, 0xAC, 0xC1, 0x6C,
    0x7C, 0xF8, 0xDD, 0xD4, 0x8F, 0x6C, 0x6A, 0x99, 0x2B, 0xF6, 0x2E, 0x10, 0xF2, 0x62, 0xE0, 0x8B,
    0xFD, 0x98, 0xEF, 0x21, 0x2C, 0x89, 0x99, 0xF4, 0xD6, 0xF5, 0x0C, 0xD2, 0xB7, 0xFE, 0x49, 0x80,
    0x3A, 0x3E, 0x02, 0x17, 0xCB, 0x8A, 0x6B, 0xAE, 0xDD, 0x25, 0x92, 0xEB, 0x58, 0x4E, 0x85, 0xA3,
    0x65, 0x1C, 0xDE, 0x54, 0x0E, 0x97, 0xA2, 0x44, 0x17, 0xA3, 0x08, 0x34, 0xFE, 0xCC, 0x0A, 0x97,
    0xFD, 0x1A, 0xF5, 0x2E, 0x32, 0x07, 0x23, 0x92, 0x82, 0x8F, 0x28, 0x3F, 0x51, 0xCE, 0x7B, 0xFD,
    0x09, 0x0C, 0x20, 0x3F, 0x49, 0xA4, 0x83, 0x59, 0xEB, 0x5D, 0x14, 0x24, 0x0B, 0xB7, 0x16, 0xB9,
    0x80, 0x1F, 0x96, 0x77, 0xD7, 0x99, 0xBB, 0xD3, 0xAC, 0x82, 0xDB, 0x40, 0x6C, 0xE2, 0xB9, 0x38,
    0x8D, 0x9F, 0xC4, 0xC4, 0x4F, 0x29, 0x98, 0xE6, 0xE4, 0x3C, 0x67, 0x47, 0xBB, 0xF5, 0x3C, 0x0D,
    0x7F, 0x5B, 0x20, 0x4C, 0xE4, 0x5F, 0x2A, 0xFE, 0x32, 0x1B, 0xF7, 0x85, 0x14, 0x14, 0x9F, 0xA1,
    0x95, 0x6B, 0x39, 0x83, 0xFC, 0xD4, 0x9E, 0x66, 0xE2, 0x49, 0xAF, 0x30, 0x98, 0x14, 0x03, 0xAB,
    0xF2, 0xED, 0xAE, 0x40, 0xF1, 0xF8, 0xF9, 0x1F, 0x24, 0x24, 0xA9, 0x6F, 0x65, 0x2D, 0x88, 0x40,
    0x47, 0xB0, 0x50, 0x21, 0x61, 0xAD, 0xDD, 0xEB, 0x37, 0x15, 0x7B, 0xF4, 0x04, 0x70, 0x7A, 0xE2,
    0x55, 0x8E, 0x63, 0xFB, 0x58, 0x31, 0x1B, 0x07, 0xEC, 0x9A, 0x20, 0x08, 0xEB, 0xA2, 0xEE, 0xCD,
    0x0A, 0xC1, 0xE9, 0x12, 0xD9, 0x98, 0xCE, 0x4B, 0x7D, 0xFF, 0x80, 0xB3, 0x93, 0x31, 0xD5, 0x0F,
    0x1C, 0x9C, 0xAF, 0x49, 0xBD, 0xE5, 0x9E, 0x4A, 0x66, 0xE6, 0xB5, 0x92, 0x95, 0x70, 0xFD, 0x0B,
    0x5E, 0xCB, 0x7D, 0x97, 0x13, 0xD3, 0xD0, 0x16, 0x63, 0x9D, 0x04, 0x40, 0xF4, 0xB0, 0x6C, 0xDD,
    0xF9, 0x36, 0xE5, 0x7D, 0xE8, 0xF4, 0x19, 0x1F, 0x98, 0xDC, 0xCD, 0x65, 0x5D, 0x85, 0x11, 0x38,
    0x91, 0x05, 0xBD, 0x8F, 0xDB, 0x46, 0xE9, 0x01, 0xBE, 0x6A, 0xD7, 0x75, 0x43, 0xAB, 0xE0, 0x7A,
    0xE6, 0x4E, 0xD1, 0xAD, 0x0F, 0xE4, 0x59, 0xBF, 0x16, 0x58, 0x77, 0x5F, 0xF3, 0x1E, 0x9C, 0xAE,
    0x02, 0x2B, 0xED, 0x51, 0x3B, 0x86, 0x3D, 0x53, 0x16, 0x63, 0x9E, 0xF7, 0xA8, 0xB4, 0xBE, 0x2E,
    0x1E, 0x7D, 0xA0, 0x82, 0x99, 0x99, 0x09, 0xAE, 0x2B, 0x98, 0xF4, 0x4A, 0xC1, 0xCC, 0x4A, 0xBB,
    0xDE, 0xE3, 0xDD, 0xFA, 0xB7, 0x18, 0xF0, 0x3D, 0xEE, 0x78, 0x25, 0x05, 0x13, 0x7D, 0x58, 0x05,
    0x33, 0x7F, 0x44, 0x05, 0xA3, 0x00, 0x2E, 0xAF, 0x00, 0x78, 0xBF, 0x0B, 0x80, 0x53, 0x3D, 0x76,
    0xA6, 0x67, 0xCE, 0x4D, 0x49, 0x19, 0x90, 0x53, 0x05, 0x72, 0xA6, 0x40, 0x26, 0x84, 0x5C, 0x0B,
    0xE4, 0x62, 0x07, 0x90, 0xCB, 0xCD, 0xFF, 0x40, 0x5B, 0x83, 0x02, 0x78, 0x51, 0x00, 0x03, 0xC8,
    0x24, 0x4D, 0x64, 0x6B, 0x3A, 0x22, 0x00, 0xEC, 0x15, 0xC0, 0xDB, 0x19, 0x80, 0x97, 0x03, 0xC0,
    0x27, 0x40, 0xBE, 0x0C, 0xE0, 0x48, 0x9E, 0xED, 0x7E, 0x2B, 0x00, 0x47, 0xBB, 0xFB, 0x13, 0x39,
    0x78, 0x5F, 0x8A, 0x5E, 0x9C, 0xBA, 0x1E, 0x80, 0x51, 0x09, 0x45, 0x67, 0xF6, 0x3F, 0x94, 0x18,
    0xBD, 0x8D, 0xD8, 0x7D, 0xDE, 0x95, 0xC3, 0x9D, 0x9B, 0xC9, 0xEE, 0xB4, 0x2E, 0xA4, 0x26, 0x56,
    0xE0, 0x6B, 0x74, 0x56, 0x06, 0x36, 0x21, 0x02, 0x18, 0x26, 0x2F, 0x01, 0x88, 0x63, 0xD1, 0xDE,
    0xDD, 0x3B, 0xEB, 0x13, 0x8A, 0x73, 0xC5, 0x38, 0xBB, 0x5B, 0x9F, 0x34, 0xCF, 0x0E, 0x8B, 0x12,
    0xA5, 0xE1, 0x62, 0x75, 0x01, 0xC7, 0xB6, 0xA8, 0xAC, 0x7D, 0x81, 0x0F, 0xD3, 0x55, 0x1F, 0x4A,
    0xB9, 0xCA, 0x0E, 0x69, 0x7D, 0x25, 0x54, 0x2E, 0x5D, 0xDC, 0x9F, 0x71, 0xE6, 0xDE, 0x66, 0xAA,
    0xF2, 0x74, 0xDA, 0x9F, 0x7B, 0x0E, 0xC0, 0x9E, 0xEC, 0xA5, 0x5F, 0x93, 0x95, 0x54, 0x77, 0x3C,
    0x33, 0x00, 0xFE, 0xC6, 0xED, 0xD7, 0xF3, 0xF2, 0xC3, 0x5D, 0xDE, 0x50, 0x33, 0x05, 0xD4, 0xFC,
    0x12, 0xF9, 0x70, 0x90, 0x28, 0x82, 0x09, 0x24, 0x50, 0x74, 0x8F, 0x28, 0x53, 0x39, 0x05, 0x9F,
    0x41, 0x98, 0x33, 0x46, 0xCD, 0x8D, 0xCA, 0xC1, 0x29, 0x2A, 0xAC, 0x57, 0xC5, 0x94, 0xFB, 0xBA,
    0xA6, 0x9D, 0x92, 0x81, 0x76, 0x7A, 0x36, 0xF2, 0xCE, 0xF2, 0xD1, 0xE3, 0x45, 0x25, 0xC7, 0x45,
    0xCE, 0x1A, 0xBD, 0x19, 0xD4, 0x5F, 0xED, 0xAC, 0xD6, 0x1A, 0x5C, 0x75, 0x28, 0x99, 0x46, 0xB9,
    0xE3, 0x1E, 0x07, 0xD7, 0xE1, 0xC0, 0x9A, 0xC1, 0x2A, 0xC7, 0x0E, 0x0D, 0x61, 0xFE, 0xFD, 0xCF,
    0xB9, 0xFE, 0x65, 0xBD, 0x8B, 0xB9, 0x81, 0xD0, 0x7C, 0xC6, 0x87, 0xA4, 0xE9, 0x8B, 0x17, 0xEA,
    0xCA, 0x12, 0x6E, 0x09, 0x6A, 0x29, 0x99, 0x64, 0xCE, 0x9C, 0x24, 0x7C, 0xC8, 0xC5, 0x93, 0xE5,
    0x1E, 0x0F, 0x57, 0xF1, 0x20, 0x7F, 0x7F, 0xEE, 0xDC, 0x1F, 0x3B, 0xF2, 0xE2, 0xCB, 0x34, 0xB7,
    0x45, 0x84, 0x8C, 0xB1, 0x58, 0x01, 0x0A, 0x39, 0x7C, 0xC3, 0x0F, 0x14, 0x08, 0xCD, 0xD3, 0xDF,
    0x6F, 0x8C, 0xF8, 0x43, 0xF0, 0x20, 0x7F, 0x9A, 0xBE, 0x54, 0x25, 0xC2, 0x1C, 0xE2, 0x96, 0x1D,
    0xF2, 0x3F, 0x7C, 0x0E, 0x21, 0x6D, 0xE5, 0x21, 0x5A, 0x34, 0x67, 0x8D, 0x7E, 0x1E, 0x09, 0xD3,
    0x71, 0x6A, 0x0B, 0xD9, 0x8A, 0x4F, 0x3E, 0x91, 0xAA, 0xEB, 0x5E, 0x38, 0x9D, 0xBD, 0xB0, 0x34,
    0x69, 0xA1, 0xAA, 0x42, 0x13, 0x14, 0x78, 0x5B, 0xE0, 0x50, 0x4A, 0x72, 0xBB, 0x56, 0xF6, 0x17,
    0x0C, 0xC8, 0xCB, 0xD3, 0x1D, 0x08, 0xA8, 0xA1, 0x18, 0x06, 0x41, 0x6D, 0x2F, 0xA0, 0xE5, 0xAF,
    0x4A, 0x81, 0xCB, 0xC3, 0x49, 0xE2, 0xCE, 0x13, 0x6A, 0x2C, 0x1A, 0x70, 0x95, 0xFF, 0x12, 0xF7,
    0xAE, 0x3D, 0xCF, 0x25, 0xA7, 0x92, 0x33, 0x59, 0xE1, 0x3F, 0xD2, 0xC8, 0x59, 0xE4, 0x24, 0x56,
    0x3A, 0x76, 0xF2, 0xE1, 0xE8, 0x68, 0x9C, 0x3F, 0xDE, 0x86, 0xB3, 0xC7, 0xC9, 0xE3, 0xDC, 0xB1,
    0x78, 0xE0, 0xCC, 0x71, 0xE2, 0x38, 0x6F, 0x9C, 0x36, 0xCE, 0x1A, 0x27, 0xAD, 0x92, 0xC6, 0xBF,
    0xC8, 0xC1, 0x23, 0xDA, 0x32, 0xA2, 0xAD, 0x52, 0xD6, 0x2A, 0x14, 0x01, 0xEE, 0xDD, 0x15, 0xFF,
    0x17, 0x8D, 0xB2, 0xD0, 0xFF, 0x59, 0xC2, 0x14, 0x2B, 0x4A, 0xDF, 0x3C, 0x4E, 0x9D, 0xFB, 0xA3,
    0x94, 0xAA, 0x93, 0xB4, 0x54, 0x08, 0x95, 0x14, 0xC7, 0x45, 0x7D, 0x5B, 0x9D, 0x7F, 0x92, 0x50,
    0x72, 0x97, 0xBC, 0x75, 0x37, 0xE7, 0x2D, 0xBF, 0x39, 0x6F, 0x75, 0x29, 0x93, 0xCC, 0xA0, 0x85,
    0x26, 0x11, 0x3C, 0xC2, 0x18, 0x87, 0xE9, 0x62, 0x3D, 0x09, 0x68, 0x7C, 0x12, 0xD5, 0x93, 0xD0,
    0x5E, 0x3F, 0x5D, 0xA4, 0xC7, 0x91, 0x4F, 0x82, 0x7E, 0x12, 0x02, 0x98, 0xC5, 0x31, 0x5D, 0x94,
    0x67, 0xD3, 0x45, 0x79, 0x4C, 0x17, 0x48, 0x49, 0x03, 0x33, 0x64, 0xE4, 0x24, 0x2D, 0xCD, 0x91,
    0x1B, 0x4D, 0xD3, 0x66, 0xD7, 0xD1, 0x31, 0x52, 0xC4, 0x68, 0x00, 0x21, 0x5F, 0x27, 0x49, 0x4B,
    0xD4, 0xBC, 0xF5, 0x3C, 0xD3, 0x8B, 0xCF, 0x13, 0xF2, 0x2A, 0x74, 0x87, 0xE4, 0xCA, 0x79, 0x90,
    0xE1, 0xD2, 0xA4, 0x4D, 0x8F, 0x43, 0x20, 0xD7, 0xCD, 0xA1, 0x6D, 0xB4, 0x61, 0x1C, 0xDD, 0x82,
    0x1C, 0xE8, 0xB5, 0x47, 0xD0, 0xA6, 0x8B, 0xB6, 0x04, 0x0E, 0x92, 0xD7, 0x69, 0x21, 0x4C, 0x27,
    0x47, 0xB3, 0x54, 0x39, 0x65, 0x02, 0x20, 0x0F, 0xBF, 0xD3, 0x71, 0xDF, 0x31, 0x5E, 0x98, 0x44,
    0x40, 0x02, 0x44, 0x0C, 0x2A, 0x26, 0x13, 0x71, 0x85, 0x19, 0x85, 0x67, 0x06, 0x04, 0xC4, 0x7B,
    0x8D, 0x0C, 0x9A, 0xC5, 0xA4, 0x84, 0xCF, 0x2C, 0x53, 0x8E, 0x77, 0xD3, 0x64, 0xDC, 0x4E, 0x1E,
    0x90, 0x0B, 0x8C, 0xE7, 0x18, 0x61, 0xE0, 0x89, 0x84, 0xFC, 0x67, 0x14, 0xE6, 0x6A, 0xB0, 0x9B,
    0x3D, 0x30, 0x2E, 0xD3, 0x4A, 0x69, 0x06, 0xA3, 0x5D, 0x1A, 0x07, 0x43, 0x5E, 0x0C, 0xF6, 0xA0,
    0x90, 0x69, 0x61, 0xD1, 0x76, 0x84, 0x31, 0x48, 0xDB, 0x4F, 0xE5, 0xD5, 0x53, 0x7E, 0x52, 0xDA,
    0x50, 0xB3, 0x69, 0x2B, 0xE2, 0x27, 0xA5, 0x1D, 0xA1, 0xCB, 0xF4, 0xD8, 0x02, 0xD3, 0xD0, 0x8C,
    0xD6, 0x14, 0xCB, 0x88, 0x45, 0xE5, 0x22, 0x33, 0x14, 0xD7, 0x4C, 0x82, 0x4D, 0xFD, 0xC8, 0x13,
    0x91, 0xB4, 0x2A, 0x1E, 0x89, 0xD4, 0x79, 0xF1, 0x74, 0xB5, 0xCE, 0x36, 0xC0, 0x2F, 0xAE, 0xA8,
    0xD2, 0xB2, 0x6A, 0x33, 0x90, 0x78, 0x41, 0x7F, 0xAD, 0xCE, 0x85, 0xE9, 0xA8, 0x5D, 0x3F, 0xDF,
    0x9F, 0xA1, 0xC5, 0x97, 0xE8, 0xE3, 0x41, 0x0B, 0x8B, 0xB1, 0x59, 0x0E, 0x27, 0xCD, 0xA0, 0xF5,
    0xF8, 0x37, 0x1E, 0x9D, 0xC4, 0xF8, 0x3F, 0xE8, 0x9A, 0xD8, 0xAF, 0xF9, 0x01, 0x8F, 0xC9, 0x28,
    0x72, 0xD5, 0x5B, 0xDE, 0xDD, 0x15, 0x43, 0xA9, 0x8A, 0x16, 0xAA, 0xF6, 0xDE, 0x21, 0x68, 0x1D,
    0x0C, 0xEA, 0xF8, 0xF2, 0xD3, 0xA7, 0x9C, 0x7B, 0xED, 0x96, 0xF4, 0x8A, 0xE0, 0x74, 0x2A, 0x4A,
    0x66, 0x75, 0x16, 0x2F, 0x4D, 0x03, 0x34, 0x0B, 0x43, 0xA3, 0xAA, 0x99, 0x13, 0x07, 0x55, 0x55,
    0x9D, 0x18, 0xA5, 0x19, 0xD5, 0x01, 0x6C, 0x3D, 0x56, 0xA8, 0x95, 0xCE, 0x07, 0xE6, 0x3F, 0xAF,
    0x1D, 0x0D, 0xD9, 0x51, 0x42, 0x71, 0xA8, 0x25, 0xAB, 0xA4, 0xC4, 0xDC, 0x09, 0x46, 0x6A, 0x61,
    0xCA, 0xCC, 0xB8, 0xC1, 0xD3, 0xF2, 0xE5, 0x3C, 0xBD, 0xEA, 0xD7, 0x65, 0x77, 0x72, 0x7B, 0x67,
    0x35, 0xEA, 0xC6, 0x8D, 0x01, 0xA1, 0xB3, 0xCA, 0xB6, 0x60, 0xF3, 0x37, 0xA3, 0xBE, 0x71, 0xB7,
    0x23, 0x9C, 0x4A, 0xB9, 0xE8, 0xC7, 0xEA, 0x90, 0xBE, 0xAC, 0xDB, 0xF5, 0xE5, 0xDE, 0xB2, 0xD6,
    0x02, 0x7C, 0xAA, 0x66, 0x97, 0x4E, 0xB6, 0xEB, 0xC6, 0x6A, 0x12, 0xD7, 0xDA, 0x62, 0x92, 0x3D,
    0x5D, 0x2E, 0x04, 0xB8, 0xB8, 0x44, 0x7E, 0x7F, 0xE4, 0xA2, 0x9B, 0x8B, 0x7D, 0xD3, 0x28, 0x7A,
    0x63, 0xA4, 0x4B, 0x6B, 0x63, 0xE9, 0xB2, 0xF2, 0xA8, 0xFC, 0xE5, 0x2A, 0xD1, 0x22, 0x01, 0xCB,
    0x9C, 0xAC, 0x16, 0x33, 0x3D, 0x7D, 0xA4, 0x79, 0x8B, 0x35, 0x5B, 0xC9, 0xD9, 0x9A, 0x6A, 0x70,
    0x32, 0xCD, 0x5D, 0xAE, 0x89, 0xB2, 0xB5, 0xD0, 0x7C, 0x95, 0x9A, 0xAE, 0x73, 0x77, 0x1A, 0x75,
    0xA7, 0xDB, 0xAE, 0x7D, 0x3D, 0x5E, 0xFB, 0x3A, 0xD8, 0x85, 0xC6, 0x15, 0x6C, 0xDB, 0xBC, 0xD7,
    0xC9, 0xB6, 0x3A, 0xB5, 0x62, 0x30, 0xC3, 0xF5, 0xA4, 0x41, 0x40, 0xCC, 0xFD, 0x73, 0xEC, 0xF6,
    0xB8, 0x3E, 0xE4, 0xCB, 0x9A, 0x79, 0x91, 0x73, 0x64, 0xE5, 0x26, 0x63, 0x66, 0xB1, 0xF8, 0xBB,
    0xE1, 0x81, 0x47, 0x1F, 0x5D, 0x14, 0x47, 0x8C, 0xD7, 0x34, 0xF4, 0x26, 0x20, 0x33, 0x13, 0x65,
    0xAF, 0x90, 0x55, 0x94, 0xE5, 0xCC, 0x56, 0xA3, 0xA2, 0xB7, 0xC4, 0xFB, 0x09, 0x5C, 0x8A, 0x86,
    0xCA, 0xFF, 0x40, 0x03, 0x59, 0xF9, 0xBF, 0xD0, 0x50, 0x55, 0x3E, 0x04, 0xC1, 0x28, 0x23, 0x9C,
    0x40, 0x3C, 0x3D, 0x2C, 0xCB, 0x85, 0xDD, 0x47, 0xEF, 0xD4, 0xFC, 0x12, 0xB4, 0x11, 0x0B, 0xC6,
    0x76, 0x85, 0xA0, 0x53, 0x6E, 0x0A, 0xE3, 0x85, 0x29, 0x33, 0xCE, 0x98, 0x12, 0xD4, 0x05, 0x79,
    0xA9, 0x1A, 0x97, 0xEB, 0x0D, 0x44, 0x98, 0x4B, 0xA3, 0x9C, 0xB4, 0xF4, 0x64, 0x34, 0x20, 0xA7,
    0x06, 0x26, 0x98, 0x5A, 0xE8, 0xA6, 0x4E, 0x74, 0x7A, 0xA0, 0x21, 0x87, 0xC3, 0x87, 0x7A, 0xA9,
    0xE8, 0x46, 0xE4, 0x20, 0xF3, 0xA1, 0x47, 0x3D, 0x3E, 0x47, 0xEA, 0x67, 0x5D, 0x68, 0x8A, 0xD6,
    0x1E, 0x53, 0xAB, 0x74, 0x74, 0x0B, 0xFD, 0x75, 0x08, 0x2D, 0xB9, 0xBF, 0xF2, 0x44, 0x12, 0x7A,
    0x77, 0xBE, 0x99, 0x55, 0xCD, 0xA1, 0x9D, 0xDB, 0x03, 0xCC, 0xA3, 0xD8, 0xE3, 0xC9, 0x8C, 0xC8,
    0x42, 0x3D, 0x4A, 0xE9, 0xC6, 0x5E, 0xA5, 0x89, 0x12, 0x84, 0x42, 0x5E, 0xA3, 0x8B, 0xFC, 0x44,
    0x08, 0x9C, 0xC2, 0x1D, 0xB0, 0xA3, 0xA5, 0x87, 0xD7, 0x7D, 0xB6, 0xF1, 0x59, 0xDB, 0x4E, 0xC2,
    0x92, 0x7A, 0x11, 0x7E, 0x05, 0x37, 0xD6, 0x7C, 0x6B, 0x78, 0x29, 0x36, 0xFF, 0x35, 0xCF, 0x03,
    0xD7, 0x12, 0x49, 0xB7, 0x1D, 0x23, 0x89, 0x6C, 0x1B, 0x8B, 0xEC, 0x94, 0xAE, 0x41, 0x48, 0xCF,
    0x77, 0x01, 0x3A, 0x33, 0x86, 0x9F, 0xE5, 0x55, 0xFE, 0xD7, 0x9D, 0xF4, 0x46, 0x49, 0x75, 0x0C,
    0x32, 0xD2, 0xFE, 0x91, 0xF8, 0xBF, 0xE3, 0xAB, 0xD4, 0xFF, 0x1C, 0x52, 0xE7, 0x67, 0x7C, 0x3F,
    0x25, 0x0C, 0x9D, 0x55, 0x5C, 0xC9, 0x59, 0xB7, 0xBE, 0xD7, 0x16, 0xD2, 0xDB, 0x49, 0x7E, 0x72,
    0x3F, 0x20, 0xE5, 0xC9, 0xFB, 0xB5, 0xFC, 0x12, 0xAD, 0xF9, 0xE8, 0xA4, 0x91, 0x45, 0x5A, 0x8E,
    0xC0, 0x58, 0xA7, 0xD8, 0x5C, 0x4E, 0xE3, 0x5A, 0xE1, 0xB7, 0x0A, 0x99, 0x95, 0x7E, 0x25, 0xA3,
    0x07, 0x47, 0x02, 0x91, 0xCB, 0x90, 0xB1, 0x6F, 0x6F, 0x3C, 0x83, 0x30, 0x13, 0xD1, 0x59, 0xA0,
    0x30, 0x66, 0xE6, 0x1F, 0x42, 0xD4, 0x17, 0x88, 0x94, 0x19, 0xC8, 0xC5, 0x9E, 0x70, 0x78, 0xCA,
    0x2D, 0xDF, 0x63, 0x0A, 0xC8, 0x26, 0x93, 0x46, 0xB5, 0x36, 0x22, 0x3B, 0x57, 0xD9, 0xB4, 0x79,
    0x7F, 0x43, 0x05, 0xAC, 0x27, 0x4D, 0xD4, 0x5B, 0xFE, 0xBC, 0x24, 0xE5, 0x57, 0x5E, 0x02, 0xF2,
    0x0F, 0x0C, 0x8B, 0xC4, 0xFF, 0x82, 0x03, 0x42, 0xB9, 0x81, 0x52, 0xEE, 0xE9, 0x35, 0x54, 0x82,
    0x7D, 0xB7, 0x26, 0x13, 0xC5, 0xA5, 0xF2, 0xCF, 0x26, 0x89, 0x8B, 0x1F, 0x49, 0x2A, 0x50, 0x8E,
    0xA8, 0x28, 0x45, 0x19, 0x55, 0x9C, 0x86, 0x4D, 0x44, 0x8E, 0x96, 0xE4, 0xC5, 0x19, 0x60, 0x3F,
    0xAF, 0xEB, 0x4F, 0x0D, 0xAC, 0x97, 0x98, 0xD4, 0x88, 0x3D, 0xD3, 0x76, 0xD0, 0x00, 0x3F, 0x91,
    0xEA, 0xC4, 0xD0, 0x6B, 0x9E, 0xDF, 0x4D, 0xB4, 0xF9, 0x00, 0x4A, 0x95, 0xC5, 0xA8, 0xF6, 0xD8,
    0x74, 0xA7, 0xD6, 0x6F, 0xE8, 0x9B, 0xD9, 0xD9, 0x6A, 0xDD, 0xD3, 0x9A, 0xA7, 0xF5, 0x4E, 0xEB,
    0x98, 0xD6, 0x30, 0x8F, 0xB5, 0xBE, 0xD4, 0x36, 0xAD, 0x6B, 0x5A, 0x73, 0xF3, 0x97, 0x89, 0xD8,
    0x7A, 0x68, 0x1C, 0x44, 0xCD, 0x72, 0x74, 0xD2, 0x3F, 0x52, 0xB7, 0xCA, 0x1E, 0xEE, 0x34, 0x3D,
    0x88, 0x40, 0xCA, 0x62, 0x94, 0x3A, 0x66, 0xB7, 0x12, 0x15, 0xE7, 0x99, 0x68, 0x70, 0xFE, 0x13,
    0x4E, 0xE1, 0xA2, 0xAC, 0x64, 0x5D, 0xF5, 0x6B, 0xB0, 0xC9, 0x21, 0xA8, 0xE9, 0x8F, 0x3B, 0x6D,
    0xC6, 0x27, 0xEC, 0x6C, 0x1A, 0xE8, 0xE8, 0x23, 0x53, 0x36, 0x62, 0x0A, 0x62, 0x85, 0xF8, 0xE3,
    0xAB, 0x71, 0xBD, 0xE8, 0x68, 0xE0, 0xEA, 0x84, 0xBC, 0x69, 0xBF, 0xCC, 0xE3, 0xA9, 0x49, 0x3B,
    0x57, 0x02, 0xCC, 0x0C, 0xAA, 0x52, 0x33, 0x8C, 0x46, 0xBD, 0xEA, 0x5E, 0xD1, 0x96, 0x92, 0x6E,
    0x61, 0x68, 0x29, 0x1F, 0xE9, 0x97, 0xC2, 0x18, 0x18, 0x72, 0x16, 0xFD, 0x90, 0x06, 0x19, 0x5F,
    0xB3, 0xF1, 0xD9, 0x9E, 0x39, 0xEF, 0x69, 0x1B, 0xB3, 0xDF, 0x29, 0x13, 0xC3, 0x13, 0x91, 0xE4,
    0x03, 0x9F, 0xBF, 0x47, 0xEF, 0xAE, 0x78, 0x53, 0xE9, 0x9A, 0x18, 0x17, 0xEF, 0x01, 0x72, 0x33,
    0x40, 0xAE, 0xF4, 0x19, 0xEB, 0x1E, 0xCA, 0xDD, 0xC6, 0xE8, 0xF4, 0x52, 0x6D, 0x51, 0x1A, 0x07,
    0xBB, 0x2F, 0xD6, 0xF3, 0x66, 0x7A, 0xBE, 0x52, 0xEB, 0xB7, 0xD1, 0x76, 0xF4, 0x86, 0x6E, 0xFF,
    0x69, 0xBA, 0xEF, 0x01, 0xA7, 0x49, 0xF8, 0xBE, 0xD4, 0xF9, 0xEA, 0x2A, 0x6E, 0x78, 0xB0, 0xBA,
    0x03, 0x78, 0xAE, 0xC3, 0xCD, 0x0B, 0xC1, 0x73, 0x1D, 0x20, 0x99, 0xC0, 0x6C, 0xE3, 0x88, 0x37,
    0x2E, 0x38, 0x37, 0x5D, 0xCD, 0x80, 0xA9, 0xC1, 0x98, 0x1E, 0x83, 0xE5, 0xA8, 0x32, 0xEB, 0x22,
    0xF0, 0xFF, 0x85, 0x31, 0xBA, 0x34, 0xDD, 0x48, 0x22, 0x82, 0x0F, 0x8E, 0x09, 0xBF, 0x31, 0xF6,
    0x46, 0xF3, 0x22, 0x4F, 0xCB, 0x3A, 0x84, 0x39, 0xD5, 0x30, 0x66, 0xEB, 0xE5, 0x7E, 0x9C, 0xAF,
    0xC0, 0x6A, 0xB1, 0x00, 0xAB, 0x44, 0xF1, 0x82, 0x55, 0x6A, 0x23, 0x82, 0xD5, 0x6A, 0x00, 0x56,
    0x99, 0xF3, 0x19, 0x14, 0x4D, 0x0D, 0x8C, 0x76, 0x8A, 0xD5, 0x2F, 0xBF, 0x3A, 0xAC, 0x46, 0x77,
    0xC1, 0x6A, 0x51, 0x03, 0xAB, 0xD5, 0x87, 0x84, 0xD5, 0xE5, 0xC0, 0x2A, 0x71, 0x51, 0x3E, 0x30,
    0x19, 0xE5, 0x0B, 0xB3, 0x51, 0xC1, 0x12, 0x74, 0x2A, 0x17, 0xFE, 0xA4, 0xE8, 0x24, 0xFA, 0x39,
    0x12, 0xE2, 0x28, 0xF9, 0x94, 0x16, 0x6E, 0x66, 0x2C, 0x30, 0x7A, 0x2F, 0x20, 0xD8, 0x04, 0x05,
    0xFF, 0x4D, 0x61, 0xA0, 0x7D, 0x08, 0xDA, 0x11, 0x9D, 0x1D, 0x5A, 0x1E, 0x72, 0x46, 0xFB, 0xE6,
    0x12, 0x3E, 0xA1, 0xE0, 0x21, 0x68, 0x12, 0xFD, 0x1C, 0x83, 0x06, 0xCB, 0x82, 0xFE, 0x53, 0xA8,
    0x81, 0xA8, 0x8E, 0x57, 0xD5, 0x0E, 0x5C, 0x05, 0xB2, 0x02, 0x5B, 0x81, 0xAE, 0x74, 0xD6, 0x10,
    0xC2, 0x52, 0x9D, 0xAF, 0x94, 0xF5, 0x22, 0xCE, 0x8A, 0x8C, 0xB3, 0xD2, 0x97, 0xE0, 0xAC, 0x8B,
    0x1A, 0x38, 0x60, 0x59, 0xC2, 0xF9, 0xE7, 0x63, 0x89, 0xB2, 0x5A, 0x04, 0x07, 0x92, 0x43, 0x91,
    0x58, 0xD2, 0x23, 0x70, 0x48, 0x4A, 0x4A, 0xC4, 0x8E, 0xB1, 0x37, 0x6F, 0xDE, 0x11, 0x07, 0xAF,
    0x90, 0xB3, 0xB8, 0x27, 0xA1, 0x29, 0xA1, 0x2B, 0x69, 0x47, 0xC2, 0xE7, 0x35, 0xC9, 0x49, 0x75,
    0xDA, 0x38, 0x4F, 0xD1, 0x0D, 0x38, 0xF8, 0xAC, 0xE0, 0x80, 0xEE, 0xF5, 0x2B, 0x4B, 0x6B, 0xBF,
    0xB0, 0xEF, 0x7E, 0x91, 0x39, 0x85, 0xA6, 0x9C, 0x9E, 0x70, 0x90, 0x73, 0xB0, 0xA6, 0x64, 0xFD,
    0xDD, 0xE1, 0x80, 0xAF, 0x47, 0xE4, 0xFB, 0xF9, 0xCB, 0xF6, 0xAE, 0x9F, 0xE0, 0xF0, 0xFF, 0x73,
    0xD6, 0x81, 0x6F, 0xD5, 0x75, 0x04, 0x1F, 0xEC, 0xCA, 0x07, 0xE3, 0xA9, 0x64, 0x2B, 0xC0, 0x07,
    0x91, 0x0E, 0x00, 0x85, 0x3E, 0x65, 0x6B, 0xFE, 0xB7, 0xC0, 0xC1, 0xC5, 0xCB, 0xE2, 0xE0, 0xC9,
    0x5D, 0x7B, 0xD7, 0x37, 0xE8, 0xFD, 0x0F, 0xD9, 0xA9, 0x86, 0x35, 0x4C, 0xC7, 0x56, 0xE7, 0xAF,
    0x69, 0x19, 0xCD, 0x1A, 0xFA, 0xC6, 0x75, 0x7A, 0xE3, 0x1F, 0x47, 0xFA, 0x78, 0x5F, 0x24, 0xCE,
    0xC2, 0x6F, 0xE5, 0x81, 0x6D, 0xD3, 0x68, 0x35, 0xE4, 0x57, 0xCC, 0xBB, 0x97, 0x61, 0xF7, 0x8A,
    0xBB, 0xC0, 0xBF, 0xBC, 0x56, 0xC8, 0xCC, 0xC7, 0xC6, 0xAF, 0x31, 0x10, 0xBF, 0x4B, 0x1F, 0xFF,
    0xB4, 0x71, 0xC2, 0x36, 0xDE, 0x9D, 0xB1, 0xE2, 0x99, 0xA3, 0x64, 0x48, 0xE1, 0x27, 0xDE, 0xA8,
    0xAF, 0x6B, 0xC1, 0xC9, 0x61, 0x96, 0xAD, 0xBB, 0x3A, 0x9D, 0x65, 0x61, 0xC6, 0x93, 0xF1, 0xD2,
    0x86, 0xBC, 0x70, 0x43, 0xEE, 0xC3, 0x98, 0x57, 0x1D, 0x4D, 0xBE, 0xD9, 0xC3, 0xCB, 0xAA, 0xDA,
    0x7D, 0xE0, 0x3F, 0xC1, 0x5C, 0xC9, 0x87, 0x88, 0x25, 0xD1, 0x95, 0x9E, 0x67, 0x93, 0xF0, 0xCF,
    0x3A, 0x5D, 0xD0, 0x0D, 0x4F, 0x25, 0x29, 0xF4, 0x86, 0x6E, 0x01, 0x58, 0x5B, 0xC8, 0x4E, 0x19,
    0xA7, 0x68, 0x9F, 0x49, 0x4E, 0x20, 0x18, 0x98, 0xE0, 0xEC, 0x44, 0x0F, 0x8F, 0x30, 0x67, 0x6D,
    0xA3, 0x05, 0x5E, 0xD4, 0xC3, 0xDC, 0x74, 0x76, 0x2C, 0x37, 0xEF, 0x05, 0x2A, 0x3C, 0xEE, 0x74,
    0x3C, 0xA0, 0xD5, 0x32, 0x6F, 0x51, 0x96, 0x60, 0x36, 0x73, 0x45, 0xD3, 0xA5, 0xC7, 0x30, 0x56,
    0xF8, 0x31, 0x17, 0x93, 0x8B, 0x75, 0xCA, 0x77, 0x98, 0x29, 0x75, 0x8E, 0x0D, 0x42, 0x26, 0xA1,
    0xF6, 0xBA, 0x0A, 0x92, 0x87, 0xD8, 0x6F, 0x62, 0xF2, 0x2B, 0xFD, 0x5E, 0xAD, 0x3A, 0xAE, 0x76,
    0xBE, 0x59, 0xD4, 0x6C, 0x80, 0xB9, 0x94, 0xDE, 0x5E, 0x81, 0x69, 0xF8, 0x95, 0x85, 0xD7, 0xF3,
    0xE8, 0x41, 0x78, 0x91, 0x93, 0xCA, 0x79, 0x76, 0x39, 0xBF, 0x9C, 0x67, 0x0F, 0x19, 0x2A, 0x77,
    0x89, 0x26, 0x99, 0x0F, 0x24, 0xA6, 0x3C, 0xB2, 0x22, 0xB0, 0xF4, 0x8E, 0xDA, 0xAA, 0x50, 0x7A,
    0x32, 0xDE, 0x59, 0x84, 0x6C, 0xBA, 0xD7, 0x1F, 0x9D, 0xA7, 0xE5, 0x8B, 0x96, 0xDD, 0xFA, 0x12,
    0x4A, 0x62, 0xC5, 0x45, 0xA2, 0x6B, 0xAE, 0xDF, 0xDB, 0x5E, 0x95, 0xCA, 0x8E, 0x6E, 0xBA, 0x0C,
    0x2E, 0x7B, 0xD5, 0x77, 0xEE, 0x02, 0x09, 0x9A, 0x58, 0x1F, 0x48, 0x87, 0xF5, 0x32, 0x40, 0x90,
    0xE3, 0x31, 0xC7, 0x80, 0xBC, 0xCE, 0xD8, 0xF1, 0x2F, 0x3C, 0xF3, 0x25, 0x0E, 0xB0, 0x77, 0xBF,
    0xE0, 0x95, 0xAE, 0x22, 0xF4, 0x9B, 0x55, 0xE4, 0x24, 0x4D, 0xB6, 0x31, 0xD6, 0x41, 0x48, 0xB4,
    0xF1, 0xBD, 0xF8, 0x2B, 0x99, 0xED, 0xA5, 0xEF, 0x08, 0xA1, 0x52, 0xFE, 0x73, 0x29, 0x99, 0x55,
    0x88, 0x34, 0xA6, 0x3D, 0x98, 0xB5, 0x99, 0xE9, 0x2B, 0x5B, 0x77, 0x70, 0x3E, 0xCB, 0x39, 0xA6,
    0xE2, 0x66, 0x8D, 0xE5, 0xD9, 0x6E, 0x2D, 0xEA, 0x5C, 0x72, 0xEA, 0x5B, 0x59, 0x3D, 0x4F, 0xB1,
    0x2D, 0xAF, 0xB4, 0x47, 0x2D, 0xDA, 0xAE, 0xF2, 0xA0, 0x38, 0x7E, 0xB6, 0xD2, 0x22, 0x81, 0xC8,
    0xBB, 0xC7, 0xFC, 0xEF, 0x25, 0xE6, 0x8F, 0x69, 0xC2, 0x54, 0xB7, 0x62, 0x7D, 0x3A, 0xBE, 0x9D,
    0x0E, 0xE2, 0x3A, 0x31, 0xC7, 0x6B, 0xD8, 0x34, 0xF6, 0x81, 0x63, 0xD3, 0xE3, 0xAD, 0xE5, 0x1A,
    0xCC, 0x66, 0xB8, 0xFA, 0xDE, 0x4F, 0x3C, 0xF4, 0x43, 0x24, 0xF5, 0x2A, 0x5F, 0x2E, 0x13, 0x47,
    0x71, 0x32, 0xAF, 0x9C, 0xAE, 0x85, 0xF6, 0x9B, 0x4A, 0x43, 0xDD, 0x29, 0x1F, 0xE9, 0x28, 0x91,
    0x1C, 0x33, 0xE7, 0x03, 0xEA, 0xAC, 0x7A, 0x55, 0x0E, 0x2E, 0xD7, 0x1B, 0x48, 0x97, 0x36, 0xFA,
    0xAA, 0x62, 0x8D, 0x2C, 0x61, 0xB9, 0x4F, 0x2D, 0x4B, 0xA9, 0x7F, 0x77, 0x3B, 0x5A, 0xDE, 0x7C,
    0xB4, 0xA7, 0xE1, 0xE8, 0x79, 0xA1, 0xBD, 0xD9, 0x54, 0xC5, 0x37, 0xFF, 0xE8, 0xBE, 0xD1, 0x7D,
    0x1C, 0x8B, 0x3E, 0xE2, 0xE3, 0x26, 0x93, 0xCB, 0xD9, 0x29, 0xFA, 0xA8, 0x26, 0xA0, 0x0D, 0xA2,
    0x7E, 0x4B, 0x3C, 0x4A, 0x1F, 0x99, 0x4E, 0x7C, 0x37, 0xAB, 0x36, 0x1D, 0x35, 0x99, 0x36, 0xF2,
    0x5E, 0x2E, 0xEB, 0x7C, 0xBE, 0x6F, 0x70, 0xE4, 0x77, 0xE0, 0x43, 0x1D, 0xDD, 0x4C, 0xCE, 0x9E,
    0x59, 0x5D, 0xB0, 0x9A, 0x70, 0x5F, 0x37, 0x5F, 0x21, 0xD8, 0x83, 0x8B, 0x93, 0x40, 0xAF, 0x69,
    0x28, 0x46, 0x02, 0xC9, 0x43, 0x1A, 0x24, 0xBB, 0xD6, 0x95, 0x0B, 0xE1, 0xA6, 0x2D, 0x38, 0x92,
    0x23, 0xE1, 0xAA, 0x65, 0x74, 0x54, 0x2D, 0x05, 0xEF, 0x87, 0x18, 0x21, 0x3E, 0xF7, 0xCC, 0xFF,
    0x3B, 0x1B, 0x26, 0x7C, 0x33, 0x9A, 0xE5, 0x6B, 0xB3, 0x36, 0xF5, 0xB7, 0xA0, 0x05, 0x14, 0x50,
    0xFA, 0x29, 0xF2, 0x3A, 0xC4, 0x0C, 0x31, 0x3C, 0xAA, 0x38, 0xDA, 0x13, 0x54, 0x72, 0xAD, 0x42,
    0xC8, 0x22, 0x2F, 0x31, 0xCF, 0xD4, 0x5A, 0x75, 0x56, 0xE3, 0x5D, 0x31, 0xAF, 0xF1, 0x5E, 0x40,
    0x23, 0xEF, 0x55, 0x7A, 0x6B, 0x2F, 0xD5, 0x1E, 0x07, 0x2B, 0xEB, 0xF9, 0x74, 0x23, 0x6D, 0xCE,
    0x1C, 0xC7, 0x9A, 0x1C, 0x73, 0x5C, 0x2E, 0xE5, 0xC4, 0xDB, 0xE4, 0x52, 0x4D, 0xBB, 0xCE, 0x73,
    0x90, 0xE2, 0x5C, 0x1F, 0x45, 0xE8, 0x38, 0xD1, 0x27, 0x4A, 0x66, 0x64, 0x1F, 0x01, 0xE3, 0x64,
    0x1F, 0x84, 0x71, 0xFC, 0x0B, 0x18, 0xC7, 0x5D, 0xC3, 0x38, 0xD6, 0x80, 0x4E, 0x7B, 0xFF, 0x4F,
    0x42, 0xBB, 0x8B, 0xD6, 0x00, 0xF8, 0xC4, 0x7F, 0xDF, 0xDA, 0x12, 0x85, 0xDD, 0x80, 0x9E, 0xFA,
    0x30, 0x74, 0x25, 0x3E, 0x54, 0x4E, 0xE0, 0x21, 0xDE, 0xF5, 0xF9, 0x29, 0xA9, 0x28, 0xA7, 0x28,
    0xA5, 0x28, 0xA3, 0x18, 0xA1, 0x28, 0x9F, 0x28, 0x9D, 0x28, 0x9B, 0x28, 0x99, 0x08, 0x97, 0x4C,
    0xA0, 0x92, 0x11, 0x78, 0x1E, 0x8C, 0x48, 0x84, 0x47, 0xFA, 0x48, 0x00, 0xDD, 0x33, 0x8B, 0x10,
    0xAE, 0xF9, 0xE6, 0x82, 0xF1, 0x2F, 0x5C, 0x22, 0x14, 0x82, 0x67, 0x1A, 0x3C, 0xD3, 0xC9, 0x33,
    0x28, 0x02, 0x59, 0x08, 0x9D, 0x91, 0xBC, 0xBC, 0x8E, 0xED, 0x99, 0x89, 0xA9, 0x43, 0x2B, 0x48,
    0xCB, 0x47, 0x2B, 0x06, 0xE5, 0x82, 0x38, 0xBE, 0x2E, 0x04, 0x43, 0xC3, 0xA5, 0xD0, 0x45, 0xF7,
    0xBE, 0xE4, 0xCC, 0x23, 0x49, 0x5E, 0x52, 0x41, 0x5E, 0x6F, 0xB8, 0x5D, 0xA2, 0x12, 0x3D, 0x0E,
    0x03, 0xAD, 0xB6, 0x6F, 0x4A, 0x34, 0x7E, 0x2A, 0xEC, 0x9B, 0xD2, 0x42, 0x5C, 0x1C, 0xB1, 0xBE,
    0xFD, 0x2F, 0x7A, 0xC6, 0xB5, 0x82, 0xC7, 0x77, 0x95, 0x0A, 0xD8, 0x90, 0xF7, 0x13, 0xF2, 0xE0,
    0x95, 0xBD, 0x49, 0xC4, 0x00, 0xC8, 0x9E, 0x3E, 0x64, 0x37, 0x4B, 0x0A, 0x42, 0xE4, 0x05, 0x97,
    0xC2, 0xD9, 0x23, 0x70, 0x24, 0xF1, 0xF7, 0xE0, 0x9A, 0x44, 0xCE, 0x51, 0x30, 0xE4, 0x57, 0x71,
    0x7B, 0xCE, 0x05, 0xC2, 0xF4, 0x59, 0x28, 0x54, 0xE7, 0x52, 0x0B, 0x8F, 0xEA, 0x26, 0x18, 0x03,
    0x8C, 0x46, 0xAB, 0x6F, 0x3A, 0x33, 0xE8, 0x11, 0x18, 0x74, 0x27, 0x0C, 0xFA, 0x84, 0xD1, 0x99,
    0x41, 0xF5, 0x2F, 0xFB, 0xC4, 0x02, 0xA0, 0x91, 0x13, 0xB2, 0xB1, 0x6F, 0xBC, 0xF1, 0x42, 0x5B,
    0x09, 0xD6, 0x27, 0x3E, 0x0D, 0xDF, 0x32, 0x70, 0x6C, 0xDF, 0x13, 0x3A, 0x4A, 0xEC, 0xC4, 0x38,
    0xFA, 0x2C, 0xAF, 0xD1, 0xBC, 0x64, 0x1A, 0x14, 0x7E, 0x8F, 0x92, 0x53, 0xF4, 0xB8, 0x3E, 0x92,
    0xD3, 0x87, 0xD4, 0x68, 0x62, 0x8A, 0xE3, 0xCB, 0xF6, 0x96, 0x54, 0x74, 0xCF, 0x35, 0x11, 0xBD,
    0xD4, 0x03, 0xBF, 0x98, 0x8B, 0x65, 0xC5, 0x26, 0xBB, 0x94, 0x26, 0xC7, 0x55, 0x1A, 0x55, 0x0D,
    0xBE, 0x6D, 0x99, 0x58, 0x09, 0x88, 0x0C, 0xD0, 0x82, 0x1B, 0x5B, 0xCB, 0x4B, 0x29, 0xAC, 0xD0,
    0x72, 0xFD, 0xEA, 0x42, 0xDF, 0x10, 0x8C, 0x99, 0xA0, 0x79, 0xA9, 0xB0, 0xD0, 0xFF, 0x6E, 0x97,
    0xA6, 0xC5, 0x0B, 0x9D, 0xAB, 0xF1, 0x42, 0xE3, 0xB4, 0x64, 0x02, 0x7F, 0xDA, 0xA8, 0xA7, 0x67,
    0xDE, 0xD3, 0xAC, 0xB3, 0x2B, 0xEC, 0xD1, 0x04, 0x98, 0xB4, 0xE2, 0xED, 0x72, 0x09, 0xA0, 0x87,
    0x8A, 0xA4, 0x9B, 0x04, 0x59, 0xD9, 0xE4, 0xE2, 0x51, 0x85, 0x6F, 0x36, 0x2A, 0x81, 0x74, 0xBD,
    0x81, 0xB8, 0xB5, 0xC8, 0x9D, 0x31, 0x42, 0xE0, 0x83, 0x87, 0xFB, 0x3D, 0x88, 0x3F, 0x42, 0x10,
    0x5B, 0xFA, 0x46, 0x49, 0x9F, 0x26, 0x8F, 0x52, 0x97, 0x0F, 0xC2, 0x61, 0xDD, 0x81, 0x65, 0x4D,
    0x9A, 0xA5, 0x4C, 0x13, 0x76, 0x43, 0xBA, 0x3E, 0x21, 0x00, 0x7F, 0x4D, 0xFE, 0xF1, 0xDF, 0x97,
    0x9C, 0xFB, 0xB2, 0xA2, 0xB5, 0x8E, 0xBC, 0x76, 0x37, 0x6A, 0xFD, 0x35, 0x8E, 0xD9, 0xEB, 0x7C,
    0xD5, 0x51, 0x1F, 0x54, 0x61, 0xB4, 0x01, 0x41, 0x8C, 0x01, 0xC0, 0x43, 0x8E, 0x8C, 0x90, 0x35,
    0xEF, 0x38, 0xC5, 0xFC, 0x57, 0x9C, 0xFB, 0x29, 0xF6, 0xFD, 0x53, 0xF9, 0x77, 0x2B, 0xEE, 0x03,
    0xF0, 0x0F, 0xE4, 0x1F, 0xD0, 0x0F, 0xD8, 0x3F, 0xC0, 0x7F, 0xA0, 0xFF, 0x80, 0xFF, 0x81, 0xFF,
    0x50, 0x00, 0x2E, 0x54, 0x80, 0x0B, 0x25, 0xE0, 0x42, 0x0D, 0xB8, 0x50, 0x04, 0x2E, 0x54, 0x81,
    0x0B, 0x65, 0xE0, 0xAA, 0x13, 0x4B, 0x0B, 0xC1, 0x85, 0x02, 0xB8, 0x62, 0x95, 0xA2, 0x0F, 0xB5,
    0x18, 0x5C, 0xA8, 0x06, 0x17, 0xCA, 0xC1, 0x85, 0x7A, 0x70, 0xA1, 0x20, 0x8E, 0x8A, 0x38, 0x4A,
    0xE2, 0xA8, 0x89, 0xA3, 0x28, 0x8E, 0xAA, 0x38, 0x29, 0x8B, 0xA3, 0x2E, 0x8E, 0xC2, 0x38, 0xA9,
    0x8C, 0xA3, 0x34, 0xAE, 0xD4, 0x06, 0x7F, 0xD5, 0xBA, 0x6F, 0x3A, 0x8C, 0x5B, 0x92, 0xCF, 0x6C,
    0xC5, 0x78, 0x55, 0x6C, 0x10, 0x7E, 0xD5, 0x0A, 0xC1, 0x44, 0x2C, 0xA0, 0xE2, 0x4E, 0xD4, 0x67,
    0xE2, 0xBF, 0x2A, 0xA7, 0xC8, 0x75, 0x1A, 0x2B, 0xE6, 0x0C, 0x42, 0xBD, 0x4F, 0x25, 0xF3, 0x31,
    0x6F, 0x7C, 0x7B, 0x8B, 0xD0, 0x12, 0xB2, 0x1A, 0xB2, 0x22, 0xB2, 0x2A, 0xB2, 0x32, 0xD2, 0x3A,
    0x52, 0x65, 0xDE, 0x3A, 0xAD, 0x24, 0xA7, 0xA5, 0xE4, 0xB4, 0x96, 0x9C, 0x16, 0x93, 0xD3, 0x6A,
    0x72, 0x5A, 0x4E, 0x4E, 0xEB, 0xC9, 0x0A, 0xCA, 0x2A, 0xCA, 0x4A, 0xCA, 0x6A, 0xCA, 0x8A, 0xCA,
    0xAA, 0xCA, 0xCA, 0xCA, 0xEA, 0xCA, 0x0A, 0xCB, 0x2A, 0x2B, 0x94, 0x96, 0xD5, 0xD6, 0x35, 0xDD,
    0xC3, 0xE0, 0x8D, 0xBF, 0xDA, 0xE0, 0xAC, 0x17, 0xB1, 0xD9, 0x5E, 0x0F, 0x1D, 0x2E, 0xBA, 0x93,
    0x8B, 0xD8, 0x0B, 0x46, 0x07, 0x7A, 0xAF, 0x24, 0xB6, 0x16, 0xDD, 0x96, 0xEE, 0xFA, 0xDE, 0x82,
    0x2F, 0x64, 0x70, 0x18, 0x70, 0xEC, 0x74, 0x05, 0xBC, 0xE4, 0xEC, 0xE9, 0x42, 0xCF, 0xEF, 0x0E,
    0x07, 0x8F, 0x9F, 0x52, 0xE6, 0x56, 0xBD, 0x10, 0x94, 0xCC, 0x12, 0x65, 0xC8, 0x61, 0x39, 0x53,
    0x87, 0xF2, 0x2B, 0xA0, 0xE1, 0x36, 0xCD, 0x52, 0xAF, 0x30, 0x93, 0x49, 0xB7, 0xD5, 0x8B, 0xC5,
    0x49, 0x56, 0x24, 0x7B, 0xFC, 0x4B, 0x13, 0x8E, 0x34, 0xE9, 0x85, 0x80, 0xB4, 0x0F, 0x17, 0x98,
    0x1A, 0xE5, 0x22, 0xBD, 0x7C, 0x31, 0xEA, 0x45, 0x8B, 0xB1, 0xCA, 0x69, 0xD1, 0xC8, 0x41, 0x99,
    0x45, 0xA4, 0x52, 0xE4, 0xA2, 0xAB, 0x51, 0x22, 0x85, 0x8C, 0x3F, 0xB5, 0x94, 0xBD, 0x80, 0x22,
    0x96, 0xB8, 0x48, 0x55, 0xD5, 0x16, 0xA9, 0xF7, 0xFE, 0x0B, 0xF8, 0x30, 0x30, 0x86, 0xE2, 0x2A,
    0x5C, 0x6C, 0x56, 0x34, 0x5E, 0x53, 0x9B, 0xD9, 0xC5, 0xE2, 0x4E, 0xB2, 0x20, 0xBE, 0x46, 0xFF,
    0xFE, 0xCD, 0x53, 0x00, 0xCF, 0x3A, 0x7C, 0x50, 0x3E, 0x6B, 0x99, 0x4B, 0x38, 0x0C, 0x43, 0xC9,
    0x37, 0x0B, 0x3E, 0x3A, 0x0F, 0x3D, 0xCF, 0xD8, 0x11, 0xC2, 0x26, 0x28, 0xFB, 0xA7, 0x3C, 0xBE,
    0x32, 0x98, 0x77, 0xD7, 0x2C, 0x89, 0xC0, 0x99, 0x7E, 0x9A, 0x01, 0xE8, 0x89, 0x26, 0xBB, 0x5C,
    0x20, 0x4D, 0xF2, 0x7E, 0x04, 0xA8, 0x49, 0xF2, 0xF7, 0x0A, 0xEB, 0xDC, 0x2B, 0xB0, 0xEB, 0x66,
    0x55, 0x68, 0x73, 0x14, 0x01, 0x6E, 0x0E, 0x1D, 0xE0, 0x2D, 0xAC, 0x21, 0x2D, 0x88, 0x63, 0x26,
    0x10, 0x97, 0xC3, 0x08, 0xC8, 0xB9, 0x88, 0x6A, 0x81, 0x39, 0xC7, 0xA5, 0x17, 0xA0, 0x73, 0x41,
    0xF4, 0x02, 0x75, 0xDF, 0xC6, 0xFC, 0x36, 0x76, 0x98, 0x58, 0xA6, 0x65, 0x40, 0xBE, 0x2F, 0x11,
    0xE3, 0xA8, 0xFC, 0x4C, 0x92, 0x1C, 0xF3, 0x25, 0x18, 0xA5, 0x11, 0xBE, 0x5C, 0x0C, 0xF6, 0xD7,
    0x40, 0xFF, 0x75, 0x33, 0x1A, 0x6B, 0xC6, 0xC6, 0x44, 0x85, 0x09, 0xFB, 0x4E, 0xBF, 0x49, 0x51,
    0x1C, 0x7C, 0x94, 0xCD, 0x7E, 0x51, 0xDD, 0xE4, 0x75, 0x8A, 0x72, 0x6F, 0xD7, 0xB7, 0x0A, 0xA8,
    0xAF, 0xFB, 0xBD, 0xB6, 0x9E, 0x71, 0x34, 0x0A, 0x6D, 0xF5, 0x92, 0xC7, 0xD2, 0x52, 0xCD, 0x99,
    0x7A, 0xC2, 0x37, 0x7D, 0x36, 0x61, 0x61, 0xB4, 0x3B, 0x80, 0x52, 0xAA, 0x2F, 0xC3, 0x9C, 0xE5,
    0xA4, 0xEA, 0x1A, 0x18, 0x3D, 0x8C, 0xC2, 0x0C, 0x2E, 0x8A, 0x0E, 0x00, 0x68, 0x9D, 0x02, 0xA9,
    0x8E, 0xAC, 0xBA, 0x52, 0xAB, 0xAC, 0x52, 0xE0, 0xDC, 0xF9, 0x07, 0x38, 0xE0, 0x25, 0xD2, 0x1E,
    0xD5, 0xD8, 0x75, 0x70, 0x44, 0x4B, 0x8D, 0xFD, 0xF3, 0x66, 0x43, 0x97, 0x9D, 0x2B, 0x6D, 0xB7,
    0x53, 0x29, 0x71, 0x22, 0x07, 0x73, 0xD9, 0x2F, 0x65, 0x09, 0x37, 0xC1, 0xD3, 0x44, 0xFB, 0xD8,
    0x80, 0x3A, 0x97, 0x99, 0x8E, 0xEF, 0x86, 0xA7, 0x74, 0xD3, 0x13, 0x7A, 0x84, 0xCB, 0x44, 0x74,
    0x4E, 0x2E, 0x42, 0xCC, 0xF3, 0x94, 0x28, 0x43, 0x28, 0x79, 0x05, 0xB0, 0x2A, 0x67, 0x02, 0xDD,
    0x6F, 0x9E, 0x2A, 0x28, 0x49, 0x55, 0x3A, 0xAB, 0xF4, 0xE5, 0x13, 0x8B, 0x7B, 0x15, 0xCE, 0x81,
    0xB6, 0x80, 0xA6, 0xD0, 0x8B, 0x47, 0xC7, 0x8D, 0xB9, 0x14, 0x4E, 0x7A, 0x43, 0x2B, 0xF8, 0xC6,
    0x46, 0x5A, 0x9A, 0x31, 0xD8, 0xAD, 0xE4, 0x55, 0xEC, 0x37, 0xFA, 0xA4, 0x3E, 0x48, 0x8E, 0xE5,
    0x32, 0x9F, 0x56, 0xFC, 0xB9, 0x0B, 0xD4, 0x36, 0x5F, 0x7F, 0x93, 0x4A, 0x0E, 0x91, 0x5E, 0x9C,
    0xB6, 0xCA, 0xD0, 0x62, 0x5B, 0x09, 0xB3, 0xB8, 0xB4, 0x9F, 0x38, 0xB6, 0x4A, 0x44, 0x67, 0x67,
    0xFC, 0x83, 0x4F, 0x30, 0x4E, 0xA6, 0xFD, 0xBC, 0x0F, 0x9F, 0x88, 0x40, 0x01, 0xA2, 0xDE, 0xEF,
    0x41, 0xF5, 0xCA, 0x40, 0x45, 0x7F, 0x7F, 0xE5, 0x6C, 0xDA, 0x74, 0x46, 0x0A, 0x5A, 0xE0, 0xB9,
    0x0F, 0x83, 0xA8, 0x1A, 0xA9, 0xDD, 0x93, 0x59, 0x52, 0x72, 0x1D, 0xAF, 0x5C, 0x35, 0xAB, 0xA1,
    0x7D, 0xC3, 0x25, 0x76, 0xAF, 0x7B, 0x84, 0xE5, 0xA2, 0x1B, 0xDC, 0xDB, 0x1C, 0x2E, 0x3A, 0x5E,
    0xCF, 0x1E, 0x52, 0xF8, 0xE0, 0xE8, 0x40, 0xB4, 0x33, 0x49, 0x2A, 0xFD, 0xAF, 0xB0, 0xFC, 0x5F,
    0xF6, 0x3D, 0xF2, 0x7F, 0x3F, 0x3F, 0xE0, 0x98, 0xBD, 0x3B, 0x20, 0xDD, 0x2D, 0x16, 0x78, 0xB2,
    0x62, 0x59, 0xE0, 0xE0, 0x04, 0x87, 0x31, 0x0F, 0x82, 0xD5, 0x94, 0xDC, 0x4A, 0x38, 0xAF, 0xAD,
    0x56, 0x97, 0x06, 0xFE, 0x77, 0x20, 0x39, 0x9D, 0x11, 0xB1, 0x44, 0x2A, 0xD0, 0x21, 0xE5, 0x62,
    0xA3, 0xBF, 0x4B, 0x7F, 0x9F, 0x52, 0x1A, 0xD5, 0xA0, 0xB4, 0x38, 0x6F, 0x7B, 0xC2, 0xAD, 0x31,
    0xDE, 0xAA, 0x41, 0x48, 0xF1, 0x82, 0x1C, 0x31, 0xAA, 0x10, 0xA1, 0xB7, 0x8F, 0x2E, 0x46, 0xFF,
    0x00, 0x6D, 0x12, 0x51, 0xF2, 0xF6, 0x86, 0xA0, 0x29, 0x46, 0x35, 0xA9, 0x07, 0xE5, 0xAA, 0x59,
    0xA0, 0x62, 0x5C, 0x8D, 0xAB, 0xD1, 0xBC, 0x21, 0xB7, 0x5D, 0x28, 0x3C, 0xBE, 0x5B, 0x45, 0xA7,
    0x7B, 0xF0, 0xF4, 0x9E, 0xA3, 0x3F, 0x92, 0x72, 0x62, 0x48, 0x54, 0x22, 0x85, 0x1C, 0x0B, 0x11,
    0xF6, 0xB6, 0x97, 0xE2, 0xE8, 0x86, 0x6A, 0x92, 0x44, 0x8A, 0x37, 0xD5, 0xFB, 0x72, 0xB6, 0x02,
    0x07, 0xC9, 0x71, 0x0C, 0x95, 0x64, 0xB1, 0xA6, 0xD1, 0xDF, 0xD6, 0x60, 0x85, 0xAD, 0x1D, 0xE8,
    0xDA, 0x81, 0xAF, 0x1D, 0x08, 0xDB, 0x29, 0x63, 0x2B, 0x65, 0x2B, 0x67, 0x2B, 0x69, 0x2B, 0x6B,
    0x2B, 0x6D, 0x2B, 0x6F, 0x2B, 0x71, 0x2B, 0x73, 0x1B, 0x82, 0x74, 0xFA, 0xB3, 0x8A, 0xD0, 0x60,
    0xCF, 0x27, 0xCE, 0xEA, 0xA2, 0x9A, 0x51, 0xD5, 0xA2, 0x56, 0x5E, 0x28, 0xC0, 0xF6, 0x84, 0x4F,
    0x02, 0x8F, 0x9F, 0xFC, 0xFD, 0x08, 0x40, 0x06, 0x8C, 0xCB, 0xF9, 0xA4, 0xFC, 0x72, 0x2C, 0x8D,
    0x36, 0x0B, 0xED, 0x10, 0x1B, 0x7E, 0x12, 0x4C, 0x67, 0xC3, 0x8B, 0x03, 0xF4, 0xD0, 0xFF, 0x1F,
    0x9D, 0x0B, 0xC6, 0x30, 0xC5, 0x74, 0xB2, 0x44, 0xD0, 0x9E, 0x3C, 0x7E, 0x3E, 0xD9, 0x04, 0xBC,
    0xF9, 0x26, 0xFE, 0x52, 0xAE, 0x64, 0x86, 0x59, 0x05, 0x0C, 0xF9, 0x2C, 0xA0, 0xCD, 0x27, 0x19,
    0x24, 0x2F, 0x58, 0xF8, 0xA1, 0xF1, 0x5A, 0xDE, 0x14, 0x5A, 0xE2, 0x65, 0xE2, 0x03, 0x60, 0x47,
    0x08, 0xD9, 0x05, 0x12, 0x76, 0x57, 0xD0, 0xD6, 0xC7, 0x88, 0x95, 0xF0, 0xF2, 0x63, 0xFE, 0x76,
    0x48, 0x56, 0x11, 0xD4, 0x3C, 0xB1, 0x91, 0xD4, 0xCC, 0x25, 0x69, 0x43, 0x21, 0x57, 0x7D, 0x29,
    0x55, 0xD7, 0x97, 0x22, 0x25, 0x5B, 0xFA, 0x47, 0x7E, 0x93, 0xF5, 0xDE, 0x33, 0x64, 0xDA, 0x34,
    0x2D, 0x79, 0x11, 0xEB, 0xA4, 0xF2, 0x50, 0x6B, 0xE4, 0x8D, 0x37, 0xAF, 0x8D, 0x71, 0xB4, 0x9E,
    0x92, 0xB2, 0x72, 0x7D, 0xA1, 0x9C, 0xA8, 0x64, 0xA8, 0x2C, 0xA8, 0xE9, 0xED, 0x4F, 0xEE, 0x4F,
    0x40, 0x27, 0xF1, 0x78, 0xAB, 0xF2, 0x7B, 0xF2, 0x1C, 0x1B, 0xCB, 0xE3, 0x9D, 0xF8, 0x94, 0x80,
    0x4D, 0x72, 0x23, 0x95, 0x48, 0x66, 0xBA, 0xCD, 0x15, 0x3D, 0xCF, 0xB5, 0x24, 0x84, 0x03, 0x1D,
    0x63, 0xA6, 0xA1, 0x45, 0x63, 0xBD, 0x29, 0xCD, 0xB5, 0xA8, 0xF9, 0xE9, 0x04, 0xBC, 0xFA, 0xA3,
    0x08, 0x68, 0xD7, 0x0A, 0x6C, 0x93, 0x51, 0x66, 0x8E, 0x62, 0x96, 0x73, 0xF1, 0x0B, 0xBC, 0x10,
    0x4D, 0x25, 0x41, 0x7C, 0xCF, 0xAF, 0x98, 0x31, 0x66, 0xB8, 0x32, 0x60, 0x7E, 0x04, 0xE6, 0xE7,
    0xCB, 0x53, 0x63, 0x84, 0x98, 0x15, 0xAB, 0x4E, 0x40, 0x27, 0x24, 0x9B, 0x22, 0xCC, 0xC5, 0x2E,
    0xCF, 0x74, 0x0B, 0x73, 0x31, 0x31, 0x34, 0x81, 0x88, 0x76, 0x6D, 0x93, 0x1D, 0x1D, 0x91, 0x5C,
    0x8C, 0xA8, 0xEB, 0xD5, 0xF7, 0xC0, 0x7C, 0x11, 0x30, 0x1F, 0xEC, 0x87, 0xC2, 0xA8, 0x14, 0x2C,
    0x83, 0x65, 0x39, 0xF5, 0xAC, 0x26, 0xF2, 0x95, 0x5F, 0x5D, 0xCD, 0xDC, 0x3C, 0xC9, 0xA9, 0x8D,
    0x7B, 0x6A, 0x44, 0x71, 0xFE, 0xA9, 0x73, 0xE3, 0x8B, 0xB1, 0x07, 0xE8, 0x09, 0xF2, 0x00, 0x3C,
    0xE0, 0x0E, 0xB0, 0x03, 0xEA, 0x00, 0x3A, 0x60, 0x0E, 0x90, 0x03, 0xE2, 0x80, 0x29, 0xE0, 0x4D,
    0xE1, 0x06, 0xB4, 0xE1, 0x07, 0xC1, 0x9A, 0x40, 0x0D, 0x48, 0x03, 0xD0, 0x80, 0x33, 0xC0, 0x0C,
    0x28, 0x03, 0xC8, 0x80, 0x31, 0x85, 0x18, 0x10, 0x66, 0x00, 0xBB, 0x07, 0x81, 0xA9, 0xC8, 0xE5,
    0x92, 0x26, 0x43, 0x9F, 0xD0, 0x45, 0x05, 0x54, 0xA4, 0x04, 0xB4, 0x9F, 0xAA, 0xCD, 0x6E, 0x06,
    0x31, 0x0C, 0x27, 0x52, 0x34, 0x7A, 0xF4, 0x31, 0x43, 0xC1, 0xC9, 0x64, 0xB7, 0xBB, 0x93, 0xF9,
    0x67, 0x50, 0xFD, 0xC7, 0x9F, 0xC2, 0xC1, 0xF2, 0x3D, 0xB4, 0x66, 0xBE, 0x85, 0xE3, 0xAB, 0xCE,
    0xB4, 0x78, 0xFE, 0xC4, 0xB9, 0xEF, 0x41, 0x68, 0x8A, 0x8A, 0x48, 0x77, 0xDA, 0x49, 0x12, 0x5A,
    0x57, 0x18, 0xBD, 0x7A, 0xD0, 0xA7, 0xFF, 0x8D, 0x71, 0xEC, 0xAE, 0x2D, 0x60, 0xD1, 0x8E, 0x30,
    0xBA, 0x13, 0xF9, 0xEA, 0xDC, 0xB7, 0x6E, 0xEA, 0xAC, 0x06, 0x5E, 0x43, 0xAF, 0xC2, 0xD7, 0xF0,
    0x6B, 0x00, 0x36, 0x04, 0x1B, 0x84, 0x0D, 0xC3, 0x06, 0x62, 0x43, 0xB1, 0xC1, 0xD8, 0x70, 0x6C,
    0x40, 0x36, 0x24, 0x1B, 0x94, 0x03, 0x96, 0x0D, 0xCC, 0x86, 0xE6, 0x00, 0x67, 0xC3, 0xB3, 0x01,
    0x1A, 0x88, 0x56, 0x48, 0x3B, 0xC5, 0xB4, 0x53, 0x50, 0x3B, 0x45, 0xB5, 0x53, 0x58, 0x3B, 0xC5,
    0xB5, 0x53, 0x60, 0x3B, 0x45, 0xB6, 0x41, 0xDB, 0xB0, 0x6D, 0xE0, 0x0E, 0xE8, 0x0E, 0xF0, 0x0E,
    0xF8, 0x26, 0x45, 0x7F, 0xC1, 0xE1, 0x69, 0x25, 0x87, 0x55, 0x1F, 0x71, 0x58, 0xAB, 0x51, 0xE6,
    0xA7, 0x72, 0x92, 0xC6, 0x52, 0x2C, 0x0D, 0x67, 0x24, 0xDF, 0xAD, 0x58, 0x6B, 0x71, 0x77, 0x3F,
    0x51, 0x5C, 0xDA, 0x8B, 0xE9, 0xF9, 0x4F, 0x7E, 0xDF, 0xC5, 0xD4, 0x41, 0x3F, 0x14, 0x66, 0x60,
    0xFC, 0xF0, 0x3B, 0xC2, 0x7E, 0x62, 0x6C, 0x3C, 0x6C, 0xD2, 0x25, 0x85, 0x91, 0x42, 0x48, 0x97,
    0x6C, 0x8C, 0x6A, 0x74, 0x03, 0x07, 0x8F, 0xB4, 0x64, 0xD7, 0xC7, 0x6C, 0x4C, 0xAE, 0x21, 0xFD,
    0xBE, 0x50, 0xF0, 0xDD, 0xE7, 0x48, 0x97, 0xCF, 0xEE, 0x0B, 0xB5, 0x8E, 0x2F, 0xEE, 0x64, 0x72,
    0x3C, 0x31, 0x72, 0x9B, 0xF8, 0x72, 0x9B, 0x64, 0x0B, 0x1B, 0xAF, 0x4A, 0x33, 0xAA, 0xC3, 0x68,
    0xCD, 0xD0, 0x66, 0xDF, 0xD8, 0x08, 0x16, 0x66, 0x31, 0x6F, 0xC2, 0x17, 0xA1, 0xE3, 0x90, 0x06,
    0x63, 0x55, 0x06, 0x30, 0x23, 0xD1, 0x72, 0x24, 0x07, 0x9F, 0xDB, 0x6C, 0x07, 0xC7, 0x32, 0x84,
    0x30, 0xE4, 0x13, 0xB5, 0xF7, 0x22, 0x41, 0x96, 0xD9, 0xFC, 0x57, 0x99, 0x17, 0xCD, 0xE1, 0xA0,
    0x4D, 0x2E, 0xF6, 0x4D, 0x64, 0xF7, 0x24, 0x66, 0x28, 0xCF, 0xD2, 0xCD, 0xB3, 0xB9, 0xA3, 0xB1,
    0xC8, 0xEC, 0x30, 0x81, 0x6F, 0x09, 0xFD, 0x72, 0x53, 0x37, 0xC9, 0x56, 0x53, 0x98, 0x0D, 0x12,
    0xF1, 0x0E, 0x4F, 0xCA, 0x3C, 0x15, 0x1D, 0x69, 0x95, 0x54, 0xCA, 0xB4, 0x02, 0x78, 0x1C, 0xAE,
    0x42, 0x8C, 0x02, 0x98, 0xDD, 0x76, 0x0C, 0x21, 0xFA, 0xB9, 0x84, 0x11, 0x01, 0xE3, 0x48, 0x72,
    0xCD, 0x0B, 0x47, 0xF7, 0x4D, 0x1E, 0x48, 0xE2, 0x99, 0x3F, 0x8B, 0x85, 0x22, 0xF6, 0x9E, 0x5F,
    0x34, 0x6E, 0x80, 0x60, 0x26, 0x34, 0x91, 0x80, 0x3C, 0x50, 0x79, 0x17, 0x8F, 0xCE, 0x63, 0xD8,
    0x0D, 0xE1, 0x2D, 0x9A, 0x1F, 0x84, 0x25, 0x97, 0xD8, 0x16, 0x72, 0xE8, 0x66, 0x0C, 0x73, 0x5B,
    0x81, 0x4E, 0x22, 0x5F, 0x5F, 0x18, 0xB3, 0x0F, 0x22, 0x57, 0x1C, 0x93, 0x5C, 0x2A, 0xAF, 0xA1,
    0x2D, 0x4A, 0x4C, 0x31, 0x7B, 0x68, 0x63, 0x3F, 0x00, 0x9A, 0x62, 0xFF, 0xAE, 0xC6, 0xDF, 0x1B,
    0x1C, 0x2A, 0x03, 0x65, 0x80, 0x60, 0x6A, 0x29, 0x8A, 0x7E, 0x7C, 0x0B, 0x23, 0xDC, 0x17, 0xD4,
    0x6F, 0x55, 0x50, 0x09, 0x92, 0x23, 0xDB, 0x64, 0xDB, 0x79, 0xF6, 0x4B, 0x70, 0xE2, 0xC0, 0xE0,
    0x67, 0x76, 0xEE, 0xA6, 0xA6, 0x66, 0xF0, 0xBF, 0x2D, 0x58, 0xFC, 0xEE, 0xC7, 0x12, 0xFC, 0x1F,
    0x32, 0x60, 0x96, 0x13, 0xC0, 0xF4, 0x0A, 0x98, 0x87, 0x02, 0x98, 0x2F, 0xB5, 0x77, 0x03, 0x8C,
    0x06, 0x08, 0xEA, 0x62, 0xD5, 0xEE, 0x8E, 0x7C, 0x06, 0xE3, 0x6E, 0x80, 0xB9, 0x01, 0x39, 0x37,
    0x00, 0x06, 0x46, 0xD4, 0x29, 0x2A, 0x6E, 0x04, 0xCC, 0x03, 0xD9, 0xB0, 0x94, 0x4D, 0x9A, 0xAB,
    0x39, 0x9B, 0x55, 0x33, 0xF5, 0x72, 0xA8, 0x9E, 0xB7, 0xF2, 0xBD, 0x04, 0xBC, 0x2E, 0x20, 0x22,
    0x4C, 0xFE, 0xE1, 0xB3, 0x75, 0x10, 0x4B, 0x5C, 0x22, 0xB5, 0xC1, 0xA3, 0x91, 0xF7, 0x76, 0xF2,
    0xE9, 0xF1, 0xEA, 0x1B, 0x40, 0xF2, 0x45, 0x01, 0x09, 0x4F, 0x4D, 0x73, 0xC6, 0x23, 0xC5, 0x4E,
    0x67, 0x4E, 0x24, 0x90, 0xB1, 0xEC, 0x10, 0x89, 0x3B, 0x0E, 0xC2, 0xA9, 0x12, 0xA0, 0x46, 0xA6,
    0x5E, 0x76, 0xF7, 0x27, 0x96, 0x93, 0xBE, 0xEC, 0xB5, 0x54, 0x67, 0xC8, 0x51, 0x9C, 0xC0, 0x59,
    0x5E, 0x10, 0xFD, 0xEE, 0x87, 0x16, 0xE3, 0xCE, 0x59, 0x24, 0x3F, 0xEF, 0xCA, 0xC1, 0xBD, 0xCC,
    0x5F, 0x65, 0xC1, 0xE9, 0xD9, 0xAA, 0xC5, 0x6A, 0x0C, 0x98, 0x75, 0xC9, 0x99, 0xCF, 0x24, 0x15,
    0x92, 0xE0, 0xD2, 0x5B, 0x62, 0xAB, 0xC3, 0xDA, 0x2D, 0xC7, 0xD5, 0x6E, 0x49, 0x6E, 0x36, 0xCB,
    0x72, 0xB7, 0x5A, 0x9A, 0xBD, 0x58, 0xB3, 0x86, 0x2D, 0x85, 0x35, 0x2B, 0x38, 0xA5, 0x97, 0x09,
    0x28, 0x63, 0xE8, 0xA8, 0x51, 0x6B, 0x4D, 0x78, 0x2C, 0xC1, 0xF0, 0xD6, 0xB3, 0x35, 0x28, 0x93,
    0xA5, 0xFC, 0x21, 0x56, 0xC6, 0x1F, 0x02, 0xCD, 0x1C, 0x56, 0xAD, 0x59, 0x6D, 0x60, 0xD5, 0x0A,
    0xD3, 0xC2, 0x1B, 0x4E, 0xAB, 0xDD, 0x2C, 0x76, 0x94, 0xAC, 0x5A, 0x33, 0xDA, 0xD1, 0x63, 0xB1,
    0x78, 0xDB, 0xD0, 0x2B, 0x0B, 0x1D, 0x48, 0xF6, 0xB7, 0x20, 0x8D, 0x51, 0xA2, 0xAD, 0x95, 0xEF,
    0xAE, 0xCA, 0x4D, 0x91, 0x1A, 0xF9, 0x90, 0xA1, 0x87, 0x56, 0x30, 0x24, 0x52, 0x8F, 0x09, 0xA4,
    0x6B, 0x53, 0xC8, 0xCE, 0x31, 0x1B, 0x64, 0x8F, 0xB9, 0x80, 0xAC, 0x5F, 0x2B, 0x1D, 0x16, 0xE5,
    0x2D, 0xD5, 0x2F, 0x90, 0xF2, 0xAA, 0x05, 0x5F, 0x54, 0x70, 0xD2, 0xBD, 0xEE, 0x8A, 0xF1, 0x0E,
    0x09, 0x7D, 0xB2, 0x48, 0x69, 0x3C, 0xE4, 0x8C, 0x60, 0x34, 0x92, 0x13, 0x75, 0xB2, 0x0A, 0xA2,
    0x11, 0xD8, 0xD2, 0x23, 0xAC, 0x14, 0x0B, 0x61, 0x4E, 0xD2, 0x92, 0x12, 0x52, 0x2A, 0x28, 0x09,
    0x28, 0x25, 0x4E, 0xC2, 0x29, 0x84, 0xD6, 0x4A, 0xAA, 0x0A, 0x2F, 0xBC, 0x2B, 0xB9, 0x8F, 0x75,
    0xE5, 0x3D, 0xBA, 0x1D, 0xEC, 0xEB, 0x65, 0x0A, 0x21, 0x22, 0xC2, 0x14, 0x92, 0x78, 0x91, 0xFC,
    0x6D, 0xEE, 0x45, 0xF2, 0x13, 0x98, 0xD6, 0x88, 0x5F, 0xDB, 0x3D, 0x5B, 0x73, 0xBA, 0x88, 0x7D,
    0xB5, 0x35, 0x6D, 0xE9, 0x9F, 0xAD, 0xE4, 0x23, 0xAD, 0x7E, 0xAA, 0x00, 0x3B, 0x42, 0xE2, 0x2A,
    0x53, 0x49, 0x21, 0x13, 0xE5, 0x8C, 0x14, 0x3E, 0x0E, 0x32, 0xA8, 0xB4, 0xB9, 0x03, 0xE0, 0x0D,
    0x75, 0xD2, 0x06, 0xEB, 0xF8, 0xF5, 0xA5, 0x6A, 0x82, 0xA1, 0xDF, 0x66, 0x56, 0x13, 0x6D, 0xA8,
    0x09, 0xA1, 0x8F, 0xB6, 0x62, 0x4A, 0xCE, 0xF9, 0xE3, 0x81, 0xF7, 0x4F, 0x55, 0xE3, 0x5D, 0x5B,
    0x1D, 0x37, 0xD7, 0xC4, 0x59, 0x75, 0x2C, 0x97, 0xAB, 0x63, 0x52, 0x26, 0x3B, 0xAB, 0x89, 0xF8,
    0xBC, 0x26, 0x86, 0xDB, 0x6A, 0x22, 0xBB, 0x6B, 0x4D, 0xF8, 0x97, 0xAA, 0x89, 0xEA, 0x45, 0x35,
    0xB1, 0x84, 0x9A, 0xE8, 0x5F, 0x5C, 0x13, 0xB9, 0x3E, 0x5B, 0xE8, 0x6D, 0xD5, 0xC9, 0x5A, 0x6B,
    0xAA, 0xEF, 0x31, 0x7F, 0xE9, 0x2F, 0xED, 0x5D, 0x04, 0xA4, 0x17, 0x83, 0x4B, 0x61, 0x55, 0x93,
    0x2B, 0xD5, 0xDA, 0xE2, 0x2B, 0xE8, 0x2F, 0x83, 0xC4, 0xCD, 0xBD, 0xB5, 0xFD, 0xC4, 0xCA, 0xC5,
    0xA6, 0xD9, 0xBB, 0xFE, 0x7D, 0xEE, 0xAD, 0xB7, 0xDE, 0x6A, 0x1F, 0xF0, 0xC7, 0x0B, 0x6A, 0x63,
    0xE7, 0xB7, 0xEC, 0xA8, 0x8D, 0xA8, 0xE1, 0x02, 0xF9, 0x88, 0x6B, 0x63, 0xBC, 0x52, 0x1B, 0xC5,
    0xC7, 0xB2, 0x36, 0x4E, 0x13, 0x2E, 0x42, 0x65, 0x64, 0xD3, 0xF1, 0x74, 0x20, 0x32, 0xA1, 0xDC,
    0x22, 0x15, 0x2D, 0x48, 0x74, 0xAE, 0x6F, 0xC8, 0x74, 0xB3, 0xD8, 0xEB, 0x08, 0x50, 0x3E, 0xFF,
    0x03, 0xAF, 0x9D, 0xD4, 0x94, 0x28, 0x65, 0x69, 0x30, 0x2D, 0x8A, 0xA6, 0x4D, 0x0E, 0x6D, 0x99,
    0x56, 0x47, 0x3A, 0x27, 0x6A, 0x65, 0x53, 0x7C, 0x8D, 0x95, 0x98, 0x58, 0x5D, 0xF3, 0x39, 0x54,
    0xD1, 0x18, 0x64, 0xAF, 0xD5, 0x53, 0xB9, 0xBC, 0x28, 0xD4, 0x6F, 0x3C, 0x7E, 0xFC, 0xB8, 0xBE,
    0xE0, 0x8F, 0xEB, 0x6A, 0x27, 0xA8, 0x2E, 0x86, 0xC3, 0x3B, 0x5C, 0x40, 0xE3, 0xAD, 0xB5, 0x23,
    0xD6, 0xF6, 0x32, 0xAA, 0x2B, 0xFB, 0x2D, 0x54, 0x57, 0x75, 0xAE, 0xBA, 0xDA, 0xEB, 0xAB, 0xE8,
    0x70, 0xFE, 0x76, 0xD5, 0x95, 0xBC, 0x2A, 0xD5, 0x15, 0xEB, 0xAF, 0xA5, 0x52, 0x5F, 0x07, 0x32,
    0x8C, 0xF6, 0x54, 0x54, 0x55, 0xB2, 0x46, 0x58, 0x17, 0xB7, 0xEB, 0x28, 0xAA, 0xD7, 0x48, 0x3C,
    0xC1, 0xC3, 0xAA, 0x69, 0xD2, 0x44, 0xA3, 0x66, 0x8B, 0xE7, 0xF7, 0x1D, 0xC9, 0xFD, 0x29, 0x96,
    0xEF, 0x38, 0x87, 0xE0, 0xC4, 0xE4, 0xFE, 0xAA, 0xAD, 0x86, 0x08, 0xCA, 0x46, 0xC4, 0x6E, 0xD7,
    0x10, 0x26, 0x98, 0x05, 0x73, 0xBF, 0x14, 0x48, 0x1F, 0xCD, 0x42, 0x1D, 0x12, 0xE4, 0xB7, 0xD8,
    0x78, 0x71, 0x48, 0x34, 0x67, 0x34, 0x50, 0x69, 0x46, 0x6B, 0xF9, 0x77, 0xCB, 0x5F, 0x69, 0xE3,
    0xDE, 0x99, 0x6E, 0x73, 0xD6, 0x9B, 0x9E, 0x33, 0x39, 0x3E, 0x67, 0xCC, 0xD4, 0x8A, 0x58, 0xEF,
    0x2F, 0xCF, 0x32, 0xFE, 0x83, 0xCC, 0x32, 0x67, 0xBD, 0x69, 0xBE, 0xA1, 0x37, 0x25, 0x1F, 0x58,
    0xB7, 0xE5, 0xAF, 0xB6, 0x37, 0xDD, 0xA1, 0xAA, 0xEE, 0xD0, 0x9B, 0x5C, 0x52, 0x3B, 0x61, 0xD4,
    0x6C, 0x44, 0xA6, 0x8A, 0x05, 0x65, 0x55, 0xAD, 0xB9, 0x6C, 0xD9, 0xCD, 0xD5, 0x2A, 0xFB, 0x8D,
    0xDD, 0x2C, 0x84, 0xF9, 0x7D, 0x61, 0xCC, 0x7C, 0x47, 0x8A, 0x8B, 0x25, 0x93, 0xDB, 0xAA, 0x11,
    0x94, 0x5A, 0xD6, 0xB9, 0x6C, 0x77, 0xE1, 0xE2, 0x3F, 0xE0, 0xEA, 0xBA, 0xC7, 0xF1, 0x87, 0xAA,
    0xB1, 0x06, 0x1B, 0xEA, 0x36, 0x85, 0xCF, 0xA7, 0x4D, 0x05, 0xB8, 0x24, 0x28, 0x03, 0x6B, 0xE9,
    0x8C, 0x45, 0xB3, 0x3A, 0xBB, 0xCD, 0xF9, 0xC3, 0x9A, 0x82, 0x65, 0xAA, 0x9A, 0xFC, 0x5A, 0x02,
    0x03, 0xD9, 0xCF, 0x0F, 0x4C, 0x0F, 0x7C, 0xA2, 0xB0, 0x3A, 0x09, 0x46, 0x32, 0x7E, 0x3F, 0x63,
    0x55, 0xA3, 0x17, 0x99, 0x80, 0xD2, 0xC3, 0xE7, 0x1A, 0xC1, 0x52, 0xA3, 0x56, 0xD9, 0xAA, 0x31,
    0xAE, 0x34, 0x5E, 0x95, 0x6A, 0xB0, 0x5C, 0x55, 0x94, 0x8D, 0x2E, 0xF4, 0xF7, 0xD7, 0xA7, 0x02,
    0xF8, 0x74, 0x04, 0x2C, 0x94, 0x96, 0x34, 0xF0, 0x21, 0x1B, 0x9C, 0xEA, 0xE5, 0xE4, 0x91, 0x6E,
    0x3B, 0xDA, 0xC2, 0x9E, 0x1F, 0x3B, 0x74, 0x4B, 0x12, 0xDE, 0xC2, 0xB1, 0x0A, 0xB2, 0x2D, 0xA1,
    0x7B, 0xAA, 0x70, 0xDB, 0x9B, 0xEE, 0x03, 0xFD, 0x71, 0xC5, 0xB6, 0x11, 0x6D, 0x4C, 0xE9, 0x1C,
    0x65, 0x78, 0xA5, 0xB7, 0x30, 0xF8, 0x86, 0x86, 0x31, 0xC9, 0xAF, 0xE4, 0x22, 0x2E, 0x19, 0x8C,
    0x1C, 0x3D, 0x22, 0x55, 0x72, 0x78, 0x47, 0x4D, 0x48, 0xD9, 0xF1, 0x45, 0x49, 0x17, 0x92, 0x7B,
    0xBE, 0xE0, 0xE2, 0x41, 0xA2, 0x77, 0xD4, 0x40, 0x61, 0xD5, 0xCD, 0x70, 0x37, 0x2D, 0x15, 0x33,
    0x4D, 0x37, 0x28, 0x13, 0x96, 0xA3, 0xBD, 0xD3, 0x4A, 0xE1, 0x22, 0xE8, 0x45, 0xDF, 0xF1, 0x05,
    0xD5, 0x06, 0xC1, 0x60, 0xC4, 0x05, 0xA7, 0x34, 0x91, 0x30, 0x12, 0x60, 0xAA, 0xDF, 0x30, 0xD5,
    0xB4, 0xB8, 0x68, 0x7E, 0xE5, 0x7B, 0xC4, 0x8A, 0x2E, 0xFC, 0xDF, 0x92, 0xC3, 0x60, 0x67, 0x1F,
    0xF9, 0x9F, 0x11, 0x0C, 0x56, 0x5C, 0xC4, 0xFE, 0x6B, 0xBE, 0xEF, 0x16, 0x9C, 0x3B, 0xA1, 0xCB,
    0x01, 0x69, 0x28, 0x7D, 0xB6, 0x47, 0xFE, 0x7F, 0x21, 0x99, 0x85, 0xCF, 0xD7, 0x88, 0xB7, 0xC0,
    0x45, 0xB9, 0x44, 0xFE, 0x7F, 0x23, 0xF0, 0xB9, 0x6F, 0xA6, 0xC8, 0xFF, 0xBD, 0xB7, 0x89, 0x94,
    0x72, 0xA0, 0x95, 0x99, 0x8B, 0xFF, 0xDE, 0x04, 0x04, 0x79, 0xE5, 0x03, 0x42, 0x3C, 0x9F, 0x1B,
    0xD9, 0xCE, 0x10, 0x84, 0x41, 0x2F, 0xD6, 0x43, 0x93, 0x65, 0x7C, 0xF8, 0x4E, 0xF3, 0x2B, 0x5A,
    0xB7, 0xF3, 0x06, 0x08, 0x7A, 0xD6, 0x30, 0x21, 0x84, 0xD5, 0xAC, 0x76, 0xC1, 0x45, 0x36, 0x1F,
    0xB9, 0xFC, 0x7A, 0xE8, 0x6D, 0x01, 0x1B, 0x59, 0xA8, 0xFF, 0xA3, 0xC0, 0x1B, 0x1B, 0x20, 0x9C,
    0x7F, 0x37, 0x6C, 0xF5, 0x17, 0xFA, 0x06, 0xEE, 0x6F, 0x36, 0x0D, 0x44, 0x6A, 0x75, 0x74, 0x50,
    0xB5, 0x5A, 0xF7, 0x3D, 0x58, 0x17, 0x41, 0x42, 0xDD, 0xD8, 0xEE, 0x06, 0xF7, 0x70, 0x72, 0xD9,
    0x46, 0x7E, 0xCC, 0xCC, 0x03, 0xC4, 0xA6, 0x5C, 0x92, 0x84, 0x81, 0x92, 0x8B, 0x73, 0xE3, 0x22,
    0xCE, 0xA5, 0x45, 0x30, 0xB3, 0x32, 0x5B, 0x54, 0x6C, 0xB5, 0xCC, 0x1F, 0x85, 0x7C, 0xC1, 0x87,
    0xCC, 0x4F, 0xAC, 0x96, 0xAC, 0x94, 0x8E, 0x97, 0x71, 0xBE, 0x87, 0x94, 0x22, 0x96, 0x8A, 0x95,
    0x09, 0x83, 0xF4, 0xD4, 0x94, 0xB8, 0x7D, 0x27, 0x8C, 0xD8, 0xB1, 0x90, 0x1E, 0x41, 0xEF, 0x19,
    0x89, 0xC6, 0x08, 0x70, 0x24, 0xD8, 0x26, 0xAE, 0x64, 0xCE, 0xBB, 0x9F, 0x1A, 0x69, 0x14, 0xBF,
    0xF0, 0xDD, 0xC4, 0x31, 0xA2, 0x8C, 0x6F, 0xCD, 0xFF, 0x93, 0xB8, 0xF9, 0xBF, 0x5B, 0x09, 0x4E,
    0x20, 0xCA, 0xA9, 0x41, 0x86, 0x29, 0xD9, 0x0D, 0xD2, 0x2B, 0xAC, 0x32, 0xC1, 0xC2, 0x3C, 0x21,
    0xFD, 0xAA, 0x42, 0xEE, 0xE8, 0x98, 0xCD, 0x66, 0xC4, 0xAB, 0xB9, 0x79, 0x52, 0xBB, 0x62, 0xB8,
    0x12, 0x9A, 0xE8, 0xAF, 0x8C, 0xBF, 0xAD, 0xDE, 0x2B, 0x2B, 0x6F, 0x03, 0x45, 0x62, 0xB8, 0xC9,
    0x3D, 0x40, 0x4B, 0xA9, 0x2F, 0x36, 0x50, 0xC6, 0x04, 0x6E, 0x11, 0x92, 0x14, 0x63, 0x73, 0x90,
    0xFF, 0xEE, 0xD1, 0x6D, 0x99, 0xE1, 0x92, 0x67, 0x36, 0x67, 0x96, 0xF4, 0x5C, 0xF7, 0x6C, 0xEC,
    0x5C, 0xE6, 0x63, 0xC9, 0xB0, 0xA5, 0x8F, 0x3A, 0xF6, 0x12, 0xC5, 0x77, 0x50, 0xB7, 0xA0, 0x71,
    0x2F, 0xDA, 0x18, 0xED, 0xAF, 0xDA, 0xD4, 0x61, 0x71, 0x8C, 0x1B, 0xA7, 0xB8, 0x2A, 0x5C, 0x3D,
    0x88, 0x31, 0xA0, 0x36, 0x09, 0xBE, 0x52, 0xFE, 0xDC, 0x2A, 0x50, 0x86, 0xB1, 0x9F, 0x3B, 0x95,
    0x6A, 0xCF, 0x95, 0x3E, 0x83, 0x64, 0xEB, 0xBC, 0xB7, 0x58, 0x6C, 0x97, 0x19, 0xF7, 0xC0, 0x6F,
    0x61, 0x90, 0x0E, 0x84, 0x5A, 0x9A, 0x51, 0x19, 0xEE, 0x43, 0x28, 0x9B, 0xC3, 0x30, 0x1A, 0x35,
    0xC3, 0x5B, 0x0F, 0xF0, 0x7B, 0xAD, 0xB7, 0x78, 0x75, 0x50, 0xCB, 0x9A, 0xE2, 0x8F, 0x6F, 0x52,
    0x7F, 0x4A, 0xD1, 0x0F, 0xDA, 0xB3, 0x8E, 0x1A, 0x5B, 0x41, 0xA5, 0xD6, 0x58, 0x73, 0xDB, 0xBC,
    0x7A, 0x5F, 0x5F, 0x47, 0x40, 0x6B, 0x75, 0xA8, 0x83, 0xB7, 0x24, 0x1F, 0x1B, 0x50, 0xCC, 0xAA,
    0x6D, 0xA6, 0x24, 0x8D, 0x20, 0xF7, 0x44, 0xB5, 0x7B, 0xED, 0x96, 0xC2, 0x8A, 0xA8, 0x12, 0x1F,
    0xCE, 0x72, 0xF6, 0x11, 0x27, 0xE9, 0xC8, 0x09, 0x89, 0x1E, 0xBB, 0x5A, 0x49, 0x7F, 0x95, 0xA6,
    0x5D, 0x03, 0x9F, 0x85, 0x18, 0x8D, 0x19, 0xD5, 0x0E, 0x56, 0xE6, 0x7A, 0x83, 0x41, 0x95, 0x08,
    0xCE, 0xA4, 0x4B, 0x24, 0x2A, 0x3F, 0x31, 0x00, 0x65, 0x2A, 0xC4, 0x6E, 0x02, 0xEC, 0x6A, 0xA4,
    0x2E, 0xF3, 0x5F, 0xC5, 0x71, 0x52, 0xFF, 0x6F, 0x10, 0xEA, 0xD4, 0xFF, 0x5B, 0xAF, 0xE8, 0xFD,
    0x8F, 0x9B, 0x1A, 0xFF, 0x79, 0x51, 0x03, 0x4F, 0x73, 0x60, 0x07, 0x33, 0x02, 0xD4, 0x8D, 0x89,
    0x02, 0xD5, 0x2D, 0x16, 0xD4, 0xD1, 0xB8, 0xAC, 0xB7, 0xE8, 0x5A, 0xC5, 0x88, 0x7B, 0xAF, 0xB1,
    0x58, 0x67, 0xE3, 0x4B, 0xE8, 0x41, 0x74, 0xCC, 0x5F, 0x2A, 0x95, 0x5A, 0x02, 0xD9, 0x98, 0xCC,
    0x68, 0x35, 0xDB, 0xDB, 0x19, 0x9E, 0xA2, 0x93, 0xD6, 0x59, 0x0E, 0xB1, 0x3E, 0x38, 0xE1, 0x6D,
    0x94, 0xE3, 0x2A, 0xE0, 0xD8, 0x8C, 0x66, 0x57, 0x1E, 0x86, 0x23, 0x8E, 0x82, 0x3A, 0xBA, 0x0F,
    0xDE, 0x7F, 0xEF, 0x8B, 0xF1, 0xE5, 0x8B, 0x31, 0xFC, 0xFD, 0x8D, 0xD6, 0xA2, 0x96, 0x62, 0xA1,
    0xB7, 0x68, 0xFE, 0xAD, 0x32, 0xAB, 0xA0, 0xAE, 0x47, 0x7C, 0xBD, 0x5F, 0x6A, 0x93, 0xE9, 0x3B,
    0x77, 0xC9, 0x99, 0xA8, 0x74, 0x8A, 0x40, 0x26, 0xEB, 0x0A, 0xFD, 0x7E, 0xB2, 0x16, 0xBA, 0x72,
    0xD7, 0xE1, 0x48, 0x55, 0x0B, 0x9F, 0x67, 0x70, 0xD5, 0x84, 0xC1, 0xA7, 0x62, 0x31, 0xBA, 0x8B,
    0xCA, 0xCC, 0xD9, 0x9F, 0xD7, 0xDB, 0x10, 0xD0, 0x0E, 0xD1, 0x8B, 0x34, 0xF4, 0x69, 0xD0, 0x17,
    0xA6, 0x3B, 0xC7, 0xD3, 0x0E, 0x11, 0x87, 0xDB, 0x56, 0x4D, 0xC2, 0x7C, 0x76, 0x5B, 0x7B, 0x5A,
    0x5C, 0xA2, 0x38, 0xDE, 0x76, 0x98, 0x44, 0xC8, 0x0F, 0xF6, 0x29, 0x12, 0xAD, 0xC2, 0x52, 0xAE,
    0x15, 0x9F, 0xA8, 0xA3, 0xE6, 0x50, 0xDB, 0xB5, 0xF8, 0x44, 0x78, 0x69, 0x3C, 0xE6, 0x13, 0xAC,
    0x9B, 0xAE, 0xAB, 0x0E, 0x30, 0x8B, 0x1E, 0x57, 0x01, 0xC1, 0x53, 0xE0, 0x09, 0x4D, 0x69, 0x99,
    0xC3, 0xFB, 0x4C, 0x0F, 0x83, 0x98, 0x57, 0x58, 0x3A, 0xAD, 0xB3, 0x39, 0xE8, 0x1B, 0x71, 0xE2,
    0xE4, 0xFE, 0x4C, 0x49, 0xA3, 0xBF, 0x25, 0x2D, 0x24, 0xC2, 0x59, 0xD7, 0x17, 0x7E, 0x63, 0xA9,
    0x40, 0x5E, 0xFE, 0x5C, 0x44, 0x99, 0xF7, 0xB6, 0x88, 0xAE, 0xA5, 0x03, 0x44, 0xBE, 0xFF, 0x4B,
    0xF2, 0x3B, 0xE2, 0xCA, 0x1A, 0x69, 0x71, 0x2C, 0x28, 0xA8, 0x7B, 0x16, 0xEC, 0xD1, 0xA7, 0x54,
    0x5F, 0x41, 0x81, 0x62, 0x92, 0x09, 0x94, 0x53, 0xAD, 0x27, 0xC4, 0xAF, 0xCE, 0x52, 0xA4, 0x22,
    0x27, 0x45, 0x98, 0x8C, 0x72, 0x8E, 0x74, 0x91, 0x8E, 0x90, 0xF3, 0xF8, 0xE3, 0x7F, 0x49, 0xE7,
    0x2B, 0x11, 0xAF, 0x46, 0x97, 0x5D, 0xA2, 0x56, 0xCD, 0x3C, 0xA8, 0xB8, 0x82, 0x14, 0x25, 0xB2,
    0x74, 0xF1, 0xE6, 0xE5, 0x08, 0x1A, 0x82, 0x4D, 0xEE, 0x69, 0x8E, 0xA3, 0x2B, 0xEB, 0x74, 0x79,
    0xD2, 0x7B, 0xE3, 0x1E, 0xC2, 0x1F, 0x06, 0x84, 0x53, 0xF8, 0x51, 0xC2, 0x7B, 0x30, 0xBD, 0xD1,
    0x94, 0x35, 0x15, 0x15, 0x65, 0x83, 0x29, 0xE2, 0x3F, 0x04, 0x7C, 0xFE, 0x57, 0x8A, 0x09, 0x55,
    0x67, 0xB2, 0x92, 0x07, 0x83, 0x0C, 0x9F, 0x19, 0x57, 0x2B, 0x05, 0x5F, 0x42, 0x15, 0xF9, 0x11,
    0x4D, 0xBE, 0x7B, 0x1F, 0x9E, 0x55, 0xDE, 0xE6, 0xA5, 0xF5, 0x98, 0x67, 0xE4, 0x46, 0xAD, 0xE7,
    0x6F, 0xDD, 0xE3, 0xF4, 0xB7, 0xC0, 0x69, 0xC4, 0x88, 0xA0, 0xF3, 0xC9, 0x6C, 0xE6, 0x1A, 0xDA,
    0x99, 0x92, 0xD1, 0xF4, 0x32, 0x54, 0x54, 0x63, 0xC9, 0x67, 0xA9, 0xE6, 0x8E, 0x7D, 0x2C, 0x76,
    0x39, 0x49, 0x0E, 0x0F, 0xF5, 0x1C, 0x89, 0xD7, 0xEE, 0x3F, 0xDA, 0x7C, 0xF7, 0x07, 0xC1, 0xB1,
    0x24, 0xE2, 0x4D, 0x55, 0x52, 0x6C, 0x83, 0xF6, 0x30, 0x6D, 0x98, 0x06, 0x0D, 0x54, 0x04, 0xAB,
    0xDA, 0x53, 0xFD, 0x95, 0xDE, 0x66, 0xA2, 0x7E, 0x71, 0xFF, 0xFA, 0x32, 0x09, 0xB3, 0xB2, 0x0A,
    0xD6, 0x18, 0x40, 0x6C, 0xE3, 0x5F, 0x90, 0xB0, 0x2C, 0xCE, 0xAE, 0x58, 0x85, 0x29, 0x26, 0x3A,
    0x4D, 0x1D, 0xBC, 0x73, 0x57, 0xAD, 0xDD, 0xAC, 0xC6, 0x66, 0x47, 0xD7, 0x05, 0xCB, 0x66, 0x90,
    0x13, 0x2B, 0x0A, 0x82, 0x29, 0x8C, 0x2A, 0x64, 0x5D, 0xE7, 0xF2, 0xE4, 0xCE, 0x44, 0x77, 0x90,
    0x46, 0xD7, 0xBB, 0x9C, 0x07, 0x97, 0xEF, 0xEA, 0x7C, 0xB3, 0xDF, 0xC1, 0xE5, 0x88, 0x5C, 0x86,
    0xA3, 0x69, 0x6F, 0x4E, 0xE5, 0xB3, 0xC5, 0xB1, 0xF4, 0xCF, 0x2C, 0x29, 0xFE, 0xD0, 0xA8, 0xB6,
    0x49, 0x19, 0x0A, 0x24, 0x35, 0x31, 0xE9, 0xDC, 0x63, 0x93, 0x25, 0xFF, 0x1F, 0xED, 0x77, 0x3D,
    0xB7, 0xE5, 0xD8, 0x71, 0xDD, 0x01, 0xC0, 0x6E, 0x50, 0x03, 0x69, 0x61, 0x82, 0x69, 0x2F, 0x9A,
    0xCF, 0x23, 0x38, 0x70, 0x34, 0xCB, 0x32, 0xF4, 0x03, 0x24, 0x01, 0x66, 0xCA, 0x40, 0x1D, 0x4C,
    0xDB, 0x6B, 0x99, 0x81, 0x95, 0xDA, 0x13, 0xBC, 0x3F, 0x20, 0x12, 0x97, 0x54, 0xE8, 0xA4, 0x33,
    0xA5, 0x0C, 0x14, 0x50, 0xCD, 0xE0, 0x31, 0x50, 0xA0, 0x80, 0xE2, 0x81, 0xA9, 0x3F, 0x80, 0xC5,
    0xD4, 0x01, 0x6F, 0x30, 0x0E, 0xCC, 0x09, 0x06, 0xF6, 0xC2, 0x88, 0x78, 0x4D, 0x00, 0xC7, 0x55,
    0xBB, 0xAA, 0x0E, 0x70, 0x5F, 0xF7, 0xEB, 0x0F, 0x8A, 0x96, 0x45, 0xB2, 0xEF, 0xEA, 0x7E, 0x28,
    0xDC, 0x0B, 0x9C, 0x53, 0xA7, 0x6A, 0xD7, 0xAE, 0x5D, 0xCE, 0xE9, 0xE7, 0x63, 0x33, 0xAA, 0xCD,
    0xAC, 0x3A, 0xBC, 0x68, 0x35, 0xF1, 0xD7, 0x6E, 0xA5, 0x3F, 0xC9, 0x4D, 0x78, 0xEA, 0xC2, 0x8C,
    0x47, 0xC2, 0x96, 0x86, 0xD1, 0xB9, 0x34, 0xD0, 0xE7, 0xA7, 0xA1, 0xC7, 0x57, 0xFC, 0xA1, 0x1F,
    0xC5, 0xA0, 0xC7, 0x32, 0xB1, 0xE8, 0xC7, 0x32, 0x84, 0xA7, 0x57, 0x21, 0x9C, 0xF8, 0xB1, 0xC5,
    0x25, 0xF8, 0xAE, 0x0B, 0x67, 0xFE, 0x33, 0xF0, 0x0B, 0xF4, 0x43, 0x43, 0xCB, 0xA5, 0x78, 0xBF,
    0x26, 0x2B, 0x0B, 0xBC, 0x61, 0x45, 0x56, 0x41, 0x2F, 0xF0, 0x02, 0x13, 0xFE, 0x8B, 0xC5, 0xDF,
    0x8B, 0x55, 0xF3, 0x22, 0xB0, 0x9A, 0x83, 0x35, 0xA8, 0xD5, 0xF1, 0x3E, 0x78, 0xFA, 0xAE, 0x55,
    0x47, 0x8B, 0xDF, 0x13, 0x8B, 0xFF, 0x8A, 0xE5, 0xA3, 0x15, 0x42, 0x2B, 0xEB, 0xC1, 0x35, 0xEC,
    0x91, 0xB3, 0x6B, 0xEC, 0x2D, 0x6D, 0xB1, 0xF0, 0x9A, 0x0B, 0xBF, 0x8A, 0xDB, 0xC0, 0x8F, 0xD1,
    0xC3, 0x45, 0x08, 0xCF, 0x3D, 0xBF, 0xAA, 0x21, 0xE0, 0xB3, 0x48, 0x58, 0x26, 0x84, 0x95, 0xAD,
    0x13, 0x5B, 0xF4, 0x20, 0x8E, 0x87, 0x3D, 0xE5, 0x2B, 0x0A, 0xF3, 0x93, 0xD6, 0xED, 0x9F, 0x6B,
    0xF9, 0x36, 0xC1, 0xA1, 0x78, 0x99, 0xE1, 0xE2, 0x3E, 0x65, 0x37, 0x13, 0x7F, 0x9B, 0xF1, 0x6E,
    0x94, 0x83, 0x9F, 0x6E, 0xFC, 0x9B, 0xC4, 0x3F, 0xE7, 0xEB, 0xC0, 0x2E, 0x4A, 0x62, 0xBA, 0xD0,
    0x4A, 0x82, 0x16, 0x72, 0xA1, 0x75, 0x9C, 0xC0, 0x9A, 0x36, 0xCD, 0xE9, 0x54, 0x15, 0x5D, 0x0B,
    0x5A, 0x8A, 0xAF, 0x25, 0xFD, 0xE7, 0x6B, 0x4D, 0xCF, 0xF0, 0xB5, 0x09, 0x2E, 0x5E, 0xF9, 0xBB,
    0x6E, 0x13, 0x8C, 0xF0, 0xB5, 0xD1, 0x2B, 0xFF, 0xF7, 0xFC, 0x7F, 0x91, 0x2B, 0x6F, 0xDF, 0x05,
    0x6C, 0xC1, 0xD7, 0x82, 0x03, 0xD7, 0x84, 0x53, 0x2D, 0x48, 0x79, 0x0E, 0x37, 0x4A, 0x3D, 0x3C,
    0xBB, 0x39, 0x3A, 0xC1, 0xD2, 0x49, 0x00, 0x38, 0x6B, 0x20, 0xDC, 0xC5, 0xE7, 0xC1, 0x1E, 0x17,
    0x3F, 0x45, 0x53, 0x1F, 0xBE, 0x6B, 0xC6, 0x07, 0x32, 0x2C, 0xAE, 0xC8, 0x1E, 0x18, 0xA6, 0x7D,
    0x81, 0x04, 0x70, 0x1A, 0x4E, 0x25, 0xD2, 0xD3, 0x71, 0x80, 0x38, 0x4C, 0x67, 0x4E, 0xCE, 0x2D,
    0xE7, 0xE5, 0x16, 0x71, 0x6C, 0xE5, 0x88, 0x9C, 0x3D, 0x17, 0xCD, 0x6D, 0x37, 0x57, 0xAB, 0x92,
    0x04, 0x47, 0x41, 0x99, 0xA4, 0x30, 0x39, 0x12, 0xB4, 0xF7, 0x2C, 0xF1, 0x8E, 0xE6, 0x0C, 0x73,
    0x32, 0x0F, 0x73, 0x76, 0x2E, 0x81, 0x59, 0x48, 0x3D, 0x09, 0xB2, 0xCF, 0xE6, 0x77, 0xC9, 0x09,
    0xCC, 0x80, 0xED, 0x4A, 0xCC, 0x01, 0x07, 0xE9, 0xF9, 0xDD, 0xDE, 0xCC, 0x42, 0xA1, 0x7C, 0xE2,
    0x17, 0xC4, 0x6C, 0x1D, 0x12, 0x89, 0xAC, 0xB3, 0xD9, 0xC2, 0xC4, 0x32, 0x02, 0xB7, 0x78, 0x08,
    0x98, 0xF0, 0x9C, 0xCC, 0x56, 0xDD, 0x25, 0xF3, 0x44, 0xDE, 0x20, 0xA0, 0x1D, 0x00, 0x32, 0x0A,
    0x74, 0xB7, 0x67, 0x41, 0xA0, 0x27, 0x05, 0x8F, 0x84, 0x71, 0x10, 0x83, 0x70, 0x45, 0xAE, 0xD8,
    0x73, 0x0A, 0xC3, 0x5E, 0x22, 0x7F, 0x15, 0xF6, 0xDC, 0x3C, 0xBA, 0x93, 0xD6, 0xEB, 0xDE, 0x72,
    0x66, 0x89, 0xF2, 0x66, 0xE0, 0xDC, 0xF4, 0x79, 0x48, 0xEB, 0x5C, 0xD3, 0x02, 0x0F, 0xC9, 0xC1,
    0x2B, 0x0E, 0xBA, 0xA7, 0x3F, 0x94, 0x29, 0xDE, 0x63, 0xE0, 0xD2, 0x21, 0x57, 0x27, 0xD4, 0x90,
    0x86, 0xAD, 0x36, 0x83, 0x92, 0x23, 0xD1, 0x6B, 0x56, 0xF2, 0x8D, 0x1D, 0xEF, 0x16, 0x0D, 0x17,
    0x65, 0x48, 0x82, 0x45, 0xAE, 0x49, 0xA8, 0x40, 0x2D, 0x2D, 0x7B, 0x3E, 0x0A, 0x0B, 0x72, 0x3A,
    0x10, 0x24, 0x5E, 0x83, 0x31, 0x8E, 0x35, 0x70, 0x54, 0x5A, 0x23, 0x45, 0xFA, 0x69, 0x8D, 0x4C,
    0x39, 0xEA, 0x04, 0x46, 0xE0, 0x35, 0x88, 0xE6, 0x12, 0x78, 0xE1, 0x6F, 0x96, 0xB2, 0x25, 0x23,
    0x0D, 0xCD, 0xDA, 0x71, 0x4D, 0xDD, 0x2C, 0x4D, 0x40, 0x71, 0x85, 0x91, 0x0F, 0xC0, 0xA8, 0xEB,
    0x1B, 0x7E, 0xAD, 0xA4, 0x65, 0x2B, 0x49, 0xFC, 0xA4, 0xF9, 0xA2, 0x40, 0x25, 0x8F, 0x2F, 0x83,
    0xE5, 0x12, 0x7A, 0xE2, 0xEF, 0x2E, 0xBE, 0x29, 0x26, 0x7A, 0xE5, 0x74, 0xFC, 0xA6, 0x5C, 0x0E,
    0xC4, 0x2E, 0xCF, 0x04, 0xD7, 0xCD, 0x17, 0xDF, 0x64, 0xE1, 0xC7, 0x46, 0x29, 0xB6, 0x72, 0xF8,
    0x2C, 0xB4, 0x97, 0x9B, 0x79, 0xA1, 0xAE, 0xC3, 0xA7, 0xD9, 0x0B, 0xCB, 0x36, 0xBB, 0xB3, 0x0C,
    0x2F, 0xED, 0xEE, 0x7E, 0xBE, 0xE7, 0xDE, 0xF8, 0xF3, 0x09, 0xF5, 0x8A, 0x4B, 0x7C, 0x30, 0x8E,
    0x5A, 0x83, 0x19, 0xED, 0x96, 0x5B, 0x83, 0x11, 0x66, 0xA3, 0x1C, 0x55, 0xB1, 0xF9, 0xD4, 0x4A,
    0xB3, 0xDA, 0x8E, 0x06, 0x65, 0x5B, 0xFE, 0xE6, 0xB3, 0x30, 0x5E, 0x81, 0x69, 0x1A, 0x7D, 0xEB,
    0x83, 0x1C, 0x5D, 0x80, 0xF9, 0x7B, 0xD4, 0x56, 0x54, 0xA0, 0xE3, 0xAC, 0x02, 0x41, 0xA0, 0x9B,
    0xA9, 0x2B, 0xE3, 0xA5, 0xFD, 0x40, 0xD7, 0xCD, 0x0E, 0x8C, 0x6F, 0x7A, 0x69, 0x01, 0x02, 0x23,
    0x2E, 0x18, 0x64, 0x78, 0x84, 0x63, 0xBD, 0x34, 0x94, 0xAB, 0x36, 0x76, 0x9C, 0x9E, 0x77, 0xEE,
    0x9D, 0xF1, 0x8A, 0x94, 0xAB, 0x7C, 0x23, 0x0B, 0x4B, 0xD5, 0xCA, 0x37, 0xA5, 0xD4, 0x4B, 0x23,
    0x65, 0x2A, 0x25, 0x3D, 0x3A, 0xAB, 0xE1, 0x26, 0xB6, 0xA9, 0xBD, 0x94, 0x7B, 0x2C, 0xEC, 0x0E,
    0x0C, 0xD5, 0x6B, 0xB3, 0x8A, 0x44, 0x25, 0xFC, 0x20, 0x38, 0x10, 0xBE, 0x92, 0x0D, 0xCF, 0x2E,
    0x32, 0x98, 0x30, 0x80, 0x2C, 0x2C, 0x44, 0xC6, 0x6B, 0xA6, 0xBA, 0x30, 0x48, 0x2C, 0xE1, 0xE5,
    0x0B, 0xED, 0x5B, 0xE0, 0xB2, 0x4C, 0x1A, 0xE1, 0x84, 0x3C, 0x83, 0xD2, 0x72, 0x7E, 0x90, 0x17,
    0x4E, 0x37, 0xFD, 0xA6, 0x0C, 0x1A, 0x51, 0x46, 0x47, 0x21, 0x69, 0x18, 0x24, 0xB2, 0x79, 0x50,
    0xCA, 0x0B, 0xE8, 0x42, 0xA8, 0x05, 0x09, 0x73, 0x11, 0x36, 0xE9, 0xD5, 0xAE, 0xDE, 0x10, 0xD4,
    0xC4, 0x4B, 0x67, 0x19, 0x84, 0xB1, 0x3A, 0x64, 0xF2, 0x6C, 0x9A, 0x63, 0x41, 0x43, 0xBD, 0x54,
    0x21, 0x4D, 0xEC, 0xBB, 0x41, 0x2D, 0x7C, 0xB3, 0xB5, 0xF1, 0x9B, 0x91, 0x79, 0x23, 0x6C, 0x8F,
    0x63, 0x6B, 0x7E, 0x01, 0xD0, 0x2E, 0x69, 0xEF, 0x7E, 0x73, 0x2C, 0xCB, 0x64, 0x76, 0xF9, 0xB1,
    0x4E, 0x32, 0x2A, 0xBF, 0xE5, 0x78, 0xBF, 0x01, 0x60, 0xF1, 0x93, 0x86, 0xC4, 0x78, 0x51, 0x0B,
    0xEF, 0xEF, 0x2F, 0x2B, 0x26, 0x7C, 0x0E, 0xB9, 0x15, 0x2B, 0xA1, 0x83, 0xFF, 0xDE, 0xEA, 0x40,
    0x32, 0x56, 0xC4, 0x2A, 0x40, 0x77, 0x3E, 0xD4, 0x00, 0x57, 0xBB, 0x3B, 0x54, 0x80, 0x4B, 0xD9,
    0x9B, 0xFA, 0x2F, 0x0D, 0xFF, 0xFA, 0x89, 0xE8, 0x8F, 0x1C, 0xA1, 0xD8, 0x8F, 0x85, 0xAD, 0xC8,
    0x3F, 0x16, 0x3A, 0x28, 0xEB, 0xD6, 0x95, 0xD3, 0x01, 0xF5, 0x94, 0x81, 0x6A, 0xDD, 0x31, 0x4F,
    0xEF, 0x6C, 0xF5, 0xB6, 0x23, 0x3E, 0xD7, 0xEE, 0x60, 0x78, 0x2F, 0x24, 0x55, 0x11, 0xED, 0xA5,
    0x24, 0x21, 0x62, 0xBD, 0x5C, 0x13, 0x2F, 0x4B, 0xE9, 0xFD, 0x02, 0x3C, 0x44, 0x9C, 0xD3, 0xDE,
    0xCD, 0x72, 0x40, 0x79, 0x3E, 0x4A, 0x2F, 0x8D, 0x18, 0x7F, 0x8C, 0x26, 0x99, 0xEC, 0x08, 0x2F,
    0x85, 0xD4, 0x23, 0xBE, 0xEB, 0xF5, 0x02, 0xDD, 0xCE, 0xCF, 0x17, 0xD8, 0x4E, 0x51, 0x10, 0x3B,
    0xB2, 0x0B, 0xB0, 0xEB, 0x8E, 0x6B, 0xE1, 0xD6, 0x1D, 0xD5, 0xDD, 0x62, 0xE1, 0x03, 0xA6, 0xB9,
    0x7B, 0x54, 0x07, 0x44, 0x73, 0x9F, 0x6E, 0xFA, 0x1D, 0xCF, 0xDC, 0x6B, 0xBA, 0xF3, 0x8E, 0x66,
    0xC2, 0xDC, 0x33, 0x88, 0xD0, 0x23, 0x96, 0xCF, 0x11, 0xC9, 0x22, 0x21, 0x87, 0x88, 0xE3, 0x2C,
    0x7C, 0x1E, 0xD0, 0x33, 0x14, 0xC5, 0x69, 0xF8, 0xEF, 0x8C, 0x8B, 0x1D, 0xC3, 0x5E, 0x5A, 0xE4,
    0xF1, 0xF3, 0xE8, 0x12, 0xBF, 0x1F, 0xEC, 0xE6, 0xB7, 0x68, 0xBF, 0xFD, 0xC7, 0x80, 0x5A, 0x8C,
    0x77, 0x27, 0x83, 0xF1, 0x27, 0x33, 0xB3, 0x5D, 0x23, 0xD8, 0xA9, 0xF8, 0x10, 0xDD, 0x59, 0xAB,
    0xC4, 0x43, 0x18, 0xFF, 0x5C, 0x17, 0x09, 0xD2, 0xD2, 0xB4, 0xF9, 0xE0, 0xAE, 0x8C, 0x9D, 0xBF,
    0x31, 0x2E, 0x88, 0x23, 0x45, 0x16, 0xEB, 0x00, 0x31, 0x8C, 0x9E, 0xF8, 0xE5, 0xA2, 0x1C, 0x2E,
    0x3A, 0xD7, 0x45, 0x03, 0x4A, 0x0E, 0x78, 0x4E, 0xC3, 0xB7, 0xE9, 0x2E, 0xDF, 0xDA, 0x6C, 0x05,
    0xFC, 0xFF, 0x01, 0x6A, 0x6E, 0xCA, 0x85, 0xD1, 0xB8, 0x12, 0xE8, 0xCF, 0xD7, 0x91, 0x10, 0x0E,
    0x60, 0xA2, 0xFA, 0x05, 0xF0, 0xEB, 0x53, 0x8D, 0x36, 0x25, 0xB0, 0x0B, 0xA7, 0x4C, 0x21, 0x4A,
    0x52, 0x96, 0xB0, 0x43, 0xDA, 0xFA, 0x9A, 0x56, 0x66, 0x00, 0x95, 0xAC, 0x2B, 0xE0, 0x76, 0x86,
    0xB6, 0xE3, 0x68, 0x2F, 0x46, 0x17, 0x6B, 0x68, 0xC2, 0x7C, 0xB2, 0xB0, 0xCE, 0x80, 0xBE, 0xE0,
    0xC3, 0x7E, 0x00, 0x67, 0x39, 0xDF, 0xFC, 0xAD, 0x68, 0x37, 0x56, 0xD0, 0x5E, 0xE5, 0x82, 0x60,
    0x1E, 0x38, 0xAC, 0x55, 0x54, 0x8A, 0xE4, 0x02, 0x20, 0x21, 0x5D, 0x66, 0x83, 0x23, 0xA9, 0x8F,
    0x82, 0x57, 0x13, 0x30, 0x52, 0xF0, 0xA0, 0xC8, 0x64, 0x56, 0xF3, 0xAB, 0x74, 0x07, 0x5A, 0x37,
    0xEF, 0xD9, 0xE9, 0xE0, 0xC7, 0xDF, 0xE5, 0xD0, 0x94, 0x5C, 0xE1, 0xD9, 0xD6, 0x8D, 0x1D, 0x44,
    0xFE, 0x4C, 0x77, 0x37, 0x0B, 0x01, 0x8D, 0xB8, 0xE2, 0x67, 0x1E, 0xDC, 0x38, 0xF9, 0xB0, 0x75,
    0x91, 0x29, 0xE9, 0xEC, 0xCB, 0xDE, 0x40, 0x5B, 0x1A, 0x6B, 0xC2, 0xCF, 0x51, 0x9C, 0x25, 0xF4,
    0x56, 0xEF, 0xC7, 0x2E, 0x80, 0xB5, 0x69, 0xB1, 0xD5, 0xD5, 0x43, 0x0A, 0x42, 0x7A, 0x64, 0x04,
    0xF9, 0xE0, 0xB1, 0x66, 0x7D, 0x55, 0x2A, 0x3D, 0x41, 0xD4, 0x2F, 0x4A, 0x5E, 0x2D, 0xB0, 0x3C,
    0x2B, 0xF1, 0x8A, 0xE0, 0x1F, 0xE4, 0xB7, 0x19, 0x05, 0x34, 0xBB, 0xBD, 0x3B, 0x1A, 0x50, 0x04,
    0x4B, 0x85, 0xDD, 0xAD, 0x87, 0x3B, 0xA9, 0x68, 0x29, 0x34, 0xAB, 0x67, 0x93, 0x23, 0x99, 0x31,
    0x63, 0x7F, 0xB8, 0xAB, 0xED, 0x4E, 0xC7, 0xB0, 0x93, 0xDB, 0x37, 0x6A, 0x6C, 0x22, 0x1B, 0x63,
    0x27, 0x8E, 0x4B, 0x77, 0xE1, 0xA8, 0x74, 0x7C, 0x70, 0x87, 0xA5, 0x15, 0xEB, 0x76, 0xB7, 0xBA,
    0xC3, 0x46, 0x4A, 0xAE, 0xB2, 0x74, 0x12, 0xEF, 0xDA, 0xDD, 0x5B, 0x5D, 0x5A, 0xFD, 0xD3, 0xA5,
    0xE1, 0xDF, 0xEF, 0x28, 0x37, 0x89, 0x7F, 0x75, 0x7F, 0x0C, 0x44, 0xD7, 0xC7, 0x40, 0x30, 0x5F,
    0xF4, 0x87, 0x40, 0x24, 0x0C, 0xE5, 0x18, 0x88, 0x8C, 0xA1, 0x1C, 0x03, 0x51, 0x30, 0x94, 0x27,
    0xD9, 0x15, 0x19, 0x10, 0x89, 0x2C, 0x4C, 0xB3, 0x69, 0x20, 0x9A, 0xD8, 0x49, 0xCF, 0xF1, 0xC1,
    0x45, 0x8F, 0xEE, 0x15, 0x1B, 0xD5, 0x45, 0xFB, 0x6A, 0x2E, 0xC4, 0x67, 0x77, 0x20, 0x90, 0xD1,
    0xA2, 0x23, 0x5D, 0x30, 0x3B, 0x34, 0x9B, 0x5C, 0x9B, 0xB2, 0xB5, 0x96, 0x60, 0x52, 0x5F, 0xEF,
    0x4E, 0x87, 0xB6, 0x74, 0x64, 0xB3, 0xEC, 0xF8, 0x20, 0x79, 0x74, 0x7B, 0xB7, 0x31, 0xE7, 0x47,
    0xB2, 0x68, 0xB6, 0x0B, 0x31, 0x4B, 0x7F, 0x9E, 0x3D, 0x7B, 0xF6, 0x3D, 0xB7, 0xAB, 0x1A, 0xF1,
    0xC8, 0x68, 0x76, 0xB1, 0x14, 0x66, 0xE6, 0x1D, 0x82, 0x77, 0x25, 0x6A, 0x81, 0xF0, 0xBE, 0x83,
    0x67, 0x6F, 0xA1, 0x17, 0xFD, 0xF3, 0xA2, 0x79, 0xDE, 0x95, 0xC8, 0x0F, 0x91, 0xF9, 0x4A, 0x5A,
    0xB2, 0x68, 0xAC, 0x4A, 0xC5, 0xDE, 0x2E, 0x11, 0x31, 0x10, 0xC4, 0xA8, 0xC6, 0x1B, 0x85, 0x63,
    0x7F, 0x44, 0xE3, 0x69, 0x07, 0xA3, 0xCC, 0x0B, 0x11, 0x99, 0xED, 0x0E, 0xCC, 0x3A, 0x1C, 0x70,
    0x89, 0x16, 0x1B, 0x81, 0xB8, 0x1D, 0x70, 0x78, 0x71, 0xD3, 0xAD, 0x47, 0x4C, 0x2E, 0x76, 0xEA,
    0xAA, 0x15, 0x44, 0xE3, 0xD4, 0xD4, 0xD1, 0xB4, 0x6A, 0x01, 0x48, 0x99, 0x61, 0xA5, 0xE7, 0xF5,
    0xFB, 0x14, 0x9B, 0xB2, 0x1C, 0x18, 0x8F, 0x68, 0x1C, 0x77, 0x30, 0xE6, 0x07, 0x88, 0xD1, 0xFD,
    0xB0, 0x43, 0xB1, 0x14, 0xE9, 0x60, 0xD8, 0xEB, 0xED, 0xA9, 0x59, 0xCE, 0xE6, 0x23, 0x47, 0x5D,
    0xC0, 0xF0, 0x88, 0xC2, 0x63, 0x03, 0xDC, 0xBB, 0x49, 0xD2, 0x26, 0x7B, 0x33, 0x29, 0xCE, 0xD9,
    0x9E, 0xB1, 0x6A, 0xBB, 0xD9, 0x65, 0x5F, 0xB3, 0x0F, 0xAE, 0x72, 0x73, 0xD8, 0xE4, 0x80, 0xE1,
    0xEA, 0x88, 0xC5, 0x3C, 0x1C, 0xB1, 0xF6, 0x48, 0xF5, 0xE1, 0x43, 0xCF, 0xA7, 0x9A, 0x53, 0x11,
    0x38, 0x5B, 0x1E, 0x64, 0x4C, 0x2D, 0x82, 0xA8, 0xE1, 0x07, 0xFF, 0x11, 0x7D, 0x45, 0x2A, 0x31,
    0xA1, 0x24, 0x61, 0x56, 0x25, 0x17, 0x31, 0xAA, 0xD6, 0x83, 0x4E, 0xAA, 0x96, 0xF9, 0xFD, 0x5A,
    0x69, 0x81, 0x70, 0x37, 0xF9, 0x17, 0x81, 0x07, 0x4C, 0x41, 0x14, 0x05, 0x01, 0x60, 0x6A, 0x36,
    0x81, 0x0E, 0xFA, 0x04, 0x5D, 0xFD, 0x22, 0x80, 0x09, 0x76, 0x9D, 0x01, 0x13, 0x64, 0xAD, 0xE2,
    0x77, 0x27, 0x27, 0x6B, 0x88, 0x0E, 0xCB, 0xC4, 0x5D, 0x71, 0x87, 0xD6, 0x80, 0x3B, 0x7E, 0x11,
    0x77, 0x2C, 0x25, 0xB8, 0x9E, 0xE0, 0x2E, 0x67, 0x25, 0x01, 0x31, 0xB4, 0x58, 0xA3, 0x0E, 0x49,
    0xCB, 0x6B, 0x34, 0x21, 0xEF, 0x33, 0xB4, 0x61, 0x3F, 0xF0, 0x1A, 0xDC, 0x62, 0x78, 0x0D, 0xCA,
    0x66, 0x5F, 0xC2, 0xDD, 0x20, 0xED, 0x51, 0xD7, 0xE0, 0x63, 0x71, 0x52, 0x93, 0x8F, 0xF7, 0xDA,
    0xB5, 0x54, 0x22, 0xF0, 0x89, 0xB8, 0xEC, 0x8A, 0x41, 0x4A, 0xCF, 0xD2, 0xD6, 0x28, 0x65, 0x58,
    0xB2, 0x2C, 0x4F, 0x96, 0xA2, 0x98, 0x1D, 0x53, 0x42, 0x68, 0x39, 0xD4, 0xE3, 0x16, 0x21, 0xA2,
    0x54, 0x15, 0x69, 0x58, 0x4A, 0xF4, 0xBB, 0x0C, 0xA4, 0x43, 0x6E, 0x4E, 0x42, 0x4D, 0x09, 0xD6,
    0xA5, 0xE7, 0x9F, 0x16, 0xB2, 0xD3, 0x15, 0xBA, 0x14, 0xF7, 0xE9, 0xEB, 0xF0, 0xA9, 0xF0, 0xD2,
    0x49, 0xA6, 0x46, 0x29, 0xF6, 0x1C, 0x08, 0x62, 0x1F, 0xA5, 0xC4, 0x0B, 0x91, 0x76, 0xA3, 0x55,
    0x79, 0x19, 0x90, 0xF1, 0xB3, 0x15, 0x7A, 0xC9, 0x5E, 0x24, 0x32, 0xAF, 0x0A, 0x4B, 0x90, 0x43,
    0xA9, 0x20, 0x5F, 0xEF, 0x57, 0x91, 0x4B, 0x52, 0xFE, 0xF5, 0x0A, 0xD4, 0x9C, 0xAC, 0xE8, 0x9B,
    0xC5, 0xB3, 0x78, 0x6B, 0xAD, 0xEE, 0x9B, 0x99, 0x64, 0x8C, 0xDC, 0x23, 0x7E, 0xDD, 0x04, 0xE5,
    0x1D, 0xAB, 0xDF, 0x4F, 0x55, 0x38, 0x97, 0x21, 0xD6, 0x7C, 0x18, 0x49, 0xCA, 0x96, 0xDB, 0xE1,
    0x3E, 0x0F, 0x53, 0xB5, 0x46, 0x1A, 0x08, 0x54, 0x2C, 0x4B, 0xBD, 0x18, 0xFF, 0x91, 0xA7, 0x69,
    0x58, 0xF9, 0x5E, 0xF2, 0xC0, 0x9E, 0x86, 0xAD, 0x59, 0x8C, 0x05, 0xD9, 0x53, 0x1F, 0xBA, 0xD9,
    0x88, 0x30, 0x93, 0xA4, 0x4F, 0x76, 0x9F, 0x23, 0xE9, 0xE1, 0x10, 0x2E, 0x4E, 0xFE, 0x31, 0x5C,
    0x1A, 0xA2, 0x18, 0x2E, 0x84, 0x74, 0x0F, 0xD7, 0x86, 0x90, 0xEF, 0xE1, 0xDA, 0x8C, 0x52, 0x35,
    0x3C, 0x9B, 0xD3, 0x31, 0x16, 0xF7, 0x0F, 0x91, 0x6E, 0x8F, 0x70, 0x6D, 0x32, 0x1B, 0x2D, 0x1A,
    0x59, 0xD3, 0x2A, 0x3A, 0x90, 0xD8, 0xD4, 0xA0, 0x85, 0xA1, 0x7A, 0x4C, 0x3E, 0xEF, 0x3D, 0xBE,
    0x43, 0xFF, 0x77, 0x49, 0xDF, 0xFD, 0xBE, 0x51, 0xBD, 0xD1, 0x05, 0x09, 0xAA, 0xFE, 0xA2, 0x05,
    0x85, 0x8B, 0x49, 0x2F, 0x84, 0x4B, 0xA5, 0x7E, 0xD1, 0x14, 0xE5, 0xFE, 0x62, 0x16, 0xED, 0x2E,
    0x48, 0x86, 0x77, 0x7F, 0xEA, 0x5E, 0xF8, 0xF8, 0x0B, 0xB1, 0x9F, 0x5D, 0xAE, 0x70, 0xD1, 0x97,
    0x9C, 0x88, 0xC8, 0x58, 0x0B, 0x74, 0x7B, 0x3E, 0x94, 0x02, 0x72, 0x91, 0xC2, 0x45, 0x56, 0x8A,
    0xD2, 0x64, 0xAE, 0xF9, 0x04, 0x0F, 0x31, 0xD7, 0xDC, 0x0A, 0xEE, 0xB5, 0x0E, 0xAC, 0xAD, 0x9F,
    0x04, 0xE6, 0xD6, 0xBB, 0xFB, 0xC3, 0x6D, 0x29, 0x45, 0x70, 0xDE, 0x6F, 0xA5, 0x06, 0x92, 0x9B,
    0xD1, 0x4A, 0x20, 0x25, 0x77, 0xAF, 0x11, 0x73, 0x54, 0x00, 0xE3, 0x46, 0x4A, 0xB9, 0xD6, 0x02,
    0x10, 0xF7, 0x08, 0xEF, 0x82, 0xFF, 0x54, 0xB4, 0xE3, 0x01, 0xFE, 0xB8, 0x9D, 0x09, 0x26, 0x05,
    0x6E, 0x27, 0x03, 0x7F, 0x19, 0x6C, 0x5C, 0xF0, 0x63, 0xC4, 0xFE, 0x78, 0x84, 0x7E, 0xA6, 0xB7,
    0x11, 0xF9, 0x67, 0x7E, 0xC3, 0x80, 0x0F, 0x0E, 0x4C, 0x0F, 0xB8, 0x1F, 0x2E, 0x61, 0xDF, 0x5F,
    0xA2, 0x5E, 0x6F, 0x9B, 0x60, 0x23, 0xC0, 0x01, 0xF3, 0x68, 0x62, 0x45, 0x84, 0x3C, 0xDA, 0x58,
    0x19, 0x2C, 0x3E, 0x4D, 0xB8, 0x03, 0xF8, 0x0B, 0xBC, 0x77, 0xDB, 0x05, 0xDC, 0xFD, 0x7A, 0x81,
    0xF6, 0x00, 0xCF, 0x22, 0xD8, 0xF9, 0xB6, 0x3E, 0x60, 0x7B, 0x3E, 0x42, 0x1D, 0xA7, 0xDF, 0x91,
    0x7E, 0x68, 0x86, 0xBF, 0xD3, 0xEA, 0xE9, 0x8F, 0x48, 0xEB, 0x2F, 0x61, 0x74, 0xB8, 0xFD, 0xD7,
    0x68, 0x43, 0xF1, 0xB3, 0x5E, 0x68, 0xC0, 0x34, 0x7C, 0x76, 0x68, 0x99, 0x71, 0x02, 0x38, 0xDC,
    0x9E, 0x2F, 0x6F, 0x4F, 0xC7, 0x77, 0x2F, 0xF1, 0xDE, 0x5D, 0xFA, 0xC4, 0x5D, 0xE2, 0xE2, 0x53,
    0x9D, 0x5F, 0xD6, 0xF4, 0xA3, 0xAC, 0x91, 0x1D, 0xEE, 0xB3, 0xE7, 0x83, 0x3D, 0xDE, 0x57, 0x4D,
    0x6F, 0xF4, 0xF9, 0x64, 0x15, 0xA9, 0x47, 0x57, 0x2A, 0x00, 0x1E, 0x29, 0xF5, 0x1A, 0xA0, 0x03,
    0xB8, 0xE9, 0x51, 0xD8, 0x0B, 0x8E, 0x3C, 0xDB, 0x1F, 0xDD, 0x84, 0x9A, 0xED, 0x8F, 0x98, 0xC9,
    0xAB, 0xCD, 0xFF, 0x84, 0x33, 0xD2, 0x48, 0xBB, 0x49, 0xCC, 0x6E, 0xC2, 0x92, 0x68, 0x53, 0xE6,
    0x59, 0x4F, 0x72, 0x87, 0xC2, 0x1C, 0x90, 0x29, 0x0F, 0x3E, 0xEB, 0x51, 0xED, 0x98, 0x5C, 0xB9,
    0x1C, 0x14, 0x10, 0x61, 0xD3, 0xC6, 0x3D, 0x83, 0xEE, 0x18, 0x8C, 0x09, 0xBA, 0xCD, 0x12, 0x1B,
    0x76, 0xAA, 0x6A, 0x2A, 0x43, 0xEF, 0x1B, 0xB1, 0x65, 0xB4, 0x37, 0x87, 0xF9, 0x16, 0x8D, 0x1C,
    0xD3, 0xED, 0x00, 0xF4, 0x77, 0x4B, 0x0A, 0x1C, 0x14, 0xD0, 0x17, 0x55, 0xCB, 0x76, 0x89, 0x82,
    0x08, 0x27, 0x6E, 0xE4, 0xB0, 0x89, 0x1E, 0x6A, 0x6D, 0xEC, 0x01, 0x31, 0x10, 0xCD, 0xC2, 0x20,
    0x94, 0x63, 0xB1, 0xAB, 0x67, 0xA0, 0x9A, 0xD7, 0x6E, 0x48, 0x69, 0x7B, 0xA5, 0x44, 0x9E, 0x26,
    0x8F, 0xD0, 0x39, 0x64, 0x28, 0x8D, 0x19, 0x7A, 0x70, 0x00, 0x6A, 0x75, 0xDA, 0x61, 0xD9, 0x3C,
    0xF7, 0x11, 0x49, 0x47, 0xD6, 0x0D, 0x07, 0x01, 0xE7, 0xC3, 0x9E, 0xE8, 0xE6, 0x00, 0xBC, 0x32,
    0x1C, 0xA6, 0x8A, 0x27, 0x31, 0xFF, 0x05, 0xED, 0x2B, 0xCF, 0x93, 0xF6, 0xAD, 0x54, 0x36, 0x9F,
    0xA9, 0x93, 0x8A, 0x35, 0xA7, 0xCA, 0xB4, 0xD5, 0x5A, 0x06, 0x5B, 0xA8, 0x5B, 0x22, 0xB0, 0xC7,
    0xE8, 0x41, 0xFF, 0xC2, 0xA8, 0x54, 0xC5, 0xA3, 0x3D, 0x7C, 0xFA, 0x4A, 0x68, 0x45, 0x34, 0x16,
    0xD1, 0xDD, 0x3A, 0x5A, 0x4D, 0x5C, 0x39, 0xEE, 0x91, 0xC4, 0x06, 0xB2, 0x0F, 0x4E, 0x45, 0xB4,
    0xCA, 0xCD, 0xBC, 0xAA, 0xBF, 0x30, 0xAB, 0x1B, 0xAD, 0x05, 0x85, 0x41, 0x2D, 0x9A, 0x29, 0x35,
    0xF6, 0x59, 0x68, 0xB5, 0xAE, 0xA8, 0x41, 0xAB, 0x55, 0x52, 0xBD, 0x6B, 0x30, 0x66, 0x13, 0x6B,
    0xDD, 0x68, 0xF2, 0x0D, 0xE2, 0xCF, 0xA9, 0x42, 0x68, 0x74, 0xBC, 0x3D, 0xA9, 0x25, 0x72, 0x5F,
    0xE5, 0xCD, 0x41, 0xC1, 0x05, 0x9D, 0x73, 0xCC, 0x0A, 0x66, 0xA5, 0xEC, 0x39, 0x5A, 0x2C, 0xA4,
    0x50, 0x29, 0xB7, 0x27, 0x27, 0xD3, 0x2A, 0xB3, 0x98, 0x34, 0x64, 0x6C, 0x0E, 0x65, 0x02, 0x27,
    0x0B, 0x4A, 0x28, 0xED, 0xF5, 0x14, 0x32, 0xEE, 0x0C, 0xCA, 0xE3, 0xAD, 0x47, 0x00, 0x00, 0x82,
    0x0F, 0xA2, 0xAF, 0x8A, 0x64, 0x94, 0x30, 0x01, 0xD2, 0x4F, 0x74, 0xFE, 0x82, 0x8A, 0x94, 0xD6,
    0x29, 0x16, 0xC7, 0x3B, 0xE6, 0x6B, 0x16, 0x40, 0x8E, 0xE5, 0x8A, 0x33, 0x49, 0xE3, 0xD3, 0xD7,
    0xBC, 0x44, 0x5D, 0x07, 0x91, 0x5A, 0x42, 0x51, 0x4E, 0xAF, 0xA3, 0x8B, 0x34, 0x9C, 0x6A, 0xF0,
    0xF4, 0xC4, 0xF1, 0x26, 0xCA, 0x23, 0x57, 0x58, 0x95, 0xD2, 0xA2, 0xEC, 0x1B, 0x64, 0x33, 0x74,
    0x84, 0xE7, 0xC1, 0xE8, 0x94, 0x40, 0x77, 0x43, 0x5E, 0x57, 0x01, 0x85, 0x59, 0x07, 0xD4, 0x60,
    0xB3, 0x89, 0x96, 0x5E, 0x51, 0x61, 0x5E, 0x0A, 0x4C, 0xEA, 0x8C, 0x55, 0x0C, 0xE4, 0xFC, 0xCC,
    0x95, 0x56, 0xD0, 0x3E, 0x18, 0x0C, 0x46, 0xAE, 0xB5, 0x86, 0x2F, 0x9B, 0x0B, 0x7E, 0xFC, 0xB0,
    0x0B, 0xD9, 0xD6, 0x7D, 0x11, 0xBA, 0x70, 0xB3, 0x50, 0x90, 0x1A, 0x44, 0x68, 0x65, 0xCD, 0xDE,
    0x51, 0x0B, 0xA4, 0x44, 0x75, 0xDC, 0x2A, 0xF9, 0x8D, 0x13, 0x17, 0x1D, 0xF7, 0xC8, 0x47, 0x12,
    0x2B, 0xF7, 0x21, 0x4B, 0x72, 0xDA, 0x8D, 0x7B, 0x2D, 0x4F, 0x80, 0x50, 0xB6, 0x7E, 0x44, 0x0B,
    0x6E, 0xE6, 0x5A, 0x9A, 0x14, 0x2A, 0x45, 0x24, 0x01, 0xC3, 0x71, 0x57, 0xF5, 0x0E, 0x21, 0x66,
    0x85, 0x75, 0xBA, 0x37, 0x4A, 0x98, 0x0B, 0xB9, 0x23, 0x84, 0x45, 0xFA, 0xC4, 0xE2, 0x24, 0x9D,
    0xC8, 0xF4, 0xEA, 0x5C, 0xD4, 0x66, 0xA2, 0x48, 0x4D, 0x99, 0xA9, 0xE0, 0x89, 0x97, 0xC1, 0x39,
    0x13, 0x99, 0xAA, 0x2D, 0x55, 0x52, 0xAA, 0x92, 0x54, 0xBD, 0x6D, 0xC5, 0xE9, 0xD5, 0x4D, 0x45,
    0xF3, 0x2A, 0xF5, 0xB0, 0x1C, 0xDA, 0x8A, 0x5E, 0xB4, 0x81, 0xDC, 0xE3, 0xC3, 0xF8, 0xA2, 0x0F,
    0x35, 0xEE, 0x74, 0x9C, 0xD0, 0x89, 0xB3, 0x93, 0x8B, 0xD7, 0xAA, 0xA0, 0xCF, 0x07, 0xCE, 0x7D,
    0x8B, 0xF6, 0x25, 0xC6, 0xA4, 0x35, 0xC9, 0x38, 0x31, 0xF1, 0xF8, 0x9E, 0xE3, 0xD5, 0x8C, 0xD0,
    0xBF, 0xBF, 0xE0, 0x47, 0x2B, 0x38, 0x58, 0xC2, 0x87, 0x5D, 0x91, 0x3B, 0xBC, 0x79, 0xFF, 0xE7,
    0x6A, 0x13, 0x0F, 0x5A, 0xF4, 0x9A, 0x16, 0x6E, 0xC8, 0x5F, 0x09, 0x92, 0xB8, 0x89, 0xD8, 0xC8,
    0x50, 0xB1, 0xEE, 0x9D, 0x55, 0xC7, 0x02, 0x19, 0x06, 0xC6, 0xC8, 0xC9, 0x99, 0xCA, 0x7D, 0x11,
    0xF5, 0x7D, 0x94, 0x0A, 0xA5, 0x4E, 0x39, 0x2D, 0x9C, 0xCD, 0x78, 0xBA, 0x0D, 0x37, 0x50, 0x37,
    0xA2, 0x71, 0xF8, 0xA1, 0x46, 0x3D, 0x59, 0x62, 0x90, 0x62, 0x87, 0xCF, 0xA9, 0x4D, 0x4D, 0x46,
    0xBD, 0xAB, 0x22, 0xA6, 0x83, 0x0B, 0xF5, 0xA2, 0xC4, 0x5B, 0x6E, 0x85, 0x9C, 0xB6, 0x08, 0x37,
    0xAB, 0xE9, 0x87, 0xF1, 0x0E, 0x21, 0x36, 0xC6, 0xB9, 0xA5, 0xB5, 0x81, 0xF4, 0xBB, 0xF7, 0x85,
    0x27, 0xB9, 0x51, 0x79, 0x5D, 0xAB, 0x0E, 0x49, 0x83, 0x0A, 0xF2, 0x3A, 0xA8, 0x8C, 0x01, 0x31,
    0xAD, 0x02, 0x48, 0x74, 0x19, 0xAA, 0xD8, 0xA7, 0x57, 0x01, 0x63, 0xEC, 0xC2, 0xF8, 0xEC, 0x45,
    0xB4, 0xF0, 0x1F, 0x4D, 0x34, 0xF5, 0xEE, 0x80, 0x25, 0xC6, 0x0C, 0x70, 0xA2, 0x32, 0x2C, 0xF4,
    0xC8, 0x34, 0x6C, 0x4E, 0x62, 0x40, 0x97, 0xB3, 0x21, 0x28, 0x21, 0xA3, 0xD9, 0x8D, 0x41, 0x0C,
    0x19, 0x2D, 0xE8, 0xC9, 0x3B, 0x46, 0xCD, 0x14, 0xD7, 0xE3, 0xAC, 0x3A, 0x7E, 0xD0, 0x5F, 0x31,
    0xBC, 0x19, 0x14, 0xE9, 0x46, 0x04, 0x2C, 0xF7, 0xE4, 0xB3, 0x94, 0x50, 0x23, 0xF3, 0xD8, 0x4C,
    0x4B, 0x41, 0x4D, 0x80, 0x1B, 0xF9, 0x11, 0xE8, 0x17, 0x6A, 0xA8, 0x14, 0xDE, 0xCC, 0x4E, 0x2C,
    0x47, 0x9F, 0x8C, 0xB1, 0x4F, 0x8A, 0xE5, 0xD9, 0x3A, 0xAB, 0x54, 0x72, 0x12, 0xDB, 0xE7, 0xFB,
    0x20, 0x0A, 0x6A, 0xA0, 0xC5, 0x7C, 0x41, 0xAA, 0xE4, 0x44, 0xBE, 0x19, 0xA9, 0x6E, 0x08, 0xF2,
    0xE7, 0x4A, 0xAA, 0xE3, 0x8B, 0xA4, 0x5A, 0x29, 0xA9, 0xCE, 0xAF, 0x23, 0xD5, 0xC4, 0xDF, 0x6A,
    0xE6, 0x7A, 0xE1, 0x89, 0x09, 0xC2, 0x98, 0x0F, 0x56, 0x09, 0x95, 0x50, 0x9D, 0x07, 0x23, 0xC8,
    0x96, 0xC1, 0x4B, 0x8D, 0x94, 0xD9, 0xB4, 0xE2, 0xC9, 0xA1, 0xE7, 0x0B, 0x63, 0x96, 0x2E, 0xAA,
    0x5F, 0xD8, 0x03, 0xBD, 0xD0, 0x37, 0x2C, 0x58, 0xA8, 0x34, 0xA0, 0x5B, 0xE4, 0x42, 0xFF, 0x79,
    0xB6, 0xA4, 0xEA, 0xE0, 0x0B, 0x33, 0x6D, 0x40, 0x4D, 0x74, 0x01, 0xDD, 0xA9, 0xE1, 0x85, 0x7A,
    0x7A, 0xE7, 0xB9, 0xC2, 0x44, 0xA5, 0x3A, 0x9F, 0x32, 0xD5, 0x00, 0xD6, 0x12, 0xBE, 0xE4, 0x49,
    0x1C, 0x27, 0xC1, 0xAA, 0xD2, 0xF7, 0x1B, 0x39, 0xB3, 0x72, 0x2B, 0xC6, 0x98, 0x5C, 0xA3, 0xAC,
    0x0C, 0x8B, 0xC1, 0x40, 0xE5, 0x08, 0x27, 0x63, 0xEF, 0xFC, 0x91, 0x44, 0xA3, 0xF6, 0x69, 0xA2,
    0xF2, 0x79, 0x05, 0xE7, 0xC6, 0x0F, 0xE3, 0xBD, 0xE7, 0xF4, 0xF6, 0x9C, 0xEC, 0x13, 0x7B, 0xDF,
    0x33, 0x57, 0x21, 0x96, 0x14, 0x12, 0xE9, 0xAF, 0xB7, 0x1C, 0xE8, 0x56, 0x89, 0x14, 0x9B, 0x22,
    0x6B, 0xA8, 0x1D, 0xB1, 0x56, 0xA5, 0x12, 0x61, 0x50, 0x16, 0x0B, 0xC2, 0x9E, 0x7E, 0x31, 0x02,
    0x0D, 0xBB, 0x35, 0x1B, 0x9B, 0x4A, 0xEE, 0x46, 0x07, 0xD5, 0x2A, 0x9C, 0x9A, 0x0A, 0x54, 0xCF,
    0x2A, 0xD6, 0x55, 0x12, 0x40, 0x03, 0x0C, 0x4A, 0x3F, 0x20, 0x77, 0x50, 0x10, 0xAC, 0x42, 0x18,
    0xE6, 0xA4, 0x84, 0x04, 0x1F, 0x41, 0x4A, 0x9D, 0x58, 0xAD, 0x52, 0x3E, 0x58, 0xCF, 0x47, 0xE7,
    0x61, 0x41, 0xD5, 0x78, 0x9C, 0x0A, 0xDE, 0xD2, 0x6B, 0x29, 0x7C, 0xEC, 0x80, 0x97, 0x11, 0x0F,
    0x6F, 0xCF, 0x0E, 0xDC, 0xA0, 0x6C, 0x17, 0x94, 0x38, 0x72, 0xAB, 0x15, 0x40, 0x51, 0xB9, 0xE8,
    0x6A, 0x9F, 0x84, 0x1E, 0x3D, 0x89, 0xA1, 0x6E, 0xA5, 0xA1, 0xE6, 0x83, 0xAB, 0x40, 0x01, 0x04,
    0x20, 0x14, 0xFE, 0x94, 0xC8, 0x9A, 0x4B, 0x8E, 0x6C, 0xE6, 0x5B, 0xA5, 0x6D, 0xA7, 0x1B, 0x95,
    0x9A, 0x06, 0x65, 0x3A, 0xC9, 0xA7, 0xD7, 0xC9, 0xA9, 0xD1, 0x94, 0x57, 0xE3, 0x9B, 0x8C, 0x2E,
    0xD7, 0x33, 0x13, 0x2A, 0xB9, 0xB6, 0x6A, 0x65, 0x88, 0x76, 0xF0, 0x41, 0xB0, 0xCC, 0xD7, 0x4C,
    0x47, 0x56, 0x84, 0x9B, 0x92, 0x99, 0xA3, 0x0B, 0xAD, 0x12, 0x6A, 0x52, 0x82, 0x08, 0xB4, 0x5F,
    0x24, 0xCC, 0xF4, 0x2E, 0x82, 0x4C, 0x87, 0xAF, 0x30, 0x81, 0xCA, 0x68, 0x91, 0xC6, 0x11, 0xE3,
    0x0C, 0x47, 0x79, 0x8D, 0x80, 0xD1, 0xA2, 0x4F, 0xF9, 0x5A, 0xF2, 0x24, 0xB3, 0x20, 0x41, 0xA5,
    0x94, 0x2C, 0x4D, 0x11, 0x4B, 0xC2, 0xDB, 0xFA, 0x9B, 0xA5, 0xA4, 0x9B, 0x34, 0x34, 0x6B, 0x47,
    0x15, 0x75, 0xB3, 0xB0, 0x72, 0xA7, 0x98, 0x8F, 0x8D, 0xC0, 0x91, 0x10, 0xCA, 0x7B, 0x6F, 0x64,
    0x9F, 0x81, 0x1F, 0xA4, 0x96, 0xE2, 0x9B, 0x3C, 0x76, 0x96, 0x8A, 0xB3, 0xAA, 0x73, 0x6B, 0x0F,
    0xBB, 0x55, 0x05, 0x8B, 0x63, 0x19, 0xC2, 0xE5, 0xC8, 0x7B, 0xCF, 0xA7, 0xA0, 0xA8, 0x58, 0xA4,
    0x33, 0x7D, 0x23, 0x2C, 0xE5, 0xC1, 0x92, 0x7C, 0xB0, 0x74, 0x52, 0x85, 0x7D, 0xCA, 0xE6, 0xB7,
    0x98, 0x26, 0x51, 0x62, 0x2F, 0xA9, 0xBD, 0xD6, 0x6A, 0x8F, 0x27, 0xBA, 0xC0, 0x23, 0x27, 0x77,
    0xAB, 0x8E, 0xB7, 0xF3, 0xC1, 0x1A, 0xF7, 0x1B, 0xD7, 0xDE, 0x9D, 0x2A, 0xDC, 0x6B, 0x6F, 0x7E,
    0x45, 0xED, 0xA5, 0x6F, 0x5D, 0x7B, 0xC5, 0xFF, 0xDB, 0xDA, 0x6B, 0xEE, 0xAB, 0xBD, 0xF9, 0x4D,
    0x6A, 0x2F, 0xD5, 0x22, 0xCD, 0xF4, 0x85, 0x5C, 0xEF, 0x0B, 0x85, 0xC7, 0x0E, 0x9D, 0x3B, 0x10,
    0x98, 0xDC, 0x8F, 0x04, 0x00, 0x42, 0xC8, 0x9D, 0xA6, 0xDF, 0x92, 0x1F, 0x96, 0x0A, 0xC2, 0xC4,
    0x8F, 0x68, 0x70, 0xAE, 0x3E, 0xE5, 0xD3, 0xBB, 0x5A, 0xBC, 0xFB, 0xC9, 0xA3, 0x52, 0xAD, 0xAD,
    0x23, 0x25, 0xB1, 0x02, 0xCB, 0x68, 0x79, 0x53, 0xB4, 0x59, 0xB8, 0xD5, 0xAF, 0xB2, 0xCD, 0x5E,
    0x4D, 0x9F, 0x5A, 0xD1, 0x0C, 0x89, 0x76, 0xC4, 0x30, 0xAA, 0x2A, 0x4C, 0x59, 0x55, 0xB5, 0xF2,
    0xE6, 0x28, 0xAA, 0x96, 0xBE, 0x1B, 0xAC, 0x73, 0xFE, 0xC8, 0x15, 0xE7, 0x7F, 0x5C, 0x1F, 0xA4,
    0x48, 0x50, 0x88, 0x0B, 0xFE, 0x93, 0xA8, 0x92, 0x7D, 0x49, 0x1F, 0xDC, 0x7E, 0x99, 0x3E, 0x98,
    0xFF, 0xF6, 0xF5, 0x41, 0x3A, 0x9B, 0xE5, 0x5E, 0xE1, 0xD0, 0x0C, 0x96, 0x51, 0xCD, 0xBF, 0x91,
    0xF7, 0xE0, 0x0E, 0xE3, 0x9B, 0x69, 0x1C, 0x1D, 0x0A, 0x5C, 0xAA, 0xF9, 0x75, 0x97, 0xD9, 0x2D,
    0xCE, 0x02, 0x90, 0x6E, 0x2E, 0x82, 0x8C, 0x33, 0x00, 0x47, 0x12, 0x66, 0x40, 0x23, 0x61, 0x9D,
    0x8D, 0xEF, 0xCF, 0x35, 0xD6, 0xEB, 0xDA, 0x37, 0x80, 0xC7, 0x6F, 0x45, 0xCD, 0xBE, 0xEF, 0x1E,
    0x69, 0xD9, 0x91, 0x7A, 0xEF, 0xB5, 0x00, 0x33, 0xED, 0x72, 0x69, 0xF8, 0x53, 0x8B, 0x77, 0x9C,
    0xBD, 0xC8, 0xD3, 0xBD, 0x8C, 0x63, 0xB5, 0x2F, 0x2F, 0x36, 0xBA, 0xFF, 0x1F, 0x35, 0xDB, 0x68,
    0xCD, 0xDE, 0xBE, 0xAA, 0x66, 0xDF, 0x69, 0xD7, 0x37, 0xAB, 0x59, 0x99, 0xF1, 0x5C, 0x4A, 0x60,
    0x1D, 0x24, 0xC7, 0x1E, 0x7D, 0x73, 0x93, 0x62, 0xCC, 0xC2, 0xD7, 0x91, 0xCC, 0x24, 0x7C, 0xBE,
    0x28, 0x97, 0x8F, 0x9A, 0xA2, 0xFE, 0x02, 0x1E, 0xD9, 0xF2, 0xAE, 0x56, 0x7F, 0xB5, 0xFD, 0x35,
    0x8B, 0x43, 0x5E, 0x19, 0xE7, 0x80, 0x6A, 0xD9, 0x4B, 0xA4, 0x8D, 0x05, 0x7A, 0x8E, 0x62, 0x28,
    0x6A, 0x94, 0x2A, 0xCA, 0xD5, 0xE4, 0x07, 0xEF, 0x6A, 0xF5, 0x37, 0xA3, 0x56, 0x13, 0xE3, 0xE1,
    0x93, 0x25, 0x54, 0xB9, 0x7A, 0xBC, 0x1C, 0x1B, 0x9B, 0xCD, 0x80, 0xD1, 0x6A, 0xD7, 0x55, 0x2E,
    0xF7, 0xE3, 0xE5, 0x5C, 0x99, 0x9E, 0xE3, 0x00, 0xFB, 0xAE, 0x66, 0x7F, 0xF9, 0x9A, 0xBD, 0x62,
    0x2D, 0x9B, 0x22, 0x89, 0x15, 0x4F, 0x75, 0x7C, 0xA4, 0x80, 0xC9, 0x24, 0xF4, 0xE4, 0x45, 0x15,
    0xFA, 0x92, 0x8F, 0x72, 0xA6, 0x32, 0x26, 0xE7, 0xB2, 0x9E, 0x5D, 0x4D, 0x22, 0x6C, 0xE5, 0xE8,
    0xF4, 0x37, 0x0D, 0xBF, 0x00, 0x64, 0xFE, 0x82, 0x0F, 0x30, 0x13, 0x4E, 0x33, 0x7E, 0xBD, 0x27,
    0x82, 0x25, 0x97, 0x6B, 0x76, 0xA0, 0x6D, 0x26, 0x3E, 0x22, 0xA5, 0x91, 0x50, 0x47, 0x6B, 0x50,
    0x24, 0xC2, 0xC4, 0xCB, 0x84, 0xCD, 0xD3, 0x69, 0x79, 0xDB, 0xD6, 0x61, 0xBA, 0x64, 0x47, 0xCE,
    0xBC, 0x05, 0xA0, 0xF0, 0xA8, 0xBD, 0x33, 0x2D, 0xED, 0xF3, 0xD2, 0x3E, 0x31, 0xED, 0x33, 0xD3,
    0xFD, 0x53, 0xD3, 0x0B, 0xFA, 0x7F, 0x76, 0x9D, 0x80, 0xB1, 0x5E, 0x13, 0x7D, 0xA3, 0xDB, 0x32,
    0xB5, 0xFC, 0x9A, 0xAB, 0xA0, 0xEB, 0xE6, 0x5C, 0xC5, 0xC6, 0x4E, 0x42, 0xAF, 0xFB, 0x7C, 0x62,
    0x4E, 0xE7, 0x91, 0xE9, 0xAA, 0x70, 0x7A, 0x41, 0x9E, 0x78, 0xB3, 0x92, 0xA0, 0x9B, 0xF1, 0xD9,
    0x06, 0x7B, 0xD5, 0x8E, 0x51, 0x6E, 0x26, 0x6D, 0xEA, 0x2F, 0xCC, 0x6A, 0x46, 0xB3, 0xC2, 0xA0,
    0x21, 0xA0, 0xE9, 0x45, 0xC3, 0x92, 0x85, 0xD6, 0x2F, 0x1A, 0x16, 0xA7, 0x16, 0xA5, 0xB1, 0x13,
    0xAB, 0x9E, 0xA5, 0xF0, 0xE9, 0x68, 0xA3, 0xD5, 0x1B, 0x6D, 0x25, 0xF5, 0xC1, 0x23, 0x90, 0x58,
    0x2C, 0xB1, 0xC4, 0x2A, 0x50, 0xF9, 0x2D, 0x0E, 0x61, 0x1C, 0xD0, 0x04, 0x2B, 0xF8, 0x2E, 0x5A,
    0xC1, 0xAC, 0x94, 0x3D, 0x57, 0xEE, 0xEA, 0x95, 0xCF, 0x00, 0xFB, 0x42, 0xA8, 0xCC, 0x29, 0xDB,
    0x61, 0x73, 0x40, 0x09, 0x4E, 0x16, 0xC4, 0xB4, 0xB4, 0xD7, 0x53, 0x90, 0xC9, 0xB9, 0xE3, 0xD4,
    0x22, 0xAD, 0x9E, 0x53, 0xCB, 0xA4, 0x33, 0x22, 0xC9, 0x95, 0x24, 0x38, 0x11, 0x14, 0x30, 0x2C,
    0x16, 0xC1, 0xC4, 0x12, 0x01, 0x91, 0x85, 0x5D, 0x0D, 0x1E, 0x13, 0xEE, 0xF9, 0x0C, 0x2B, 0x9C,
    0x6A, 0x36, 0x14, 0x66, 0xB7, 0x96, 0x52, 0x9F, 0xC2, 0x99, 0x13, 0x24, 0x41, 0x35, 0xA4, 0xF3,
    0x6B, 0x32, 0x9C, 0x02, 0xD6, 0x04, 0xFE, 0x89, 0xF7, 0x23, 0x3A, 0xA4, 0xFD, 0xC0, 0x86, 0x67,
    0xA1, 0xC7, 0x81, 0x22, 0x34, 0x74, 0xB4, 0x34, 0x95, 0x33, 0x2D, 0x9D, 0xA0, 0x08, 0xDB, 0x0C,
    0xEE, 0x73, 0x3D, 0x71, 0xE9, 0xB2, 0x03, 0x0D, 0x7E, 0x66, 0xBE, 0xE0, 0xEE, 0xE2, 0x17, 0x84,
    0x1C, 0x4C, 0x03, 0xA2, 0xA1, 0x9F, 0xB9, 0x6B, 0x74, 0x1B, 0x3D, 0x3C, 0x71, 0xDA, 0x98, 0x95,
    0xFD, 0x4A, 0x3F, 0x8F, 0xBC, 0x72, 0xF0, 0xE3, 0x87, 0x5D, 0xC8, 0xB6, 0xEE, 0x8B, 0xD0, 0x51,
    0xE9, 0x53, 0xC8, 0x1A, 0xC4, 0x6B, 0xA5, 0x0B, 0xED, 0xBE, 0x50, 0x6D, 0xB6, 0x5D, 0x18, 0xCB,
    0xC0, 0x6F, 0x9C, 0x18, 0xDB, 0x15, 0x65, 0x9E, 0xF4, 0x74, 0xD2, 0xC6, 0x4A, 0x3A, 0x47, 0xEB,
    0x6E, 0xFD, 0x64, 0x21, 0x82, 0xF1, 0xA5, 0x9F, 0x1F, 0xC5, 0x6E, 0x1F, 0xB1, 0x5D, 0x46, 0x6C,
    0x57, 0xD1, 0xAA, 0xE3, 0xAF, 0x55, 0x94, 0xE3, 0xC5, 0xFC, 0x66, 0x85, 0xE4, 0xBC, 0xD5, 0x4F,
    0x11, 0x57, 0xA9, 0x5F, 0x52, 0x49, 0xE1, 0x55, 0x95, 0x54, 0xBC, 0xB2, 0x92, 0xBA, 0xD1, 0x94,
    0xC7, 0x5B, 0x57, 0x52, 0xF3, 0xAA, 0x4A, 0x4A, 0x7F, 0xDD, 0x2A, 0x29, 0xDB, 0x2B, 0x69, 0x7E,
    0x75, 0x25, 0xC5, 0x4F, 0xE7, 0xEC, 0xA4, 0x4E, 0x35, 0x49, 0x84, 0x40, 0xBC, 0xB4, 0x12, 0x78,
    0x79, 0xF2, 0x53, 0xF7, 0x5B, 0x51, 0x57, 0x4E, 0x55, 0x52, 0x1F, 0x25, 0xED, 0xB1, 0x94, 0xEA,
    0xE3, 0x2F, 0xCD, 0xF1, 0xA6, 0x56, 0x74, 0xFC, 0x0A, 0x3E, 0xA5, 0x60, 0x68, 0xBE, 0xF7, 0x46,
    0xA1, 0xEE, 0x0F, 0x37, 0xFA, 0xD3, 0x18, 0x9D, 0xD9, 0xF5, 0x59, 0xF7, 0xF9, 0x7E, 0x93, 0x84,
    0x9F, 0x52, 0x3A, 0x1B, 0x23, 0x89, 0x9A, 0x6F, 0x74, 0xA0, 0x5A, 0x29, 0xE0, 0xAE, 0x69, 0xB5,
    0xCF, 0x34, 0xFB, 0x5C, 0xE5, 0xC7, 0x2E, 0xDE, 0x50, 0x79, 0xF9, 0x79, 0xE7, 0x8E, 0x76, 0x57,
    0xFE, 0x04, 0x93, 0x1D, 0x6D, 0xCD, 0x92, 0x58, 0x8D, 0xF0, 0xFB, 0x69, 0x54, 0x98, 0x09, 0xCB,
    0x0B, 0xFB, 0x25, 0xE7, 0xF8, 0x87, 0x10, 0x6C, 0xA0, 0x63, 0xB0, 0xAC, 0x26, 0x29, 0x8B, 0x43,
    0xAB, 0x0D, 0x47, 0x8E, 0x88, 0xEB, 0x0A, 0xB8, 0x2C, 0xE8, 0x72, 0x7E, 0x15, 0x97, 0x5C, 0x53,
    0x8C, 0x9A, 0x9C, 0x7D, 0x65, 0x87, 0xF9, 0x8B, 0x72, 0x51, 0x91, 0xCE, 0x85, 0x5F, 0xCD, 0x2E,
    0xCA, 0x3C, 0x47, 0xFA, 0x46, 0x06, 0x4A, 0xAE, 0x40, 0x56, 0xAB, 0x1C, 0x8A, 0x44, 0x03, 0x9A,
    0x72, 0xFA, 0xAF, 0x83, 0x00, 0x99, 0x15, 0x93, 0xFC, 0x00, 0x38, 0x07, 0x39, 0x1A, 0xBB, 0x47,
    0x5E, 0xCA, 0xD1, 0x82, 0x4D, 0x36, 0x46, 0x5D, 0x79, 0xCC, 0xCB, 0xAE, 0x74, 0xCA, 0xF8, 0x6B,
    0x71, 0x04, 0xD1, 0x9B, 0x7C, 0x12, 0x7F, 0xC6, 0x7F, 0x64, 0xB9, 0xAD, 0x10, 0x31, 0xA5, 0x85,
    0xD6, 0xA9, 0x07, 0x14, 0x21, 0x85, 0x0A, 0x98, 0x8C, 0xB4, 0xE0, 0x5A, 0xC0, 0x47, 0x96, 0xBC,
    0x4C, 0x47, 0x54, 0x4E, 0x39, 0x0B, 0xD3, 0x3E, 0x03, 0xAB, 0xB4, 0x39, 0xFF, 0x63, 0x15, 0xC8,
    0x71, 0x40, 0x11, 0x52, 0xF5, 0xAD, 0x60, 0x02, 0x0A, 0x10, 0x45, 0x50, 0x4A, 0x31, 0x55, 0x8A,
    0x64, 0x69, 0xCE, 0x92, 0x8F, 0x82, 0xF4, 0x9C, 0x1D, 0x68, 0x82, 0x9D, 0xB7, 0x63, 0x15, 0x0D,
    0xF9, 0xD7, 0x71, 0x19, 0xA3, 0x72, 0x3C, 0x57, 0x32, 0xC5, 0xFB, 0x2B, 0x6C, 0x75, 0x0C, 0x99,
    0x1F, 0xF2, 0xAF, 0x0C, 0xEA, 0x8C, 0xBF, 0xC8, 0x36, 0x72, 0xA7, 0xE6, 0x7A, 0xBC, 0x99, 0x7D,
    0xF8, 0xBE, 0x88, 0x75, 0x16, 0xC1, 0x12, 0xF0, 0xBE, 0xD6, 0x03, 0x71, 0xC5, 0x87, 0x45, 0xE6,
    0xCD, 0x84, 0x29, 0x12, 0x75, 0xEB, 0x1E, 0x7C, 0x6C, 0xD2, 0x2D, 0x3C, 0x6F, 0x2D, 0xA4, 0xAB,
    0x33, 0x2E, 0xEE, 0x8D, 0xBB, 0x4F, 0x46, 0xD8, 0x2C, 0xE2, 0xC3, 0xA7, 0x34, 0x19, 0x70, 0xBC,
    0x36, 0x4E, 0x15, 0x27, 0x64, 0x12, 0xA3, 0x61, 0x97, 0xF3, 0x4D, 0x87, 0xAB, 0x7C, 0xD5, 0x61,
    0x31, 0x5F, 0x74, 0x2E, 0xCC, 0xCF, 0x3A, 0x0C, 0x1A, 0x7F, 0x4B, 0x3A, 0x6D, 0xC4, 0xB1, 0x76,
    0x55, 0x1B, 0x67, 0xC4, 0x46, 0xC7, 0x46, 0xFA, 0xEC, 0xD9, 0xB3, 0x13, 0x1B, 0xB9, 0x8C, 0xAB,
    0xBD, 0xA4, 0xBF, 0xD3, 0x6F, 0x4E, 0x6C, 0x24, 0x37, 0xB4, 0x21, 0x1B, 0x3C, 0x01, 0xC9, 0xEB,
    0x7C, 0x60, 0xF6, 0x0B, 0xF4, 0xDF, 0x28, 0xFB, 0x8F, 0x44, 0xB4, 0x60, 0x9D, 0x73, 0x25, 0xF2,
    0xE9, 0xCC, 0x8B, 0xC9, 0x00, 0x92, 0x05, 0xDC, 0x0D, 0x00, 0xF1, 0x33, 0xC4, 0xC0, 0x5B, 0x30,
    0x2A, 0xC3, 0x68, 0x1A, 0xD9, 0xA3, 0xD6, 0x99, 0x90, 0x86, 0x8B, 0x7D, 0xEA, 0xF3, 0xDB, 0xE3,
    0x9D, 0xD9, 0x70, 0x9A, 0x24, 0x36, 0xB9, 0x3C, 0x5A, 0xD4, 0xE0, 0xBA, 0xD5, 0xCB, 0xF9, 0x5C,
    0x25, 0xAB, 0x74, 0xAB, 0x54, 0x93, 0xCE, 0x4E, 0xD2, 0x5B, 0xA7, 0x68, 0x8D, 0x26, 0x26, 0xC8,
    0xAA, 0xE3, 0xAF, 0xDA, 0x8D, 0x79, 0xB6, 0x58, 0x74, 0x15, 0x0B, 0xEF, 0xCE, 0xB3, 0x65, 0x74,
    0x34, 0xD9, 0x27, 0x05, 0xBF, 0xBE, 0xA8, 0x33, 0xA2, 0xD8, 0xEF, 0x76, 0xEB, 0xA0, 0x3D, 0xE6,
    0x9D, 0xB4, 0x07, 0x77, 0x01, 0x19, 0x8A, 0x93, 0x17, 0x82, 0xC9, 0xC3, 0xF4, 0x50, 0xCA, 0x95,
    0xDD, 0xAD, 0xE1, 0x55, 0x03, 0xD5, 0xBA, 0x58, 0x10, 0x03, 0x12, 0x64, 0x9C, 0x6C, 0x16, 0x33,
    0x0C, 0x87, 0xB5, 0x99, 0x94, 0x89, 0x64, 0x44, 0xA9, 0xC2, 0xF3, 0x67, 0x1E, 0x2B, 0x03, 0x8E,
    0x5B, 0xA4, 0xB3, 0xB3, 0xB5, 0x99, 0x5B, 0xF5, 0xEA, 0xD1, 0x9E, 0x04, 0xFA, 0xED, 0xEF, 0xE0,
    0xDF, 0xA4, 0x4A, 0x8D, 0x48, 0x4C, 0xA2, 0x4C, 0xA2, 0xA6, 0x9B, 0x85, 0x68, 0xBE, 0x23, 0x87,
    0x48, 0xC2, 0x67, 0x4A, 0x86, 0x5E, 0xCF, 0x82, 0x9E, 0x78, 0x29, 0xEE, 0xB2, 0xA8, 0xE3, 0xBE,
    0x77, 0xFF, 0x08, 0xF4, 0x4F, 0x51, 0x47, 0xC5, 0x3F, 0xA6, 0x8E, 0xA2, 0x91, 0x1D, 0xCB, 0xE7,
    0xB2, 0xA0, 0xD8, 0x68, 0xB5, 0xA0, 0x56, 0x79, 0x2B, 0xD1, 0x3A, 0xD2, 0x82, 0x1A, 0xD9, 0x53,
    0xC6, 0xE0, 0x24, 0x46, 0x25, 0x1A, 0x2A, 0xD6, 0xD1, 0xF9, 0x4E, 0x1D, 0xF9, 0x97, 0xD4, 0xD1,
    0x49, 0xEB, 0x68, 0xBE, 0xAF, 0x8E, 0xDE, 0x73, 0xEE, 0x5B, 0x2A, 0xB8, 0x12, 0x41, 0xA0, 0x3F,
    0x15, 0xF2, 0x94, 0xEF, 0x2B, 0x15, 0xA3, 0x63, 0xA7, 0x48, 0xFF, 0x42, 0x0F, 0x57, 0x69, 0x57,
    0x74, 0xA5, 0xA5, 0x32, 0xB7, 0x60, 0x65, 0x11, 0xF8, 0xB1, 0x6F, 0xFC, 0xD7, 0xB7, 0xE9, 0x1E,
    0x5A, 0xD6, 0x56, 0xD5, 0xB1, 0xA8, 0xF3, 0xFD, 0x60, 0x5A, 0xD2, 0xB1, 0xA2, 0x63, 0x41, 0xC7,
    0x7A, 0x8E, 0xE5, 0x1C, 0xAB, 0x99, 0x8C, 0x26, 0x5C, 0xD4, 0xB2, 0x9F, 0x13, 0x29, 0xE5, 0x6E,
    0xFB, 0x86, 0xE4, 0x35, 0xAA, 0xA7, 0x22, 0x06, 0xCA, 0xEB, 0x69, 0x12, 0x3B, 0x67, 0x69, 0x65,
    0xDA, 0xAC, 0x77, 0x4B, 0x38, 0x56, 0x70, 0x63, 0xA5, 0xE2, 0xB5, 0x7E, 0x2B, 0x45, 0x6A, 0x12,
    0xB6, 0x6B, 0x3D, 0xCC, 0x39, 0x41, 0x25, 0xB2, 0x73, 0xC8, 0xAB, 0xB4, 0xF4, 0x45, 0x1A, 0x3E,
    0x38, 0x43, 0x8C, 0x05, 0x9D, 0x0A, 0x02, 0x93, 0x05, 0x21, 0x44, 0x25, 0x19, 0xDB, 0xB3, 0x20,
    0x82, 0x5D, 0x93, 0x9C, 0xC7, 0x9A, 0x8D, 0x25, 0x7B, 0x65, 0x94, 0x71, 0x28, 0x58, 0xF7, 0x21,
    0x1D, 0x4E, 0x10, 0x1B, 0x94, 0x06, 0x38, 0x4F, 0x89, 0x9E, 0xD2, 0x9F, 0x0B, 0x2D, 0xD1, 0x66,
    0x36, 0x8E, 0xAA, 0xB7, 0x1D, 0xFD, 0x7B, 0x95, 0xC6, 0x32, 0x0D, 0x51, 0x7B, 0x75, 0x51, 0x5E,
    0x7D, 0xF5, 0x4D, 0x84, 0x26, 0x8F, 0x04, 0x05, 0xBB, 0xC8, 0xF8, 0x5C, 0x4A, 0xEE, 0x9C, 0x5C,
    0x2D, 0x13, 0x2C, 0xFE, 0x6E, 0x78, 0x88, 0x83, 0x14, 0x0C, 0x2C, 0x9C, 0x24, 0x87, 0x60, 0x9F,
    0xB4, 0x20, 0x65, 0x0A, 0xE4, 0x61, 0xA5, 0x0B, 0xE2, 0xDD, 0xA0, 0xF9, 0x24, 0x32, 0x29, 0xE4,
    0x40, 0x15, 0x37, 0xE7, 0x93, 0xA4, 0xB6, 0xF7, 0x9B, 0x26, 0xE7, 0x3B, 0xAA, 0x0A, 0x9B, 0xF0,
    0x75, 0xAD, 0xDE, 0x26, 0x34, 0xC1, 0x72, 0x68, 0x07, 0xF2, 0x51, 0xAD, 0x86, 0xA3, 0x35, 0x47,
    0x9D, 0xB7, 0xA8, 0xB5, 0x68, 0x30, 0x48, 0xFC, 0x0B, 0x7F, 0xD2, 0x39, 0x26, 0x65, 0x01, 0x2A,
    0xDB, 0x4A, 0x5E, 0x26, 0xE7, 0x0B, 0x79, 0xB9, 0x60, 0x89, 0xB3, 0x8A, 0xC5, 0x28, 0x68, 0xC5,
    0x79, 0x67, 0x0D, 0xAB, 0x57, 0x5A, 0xE4, 0x03, 0x0A, 0xAD, 0x77, 0xD2, 0x5B, 0x5B, 0xE1, 0x0C,
    0x14, 0x3D, 0x33, 0x1C, 0x8D, 0x28, 0x61, 0xC5, 0x68, 0xC7, 0x5A, 0x67, 0x41, 0xE9, 0xEB, 0xF8,
    0xA6, 0x55, 0xCE, 0xFE, 0xFD, 0x80, 0x25, 0x81, 0xCB, 0x27, 0xF0, 0x3D, 0xD1, 0x1B, 0x26, 0xBE,
    0x2D, 0xE3, 0x6D, 0xB3, 0x50, 0x0A, 0x2A, 0x25, 0x20, 0x0A, 0xD6, 0x46, 0x20, 0xA0, 0xF9, 0x2F,
    0xE7, 0xFB, 0x6B, 0xF5, 0x7A, 0x92, 0x90, 0xE9, 0x22, 0x1B, 0x82, 0x80, 0xBB, 0x34, 0xB6, 0xAB,
    0xC5, 0xDA, 0xA6, 0xD6, 0x1E, 0x1E, 0x1D, 0x25, 0x5E, 0xE3, 0x81, 0x2F, 0xB2, 0x38, 0xE9, 0x15,
    0x2B, 0x5A, 0xA5, 0xC7, 0x79, 0x73, 0x8E, 0x4A, 0x19, 0x2A, 0xF6, 0xAD, 0x5C, 0x3B, 0xBE, 0x54,
    0x6B, 0xF8, 0x1A, 0x5D, 0x48, 0xB2, 0x25, 0x10, 0xB9, 0x14, 0x43, 0x0E, 0xD9, 0x89, 0x67, 0xC5,
    0x8E, 0x85, 0x5E, 0xCB, 0xE5, 0xC3, 0x63, 0x21, 0x2B, 0xB5, 0x85, 0x77, 0xC5, 0x56, 0xE1, 0x0B,
    0x4E, 0x8F, 0x4E, 0xA4, 0xA9, 0x68, 0x8C, 0x2C, 0x7C, 0xBE, 0x61, 0xF3, 0xFF, 0x81, 0x2E, 0x10,
    0xFE, 0x5E, 0xDA, 0xC8, 0x8F, 0xF9, 0x79, 0xCA, 0x04, 0x47, 0xBF, 0x14, 0x57, 0x48, 0x84, 0x36,
    0xE1, 0xF9, 0x09, 0x0A, 0x34, 0x0C, 0x35, 0xA6, 0x81, 0x1E, 0x0A, 0x33, 0x9C, 0x78, 0x93, 0x46,
    0xD0, 0x95, 0x80, 0xBD, 0x88, 0xD2, 0x9F, 0xBA, 0x23, 0xE3, 0xA6, 0xA6, 0x51, 0x6A, 0x23, 0x63,
    0x14, 0xEE, 0xEA, 0x4C, 0x11, 0xA3, 0xBA, 0x9E, 0x5E, 0x71, 0x2D, 0x73, 0xCE, 0x93, 0x80, 0xC3,
    0xB0, 0x60, 0xA5, 0x3F, 0xDA, 0xD3, 0x58, 0xCC, 0x63, 0x09, 0xC5, 0x4F, 0xC5, 0x90, 0x5A, 0x80,
    0x99, 0x09, 0x7D, 0x8D, 0x0D, 0x81, 0x1B, 0x19, 0x35, 0xE2, 0x5A, 0x32, 0x14, 0xA3, 0x31, 0x88,
    0x01, 0xF5, 0xC6, 0xAF, 0xDF, 0x31, 0x6A, 0x33, 0xE8, 0x15, 0x31, 0x3A, 0xE9, 0x55, 0x5C, 0x0D,
    0x6A, 0x04, 0x8E, 0x03, 0x5A, 0x54, 0x70, 0x58, 0x39, 0x0F, 0x32, 0xDB, 0xD2, 0xC2, 0xB3, 0x50,
    0x59, 0x07, 0xCD, 0x1E, 0xF8, 0x11, 0xB4, 0xB9, 0xE7, 0x9E, 0xFD, 0x96, 0x83, 0x2E, 0x76, 0xF4,
    0xB3, 0x0A, 0x27, 0x80, 0xAD, 0x88, 0x85, 0xE5, 0x8D, 0x63, 0x92, 0xFF, 0x6C, 0xB4, 0xDA, 0xC4,
    0x7E, 0x72, 0xBA, 0xA3, 0x11, 0xF2, 0xA8, 0xAC, 0x76, 0x89, 0x15, 0x0D, 0x5D, 0x27, 0x8B, 0x0B,
    0x46, 0xCE, 0xAA, 0x67, 0xEB, 0x35, 0xB7, 0x9A, 0xA3, 0x5E, 0x2A, 0x7A, 0x12, 0x1E, 0x55, 0xFD,
    0xB4, 0xF1, 0x49, 0x5A, 0x7E, 0x0B, 0x8A, 0xBF, 0x4D, 0xD1, 0x8B, 0x4F, 0x32, 0x87, 0x9C, 0x78,
    0x08, 0xA1, 0x0B, 0xB7, 0x03, 0xBA, 0xF0, 0xB8, 0x41, 0x97, 0x06, 0x6C, 0x8E, 0x0B, 0x7D, 0xC3,
    0xBC, 0x4D, 0x40, 0xE9, 0x64, 0xD8, 0xE3, 0x0B, 0xFD, 0x67, 0x16, 0xA2, 0xA2, 0xE0, 0x0B, 0x1D,
    0xB9, 0x0B, 0x28, 0x83, 0x2E, 0xA0, 0x8B, 0x37, 0xBC, 0x10, 0x03, 0xE0, 0xB9, 0x02, 0x42, 0x84,
    0x33, 0x82, 0x95, 0xEA, 0x5C, 0x59, 0x4B, 0x61, 0x25, 0xDF, 0x10, 0x0E, 0x2B, 0x95, 0xC0, 0xE4,
    0x8C, 0xDE, 0x19, 0xB5, 0xE3, 0xC0, 0x4A, 0x4B, 0x27, 0x45, 0x60, 0x2F, 0x51, 0xE8, 0x25, 0xCE,
    0x28, 0xF2, 0x2A, 0x2A, 0x1C, 0x2D, 0xFE, 0x38, 0xF8, 0x55, 0xF6, 0x4D, 0x6C, 0x8A, 0xD5, 0xDB,
    0x4C, 0x82, 0xEF, 0x2A, 0xE0, 0xD7, 0xA1, 0x02, 0x0A, 0x49, 0xA9, 0x26, 0x5D, 0x53, 0x5E, 0xED,
    0x5F, 0x9E, 0x5E, 0x27, 0xD6, 0xDE, 0x15, 0x90, 0x46, 0xF2, 0x0F, 0x54, 0x57, 0x99, 0xAA, 0x0A,
    0x7D, 0x0A, 0xAC, 0x05, 0x55, 0x54, 0xDD, 0x5C, 0x2F, 0x47, 0x35, 0x65, 0x5A, 0xCA, 0x94, 0x54,
    0x62, 0xB2, 0xC3, 0x54, 0xD4, 0x2B, 0x35, 0x54, 0xAA, 0x00, 0xCA, 0x74, 0xA0, 0xB3, 0x6B, 0xAE,
    0xD7, 0x42, 0x7F, 0xE7, 0x26, 0x48, 0xE1, 0xE4, 0xA9, 0x0C, 0xE1, 0x2B, 0x17, 0xD9, 0xA8, 0x9C,
    0x20, 0xA6, 0x5C, 0xA9, 0x32, 0x2A, 0x37, 0x11, 0x15, 0xF5, 0x5C, 0xA6, 0x92, 0xC7, 0x06, 0x33,
    0xD3, 0x47, 0xCA, 0x0E, 0x89, 0xF6, 0x77, 0x6D, 0xA3, 0xB8, 0xE2, 0xC1, 0xFF, 0x60, 0x13, 0x6B,
    0xAD, 0x32, 0xC4, 0x46, 0xA6, 0xFC, 0x78, 0xFD, 0x40, 0xAE, 0xD9, 0x2C, 0x63, 0x4C, 0xB5, 0x88,
    0x02, 0x6A, 0x16, 0x51, 0x3D, 0xCD, 0x26, 0x2A, 0xA4, 0x61, 0x89, 0x03, 0xFB, 0xF9, 0x4D, 0x9C,
    0x6A, 0x47, 0x9D, 0xF3, 0x74, 0xB2, 0x31, 0x04, 0x0A, 0x54, 0x9F, 0x3C, 0xDE, 0xC7, 0x9A, 0x3F,
    0x41, 0x38, 0x5B, 0x99, 0x6A, 0x7C, 0x9F, 0xCB, 0xA8, 0x30, 0xC8, 0x4C, 0x63, 0x23, 0x4D, 0x3D,
    0x45, 0x72, 0x6B, 0x8F, 0xF3, 0x8C, 0x8D, 0x33, 0x69, 0x94, 0x7E, 0xFD, 0xDB, 0xCC, 0x32, 0x41,
    0xEA, 0x3A, 0xD5, 0x99, 0x25, 0xD3, 0xAB, 0xCD, 0x30, 0x85, 0x31, 0xDE, 0x2A, 0x0A, 0xA9, 0x5C,
    0x30, 0xF2, 0x49, 0x5E, 0x28, 0x7E, 0x25, 0x57, 0x08, 0xF9, 0x93, 0xB4, 0x71, 0xBA, 0x50, 0x7F,
    0xB2, 0x18, 0x56, 0x39, 0x70, 0x63, 0x73, 0xCA, 0x62, 0x1A, 0xD4, 0x6A, 0x7E, 0x90, 0x63, 0x98,
    0xE6, 0xDC, 0x59, 0xB8, 0x75, 0x07, 0x18, 0xC7, 0x71, 0xB5, 0xD4, 0xBC, 0xD9, 0xB5, 0xB8, 0xE7,
    0xCA, 0x80, 0x48, 0x5B, 0xB9, 0x96, 0x3D, 0xCA, 0x14, 0xFC, 0xC4, 0x00, 0xF1, 0x93, 0x28, 0x75,
    0xAA, 0x4D, 0xC4, 0xCF, 0x87, 0x9F, 0x79, 0x8E, 0x5F, 0x73, 0x18, 0x49, 0x45, 0x6E, 0x29, 0x8C,
    0x3A, 0x1D, 0xB3, 0x92, 0x27, 0x11, 0xED, 0x5F, 0x02, 0x3A, 0x1C, 0x4F, 0xA5, 0x5A, 0x7F, 0x54,
    0xDA, 0x9B, 0xB2, 0x9F, 0xF2, 0x16, 0x69, 0x79, 0x89, 0x42, 0xF7, 0x7F, 0xEC, 0x14, 0xBF, 0x50,
    0x7C, 0x56, 0x56, 0x47, 0x86, 0x3B, 0x09, 0xE8, 0xA1, 0x8E, 0xE9, 0xF3, 0xD7, 0x6F, 0x3E, 0x8F,
    0xBA, 0xAB, 0x35, 0x52, 0xA5, 0x0D, 0x77, 0x77, 0x8D, 0x6E, 0xE7, 0x55, 0x33, 0x9A, 0x68, 0x6C,
    0x77, 0xA7, 0x44, 0xBF, 0xDC, 0x35, 0xE2, 0x08, 0x15, 0x4C, 0x98, 0xE8, 0x80, 0xB2, 0xA3, 0x2F,
    0x7B, 0xC1, 0xC8, 0x4D, 0xE6, 0x5B, 0x62, 0x62, 0xA9, 0xEE, 0x46, 0x65, 0x27, 0xAE, 0x75, 0xAA,
    0x7B, 0x89, 0x83, 0x9D, 0x39, 0xE8, 0xD7, 0xFB, 0xDC, 0x51, 0x2F, 0xDE, 0x33, 0xF0, 0xD5, 0x27,
    0xDD, 0xA1, 0x7B, 0xAE, 0x03, 0x8F, 0x4C, 0x1E, 0x3A, 0xD4, 0x5D, 0x4E, 0x4F, 0x8D, 0x95, 0x66,
    0x29, 0xA5, 0xCA, 0x45, 0xBA, 0x53, 0xDB, 0x27, 0x41, 0x65, 0x82, 0x7D, 0xAE, 0xAD, 0x21, 0x06,
    0x1D, 0x68, 0xA5, 0x64, 0xA2, 0x5E, 0x40, 0x9B, 0xD0, 0xEA, 0x49, 0xC4, 0x38, 0x89, 0xA4, 0x60,
    0xC4, 0x4B, 0xBD, 0xF1, 0xDC, 0xF4, 0x59, 0x18, 0xAF, 0x76, 0x66, 0xA4, 0xB7, 0x3E, 0xC8, 0xD1,
    0x26, 0x16, 0xCC, 0x07, 0x19, 0x70, 0x57, 0x80, 0x29, 0x57, 0x74, 0xD3, 0x12, 0x7E, 0x17, 0xC2,
    0xA9, 0xB4, 0x29, 0xA4, 0x80, 0x95, 0x03, 0x7F, 0xB3, 0x42, 0x0A, 0x58, 0x74, 0xE9, 0xDC, 0x19,
    0x34, 0x4A, 0xAB, 0x83, 0x1A, 0xFF, 0x98, 0xFC, 0xAD, 0xD3, 0xC1, 0xAE, 0xE6, 0x6F, 0x1A, 0x7D,
    0x7C, 0x96, 0x30, 0x9C, 0xEC, 0x1B, 0x99, 0xEE, 0x64, 0xCC, 0x6A, 0x4C, 0x5A, 0xC4, 0x9C, 0xE0,
    0x9B, 0x54, 0xC3, 0xD9, 0xC5, 0x6F, 0x72, 0x9B, 0xA7, 0xE2, 0x37, 0xA5, 0x82, 0x04, 0x47, 0x69,
    0x64, 0x43, 0x81, 0x04, 0x1E, 0xC5, 0x86, 0x56, 0xE4, 0x3A, 0x45, 0xB6, 0x71, 0x61, 0x69, 0x37,
    0x32, 0x62, 0x19, 0x73, 0x88, 0x30, 0xE1, 0xE3, 0x4C, 0x0A, 0xB5, 0x99, 0x1F, 0x04, 0xFF, 0x0E,
    0xFA, 0xCD, 0xC4, 0x7F, 0x78, 0xA4, 0xA2, 0xD5, 0xDF, 0x7B, 0xAA, 0x6C, 0xCE, 0xB5, 0x8E, 0x3E,
    0x56, 0x8D, 0xFA, 0x4D, 0x89, 0xC8, 0xD2, 0x73, 0xF5, 0x28, 0x61, 0xC6, 0x12, 0x88, 0x68, 0x83,
    0x9F, 0xCF, 0xB2, 0x04, 0x0F, 0xB6, 0xCE, 0x8F, 0x12, 0xE6, 0x82, 0xB6, 0x92, 0x88, 0xF2, 0x73,
    0x14, 0xD4, 0xC4, 0x63, 0xE1, 0x4D, 0x59, 0xAF, 0xD3, 0xA6, 0x56, 0x58, 0xB6, 0x8B, 0x83, 0x70,
    0x94, 0xB4, 0x83, 0x68, 0xD8, 0xC9, 0xC2, 0xA0, 0x81, 0x6F, 0xB6, 0xD6, 0xED, 0x0F, 0x33, 0x56,
    0xB7, 0xC7, 0xB1, 0x89, 0x6E, 0x2F, 0x54, 0xFC, 0x97, 0x10, 0xA0, 0x3B, 0xC8, 0xF4, 0x86, 0xCB,
    0x5D, 0x38, 0x99, 0x60, 0x33, 0x6D, 0x1C, 0x22, 0x0D, 0xB8, 0x1D, 0x91, 0x76, 0xFF, 0x97, 0x8A,
    0x47, 0xFB, 0x18, 0x1A, 0xF7, 0x05, 0x05, 0x8B, 0xF6, 0x29, 0x15, 0x89, 0xFB, 0xBD, 0xE0, 0xD0,
    0x75, 0x9F, 0xBA, 0x66, 0x38, 0xA0, 0x90, 0xC7, 0xCF, 0x69, 0xC7, 0x20, 0x39, 0x36, 0xFB, 0x79,
    0x47, 0x60, 0xA9, 0x7E, 0x1A, 0xFE, 0x6A, 0x6D, 0xA1, 0x86, 0xBE, 0x5A, 0xA9, 0xD9, 0xB0, 0xD7,
    0x4C, 0x0F, 0xB1, 0xAB, 0x21, 0x8F, 0xD2, 0xD5, 0xAC, 0x07, 0xDC, 0xD5, 0xA4, 0xC5, 0xA7, 0x03,
    0xEA, 0xAA, 0x3E, 0x13, 0x9D, 0xA3, 0x98, 0x4B, 0x5A, 0xE8, 0x9D, 0x24, 0x22, 0xCE, 0xD5, 0xEB,
    0x05, 0xDE, 0x1C, 0x7B, 0x77, 0x40, 0x5B, 0x0A, 0xD0, 0xEE, 0x58, 0x2B, 0x40, 0x17, 0x3B, 0xD2,
    0xAA, 0x2D, 0xAA, 0x06, 0xF4, 0x94, 0x6E, 0x89, 0xF7, 0x8C, 0xB2, 0x44, 0x62, 0x1A, 0x31, 0x96,
    0xD3, 0x61, 0xBE, 0x79, 0x40, 0x58, 0x19, 0x20, 0xEA, 0x0C, 0x5F, 0xE0, 0x63, 0x28, 0x4E, 0x41,
    0x17, 0x3D, 0xB3, 0x7D, 0x1F, 0x83, 0xC6, 0x51, 0x50, 0xF5, 0x77, 0x90, 0x75, 0x8A, 0xB8, 0x2A,
    0x03, 0xA8, 0xEE, 0x80, 0xAA, 0x9C, 0x95, 0xD0, 0x8E, 0xA9, 0x8D, 0x22, 0x3F, 0x5D, 0xE2, 0xE9,
    0x89, 0x71, 0xDD, 0x7C, 0xF8, 0xB2, 0xBA, 0x00, 0x9E, 0x3F, 0x64, 0x1A, 0x44, 0x77, 0xEF, 0xDD,
    0xDE, 0x50, 0x2E, 0xBB, 0x8A, 0xDC, 0x2D, 0xC7, 0x3B, 0x7F, 0x71, 0x17, 0xE6, 0x8B, 0xBB, 0xA3,
    0x8F, 0xC9, 0x01, 0x97, 0x69, 0xF8, 0x36, 0xEB, 0xC8, 0xAD, 0x4D, 0x37, 0xC0, 0xF8, 0x1F, 0x28,
    0x28, 0x75, 0x98, 0x33, 0x61, 0x13, 0x46, 0x34, 0xF9, 0xFA, 0xDF, 0x4C, 0xCA, 0xF4, 0x4E, 0x0B,
    0x0F, 0x71, 0xEA, 0x13, 0xE5, 0x5A, 0x4A, 0x44, 0x17, 0x4E, 0xA9, 0xCE, 0x77, 0xA4, 0x06, 0x4A,
    0x16, 0xFF, 0xA7, 0x6B, 0xDA, 0x95, 0x81, 0x50, 0xB2, 0x66, 0x77, 0x8C, 0x1B, 0xEE, 0x66, 0x55,
    0xE0, 0xA8, 0xD1, 0x13, 0x68, 0x69, 0x35, 0x6D, 0xBB, 0xE0, 0x6F, 0xA1, 0x42, 0xF0, 0x03, 0x20,
    0x86, 0xF5, 0x0E, 0x80, 0x08, 0xBC, 0x70, 0x3F, 0xF3, 0x42, 0xD8, 0x27, 0xC1, 0x2E, 0xF0, 0x54,
    0x0B, 0x28, 0x55, 0x05, 0xE1, 0x01, 0x5A, 0x41, 0xB1, 0x35, 0x4A, 0xB3, 0x2B, 0x64, 0x48, 0xE9,
    0x25, 0x78, 0x95, 0x50, 0x8D, 0x4B, 0xD0, 0xFF, 0xC0, 0xCC, 0x14, 0xC4, 0x7C, 0x60, 0xA7, 0x83,
    0x1F, 0x7F, 0x97, 0x5F, 0x2B, 0x26, 0x82, 0x47, 0xB6, 0x75, 0x63, 0xC7, 0x34, 0x54, 0xF2, 0xCC,
    0x71, 0xB3, 0x10, 0x60, 0xE8, 0xCC, 0x3F, 0xF3, 0x3C, 0xD8, 0x84, 0xC9, 0x87, 0xAD, 0x91, 0xD9,
    0x8E, 0x2E, 0x74, 0xF6, 0x45, 0xE9, 0x81, 0xAA, 0xAB, 0xA5, 0x59, 0xD0, 0x3F, 0x07, 0x7A, 0x4A,
    0xCC, 0x89, 0x7D, 0x37, 0xD6, 0x02, 0x35, 0x12, 0x79, 0xE4, 0xC1, 0x39, 0x05, 0xB1, 0x3C, 0x82,
    0xDA, 0xA3, 0xCF, 0x83, 0x8F, 0x5F, 0x9C, 0xB3, 0x7A, 0x63, 0x09, 0x1B, 0x04, 0x6D, 0x4A, 0x88,
    0x02, 0xA1, 0x8A, 0x3A, 0x35, 0xEA, 0x6C, 0xED, 0xBB, 0x95, 0xF5, 0xDD, 0xCA, 0xF8, 0xAB, 0x7C,
    0xFA, 0x7A, 0xD9, 0xF3, 0x49, 0x78, 0xDE, 0x1A, 0xD1, 0xAD, 0x51, 0xD1, 0xF6, 0xC6, 0x7C, 0x27,
    0x15, 0x75, 0x02, 0x8B, 0x4F, 0xDD, 0x95, 0x35, 0x55, 0xE9, 0xA5, 0x93, 0x18, 0xE8, 0x1B, 0xAC,
    0xBB, 0x51, 0xF8, 0xDC, 0x42, 0x81, 0xFA, 0x7C, 0xD1, 0xFA, 0x2F, 0xCE, 0x92, 0x9C, 0x58, 0xC1,
    0x17, 0xC2, 0xAD, 0x32, 0x85, 0x53, 0x1B, 0x8F, 0x9A, 0x56, 0xBD, 0x34, 0xB8, 0x66, 0xFB, 0x4E,
    0x21, 0x09, 0xA3, 0x38, 0x1A, 0x2D, 0x1B, 0xC9, 0x8D, 0xC4, 0x5E, 0xB4, 0x15, 0xFC, 0x4A, 0x61,
    0x8C, 0x22, 0xA9, 0x6A, 0x71, 0x79, 0x14, 0xFD, 0x98, 0x49, 0x97, 0x11, 0x91, 0x95, 0x49, 0xCF,
    0x19, 0x20, 0x37, 0x9E, 0x79, 0xE1, 0xDD, 0x83, 0xA0, 0x8D, 0x93, 0x88, 0x9C, 0xA4, 0x8E, 0x2D,
    0xE5, 0xC9, 0x93, 0x97, 0xC4, 0x35, 0xA6, 0x32, 0xB3, 0x0A, 0x2C, 0xAC, 0x4C, 0x2B, 0xAB, 0xE5,
    0xE6, 0xAE, 0x54, 0x8C, 0x7A, 0x30, 0xB3, 0x48, 0xE4, 0x31, 0x97, 0xF6, 0x6C, 0x69, 0x35, 0x9C,
    0xF7, 0x6F, 0xAC, 0x6D, 0x13, 0xBF, 0x3D, 0xDE, 0xDB, 0xD5, 0x60, 0x8A, 0xAA, 0x77, 0x71, 0x50,
    0xA1, 0x13, 0x0E, 0xDD, 0xEA, 0xA5, 0xAC, 0x84, 0x8A, 0xA9, 0x6A, 0xCA, 0xA0, 0xDE, 0x89, 0x01,
    0x68, 0xC3, 0x40, 0x35, 0x8B, 0xD1, 0xD8, 0x4F, 0x42, 0x51, 0x7E, 0xD6, 0x09, 0xB7, 0xDB, 0xBE,
    0x21, 0x09, 0xAE, 0x6D, 0x64, 0x2C, 0x62, 0xC4, 0xBC, 0x66, 0x3C, 0xB1, 0x46, 0x68, 0x53, 0xCE,
    0x1E, 0x92, 0x48, 0x78, 0x5D, 0xFC, 0xC9, 0xF0, 0xED, 0xB5, 0xDF, 0x56, 0x0A, 0x59, 0x6A, 0x27,
    0xD7, 0x7A, 0x98, 0x73, 0x12, 0xB4, 0xD0, 0x25, 0xC1, 0xBC, 0x1C, 0xFC, 0x01, 0x63, 0xB2, 0xF2,
    0x15, 0x63, 0x51, 0x3D, 0x8C, 0x67, 0x68, 0x03, 0x90, 0x45, 0x13, 0xB6, 0x67, 0x98, 0x57, 0x4A,
    0xCB, 0x76, 0x1E, 0x85, 0x43, 0xB0, 0x49, 0xE6, 0x2A, 0x98, 0xCF, 0x8F, 0x9E, 0xB8, 0x57, 0xE5,
    0xFD, 0x90, 0x79, 0x67, 0x83, 0xCD, 0xC5, 0x51, 0x0F, 0x15, 0xE0, 0x8E, 0x92, 0x20, 0x0D, 0xFB,
    0x13, 0xF5, 0xAE, 0x2C, 0x52, 0xAB, 0x12, 0x76, 0xA2, 0x77, 0x6F, 0xFB, 0x01, 0x6A, 0x6B, 0x66,
    0xAE, 0x34, 0xC8, 0xA9, 0x21, 0x91, 0x03, 0xE4, 0x2E, 0xF8, 0x3A, 0x40, 0x0B, 0xB3, 0x18, 0xBA,
    0x0A, 0xB1, 0x7F, 0x67, 0x70, 0x86, 0x95, 0x1B, 0x07, 0xA3, 0x17, 0xC9, 0xC6, 0x99, 0x3C, 0xAB,
    0x59, 0x06, 0x34, 0xE7, 0xB3, 0x98, 0xBC, 0xCE, 0x20, 0xA9, 0xE1, 0x8D, 0x7A, 0x31, 0x59, 0x79,
    0xB3, 0x59, 0xAF, 0x81, 0xDB, 0x01, 0x9F, 0xAE, 0x59, 0x7C, 0x50, 0x70, 0x37, 0x33, 0xA5, 0x58,
    0xCC, 0x6E, 0x6A, 0xB8, 0x27, 0x23, 0xC9, 0x13, 0xD1, 0x82, 0xA1, 0x8D, 0x02, 0x55, 0x4A, 0x1A,
    0xC6, 0x3C, 0x4C, 0x52, 0x3F, 0xE1, 0x4C, 0xB2, 0xA1, 0x5E, 0x90, 0xFF, 0x21, 0x0D, 0x2B, 0x4C,
    0xDE, 0x92, 0x28, 0x7A, 0x81, 0xE7, 0x3D, 0x21, 0xA5, 0x9B, 0xD5, 0xC4, 0x21, 0xF9, 0x10, 0x90,
    0x8A, 0xA3, 0x96, 0x56, 0x15, 0xF4, 0x3C, 0x7A, 0x10, 0x07, 0x80, 0xE7, 0x92, 0xEB, 0x12, 0x34,
    0x27, 0xE7, 0xD9, 0x90, 0x97, 0xDE, 0x7A, 0x0F, 0xCC, 0x87, 0x88, 0x29, 0x26, 0x23, 0x04, 0x56,
    0x64, 0x50, 0xA3, 0xE1, 0x6D, 0x35, 0xB0, 0x5A, 0x29, 0xF8, 0xBC, 0xF7, 0xF8, 0x32, 0x29, 0x7F,
    0xA3, 0xA9, 0x5D, 0xAC, 0xD8, 0x0D, 0x0C, 0xAD, 0x5E, 0xFB, 0x8B, 0x59, 0x30, 0x31, 0x0E, 0xED,
    0x62, 0xD9, 0x18, 0x36, 0xAC, 0x58, 0xF4, 0xFA, 0xE5, 0x57, 0x52, 0xFE, 0x4A, 0xAE, 0xB7, 0x20,
    0x3E, 0x26, 0x48, 0x72, 0x38, 0x0D, 0x50, 0xA9, 0xA1, 0x60, 0x87, 0x3F, 0xBA, 0x09, 0xB5, 0x38,
    0xBE, 0xF9, 0x9F, 0xF0, 0x95, 0xEE, 0x12, 0xA9, 0x8F, 0x25, 0x11, 0xF9, 0x35, 0xA6, 0x2A, 0xC3,
    0x54, 0xAF, 0x8B, 0x36, 0x44, 0x46, 0x7B, 0x70, 0x3F, 0x3C, 0x0F, 0x2B, 0xC0, 0xCE, 0xF5, 0x57,
    0x61, 0x24, 0x99, 0x30, 0x96, 0x66, 0x4A, 0x1A, 0xB8, 0xAA, 0xE6, 0xE7, 0x3A, 0xCD, 0x69, 0x8D,
    0x6E, 0x49, 0xF1, 0xAE, 0x5F, 0xAA, 0xB6, 0x44, 0x2E, 0x03, 0x66, 0x50, 0xA6, 0x77, 0x1E, 0x72,
    0x19, 0xA4, 0xAC, 0x09, 0xA4, 0x03, 0x0B, 0x91, 0xF0, 0xBB, 0xCD, 0x26, 0x11, 0x7B, 0xB0, 0x07,
    0x38, 0x89, 0x22, 0xBE, 0xEA, 0xA3, 0xFE, 0xE9, 0x63, 0x5D, 0xF5, 0xB1, 0xD8, 0xFA, 0xBB, 0x42,
    0xAD, 0x89, 0x45, 0xD7, 0x7C, 0x6A, 0x6B, 0xBC, 0xFF, 0xB2, 0x52, 0x8F, 0x75, 0x5A, 0x45, 0xD1,
    0xD5, 0xC5, 0x3A, 0x0E, 0x5F, 0xD3, 0xA4, 0x24, 0xAB, 0x0B, 0x31, 0xCF, 0x3E, 0x5A, 0xF6, 0xDD,
    0x96, 0x6E, 0xB6, 0xDC, 0xE7, 0x4B, 0x2C, 0xD6, 0x29, 0xAE, 0xD7, 0x47, 0xE9, 0xD8, 0xC7, 0x5F,
    0x7B, 0xEB, 0x12, 0xB1, 0x4D, 0x6C, 0x66, 0x95, 0x5F, 0xC4, 0x6E, 0x3A, 0x1A, 0xBD, 0x74, 0x43,
    0x14, 0x0D, 0xBD, 0xAE, 0x9C, 0x84, 0xD6, 0xCF, 0xBA, 0x88, 0xB5, 0x9F, 0x62, 0x35, 0x61, 0x59,
    0xCD, 0x66, 0xD9, 0x58, 0x40, 0xFB, 0x9F, 0x4D, 0x92, 0x62, 0xFE, 0x92, 0x57, 0x4F, 0x6A, 0xE5,
    0x71, 0x2A, 0x2A, 0x83, 0x0D, 0x50, 0xB5, 0xB1, 0xA8, 0x2A, 0x88, 0xDE, 0xC4, 0x85, 0x74, 0xE7,
    0xB3, 0xCE, 0x3A, 0x99, 0xCC, 0xB8, 0x83, 0x6A, 0xBC, 0x82, 0x7F, 0x40, 0xC9, 0x88, 0xD4, 0xDF,
    0x6C, 0x08, 0x50, 0x19, 0x78, 0xCB, 0xB8, 0x7D, 0x0A, 0xBA, 0x3A, 0xA3, 0xBE, 0xB8, 0xF5, 0x8F,
    0x9E, 0x01, 0xCC, 0x5B, 0x8F, 0x98, 0x7A, 0x2A, 0x63, 0x6B, 0xFB, 0x7C, 0x28, 0x87, 0xDE, 0x34,
    0xF9, 0xEA, 0xB2, 0x24, 0x5B, 0xDA, 0x96, 0x0C, 0x81, 0xFE, 0xE9, 0xFD, 0x79, 0xAE, 0x24, 0x74,
    0x3A, 0xCC, 0x85, 0xAF, 0x6D, 0x7B, 0x6E, 0x35, 0x9D, 0xD9, 0xE2, 0x36, 0x5C, 0x12, 0x08, 0xD8,
    0x2D, 0x5F, 0x0E, 0xC9, 0xEC, 0x24, 0x43, 0xC5, 0x7A, 0x6F, 0x5D, 0x92, 0x72, 0x66, 0x12, 0x23,
    0x89, 0xC2, 0x6F, 0x50, 0xE3, 0x61, 0x81, 0x2E, 0x8D, 0xA7, 0x94, 0xBE, 0x0D, 0xBD, 0xDD, 0x8B,
    0xD0, 0x3E, 0x89, 0xC2, 0x6E, 0x55, 0x5A, 0x43, 0x53, 0x07, 0x13, 0xD3, 0xAA, 0xA2, 0x55, 0x3E,
    0xAB, 0x6E, 0x56, 0xC1, 0xAC, 0x4A, 0x59, 0x25, 0xB2, 0x6A, 0x63, 0x15, 0xC5, 0xA2, 0x86, 0x3F,
    0x84, 0x0C, 0xFE, 0x22, 0xA8, 0xFE, 0x6D, 0x10, 0xE0, 0x55, 0x15, 0xAF, 0x4A, 0x5D, 0xD1, 0xB8,
    0x27, 0x15, 0xB7, 0xBB, 0xAA, 0x7D, 0xE9, 0xE7, 0xBD, 0x8B, 0xC1, 0xE6, 0xF2, 0xC8, 0xC7, 0x51,
    0xA9, 0x3F, 0x4E, 0x4A, 0xFB, 0x2F, 0x79, 0x08, 0xFB, 0xDA, 0x75, 0x58, 0x8F, 0x4F, 0x1D, 0xD2,
    0x7C, 0xFC, 0xC1, 0xFD, 0xA8, 0x75, 0xBF, 0xFC, 0x47, 0x40, 0xAC, 0x45, 0xFD, 0xB2, 0x1B, 0x2D,
    0x22, 0x7F, 0xB8, 0xD1, 0x9F, 0x46, 0xF3, 0x32, 0xA0, 0x78, 0xA4, 0xFE, 0x3E, 0xDF, 0x6F, 0x92,
    0xF0, 0x53, 0x9E, 0x4E, 0xCF, 0x5A, 0x7B, 0xDC, 0x4D, 0x9A, 0x5E, 0x15, 0x1E, 0x98, 0x4C, 0xFC,
    0xAE, 0xE7, 0x66, 0x9F, 0xEA, 0xFC, 0xB8, 0x0F, 0x7C, 0xC4, 0x61, 0x3E, 0x4E, 0x78, 0x59, 0x68,
    0xF7, 0x01, 0x8F, 0xDA, 0xD5, 0xAE, 0x27, 0x9A, 0x25, 0xB1, 0xEA, 0xE3, 0xF7, 0x53, 0x2B, 0x40,
    0x6E, 0x96, 0x59, 0xFC, 0x25, 0xE7, 0x04, 0xDA, 0xDC, 0x59, 0x06, 0xA0, 0x6D, 0xD5, 0xF7, 0x63,
    0xF7, 0x51, 0x19, 0xDC, 0xDB, 0xFE, 0xFB, 0xBA, 0x5A, 0xF6, 0xED, 0xF1, 0xFC, 0x94, 0xD3, 0xB3,
    0x4E, 0xAF, 0x0C, 0xBB, 0x1C, 0x03, 0xDA, 0x2C, 0x5F, 0x94, 0x8B, 0x0E, 0x32, 0xDC, 0xBF, 0x88,
    0x63, 0xA4, 0x5D, 0xF0, 0xD9, 0x9A, 0x49, 0x9B, 0x19, 0x57, 0x39, 0xAB, 0x0D, 0x11, 0x6E, 0x12,
    0xD0, 0x94, 0xA1, 0x7F, 0x1D, 0xA4, 0x12, 0x28, 0xB0, 0xA3, 0xFC, 0x20, 0xAD, 0x4B, 0x8E, 0x16,
    0xD0, 0xEC, 0xF5, 0x68, 0x47, 0xB4, 0xBC, 0x88, 0xC0, 0xD8, 0x0D, 0x62, 0x7A, 0x54, 0xDF, 0xC8,
    0xE9, 0xC6, 0x18, 0xDA, 0x73, 0x94, 0x66, 0xBD, 0xBB, 0x6C, 0xB7, 0x08, 0xCF, 0x0B, 0x8B, 0x34,
    0x11, 0xB0, 0xFF, 0xEE, 0xED, 0xD0, 0x96, 0x10, 0xB5, 0xF2, 0x7F, 0xA0, 0x86, 0xDA, 0xDC, 0x2A,
    0x44, 0x39, 0xE2, 0x20, 0x7A, 0x22, 0x8A, 0xB8, 0x42, 0x0F, 0xEC, 0x3B, 0xD0, 0x53, 0xE8, 0x93,
    0xAC, 0xA7, 0x46, 0xA6, 0x50, 0xAA, 0xEF, 0x9C, 0xFB, 0x70, 0x9F, 0x81, 0x09, 0xDB, 0x9C, 0xFF,
    0x9D, 0x99, 0x19, 0x4A, 0x65, 0x05, 0xA2, 0x03, 0x6E, 0xC8, 0x3D, 0x07, 0xDC, 0xCF, 0xCA, 0x0D,
    0xAC, 0x2A, 0x41, 0x0F, 0x33, 0xDF, 0x93, 0x95, 0x84, 0xE7, 0xEC, 0x40, 0x13, 0xB0, 0xF3, 0x19,
    0x3A, 0x39, 0x17, 0x11, 0xDC, 0x31, 0xAF, 0x80, 0xC5, 0x3C, 0x53, 0x0B, 0xE5, 0xEF, 0x2B, 0x6C,
    0x75, 0x0C, 0xC1, 0x1F, 0xF2, 0xAF, 0x5C, 0x24, 0x19, 0x7F, 0x91, 0x6D, 0xE4, 0x4E, 0xCD, 0x04,
    0x71, 0x33, 0xFB, 0xF0, 0x7D, 0x70, 0x4F, 0x18, 0x1B, 0x4B, 0x60, 0x5F, 0xEB, 0x81, 0x98, 0x82,
    0xC2, 0x22, 0x23, 0x5A, 0x02, 0xE9, 0xC9, 0x44, 0xE2, 0x1E, 0x7C, 0xFC, 0xD2, 0x38, 0xFD, 0xAB,
    0x43, 0x75, 0x1F, 0xB8, 0x61, 0x27, 0x96, 0xB0, 0x17, 0x49, 0xD8, 0x4B, 0x39, 0x4A, 0xEF, 0x2E,
    0x76, 0xE9, 0x64, 0x97, 0xD8, 0xE9, 0x5E, 0x40, 0xEE, 0xF6, 0x4D, 0xB2, 0x25, 0x4A, 0xE0, 0xA1,
    0x27, 0xC5, 0xF1, 0x43, 0x23, 0x81, 0x29, 0xD9, 0x7B, 0x5F, 0xBE, 0xC5, 0x92, 0xF9, 0x5C, 0x15,
    0xB4, 0x0E, 0x5D, 0x96, 0x41, 0x88, 0xDE, 0xB0, 0xB5, 0xD7, 0xE2, 0x25, 0x07, 0x45, 0x9A, 0x51,
    0xCA, 0xBF, 0x89, 0x6F, 0x59, 0x88, 0x8A, 0xB3, 0x60, 0xB7, 0x0B, 0x1D, 0xD2, 0x46, 0x80, 0xA4,
    0xD7, 0xC9, 0x40, 0xD6, 0xE5, 0x71, 0x97, 0x98, 0x84, 0x4D, 0x1E, 0x96, 0xCA, 0xA5, 0x16, 0x35,
    0x46, 0xF9, 0x1C, 0xF5, 0x31, 0x6E, 0xDA, 0x66, 0x66, 0x01, 0x2F, 0xD3, 0xD4, 0xC4, 0x35, 0xC8,
    0x2F, 0xB3, 0xD9, 0x9D, 0xCD, 0x4C, 0xD0, 0xD5, 0x59, 0xB7, 0xAD, 0x7C, 0x16, 0x0F, 0x9F, 0xD6,
    0x7A, 0x96, 0x75, 0xE8, 0x01, 0x3F, 0x48, 0x80, 0x13, 0x05, 0xA8, 0xE0, 0x15, 0x0A, 0x6E, 0xB1,
    0x7E, 0x57, 0x22, 0xAC, 0xD0, 0x2C, 0x0D, 0x6A, 0xAA, 0xA3, 0x53, 0x26, 0xC2, 0x22, 0x0D, 0x1D,
    0xA8, 0xB0, 0x30, 0x84, 0x9F, 0x29, 0xE5, 0xEC, 0xC4, 0x7A, 0x8C, 0xD8, 0xE2, 0x6D, 0x02, 0x6B,
    0xC6, 0xD8, 0xD5, 0x9B, 0x3E, 0xB1, 0x51, 0xB2, 0x24, 0xB4, 0x3C, 0x79, 0x5D, 0xCA, 0x22, 0x70,
    0x1A, 0x23, 0x06, 0x1F, 0xD9, 0xEC, 0x6C, 0xE5, 0x3E, 0xDC, 0xA9, 0xF6, 0xD2, 0x58, 0x64, 0x1F,
    0x49, 0x0D, 0x29, 0x51, 0x1F, 0x46, 0xA2, 0xF9, 0xF3, 0xB7, 0xA9, 0xF6, 0x5B, 0xF7, 0x6F, 0xB5,
    0x45, 0xF4, 0x5E, 0x19, 0xF5, 0xE7, 0x9B, 0xB1, 0xE9, 0x64, 0xCA, 0x69, 0x40, 0xD0, 0x4E, 0x1E,
    0x7B, 0xA0, 0xD9, 0xB6, 0xEC, 0x26, 0x6B, 0x68, 0x4C, 0xA6, 0x67, 0x69, 0x91, 0x54, 0xD0, 0x32,
    0x30, 0x92, 0xBF, 0x65, 0x90, 0x59, 0xC4, 0x35, 0x9F, 0xB3, 0x41, 0xF5, 0x10, 0xFE, 0x14, 0xC6,
    0x96, 0xAF, 0x38, 0x4E, 0xB7, 0x56, 0x23, 0xB4, 0x55, 0xB7, 0x74, 0x3D, 0xCA, 0xC5, 0x6F, 0x41,
    0x34, 0x96, 0xA7, 0xA4, 0x40, 0x62, 0x71, 0x4B, 0x45, 0xA1, 0xD0, 0x34, 0x23, 0xC5, 0x01, 0xA5,
    0x00, 0x52, 0x0F, 0xAD, 0x08, 0xE7, 0x8E, 0xB3, 0x66, 0xCD, 0x60, 0x35, 0xD7, 0x39, 0xCD, 0xF5,
    0xFF, 0x36, 0xCD, 0x77, 0xAA, 0xA5, 0xDC, 0x7E, 0xDF, 0x25, 0xAF, 0x4A, 0x50, 0xEE, 0x92, 0xC1,
    0x88, 0x39, 0x1F, 0x8D, 0x53, 0x4B, 0xE5, 0xD7, 0x66, 0x36, 0xCE, 0xAD, 0xB7, 0x5C, 0x33, 0x53,
    0x92, 0xB2, 0x3E, 0x6B, 0xED, 0x0E, 0xD6, 0x0B, 0xFD, 0x58, 0x69, 0x9A, 0xAA, 0x31, 0x53, 0x8B,
    0x1A, 0xD1, 0x0F, 0x75, 0x97, 0xD7, 0x88, 0x01, 0xDF, 0x46, 0xAE, 0x3F, 0x45, 0x99, 0x71, 0x8A,
    0xB4, 0xF2, 0x82, 0xF0, 0x4E, 0xA2, 0xF0, 0xCE, 0xA2, 0xD0, 0x2C, 0xA2, 0x55, 0x6E, 0x51, 0x05,
    0x7C, 0x11, 0x25, 0xF8, 0x68, 0x3C, 0x13, 0x86, 0x28, 0xC1, 0xFB, 0x60, 0x12, 0xBC, 0x35, 0x09,
    0x1E, 0xC5, 0x78, 0x19, 0xC5, 0x78, 0x33, 0xDB, 0xBC, 0xD7, 0x8D, 0x51, 0x82, 0x9F, 0x95, 0xED,
    0xD2, 0x97, 0x88, 0xF1, 0x22, 0xB2, 0x4C, 0xF5, 0x12, 0x09, 0xDE, 0xBD, 0x28, 0xC6, 0xD3, 0xBB,
    0x62, 0x1C, 0xB7, 0xBF, 0x62, 0x31, 0x9E, 0x68, 0x7A, 0xA4, 0x3B, 0x76, 0xA7, 0xA0, 0xF3, 0x48,
    0x2B, 0x97, 0x93, 0xCC, 0x29, 0xE0, 0x87, 0xB1, 0x1B, 0x30, 0xBF, 0x40, 0x25, 0x95, 0x53, 0xC5,
    0x31, 0xCC, 0xE7, 0x92, 0x2F, 0xE9, 0x94, 0x21, 0xA2, 0x43, 0x72, 0xFA, 0x0D, 0x97, 0xD1, 0x0F,
    0xC3, 0xD3, 0xBB, 0x7D, 0x2B, 0x35, 0xD6, 0x43, 0x9C, 0x5B, 0x15, 0xCD, 0xD6, 0xCB, 0x9A, 0xC9,
    0x2A, 0x84, 0x68, 0x4E, 0xBF, 0xFB, 0x23, 0x7A, 0x5B, 0x9E, 0xFB, 0x43, 0xE7, 0xFE, 0xF8, 0xCD,
    0x08, 0xEA, 0xBA, 0x8D, 0xAD, 0x75, 0x9F, 0x6F, 0xDF, 0xB4, 0x18, 0x86, 0x77, 0xC5, 0xF0, 0x46,
    0x93, 0x69, 0x2A, 0x91, 0xAA, 0xD1, 0x31, 0x13, 0x91, 0xE0, 0x79, 0x50, 0x22, 0x97, 0x06, 0x3F,
    0xA7, 0xB8, 0x9C, 0x1C, 0x5F, 0xFE, 0x80, 0x4B, 0x06, 0xE2, 0xE3, 0x8F, 0x7F, 0x3B, 0xC6, 0xC7,
    0xEF, 0x6A, 0xD7, 0x4E, 0x69, 0x2B, 0x41, 0xE3, 0xEA, 0x6C, 0x68, 0x69, 0x05, 0x5C, 0x59, 0x44,
    0x0F, 0x69, 0x4B, 0x05, 0xC5, 0xA2, 0xFD, 0xA2, 0xDC, 0x52, 0xC1, 0x67, 0x1A, 0xAC, 0xD9, 0x7F,
    0xD3, 0x95, 0x82, 0xE2, 0x2F, 0x19, 0x17, 0xDD, 0xFB, 0x31, 0x30, 0xC4, 0xD9, 0x22, 0xBB, 0xF3,
    0x0D, 0x2D, 0x74, 0x65, 0x06, 0x63, 0x20, 0x63, 0x84, 0xE5, 0x98, 0x55, 0x9C, 0x20, 0x05, 0x06,
    0xC3, 0x28, 0xDD, 0xCC, 0x58, 0x74, 0xC6, 0x4D, 0xBE, 0x8B, 0xCC, 0xF7, 0x77, 0x1A, 0x4D, 0x13,
    0x05, 0x47, 0x88, 0x85, 0x0F, 0x75, 0x2C, 0x6A, 0x72, 0x31, 0xC7, 0xA2, 0x31, 0x99, 0x71, 0x06,
    0x86, 0x16, 0x83, 0xC1, 0x62, 0xD5, 0x38, 0x9B, 0x31, 0x59, 0x41, 0x13, 0x5A, 0xAB, 0xD6, 0x00,
    0xDC, 0x2B, 0xA6, 0x7D, 0xAF, 0x80, 0x17, 0xBC, 0xF7, 0xA8, 0x1E, 0x78, 0x9A, 0x43, 0x34, 0xE8,
    0x5C, 0x27, 0x95, 0x14, 0xAC, 0x7C, 0x36, 0xFB, 0x65, 0x51, 0xB5, 0x2B, 0xDB, 0x41, 0x1E, 0x27,
    0x23, 0x0F, 0x81, 0x42, 0xD9, 0xE5, 0x52, 0x4E, 0xF8, 0xCB, 0xF3, 0xDE, 0xCA, 0x8D, 0x3D, 0x0B,
    0x94, 0x4B, 0xF2, 0x33, 0xE3, 0xC8, 0x84, 0x7F, 0x1F, 0x62, 0x3B, 0xA8, 0xDB, 0x86, 0xFE, 0xFE,
    0x1E, 0x8D, 0x15, 0x2F, 0x17, 0x4E, 0x93, 0x54, 0xB1, 0x9C, 0x5A, 0x92, 0x32, 0x00, 0xDB, 0x67,
    0x96, 0x38, 0xAC, 0x5B, 0x26, 0xAA, 0x5E, 0xD2, 0x74, 0x29, 0x4F, 0x82, 0xA4, 0x8B, 0xFA, 0x82,
    0x01, 0x7E, 0x2A, 0x31, 0x04, 0x55, 0x1B, 0x8F, 0x6D, 0xF5, 0x9A, 0x50, 0x38, 0x9A, 0xA5, 0xC2,
    0x48, 0xA4, 0xA7, 0x98, 0xF0, 0xB7, 0xE5, 0x83, 0x4C, 0x32, 0xDE, 0xB8, 0x2F, 0x83, 0x71, 0xFE,
    0x84, 0xFF, 0x26, 0x90, 0x48, 0x54, 0x24, 0x0D, 0xC9, 0x9E, 0x15, 0x25, 0x3C, 0x61, 0xDB, 0x81,
    0x5D, 0xD8, 0x54, 0x33, 0x1D, 0xC7, 0x96, 0xEB, 0x39, 0xD2, 0x60, 0xAB, 0x29, 0x55, 0x66, 0x54,
    0x99, 0x04, 0xDF, 0x91, 0x95, 0x6C, 0x6B, 0x3B, 0x3C, 0x4D, 0xE2, 0xA7, 0xC2, 0x37, 0xC5, 0xC9,
    0x15, 0x78, 0xE6, 0x21, 0x7D, 0x79, 0x7A, 0x43, 0x55, 0xF9, 0x0E, 0xB1, 0xBF, 0x34, 0x62, 0x79,
    0x50, 0xB5, 0x59, 0xAB, 0x42, 0x7A, 0x3A, 0xFC, 0x82, 0x07, 0x85, 0x54, 0x89, 0x84, 0x08, 0xB8,
    0xE9, 0x40, 0x90, 0x66, 0xEE, 0xC8, 0x86, 0x5F, 0x73, 0x7C, 0x72, 0x91, 0x65, 0xB4, 0x5C, 0xE3,
    0x4A, 0x04, 0xB1, 0x1E, 0x99, 0x43, 0xB9, 0x7B, 0x74, 0x0B, 0x77, 0x38, 0x11, 0xDB, 0x45, 0xF8,
    0x36, 0x86, 0xB6, 0x81, 0x07, 0x9F, 0x6E, 0xE0, 0x02, 0x2E, 0xFA, 0x64, 0x84, 0x94, 0x7B, 0xFF,
    0x1E, 0x10, 0x6E, 0xC0, 0xDB, 0x82, 0xB3, 0x2F, 0xD2, 0x0B, 0x39, 0x8B, 0x6B, 0x4C, 0x2A, 0x32,
    0x2A, 0xE9, 0x94, 0xDE, 0x1A, 0xFF, 0x0E, 0x0A, 0x36, 0x43, 0x5A, 0xA3, 0xBD, 0xBA, 0x95, 0x59,
    0x04, 0x7F, 0x05, 0x5A, 0xD8, 0x0B, 0xBD, 0x1F, 0x0B, 0x0B, 0x90, 0xD2, 0xC3, 0x5F, 0x01, 0xD2,
    0xCB, 0x36, 0x1C, 0xEF, 0x6C, 0x58, 0xB3, 0x5D, 0xA0, 0x2C, 0x1A, 0x24, 0xAD, 0xC3, 0x5F, 0x2F,
    0x9A, 0xE1, 0x7D, 0x1A, 0x1C, 0xC0, 0x65, 0xC5, 0x44, 0x54, 0x56, 0xCE, 0x54, 0xA0, 0xE5, 0x52,
    0xD1, 0xF4, 0xCA, 0x3C, 0x96, 0x6D, 0xC5, 0xAA, 0x2C, 0x06, 0x12, 0xEB, 0x5A, 0x8E, 0x1C, 0xA5,
    0x84, 0x72, 0xF3, 0xC1, 0x0B, 0xB1, 0xB9, 0xDA, 0x94, 0x0E, 0xB8, 0x01, 0xF2, 0x5E, 0xF8, 0xE3,
    0x54, 0x51, 0xD4, 0xFC, 0x07, 0x8A, 0x02, 0x8D, 0x0C, 0x8A, 0x02, 0x67, 0xE0, 0x23, 0x24, 0xEC,
    0x75, 0xCA, 0x7F, 0xB8, 0x5D, 0xCA, 0xA8, 0x9A, 0x1B, 0xF2, 0x45, 0x9B, 0x50, 0x23, 0x6F, 0x69,
    0x25, 0x02, 0x66, 0x1D, 0x6E, 0x58, 0x0E, 0x41, 0x13, 0x41, 0x0E, 0x61, 0xCB, 0x45, 0xCF, 0x9B,
    0x28, 0x04, 0x8A, 0xAD, 0x95, 0x84, 0x8D, 0xA2, 0x3B, 0x16, 0x99, 0x3A, 0x37, 0x15, 0x47, 0xEC,
    0xC2, 0x19, 0x8E, 0x71, 0xB3, 0xA7, 0xCB, 0xC4, 0x96, 0x73, 0xA4, 0x48, 0xE7, 0xD7, 0x13, 0xD1,
    0xE6, 0x14, 0x04, 0x8A, 0x02, 0x83, 0x81, 0xE2, 0xC0, 0xAA, 0x5B, 0x12, 0xA3, 0x99, 0xD1, 0xA4,
    0xEC, 0x97, 0xC1, 0x45, 0x38, 0x18, 0xF3, 0x08, 0x20, 0x8C, 0x75, 0x3A, 0xBB, 0xB8, 0x1D, 0x14,
    0x8A, 0x0A, 0x81, 0x85, 0x11, 0x4C, 0x7A, 0x71, 0x51, 0x8E, 0xB9, 0xC7, 0x87, 0xF1, 0x45, 0x1F,
    0x80, 0x10, 0x85, 0x88, 0x62, 0x44, 0x41, 0x62, 0x28, 0xA1, 0x67, 0x6E, 0x71, 0xD6, 0x5E, 0xF8,
    0x03, 0x05, 0xCB, 0xEC, 0x42, 0xE4, 0xD1, 0x2D, 0x19, 0x71, 0xC7, 0x9C, 0x11, 0x33, 0x4D, 0xC6,
    0x1C, 0xC9, 0x3F, 0x5F, 0x5C, 0xD8, 0x27, 0x6F, 0x9D, 0xE8, 0xF7, 0x6A, 0xC8, 0x84, 0x8A, 0x9B,
    0xB1, 0x10, 0x89, 0xD5, 0x2C, 0x45, 0xD0, 0xA1, 0x20, 0x93, 0xBC, 0x30, 0x4F, 0x8C, 0x12, 0xE2,
    0xB3, 0xCA, 0xF4, 0x6E, 0x2A, 0xE5, 0xE9, 0x72, 0x4A, 0x25, 0x25, 0xE9, 0xE8, 0xFE, 0xFC, 0x75,
    0x4D, 0x2C, 0xB9, 0xD1, 0x99, 0x47, 0xA1, 0x28, 0xBD, 0x4B, 0xCA, 0x54, 0xD9, 0x1A, 0xB4, 0xBD,
    0x3A, 0x6B, 0x6F, 0x50, 0xCB, 0x4F, 0xAF, 0x38, 0x37, 0xB5, 0xF0, 0x0D, 0x57, 0xF0, 0xD9, 0xE1,
    0x8F, 0x66, 0x6C, 0x4C, 0x83, 0x84, 0x72, 0xCC, 0x80, 0x0B, 0xD2, 0xAB, 0x05, 0xB0, 0x50, 0x86,
    0xA9, 0x04, 0x0C, 0xE8, 0x6F, 0xA5, 0xCC, 0x30, 0xD5, 0x4A, 0x0E, 0x53, 0xB3, 0x1B, 0x83, 0x18,
    0x1D, 0x8E, 0x4B, 0x4F, 0xDE, 0x31, 0x6A, 0xD6, 0xFB, 0xC2, 0x58, 0x43, 0xA7, 0x63, 0x45, 0x2F,
    0x86, 0x37, 0x83, 0xC2, 0x8D, 0x75, 0xD8, 0x97, 0xC6, 0x38, 0x91, 0x25, 0x33, 0x2D, 0x3C, 0xD3,
    0x52, 0x4C, 0xBD, 0x32, 0x28, 0xF0, 0x23, 0x03, 0x43, 0xE2, 0xB9, 0xE7, 0x1C, 0x65, 0x76, 0x62,
    0x39, 0xFA, 0x64, 0xE3, 0xCB, 0x49, 0x41, 0x39, 0x2B, 0xFC, 0xB5, 0x27, 0x27, 0x4F, 0xB4, 0x25,
    0x2B, 0xC8, 0xCA, 0xB6, 0x42, 0xD2, 0x4E, 0x1E, 0x8F, 0xF5, 0x78, 0xCC, 0x0F, 0xE2, 0xE5, 0x59,
    0xBC, 0x1E, 0x3B, 0x3E, 0x69, 0x35, 0x35, 0x08, 0x01, 0x44, 0x9B, 0xCB, 0x96, 0x82, 0xB7, 0x4A,
    0xA7, 0x0C, 0x99, 0x7D, 0x9A, 0xF4, 0xF7, 0x26, 0xCD, 0xDF, 0x6A, 0xCA, 0x7A, 0xA9, 0xF4, 0x49,
    0x26, 0x99, 0x45, 0x26, 0x2E, 0x34, 0xB0, 0x36, 0xD8, 0x08, 0xD1, 0x32, 0x5E, 0x49, 0x40, 0x70,
    0x37, 0xA4, 0xA9, 0xB2, 0x40, 0xCD, 0x9C, 0x18, 0xAB, 0x74, 0xE1, 0x79, 0x83, 0x2E, 0xAC, 0x26,
    0xF4, 0x42, 0xDF, 0xD0, 0xA0, 0xC1, 0x65, 0xC0, 0x97, 0x46, 0x2E, 0xF4, 0x9F, 0x06, 0x0D, 0x2E,
    0x06, 0xBE, 0xF0, 0x2C, 0x12, 0x50, 0x06, 0x5D, 0x80, 0x3A, 0x68, 0x78, 0xA1, 0x9E, 0xDE, 0x79,
    0xAE, 0xF8, 0x60, 0x57, 0x72, 0x11, 0x5E, 0xA9, 0x46, 0xAE, 0x96, 0xB8, 0x25, 0x4F, 0xF6, 0xE1,
    0xE9, 0xA9, 0x49, 0x99, 0xC5, 0x19, 0xF4, 0x4C, 0xC3, 0x49, 0x6C, 0x75, 0x2E, 0xE3, 0xC9, 0x2C,
    0x57, 0x42, 0x92, 0xD9, 0x0C, 0x33, 0x59, 0x83, 0x67, 0xFE, 0x0D, 0xB7, 0xE4, 0x77, 0x28, 0xFF,
    0x27, 0x43, 0x39, 0xA1, 0x4F, 0x49, 0x7A, 0xD5, 0xE6, 0xA3, 0xDA, 0xFA, 0x14, 0xF3, 0x55, 0xDD,
    0x62, 0x12, 0xAC, 0x4F, 0x50, 0x8D, 0x1F, 0x4A, 0xA6, 0xBE, 0xF4, 0x8A, 0x3C, 0xFD, 0x66, 0x00,
    0x5A, 0x3F, 0x85, 0xD3, 0xCA, 0xAD, 0xFB, 0x7C, 0x14, 0x80, 0x9F, 0x4B, 0x41, 0x78, 0x33, 0x97,
    0x82, 0xF0, 0x7A, 0x2B, 0x0C, 0xE1, 0x5F, 0x93, 0xD6, 0x47, 0xAD, 0xC4, 0x0B, 0xED, 0x7B, 0xA8,
    0x42, 0xC6, 0xC1, 0x98, 0x0B, 0xA3, 0x67, 0x67, 0xF7, 0x43, 0x59, 0xBB, 0x7D, 0xB9, 0x0A, 0xA4,
    0xCF, 0x7F, 0x0A, 0xA2, 0x2F, 0x6A, 0x4D, 0x6A, 0xA6, 0xB3, 0x08, 0x9C, 0x87, 0xDF, 0xB5, 0x09,
    0x71, 0x32, 0xC6, 0x6B, 0x7E, 0xE8, 0x5F, 0x66, 0x0C, 0xDD, 0x4D, 0x9B, 0x72, 0xB0, 0xA9, 0xC4,
    0xDB, 0x54, 0xD2, 0x89, 0xD1, 0x8B, 0x51, 0x99, 0xC1, 0x91, 0xE1, 0xA8, 0x61, 0x2A, 0xC1, 0x66,
    0x94, 0x13, 0xE9, 0xFC, 0x14, 0xDD, 0x1C, 0x50, 0xA2, 0x07, 0x6B, 0xC0, 0xDB, 0x87, 0x87, 0xD2,
    0xB1, 0x0D, 0x6D, 0x71, 0x18, 0x51, 0xDD, 0x22, 0x09, 0x57, 0xBD, 0x70, 0xDB, 0x99, 0x5C, 0x91,
    0xF9, 0x86, 0x1C, 0x94, 0xD1, 0x87, 0x1C, 0x14, 0x71, 0x90, 0x73, 0x91, 0x89, 0xBC, 0x3C, 0x67,
    0x5A, 0x6D, 0x43, 0x1A, 0x36, 0xF5, 0x34, 0xD8, 0x54, 0xC2, 0xA0, 0x77, 0xD7, 0x61, 0x40, 0xF9,
    0x32, 0x9E, 0x39, 0x10, 0x2D, 0x23, 0xFC, 0x44, 0xA1, 0x19, 0x3B, 0xE8, 0x08, 0x32, 0x3C, 0x00,
    0x5C, 0xD9, 0x7C, 0x85, 0xAE, 0x8C, 0x18, 0x43, 0x84, 0x92, 0x84, 0x60, 0x6E, 0x26, 0x05, 0x3A,
    0xF1, 0x5F, 0xD6, 0xE3, 0x39, 0x0B, 0x51, 0x72, 0x8C, 0x73, 0x23, 0x52, 0x54, 0xB4, 0xA8, 0xEB,
    0x4E, 0x08, 0x0E, 0x50, 0xFE, 0x65, 0xF7, 0x95, 0x97, 0x25, 0xE9, 0x1B, 0xAB, 0x2B, 0xCE, 0xE4,
    0x0C, 0xE1, 0x8E, 0x3C, 0x49, 0xC3, 0x4A, 0x7F, 0xA9, 0x5E, 0xC9, 0x99, 0x92, 0xBC, 0x2C, 0x03,
    0x33, 0x61, 0xB9, 0x75, 0x14, 0xC1, 0x6A, 0x0D, 0xED, 0x9F, 0x11, 0x4C, 0x24, 0xBA, 0x33, 0xFE,
    0x8E, 0x42, 0x00, 0xF8, 0x7B, 0xBA, 0xAB, 0xCA, 0x97, 0x83, 0x2A, 0x9F, 0x24, 0x72, 0xF1, 0x6F,
    0xAE, 0x7A, 0x6A, 0xD0, 0x20, 0xD9, 0x5F, 0x39, 0x75, 0x85, 0xF4, 0xD4, 0x9B, 0x39, 0xF9, 0xD0,
    0x62, 0xD1, 0x29, 0x07, 0xE8, 0x44, 0x23, 0x50, 0x32, 0x1A, 0x55, 0x61, 0x38, 0xE5, 0x6A, 0x50,
    0x30, 0x61, 0x90, 0xE2, 0xF0, 0x00, 0xE2, 0x1F, 0x82, 0xA3, 0x5F, 0xFD, 0x79, 0x07, 0xDA, 0x5F,
    0x1D, 0x68, 0xA1, 0x88, 0x99, 0x9C, 0x7A, 0x27, 0x9A, 0x58, 0xA7, 0x58, 0xF8, 0x49, 0xB2, 0x98,
    0x06, 0x5D, 0xD6, 0xC5, 0x64, 0x0F, 0x84, 0x6A, 0x67, 0xCA, 0xF8, 0xD7, 0x12, 0xA2, 0xF6, 0xF9,
    0x3D, 0x97, 0x69, 0x08, 0x9A, 0xB6, 0xD4, 0xD3, 0xF8, 0xBE, 0x9A, 0x74, 0x2E, 0x32, 0x22, 0x75,
    0xDD, 0xA2, 0xBC, 0x4B, 0x6B, 0xA8, 0x90, 0xD8, 0x25, 0x34, 0xF9, 0x34, 0x74, 0x3A, 0x63, 0x11,
    0x53, 0xAB, 0x55, 0xF4, 0xC9, 0x14, 0xF7, 0x79, 0xFF, 0x75, 0x40, 0x06, 0x4E, 0x7B, 0xCE, 0x58,
    0x8F, 0x6C, 0xA1, 0x11, 0x72, 0xBA, 0xD0, 0xBF, 0xA8, 0x0D, 0x85, 0x5B, 0xCE, 0xE7, 0x2D, 0xC3,
    0xA6, 0xD5, 0x79, 0x0A, 0xD0, 0x05, 0x62, 0x74, 0x08, 0xB4, 0x29, 0x8A, 0x87, 0x0F, 0x89, 0x53,
    0xB7, 0xDA, 0x10, 0xE5, 0x17, 0x9B, 0xA3, 0xC2, 0x6E, 0xCD, 0x36, 0x54, 0x49, 0xBF, 0x1C, 0xF9,
    0xB5, 0x49, 0x47, 0xAB, 0x54, 0x24, 0xC0, 0x59, 0x03, 0x0C, 0x1C, 0x62, 0x66, 0xA9, 0xC4, 0x1A,
    0x74, 0xC6, 0x43, 0x38, 0x60, 0x71, 0x1F, 0x95, 0x81, 0xAF, 0x14, 0xAB, 0xD5, 0x89, 0xA6, 0x13,
    0xAB, 0x75, 0x56, 0x52, 0x96, 0xD8, 0x26, 0x5A, 0xA8, 0x00, 0x8F, 0x53, 0xC1, 0x5B, 0x7A, 0x2D,
    0x85, 0x8F, 0x1D, 0x7A, 0xF4, 0x88, 0x87, 0xB7, 0x67, 0x07, 0xCD, 0x85, 0xBC, 0xA2, 0xCC, 0x37,
    0x99, 0x0A, 0x55, 0x83, 0xA0, 0xB0, 0x34, 0x45, 0x57, 0xA6, 0x42, 0x9C, 0x7B, 0x14, 0xBB, 0x6C,
    0xC2, 0x4A, 0x02, 0x44, 0xFB, 0x4D, 0xC9, 0xB2, 0xD3, 0x01, 0xF4, 0x3B, 0x3A, 0x8F, 0xFE, 0x58,
    0x06, 0xC4, 0x20, 0xC2, 0xDB, 0x24, 0x37, 0x6B, 0x6E, 0x20, 0xA4, 0x1C, 0x6B, 0x14, 0x72, 0x01,
    0x66, 0xA7, 0x50, 0x8C, 0xB9, 0x20, 0xE7, 0x94, 0xB6, 0xAF, 0x48, 0xF0, 0x35, 0x79, 0x42, 0x70,
    0xBA, 0xE2, 0x0C, 0x41, 0x85, 0x04, 0x9C, 0xD0, 0x07, 0xD1, 0x0D, 0x7C, 0xCD, 0x84, 0xB0, 0x24,
    0xCC, 0x94, 0xC4, 0x9C, 0x4F, 0x4B, 0x43, 0x24, 0x42, 0xDC, 0x2D, 0x12, 0x60, 0xBF, 0x48, 0x78,
    0xE9, 0x5D, 0x04, 0x97, 0x0B, 0x89, 0x1C, 0xE6, 0xC1, 0x92, 0xC3, 0x99, 0xEA, 0x95, 0xD7, 0x60,
    0xBA, 0xE2, 0x35, 0x78, 0x4B, 0x7A, 0x37, 0xE5, 0x2B, 0xBD, 0x9B, 0xC9, 0x08, 0x79, 0x2A, 0x45,
    0x1E, 0xB5, 0xC4, 0x15, 0x09, 0x6F, 0xEB, 0x6F, 0x96, 0x92, 0x6E, 0xD2, 0xD0, 0xAC, 0x1D, 0xA9,
    0x97, 0x1B, 0xAE, 0xDF, 0x13, 0xD3, 0x66, 0x23, 0x30, 0xEC, 0x51, 0xBA, 0x14, 0xEE, 0x8A, 0xD6,
    0x66, 0xDC, 0x20, 0xA5, 0x14, 0xD7, 0xE4, 0xB1, 0x11, 0xBF, 0x05, 0xC0, 0x6B, 0x65, 0x70, 0x5A,
    0xB4, 0x84, 0x2A, 0x6B, 0x02, 0x50, 0x89, 0xFA, 0xD8, 0x59, 0xE7, 0x52, 0x4A, 0x41, 0xAA, 0xD6,
    0xE4, 0x34, 0x1F, 0x8E, 0x14, 0xF7, 0xDF, 0xBA, 0x37, 0xFF, 0xA0, 0xA7, 0xBC, 0xAA, 0x82, 0x56,
    0x86, 0xCB, 0xCA, 0xF8, 0x30, 0x4C, 0x7A, 0x21, 0xF6, 0xB7, 0xAD, 0x20, 0xFF, 0xB6, 0x15, 0x94,
    0xFE, 0x73, 0xAB, 0xA0, 0xE6, 0xBE, 0x0A, 0x9A, 0xDF, 0xA4, 0x82, 0x28, 0xD1, 0x4F, 0x8F, 0x0D,
    0x3E, 0xD5, 0x15, 0x0A, 0x4D, 0x6C, 0x15, 0xA4, 0xF9, 0x59, 0x73, 0xB7, 0xDE, 0xFE, 0x47, 0xE4,
    0x96, 0xB2, 0xE1, 0x37, 0x5F, 0x41, 0x8C, 0xBF, 0xF9, 0x95, 0x72, 0x15, 0xFE, 0xA7, 0xCE, 0x90,
    0xE7, 0x38, 0xA0, 0x78, 0x5C, 0x12, 0x49, 0x07, 0xCF, 0x83, 0xD7, 0x2B, 0x74, 0x49, 0xB9, 0xE2,
    0x14, 0xD4, 0x77, 0xB9, 0x95, 0xE1, 0x42, 0x77, 0x13, 0x00, 0x53, 0xF2, 0x18, 0x73, 0x76, 0x0F,
    0x78, 0x62, 0x99, 0x44, 0x60, 0x6D, 0xAA, 0xB3, 0x44, 0x35, 0x20, 0x3F, 0x59, 0x88, 0x5A, 0xE4,
    0x2C, 0xB9, 0x9F, 0x25, 0x59, 0x9B, 0xEA, 0x91, 0x36, 0x8E, 0x4E, 0xFC, 0x6C, 0xEF, 0xFE, 0x8A,
    0xBF, 0x1D, 0xB2, 0x05, 0x73, 0x63, 0x81, 0xA3, 0x0F, 0x25, 0x22, 0x31, 0x54, 0xB8, 0xEB, 0x6B,
    0x08, 0xAA, 0xBE, 0xC6, 0x3C, 0x44, 0xB5, 0x75, 0x4A, 0x30, 0x3D, 0x3E, 0xBF, 0xC1, 0xEC, 0x08,
    0x26, 0x06, 0x49, 0x0F, 0x38, 0x64, 0x10, 0x20, 0x81, 0x35, 0x1F, 0x7D, 0x7C, 0x31, 0xB7, 0x09,
    0x8E, 0xEA, 0x59, 0xBB, 0xAC, 0xF0, 0x83, 0x0C, 0x2D, 0xB5, 0x5E, 0x96, 0xE3, 0x23, 0x8D, 0xF0,
    0x0A, 0x8E, 0x47, 0xCE, 0x82, 0x6F, 0xB4, 0xE3, 0x26, 0x46, 0x3E, 0xD7, 0xB7, 0x82, 0xC1, 0x1E,
    0x41, 0x3D, 0xE3, 0xFC, 0x18, 0x60, 0x31, 0xF5, 0x25, 0x3C, 0x9D, 0xAD, 0xAE, 0xEA, 0x1D, 0x09,
    0x1A, 0x62, 0xEC, 0x6E, 0x13, 0x4E, 0x02, 0x50, 0x11, 0xC5, 0x12, 0x14, 0x90, 0xA3, 0x3E, 0x92,
    0xA0, 0x95, 0x33, 0xC7, 0x1F, 0x52, 0x3E, 0xCF, 0x89, 0x8B, 0x2E, 0xE3, 0x39, 0xAF, 0xAD, 0x18,
    0x56, 0x58, 0x92, 0x43, 0xD0, 0x12, 0x1A, 0x29, 0x10, 0x82, 0x5B, 0x64, 0x9E, 0xA3, 0x90, 0x4B,
    0x10, 0x3C, 0xD6, 0xBF, 0x18, 0xF8, 0x10, 0x8E, 0x5C, 0xB3, 0x26, 0x45, 0x24, 0x47, 0xC3, 0x5F,
    0x29, 0xCC, 0x75, 0x3F, 0x65, 0x8D, 0xF3, 0x7B, 0x34, 0xA6, 0x5B, 0x93, 0xD4, 0xC1, 0x58, 0x0E,
    0x86, 0x74, 0xC7, 0xB0, 0x69, 0x91, 0xEF, 0x06, 0xA5, 0x66, 0x62, 0xA2, 0xA3, 0x1C, 0x76, 0x23,
    0x43, 0x9D, 0x8D, 0xB3, 0x1A, 0x7E, 0x60, 0xBE, 0xAB, 0x27, 0x92, 0x3F, 0x4C, 0x77, 0xB4, 0x4F,
    0x77, 0x62, 0x8E, 0x6B, 0xCE, 0xEE, 0xAB, 0x2D, 0x43, 0xF8, 0xA3, 0x56, 0x15, 0xB3, 0x8A, 0x9F,
    0xBB, 0x46, 0x29, 0xF9, 0x55, 0x9E, 0x73, 0x2A, 0x9D, 0x95, 0x99, 0x7B, 0x63, 0xFE, 0x68, 0x98,
    0xEC, 0xB2, 0x96, 0xD1, 0x85, 0xD8, 0x3A, 0xD4, 0xB0, 0x76, 0x21, 0x8C, 0x0C, 0x5A, 0x8A, 0x86,
    0xF6, 0x94, 0xD4, 0x8C, 0xCC, 0x58, 0x2A, 0x0F, 0xB7, 0xCE, 0x28, 0x6C, 0x34, 0x4E, 0x9A, 0x2C,
    0x50, 0xA3, 0xB1, 0xD3, 0xF9, 0x9E, 0x1E, 0xA2, 0x78, 0x8C, 0xA8, 0x53, 0x5A, 0x3D, 0xA0, 0x32,
    0xE2, 0xD2, 0x71, 0xD4, 0xDC, 0x11, 0x9B, 0x11, 0x9D, 0x86, 0xCF, 0x88, 0x50, 0x1E, 0xFD, 0x6C,
    0x87, 0x5D, 0x23, 0x5C, 0xC1, 0x2F, 0x3F, 0xC2, 0xDD, 0xF1, 0xA0, 0x67, 0xCF, 0x4E, 0xD8, 0x48,
    0x19, 0x35, 0xD9, 0xD3, 0x8A, 0x54, 0xAE, 0x2C, 0xCC, 0xC3, 0xA2, 0xE4, 0x6F, 0x7F, 0x11, 0x2D,
    0x01, 0xB3, 0x5F, 0xA3, 0x5C, 0xB6, 0xBF, 0x33, 0x36, 0x99, 0x5F, 0x2A, 0x9D, 0x6D, 0xC3, 0xB3,
    0xFB, 0x33, 0x16, 0xD0, 0xE9, 0xC4, 0x7F, 0x2B, 0x26, 0xCD, 0xE7, 0xA0, 0x4E, 0xAB, 0x9E, 0x01,
    0xEE, 0xB4, 0x5C, 0x4F, 0xE8, 0x7D, 0x38, 0xDB, 0x83, 0xC7, 0x7B, 0xF4, 0x1E, 0xA8, 0x7E, 0xC6,
    0x2E, 0x32, 0xEC, 0x9C, 0xF7, 0x68, 0xE0, 0x7B, 0x69, 0x04, 0xD2, 0xEB, 0x05, 0xD7, 0x15, 0x62,
    0x56, 0x2B, 0x1E, 0xDC, 0x57, 0x25, 0x81, 0x0F, 0x83, 0x50, 0x58, 0x27, 0x3D, 0x29, 0xD1, 0x39,
    0x2A, 0x11, 0x88, 0xD3, 0x02, 0x9F, 0x32, 0xE3, 0x90, 0x2B, 0x27, 0x40, 0x88, 0xCB, 0xA5, 0xE6,
    0xEB, 0xA6, 0xD7, 0x55, 0xFA, 0x7A, 0x6A, 0x51, 0xFA, 0xC0, 0x22, 0x64, 0x11, 0xD1, 0xE6, 0xB8,
    0x03, 0x58, 0xA6, 0x0E, 0xA9, 0x6E, 0x26, 0x11, 0x79, 0xAC, 0x90, 0xF1, 0xED, 0xA1, 0xB6, 0xCB,
    0x52, 0x48, 0x4D, 0xAE, 0x23, 0xE0, 0x26, 0xCC, 0xFB, 0xAC, 0xCD, 0xE3, 0xB0, 0xBB, 0x5C, 0x60,
    0xD3, 0xF6, 0x49, 0xE3, 0xEF, 0xD3, 0xC5, 0xBE, 0x95, 0x82, 0x51, 0x6B, 0x43, 0xD4, 0x09, 0x76,
    0xD0, 0x5B, 0x4C, 0x3D, 0xDE, 0x06, 0x32, 0x15, 0x2F, 0x41, 0x27, 0x50, 0x89, 0x52, 0x15, 0x24,
    0x6A, 0x79, 0xF8, 0x5F, 0x11, 0x5C, 0x68, 0xD1, 0x89, 0x3C, 0x57, 0xEE, 0xAF, 0x0D, 0x12, 0xC3,
    0x91, 0xFD, 0x60, 0x17, 0x72, 0xEE, 0x76, 0x13, 0x58, 0x87, 0x2F, 0x2B, 0x2E, 0x4C, 0xFD, 0xBC,
    0xDF, 0x5F, 0x29, 0x30, 0x15, 0x22, 0xD2, 0x56, 0x39, 0xB2, 0xA7, 0xBD, 0x52, 0x73, 0x39, 0x27,
    0x26, 0x4F, 0x66, 0xF9, 0x51, 0x1A, 0xDB, 0xE2, 0x22, 0xF5, 0x87, 0x5B, 0x16, 0x23, 0xEE, 0x91,
    0xF1, 0x40, 0x69, 0x97, 0xE1, 0xE2, 0xAE, 0x3F, 0x70, 0x46, 0x73, 0xDC, 0x21, 0x35, 0x75, 0xB1,
    0xEC, 0xD2, 0xF2, 0x8A, 0x4F, 0xF2, 0xD1, 0xF7, 0xB1, 0x41, 0x23, 0x18, 0xD1, 0x60, 0xD4, 0x72,
    0x64, 0x4A, 0x1C, 0x6A, 0xF9, 0xC9, 0x5E, 0x6F, 0x3F, 0x70, 0xEE, 0x5B, 0x5A, 0x96, 0x3C, 0xD0,
    0x0A, 0x15, 0x11, 0xF5, 0x16, 0x5A, 0xA4, 0x54, 0xAC, 0x4D, 0x24, 0x96, 0x21, 0xC4, 0x5A, 0xFE,
    0xB9, 0xB1, 0x16, 0x0B, 0x28, 0x5B, 0xAC, 0x8A, 0xBA, 0x48, 0x47, 0x4F, 0x7D, 0xEF, 0x14, 0xB7,
    0xFB, 0x2F, 0x6F, 0xA8, 0x5B, 0x91, 0x4B, 0xCF, 0x3C, 0x2D, 0x71, 0xC3, 0x3D, 0xF7, 0xAC, 0x39,
    0xC1, 0xBD, 0xC8, 0x04, 0x21, 0xAD, 0x82, 0xF3, 0x9C, 0x6B, 0x7F, 0x1A, 0x8D, 0xF7, 0x0A, 0x31,
    0xA7, 0xDD, 0x1C, 0x8D, 0x90, 0x73, 0x35, 0x07, 0x03, 0x1C, 0x02, 0x2C, 0x5C, 0x5D, 0x8B, 0x39,
    0x18, 0xF8, 0x24, 0xF6, 0x08, 0xBD, 0x99, 0xAD, 0x91, 0x77, 0x17, 0xA2, 0x62, 0xF4, 0x62, 0xAA,
    0xA2, 0xD0, 0x1C, 0xBF, 0x68, 0x6E, 0x91, 0xA8, 0x61, 0x4A, 0x39, 0xC0, 0xF3, 0x4C, 0x2A, 0x7A,
    0x31, 0x53, 0x7E, 0xCA, 0xD9, 0xFF, 0x8B, 0xF3, 0xDC, 0x39, 0xDA, 0x6B, 0xCF, 0xD3, 0xF1, 0xB7,
    0x95, 0x84, 0x89, 0xFC, 0xCB, 0xE1, 0x2F, 0xA3, 0xA2, 0xAF, 0x00, 0x8D, 0x4E, 0xE7, 0x00, 0x7A,
    0xC3, 0x1B, 0x97, 0x72, 0x8B, 0xFF, 0x81, 0xCB, 0x41, 0x80, 0x13, 0xF7, 0x47, 0xBA, 0x2E, 0x42,
    0x58, 0xD9, 0x26, 0xEC, 0x9D, 0x85, 0x72, 0xD5, 0x52, 0x9C, 0x34, 0x61, 0xC3, 0x45, 0xEF, 0xB2,
    0x86, 0x50, 0xCE, 0xAF, 0xCC, 0x73, 0x72, 0x3D, 0x29, 0xB3, 0xD8, 0x72, 0x9B, 0x12, 0xCE, 0x7A,
    0xBC, 0x46, 0x82, 0xDA, 0xAF, 0xAA, 0x6F, 0x74, 0xFB, 0x54, 0x91, 0xA9, 0x35, 0x29, 0x83, 0x04,
    0x02, 0xD8, 0x63, 0x00, 0x2B, 0x78, 0xEC, 0x01, 0x47, 0x7D, 0x2D, 0xC8, 0xDC, 0x51, 0xC2, 0xF3,
    0x32, 0x34, 0xB8, 0x56, 0x9B, 0xFF, 0x09, 0x5F, 0xEB, 0x6D, 0x43, 0x75, 0x93, 0xB6, 0x49, 0xE5,
    0x3A, 0x66, 0x42, 0x32, 0x03, 0x96, 0xA6, 0xA2, 0x45, 0x13, 0xA2, 0x48, 0xA1, 0xEE, 0xC9, 0x5D,
    0x91, 0xD3, 0x0B, 0xE4, 0x34, 0x27, 0x90, 0xE5, 0x74, 0x0A, 0xAD, 0x27, 0xA0, 0x63, 0x8A, 0xC5,
    0x75, 0x95, 0xAA, 0x60, 0x41, 0x47, 0xBD, 0x84, 0x94, 0xF8, 0x43, 0xBC, 0x1B, 0x96, 0x4A, 0xAE,
    0x5B, 0x68, 0x79, 0x0D, 0x4E, 0x53, 0x25, 0x57, 0xD0, 0x76, 0x80, 0x6C, 0xE2, 0x2D, 0xA1, 0xD1,
    0x22, 0x65, 0x73, 0x93, 0xF9, 0xBF, 0x9D, 0x93, 0x21, 0xEC, 0xE0, 0x34, 0x14, 0xC6, 0x7F, 0xDB,
    0x72, 0x37, 0xC2, 0x12, 0x6A, 0x40, 0x41, 0x52, 0x4B, 0x82, 0x18, 0x3E, 0x97, 0xB4, 0xC1, 0x7B,
    0x8D, 0x37, 0x67, 0x90, 0x24, 0x1D, 0xDE, 0x9C, 0x57, 0x78, 0x6F, 0xA1, 0x3D, 0x6F, 0x1A, 0xBC,
    0x98, 0x38, 0x9F, 0x26, 0x57, 0x51, 0xD1, 0xED, 0x83, 0xEE, 0x1F, 0xC2, 0x49, 0x60, 0x7B, 0x7B,
    0x62, 0xEF, 0xE5, 0xFB, 0xDA, 0xEF, 0x7D, 0x0F, 0x58, 0x12, 0xE6, 0x64, 0x2F, 0xB8, 0x8E, 0xBB,
    0xD9, 0xE5, 0x8D, 0xD2, 0xA2, 0x42, 0xAC, 0xD8, 0xC6, 0x52, 0xE1, 0x57, 0x80, 0x6F, 0xC0, 0x79,
    0x62, 0x9A, 0x94, 0x17, 0xE5, 0x4D, 0xC9, 0xCA, 0xBB, 0x8B, 0x50, 0x51, 0x46, 0xF0, 0x33, 0x9F,
    0x3C, 0x21, 0xC3, 0xA4, 0x02, 0x8B, 0x1A, 0x18, 0x75, 0xD8, 0x75, 0x43, 0xFC, 0x28, 0x26, 0xBD,
    0xD7, 0xB1, 0x88, 0x98, 0x4C, 0xC7, 0x25, 0x57, 0xD8, 0xD3, 0x96, 0xF8, 0x02, 0xE2, 0xF1, 0xDA,
    0xAF, 0x2A, 0x26, 0x1B, 0xB5, 0x90, 0x9D, 0xA4, 0x27, 0xA5, 0xF0, 0x87, 0xE4, 0x9D, 0xD7, 0xC5,
    0xE7, 0xEC, 0x27, 0x46, 0xD2, 0xB1, 0x8F, 0xC2, 0xA8, 0x1E, 0x23, 0xF9, 0x91, 0x00, 0xB0, 0xB0,
    0x86, 0x03, 0xAB, 0x44, 0x54, 0x5D, 0x6F, 0x49, 0x3D, 0x48, 0x75, 0xD7, 0x38, 0xB4, 0x3C, 0xF1,
    0x03, 0x73, 0xB3, 0x97, 0xBB, 0xE3, 0x78, 0x7B, 0xA8, 0xFB, 0x31, 0x37, 0x82, 0xB7, 0xF7, 0x3C,
    0x00, 0x57, 0x65, 0x77, 0x6F, 0x4A, 0xE1, 0x32, 0x4A, 0xAE, 0x6D, 0xF2, 0x36, 0xCF, 0x0D, 0x62,
    0xC3, 0x48, 0x38, 0xE9, 0x88, 0x59, 0x49, 0x28, 0x45, 0x74, 0x7C, 0x35, 0xC9, 0xB3, 0xDE, 0xF0,
    0xB6, 0xB1, 0x28, 0xB3, 0x5E, 0xB0, 0x34, 0x98, 0x3B, 0x4C, 0xEF, 0x80, 0xBD, 0x32, 0x4B, 0x6C,
    0xD2, 0x61, 0xCF, 0x90, 0x5C, 0xDA, 0xB3, 0xF3, 0x36, 0x87, 0x97, 0x2F, 0x85, 0xC3, 0x25, 0x97,
    0xA3, 0x1F, 0xEA, 0x18, 0x35, 0x26, 0x1D, 0x00, 0xC0, 0x02, 0x89, 0x2D, 0x2F, 0x15, 0x5B, 0xB7,
    0x8E, 0x6B, 0xE6, 0x22, 0x56, 0xD7, 0x27, 0x9D, 0xB1, 0x2E, 0xFA, 0x45, 0xA7, 0xB9, 0x17, 0x1D,
    0x7B, 0xDB, 0x2E, 0xDC, 0x69, 0x2A, 0xCE, 0x9B, 0xC4, 0x67, 0xCC, 0x30, 0xC1, 0x2B, 0x76, 0xCF,
    0xA0, 0x9B, 0x75, 0xB8, 0xBC, 0xDD, 0xB8, 0xB2, 0x37, 0xF6, 0x1A, 0x0A, 0xE6, 0x52, 0x62, 0x93,
    0x60, 0xD1, 0x05, 0xB3, 0x1A, 0xA0, 0x13, 0x08, 0x09, 0x60, 0x62, 0x3B, 0x0C, 0x2E, 0x85, 0x23,
    0xE4, 0x98, 0xC2, 0x19, 0x93, 0x2B, 0xE1, 0xDC, 0xAB, 0x2B, 0xA6, 0xD9, 0xB2, 0x76, 0xD3, 0x96,
    0xBE, 0x36, 0xFA, 0x5C, 0xF9, 0x91, 0x0C, 0xC0, 0x6B, 0x1D, 0x10, 0xD4, 0x98, 0xA5, 0x6B, 0x60,
    0x0B, 0xFB, 0x4C, 0xA5, 0xAE, 0x63, 0x70, 0x93, 0xFC, 0x1B, 0x10, 0xDF, 0xFF, 0xE3, 0x92, 0xC9,
    0x63, 0x33, 0xF1, 0x98, 0xC4, 0xDA, 0x31, 0x0D, 0x5B, 0x70, 0x4F, 0x84, 0xC7, 0x79, 0xA1, 0xE3,
    0x3A, 0xE6, 0x84, 0x57, 0x9E, 0x58, 0xC6, 0x21, 0xD5, 0x9F, 0xBF, 0x0D, 0x57, 0x47, 0x93, 0xF2,
    0xF4, 0xD8, 0x68, 0x98, 0xA8, 0x60, 0x0F, 0xE6, 0x0B, 0x33, 0xDC, 0x30, 0xBA, 0x62, 0x41, 0x27,
    0xCA, 0x23, 0x62, 0x26, 0x9C, 0x4F, 0x4F, 0x19, 0x44, 0x73, 0x61, 0x3D, 0xB7, 0x6E, 0x2E, 0xD3,
    0x6D, 0x1B, 0xB7, 0x72, 0x39, 0xA4, 0xE0, 0x23, 0x6F, 0xE0, 0xAD, 0x9F, 0x94, 0x1E, 0xE4, 0x34,
    0x8F, 0x25, 0xF0, 0xE6, 0x66, 0x6F, 0xB8, 0x13, 0x07, 0x3F, 0x01, 0xFC, 0x2F, 0xEF, 0xBC, 0x3D,
    0x56, 0x15, 0xAB, 0xEE, 0xDE, 0x5F, 0x81, 0xFB, 0xAF, 0x88, 0x5C, 0xE1, 0x87, 0xEE, 0x54, 0xAD,
    0xF2, 0x7C, 0xC3, 0x97, 0xCC, 0x62, 0x1D, 0xD7, 0x39, 0xE6, 0x11, 0x7E, 0x79, 0x91, 0xA5, 0xE2,
    0x32, 0xBF, 0x03, 0x21, 0x4F, 0x6A, 0xB3, 0x3A, 0xA6, 0xB3, 0xBD, 0x14, 0xCA, 0xAC, 0x64, 0x6F,
    0x5C, 0xE5, 0x15, 0x00, 0x7C, 0xED, 0xF9, 0x8D, 0xB9, 0xB1, 0x96, 0x67, 0xA1, 0x33, 0x2E, 0x3F,
    0x92, 0xAA, 0xB9, 0xC1, 0x7E, 0x0E, 0xD8, 0x41, 0xE1, 0xD7, 0xC1, 0xC5, 0x26, 0xCC, 0x8D, 0xB9,
    0xB0, 0x9D, 0xFD, 0xD1, 0x75, 0x44, 0x05, 0x00, 0xF8, 0x2E, 0x03, 0xAA, 0xB0, 0xA8, 0x83, 0x91,
    0x78, 0xBC, 0x8F, 0x3E, 0x0E, 0x61, 0xD2, 0x70, 0x1F, 0xAE, 0xB8, 0x8A, 0x29, 0xF6, 0x60, 0x3D,
    0xFE, 0xE5, 0xEE, 0xFD, 0xB7, 0x25, 0xB7, 0xA3, 0xE0, 0xFE, 0x4E, 0x7E, 0x97, 0x04, 0xDB, 0xED,
    0x89, 0x2A, 0xAB, 0xD4, 0xAD, 0x74, 0x39, 0xE9, 0x0E, 0xA7, 0xD1, 0xCD, 0xA2, 0xC6, 0x74, 0xBD,
    0x83, 0x0A, 0x78, 0x60, 0x02, 0x30, 0x07, 0x0C, 0x40, 0x08, 0x05, 0x50, 0x81, 0x45, 0x19, 0x36,
    0x1D, 0x60, 0x6F, 0xC0, 0x55, 0x20, 0x66, 0x20, 0x00, 0x7C, 0x0B, 0x00, 0xCC, 0x8D, 0xE8, 0xED,
    0xB5, 0x28, 0xB9, 0x7B, 0x55, 0x0A, 0xB7, 0xF9, 0x64, 0xB2, 0x3C, 0x93, 0xDD, 0x0B, 0x2E, 0x13,
    0x12, 0x31, 0xA1, 0x8C, 0xE4, 0x25, 0xE2, 0xCD, 0xFE, 0x81, 0x3F, 0x01, 0xED, 0xB7, 0x31, 0xB0,
    0xEE, 0xD6, 0x71, 0x26, 0x78, 0x00, 0x90, 0x17, 0x92, 0x50, 0x5A, 0x38, 0x18, 0x6E, 0x79, 0x79,
    0xD7, 0x82, 0x03, 0x07, 0xBB, 0xF4, 0xC8, 0x48, 0x26, 0x70, 0xA0, 0x21, 0x20, 0xA9, 0x6A, 0x19,
    0x4C, 0x60, 0x06, 0xE4, 0xBA, 0xCA, 0x0A, 0xA4, 0x60, 0x93, 0x95, 0x82, 0x9B, 0x38, 0x70, 0x30,
    0x36, 0x20, 0x6D, 0xD5, 0x3A, 0x70, 0xE0, 0x1B, 0xA8, 0x36, 0x71, 0x60, 0x05, 0xDA, 0x2A, 0xF9,
    0x39, 0xA0, 0x83, 0x0D, 0x3D, 0x04, 0x24, 0x05, 0x0A, 0x14, 0x18, 0x96, 0xBC, 0xAB, 0x40, 0x81,
    0xA0, 0xE5, 0xD3, 0x6A, 0x65, 0x05, 0x04, 0x25, 0xD0, 0xC4, 0x25, 0x01, 0x9C, 0xE9, 0xFE, 0xBA,
    0xFB, 0x00, 0xFF, 0x7D, 0x8F, 0xE4, 0x13, 0xE5, 0xAA, 0xD1, 0xCC, 0xF8, 0x15, 0x79, 0x4F, 0xE3,
    0xFF, 0x7F, 0x00, 0xE7, 0x74, 0x7F, 0xFD, 0xF5, 0xF7, 0x39, 0x77, 0xFA, 0xF7, 0x6F, 0x2C, 0xD8,
    0x75, 0x8D, 0x7C, 0x2B, 0x41, 0xE2, 0x27, 0x0B, 0x36, 0xFB, 0xCA, 0xBE, 0x6B, 0xFC, 0x28, 0x41,
    0xE6, 0x17, 0xBD, 0xAF, 0x59, 0x35, 0x88, 0x67, 0xF7, 0x84, 0xFF, 0x3C, 0xFE, 0xF5, 0x2E, 0xB6,
    0x20, 0xB9, 0xF7, 0x09, 0xBD, 0xED, 0xDA, 0x82, 0x94, 0xB6, 0x93, 0xF8, 0x5A, 0x82, 0xD8, 0xE3,
    0xDD, 0xA3, 0x04, 0xB9, 0x1F, 0x5C, 0xBC, 0x5B, 0xC0, 0xFB, 0x28, 0xE8, 0x19, 0xD1, 0x57, 0x28,
    0x28, 0x29, 0xC0, 0xBF, 0xD2, 0xB6, 0x5E, 0xF1, 0x33, 0x24, 0xB0, 0x9D, 0xD3, 0x0B, 0xB0, 0xF9,
    0xCE, 0x02, 0x7F, 0x0E, 0x66, 0x0B, 0x46, 0xA4, 0x40, 0x8F, 0x19, 0x5B, 0x90, 0x58, 0x06, 0x12,
    0xAF, 0x07, 0xE7, 0x0D, 0xBA, 0xA2, 0xE6, 0x0D, 0x52, 0x50, 0xF5, 0xB2, 0x53, 0xD7, 0xF5, 0xB2,
    0x41, 0xE7, 0x11, 0xF0, 0x69, 0x5B, 0xD9, 0x69, 0xCA, 0x5B, 0x6A, 0x70, 0x50, 0xFE, 0xAD, 0x06,
    0x15, 0xD6, 0xDD, 0xBE, 0x59, 0x65, 0x7F, 0xDE, 0x5E, 0xD7, 0xB4, 0xE9, 0x22, 0x1B, 0x19, 0xCB,
    0x4D, 0xEB, 0xD5, 0xEC, 0x52, 0x93, 0xB1, 0xD3, 0x60, 0x90, 0x5D, 0xA6, 0xBE, 0xED, 0xB0, 0xB9,
    0x78, 0x73, 0xE5, 0xE0, 0x7E, 0xC1, 0x7F, 0xFF, 0x52, 0xA6, 0x0F, 0x58, 0xA6, 0xDC, 0xEB, 0x77,
    0x85, 0x05, 0xA5, 0x04, 0x9B, 0xDE, 0x75, 0x04, 0xAB, 0x6B, 0x66, 0x47, 0x97, 0x25, 0x05, 0x93,
    0xA3, 0x4B, 0x0A, 0xBA, 0x91, 0x8F, 0x51, 0x2D, 0xB4, 0xA5, 0x98, 0x1E, 0x57, 0x4D, 0xAE, 0xE9,
    0xF9, 0x18, 0xD5, 0xE0, 0xCA, 0x96, 0x8F, 0xF1, 0xCC, 0x45, 0x9B, 0xA6, 0x16, 0x64, 0xD6, 0x9C,
    0xB9, 0xFF, 0xFF, 0xFC, 0x43, 0x09, 0xA4, 0x38, 0xB2, 0x91, 0xD1, 0x82, 0x05, 0x09, 0xC7, 0x36,
    0xF8, 0x1C, 0xED, 0x35, 0x9F, 0x87, 0x33, 0x1F, 0x21, 0x68, 0x3C, 0x9F, 0xA5, 0xE6, 0x3F, 0x5A,
    0x0F, 0x3E, 0x66, 0xC5, 0x0F, 0xE2, 0x3B, 0x24, 0x58, 0x25, 0x88, 0x24, 0xA8, 0x25, 0xE1, 0x1C,
    0x20, 0xE1, 0x5C, 0x3C, 0x24, 0x9C, 0x83, 0x6B, 0x7F, 0x87, 0x87, 0xC6, 0xD8, 0x03, 0x41, 0x94,
    0xB7, 0x85, 0xC3, 0xE6, 0xF8, 0x84, 0x6E, 0xE0, 0x6D, 0xD1, 0x61, 0xE7, 0x7B, 0x0C, 0x94, 0x79,
    0x05, 0x6D, 0x21, 0xF0, 0xF8, 0xBF, 0xB0, 0x37, 0xAA, 0xEE, 0x1E, 0x1B, 0xC0, 0x15, 0x00, 0x19,
    0x70, 0x29, 0x9F, 0xEC, 0x8A, 0x00, 0x7B, 0xDC, 0xCD, 0xDB, 0x8F, 0x01, 0x77, 0xAC, 0x78, 0x73,
    0xB9, 0x22, 0x90, 0xD2, 0x7E, 0x2F, 0x9F, 0xA5, 0xE6, 0x93, 0xB2, 0x32, 0xE8, 0x76, 0x14, 0x9C,
    0xA5, 0x81, 0x2A, 0xA0, 0xB5, 0xBC, 0xFD, 0x05, 0xDB, 0xAA, 0xB5, 0x26, 0xAA, 0xAD, 0xAD, 0x6A,
    0xFB, 0xC4, 0x59, 0x5B, 0xE9, 0x66, 0xF2, 0x10, 0xEC, 0x4E, 0x50, 0x9B, 0x4B, 0x37, 0x8D, 0x2E,
    0xDF, 0xB4, 0xAD, 0x72, 0x6B, 0xAB, 0x7C, 0xD1, 0xB6, 0xCA, 0x27, 0xEC, 0xAF, 0x77, 0x1F, 0xA9,
    0x9D, 0x16, 0xED, 0x62, 0xC7, 0x8D, 0xF5, 0x57, 0x67, 0x81, 0xB7, 0x51, 0x60, 0xBC, 0xEF, 0x8E,
    0x01, 0xF0, 0x84, 0x6D, 0xE5, 0x74, 0x83, 0x97, 0x41, 0x7E, 0x00, 0x33, 0xD4, 0xB3, 0xB7, 0x5D,
    0x3C, 0xB4, 0xD4, 0xCA, 0x77, 0x15, 0xB0, 0xA1, 0x6D, 0x3F, 0x58, 0xDB, 0x5B, 0x8D, 0xDC, 0x8D,
    0xFC, 0xBE, 0x94, 0x2F, 0x63, 0xED, 0xBC, 0x52, 0x57, 0x6D, 0x29, 0x4A, 0xE8, 0xAD, 0x6B, 0x16,
    0x7A, 0x1D, 0x43, 0x71, 0xA6, 0x67, 0xD2, 0x6F, 0xA9, 0x8D, 0x70, 0xD2, 0x6A, 0x92, 0xD3, 0x54,
    0xA3, 0x6C, 0xBD, 0xE9, 0x65, 0xE7, 0xCF, 0x84, 0xDD, 0xE5, 0xFA, 0x3A, 0xDB, 0x64, 0x25, 0xA4,
    0x77, 0xB9, 0xB6, 0xDA, 0xF8, 0xBA, 0xD3, 0xFD, 0x94, 0xD1, 0x46, 0x53, 0x7C, 0xAC, 0xAD, 0xAE,
    0xFC, 0xBC, 0x7F, 0x2B, 0xDB, 0x71, 0x5D, 0x5D, 0xE1, 0xBD, 0xBE, 0x2D, 0x78, 0x9B, 0x89, 0xEF,
    0x73, 0x7E, 0x0A, 0xBD, 0x9C, 0x72, 0xF1, 0x30, 0xEA, 0x7C, 0x9B, 0x18, 0x1C, 0x94, 0x32, 0xE4,
    0xC5, 0xB3, 0x72, 0x50, 0x2B, 0xA9, 0x41, 0x19, 0xAE, 0xFC, 0x2E, 0xAF, 0xBA, 0xF6, 0x3F, 0x12,
    0xE8, 0x73, 0xC6, 0x0B, 0xD9, 0x57, 0x87, 0x25, 0x12, 0x22, 0x4A, 0xA8, 0x17, 0x6F, 0x36, 0x50,
    0x05, 0x61, 0x87, 0x4F, 0x4A, 0xC8, 0xE1, 0xEE, 0xC2, 0x42, 0x57, 0x33, 0xC0, 0x53, 0x8C, 0x40,
    0xFF, 0xD3, 0xFC, 0x90, 0x45, 0x72, 0xB2, 0x2B, 0xA1, 0x0C, 0xD2, 0x64, 0xAB, 0xBE, 0xA7, 0x96,
    0x6D, 0x8C, 0x52, 0x94, 0xF5, 0xD4, 0x81, 0x9D, 0x7C, 0x99, 0x4B, 0xF5, 0xE8, 0xB7, 0x7D, 0xB4,
    0xF0, 0xA7, 0x43, 0x8A, 0x8A, 0x0D, 0x0C, 0xD9, 0x42, 0x16, 0xCA, 0x7C, 0x81, 0xAB, 0x9E, 0x47,
    0x1A, 0xCD, 0x82, 0xD2, 0x23, 0x7D, 0x95, 0x1F, 0xE9, 0x68, 0x72, 0xEE, 0x55, 0x96, 0x29, 0x9C,
    0x9E, 0x9E, 0x7F, 0xC7, 0xD8, 0xEC, 0xE4, 0xEC, 0x38, 0x5E, 0x6C, 0xF5, 0xA7, 0xBF, 0x91, 0x64,
    0x21, 0x05, 0x88, 0xA5, 0xD6, 0x52, 0x69, 0xC1, 0xA5, 0x80, 0xD2, 0xFE, 0x0E, 0xA1, 0xDE, 0x32,
    0x92, 0xA4, 0x5F, 0xA4, 0x59, 0x1A, 0xFD, 0x7B, 0x34, 0x8B, 0x1C, 0x10, 0x0F, 0x8E, 0x34, 0x13,
    0xC7, 0x5F, 0x69, 0x8D, 0xC7, 0xBD, 0x70, 0xBA, 0xF7, 0x42, 0x10, 0x4C, 0x86, 0xD3, 0x54, 0x80,
    0x56, 0x83, 0xBF, 0x9D, 0xA6, 0x35, 0x9B, 0x5D, 0xC7, 0x9B, 0x58, 0x13, 0xDE, 0x52, 0xB7, 0x01,
    0x97, 0x7E, 0x0D, 0x0B, 0xD3, 0xF0, 0x04, 0x72, 0x28, 0x55, 0x13, 0x3C, 0x11, 0xF9, 0xEC, 0x4E,
    0xD3, 0xA4, 0x79, 0xB2, 0x44, 0x69, 0xA6, 0xAC, 0xA3, 0xB5, 0x9F, 0xB5, 0x89, 0xB5, 0x85, 0xC3,
    0x32, 0x9C, 0x1A, 0x44, 0x87, 0xB8, 0x52, 0x8C, 0x12, 0x4C, 0x63, 0xCB, 0x99, 0x63, 0x94, 0x61,
    0xE4, 0x3D, 0x4A, 0x2A, 0xF1, 0xC5, 0xA2, 0xBC, 0xF2, 0x2E, 0x7B, 0x98, 0x1E, 0xDD, 0x83, 0x90,
    0xB4, 0x24, 0x51, 0xB3, 0xA8, 0x69, 0x0C, 0x79, 0x94, 0x83, 0x2E, 0xFA, 0xB3, 0x59, 0xE7, 0xE2,
    0xA4, 0xE3, 0xA3, 0x95, 0x93, 0xCC, 0x17, 0x4C, 0x65, 0x54, 0x50, 0xDC, 0xA3, 0x82, 0x32, 0x50,
    0x42, 0x7B, 0xC1, 0xA6, 0xD6, 0xFA, 0xC6, 0xA5, 0xDE, 0x5F, 0x52, 0xAA, 0x12, 0xA9, 0xF1, 0xA8,
    0xD1, 0xA8, 0xB1, 0xA8, 0x91, 0xA8, 0xAD, 0xC6, 0xA5, 0xC6, 0xA0, 0xEF, 0xB6, 0xAD, 0xF2, 0x17,
    0xDD, 0xD6, 0xFD, 0x6D, 0x9C, 0x5F, 0x9F, 0xEB, 0x6B, 0xAA, 0x51, 0x1E, 0xD7, 0x1C, 0xDD, 0xBD,
    0x2B, 0x74, 0x16, 0x77, 0x74, 0x3B, 0xBD, 0x64, 0xD7, 0xCD, 0x86, 0xD9, 0x57, 0x99, 0x40, 0x3C,
    0xE2, 0xD6, 0xB8, 0xDC, 0x8A, 0xD1, 0x18, 0x9B, 0xB9, 0x93, 0x7A, 0xC4, 0x0D, 0xF3, 0x31, 0x78,
    0x44, 0x0B, 0xE9, 0xE6, 0x4F, 0xB1, 0x1F, 0xA3, 0x23, 0x1E, 0x6C, 0xFF, 0x74, 0xA0, 0x3E, 0xCC,
    0xA1, 0x98, 0xE3, 0xE0, 0x60, 0xDA, 0xF4, 0x88, 0x8F, 0x11, 0x95, 0xFA, 0x43, 0x2C, 0x65, 0xD0,
    0x23, 0x6F, 0x63, 0x6F, 0xA0, 0x44, 0xD5, 0x0D, 0xC5, 0x2A, 0x62, 0x09, 0xF9, 0x5D, 0x64, 0xC4,
    0x0C, 0x98, 0x1F, 0x12, 0x4F, 0xB2, 0x35, 0x4A, 0xF5, 0x0D, 0xB6, 0x41, 0x5F, 0x52, 0x9C, 0x4A,
    0x43, 0xF5, 0xA2, 0x77, 0xD0, 0x63, 0x2D, 0xD2, 0xCF, 0x71, 0xEA, 0x05, 0x11, 0x1C, 0xF3, 0x08,
    0xE7, 0xE3, 0x62, 0x7C, 0xAD, 0xB2, 0x42, 0x42, 0x2D, 0x28, 0x0F, 0xDD, 0xFB, 0x21, 0x07, 0x25,
    0xCD, 0x74, 0x36, 0x17, 0x2F, 0xD0, 0xE3, 0x19, 0x2D, 0xD4, 0x03, 0x15, 0x67, 0x8C, 0x3E, 0xA3,
    0x11, 0x31, 0x34, 0xDE, 0x87, 0x2C, 0x36, 0xF4, 0xD3, 0x2B, 0xD5, 0x9B, 0x0D, 0xDD, 0x2A, 0xE2,
    0x73, 0x86, 0x06, 0x28, 0x35, 0xFF, 0xD9, 0x9D, 0x16, 0xE6, 0xD6, 0x2A, 0x9A, 0x49, 0xF3, 0x33,
    0x23, 0xCC, 0xB9, 0xD4, 0x8E, 0xBB, 0x65, 0x2A, 0x24, 0x66, 0x6E, 0x68, 0x33, 0xAD, 0x57, 0x2A,
    0x8A, 0xAE, 0x0E, 0x10, 0x55, 0x8D, 0x8E, 0x5C, 0x2A, 0xD6, 0x00, 0x51, 0xB1, 0x21, 0x32, 0x48,
    0xB5, 0xA6, 0xCA, 0x5A, 0x07, 0x7C, 0x35, 0x2E, 0x21, 0x22, 0x97, 0x00, 0x5B, 0x13, 0x81, 0xA2,
    0x20, 0xA7, 0x53, 0x2C, 0x33, 0x4E, 0xA1, 0x84, 0xA7, 0x76, 0x1A, 0x83, 0x09, 0xED, 0xDF, 0x74,
    0x8A, 0x17, 0x19, 0x7B, 0x74, 0x92, 0x02, 0x03, 0x61, 0xC1, 0xBB, 0x63, 0x0C, 0x8A, 0x45, 0x54,
    0x25, 0x25, 0x10, 0xD0, 0x29, 0xE9, 0xDD, 0x9D, 0x97, 0x57, 0x56, 0x98, 0x3E, 0xC7, 0x11, 0x1B,
    0x7F, 0x1C, 0x91, 0x8E, 0x96, 0xD9, 0x11, 0xBD, 0x4C, 0x50, 0xA2, 0x66, 0xD4, 0xCC, 0x8E, 0x98,
    0x42, 0xD0, 0x8A, 0x48, 0xE6, 0x42, 0x34, 0x74, 0x2D, 0xD2, 0x8E, 0x47, 0xBB, 0xD7, 0x62, 0xA0,
    0x0E, 0x4E, 0xB7, 0x49, 0xA7, 0xDA, 0x65, 0xAB, 0xB7, 0x7C, 0xAA, 0x0D, 0x3F, 0xFF, 0xEA, 0x3F,
    0x93, 0x93, 0x28, 0x1F, 0x75, 0x12, 0xA3, 0x3A, 0x89, 0xAA, 0x7D, 0x3F, 0x27, 0x31, 0xDC, 0xEC,
    0x32, 0xC5, 0x5F, 0x97, 0xF6, 0xCF, 0xD5, 0xF5, 0xE8, 0x8E, 0x5A, 0x15, 0x5F, 0xA2, 0x8B, 0xEE,
    0x44, 0x2A, 0x73, 0x1D, 0x4B, 0x0E, 0x38, 0x61, 0x02, 0x08, 0x7F, 0x42, 0x86, 0xB8, 0xAC, 0xED,
    0x84, 0x09, 0xF8, 0x41, 0x11, 0x72, 0xBD, 0x39, 0x89, 0xD6, 0x9C, 0x44, 0x7D, 0x38, 0x89, 0xCC,
    0x43, 0x41, 0xB0, 0x4F, 0xE1, 0x92, 0x2A, 0x7A, 0x29, 0x79, 0x1B, 0x6F, 0x6B, 0xE0, 0x2C, 0x00,
    0xB7, 0x46, 0x55, 0x8F, 0x57, 0xFC, 0xAE, 0x08, 0x72, 0xD2, 0xF4, 0x28, 0x1D, 0x7D, 0x0C, 0x1C,
    0x36, 0x1A, 0x91, 0x98, 0xEC, 0xCC, 0x8D, 0xCE, 0xE9, 0xCB, 0xD9, 0x22, 0x55, 0x5C, 0xCE, 0x3D,
    0x5F, 0x3F, 0xD9, 0xDC, 0xA5, 0x53, 0x35, 0xA3, 0x8E, 0xDE, 0x54, 0x55, 0x0A, 0xAB, 0x2D, 0x89,
    0x06, 0x3A, 0xD7, 0xCA, 0xFA, 0xF6, 0x8E, 0x7F, 0xB2, 0x4A, 0x55, 0x52, 0x70, 0x91, 0x78, 0x80,
    0x4F, 0x4D, 0x52, 0x97, 0x6A, 0x75, 0xB5, 0xE4, 0xB0, 0xD3, 0x71, 0xD8, 0x47, 0xB2, 0xD1, 0x82,
    0x99, 0xAF, 0xD6, 0x28, 0xDF, 0xAD, 0xBD, 0x8A, 0xD5, 0x9A, 0xAB, 0x0A, 0xED, 0xA4, 0xE7, 0x6E,
    0xFC, 0x1F, 0x28, 0xFB, 0x76, 0x3E, 0x8C, 0xAC, 0x30, 0x35, 0x03, 0x95, 0x53, 0x8D, 0xAE, 0x25,
    0xA2, 0x22, 0x25, 0x92, 0x1F, 0xC2, 0x93, 0xE2, 0x86, 0xCA, 0x14, 0x49, 0x5A, 0xB8, 0x4E, 0xE6,
    0xCB, 0x26, 0xEE, 0x0A, 0x8D, 0x84, 0x1A, 0xB0, 0x79, 0x95, 0x84, 0x83, 0x8E, 0x2C, 0x08, 0x50,
    0x35, 0xA6, 0x1C, 0xCD, 0xD8, 0xF2, 0x80, 0xFC, 0x60, 0x5A, 0x73, 0x6E, 0x84, 0xB2, 0xDA, 0xC8,
    0x14, 0x12, 0x37, 0xEA, 0xA4, 0x3B, 0xAE, 0x8E, 0x0A, 0x6E, 0x8F, 0x49, 0xFB, 0x57, 0x4E, 0xE5,
    0x3F, 0x21, 0x22, 0xF1, 0x47, 0x1C, 0x3C, 0xA6, 0x53, 0x7C, 0x85, 0xDF, 0xEC, 0x21, 0x8E, 0x4E,
    0x0E, 0x84, 0x76, 0x3A, 0x1D, 0x5F, 0x74, 0x47, 0xEC, 0xD2, 0xD1, 0x7D, 0xA0, 0x7F, 0xE8, 0x62,
    0x39, 0x8E, 0xA0, 0x43, 0x3A, 0x0C, 0xA2, 0x25, 0x12, 0xE0, 0xC4, 0x40, 0x08, 0xFD, 0x79, 0x68,
    0xBB, 0x4C, 0x7D, 0x48, 0xAF, 0xC9, 0x09, 0xA8, 0x05, 0x95, 0x14, 0x88, 0x53, 0x29, 0x0B, 0x12,
    0x5C, 0x9A, 0x78, 0x42, 0x37, 0x4E, 0x46, 0xC3, 0x89, 0xBA, 0x2D, 0x38, 0xC6, 0x30, 0xD8, 0x5B,
    0xCE, 0xB3, 0xDA, 0xB1, 0x36, 0x3A, 0x26, 0x7A, 0x9D, 0x59, 0xDC, 0x30, 0x8D, 0xA9, 0xDC, 0xA0,
    0xE6, 0xF6, 0x8B, 0xC6, 0x7E, 0x4F, 0xB8, 0x21, 0x45, 0x91, 0x6F, 0x85, 0xAF, 0xA5, 0xF6, 0x84,
    0x9B, 0x66, 0x53, 0x19, 0x12, 0xF9, 0x9D, 0xDE, 0x29, 0xD9, 0x8D, 0xF1, 0x3C, 0xD3, 0x9D, 0xB0,
    0x29, 0x16, 0x2F, 0x76, 0xAC, 0x94, 0xB7, 0x12, 0x8E, 0x08, 0x3A, 0xD0, 0x23, 0xAE, 0x41, 0x31,
    0xE5, 0x72, 0xDC, 0xE3, 0x88, 0xD9, 0x71, 0x44, 0xD3, 0x8D, 0x0D, 0x7F, 0x2E, 0x42, 0x8F, 0x8F,
    0x51, 0xA7, 0x87, 0x9B, 0x63, 0x2E, 0x11, 0xBE, 0xF2, 0xEC, 0x3D, 0x82, 0x7A, 0x14, 0xE0, 0x3D,
    0xCA, 0x24, 0x48, 0xC1, 0xD3, 0xC4, 0x50, 0x92, 0xA3, 0xC1, 0x65, 0xE2, 0x54, 0x47, 0x57, 0x20,
    0x60, 0xCC, 0xE3, 0x37, 0x7E, 0xB9, 0x92, 0x5C, 0x98, 0x88, 0xE2, 0x27, 0x2E, 0xEE, 0x64, 0xA5,
    0x18, 0x43, 0x77, 0x4F, 0x08, 0x94, 0xAB, 0x07, 0x0F, 0x1E, 0xB4, 0xF4, 0xE7, 0x6B, 0xCC, 0x76,
    0x6D, 0xAE, 0x6C, 0x57, 0x33, 0x11, 0x16, 0xFC, 0x7C, 0x3A, 0xD6, 0x14, 0xA3, 0x88, 0xC4, 0x91,
    0xA2, 0xC0, 0xBB, 0x45, 0x55, 0x21, 0xE7, 0xA0, 0x44, 0xC1, 0x07, 0x49, 0x4B, 0xCA, 0x9F, 0x72,
    0xAE, 0xE0, 0x20, 0xB8, 0x0B, 0xD8, 0x7B, 0x81, 0x08, 0x9B, 0x45, 0xA7, 0x02, 0x12, 0x47, 0x41,
    0x84, 0xAD, 0xD2, 0x68, 0x4E, 0xB4, 0xCA, 0x44, 0xBC, 0x02, 0xDD, 0xA5, 0x90, 0xB6, 0xEB, 0xD6,
    0x4A, 0x68, 0xA6, 0x59, 0xB5, 0x25, 0xAA, 0x5D, 0xCF, 0x57, 0xFA, 0x20, 0xA2, 0xBD, 0xF1, 0xE9,
    0x66, 0xFD, 0xB6, 0xDE, 0x9B, 0x3C, 0x89, 0x75, 0x63, 0x2A, 0x37, 0x7D, 0x48, 0xB6, 0xE7, 0xDC,
    0xEF, 0xB8, 0x4A, 0x6E, 0x6A, 0xBE, 0xA4, 0x1C, 0x6C, 0x3A, 0xD4, 0x85, 0x1A, 0x59, 0x8E, 0xE9,
    0xAB, 0xD9, 0x5D, 0x08, 0x62, 0x97, 0x2D, 0x17, 0x54, 0x0C, 0x89, 0x03, 0xF4, 0xA9, 0x00, 0x4A,
    0x4C, 0xFF, 0x0C, 0x90, 0x0C, 0x43, 0x26, 0x72, 0x83, 0x47, 0xB9, 0x8C, 0x32, 0xD9, 0xA2, 0xB0,
    0x56, 0x26, 0xC2, 0xA0, 0x3D, 0xC2, 0xDA, 0xDA, 0x4C, 0xE0, 0x9E, 0xDB, 0xF0, 0x53, 0x04, 0x0A,
    0xF0, 0x71, 0xB3, 0x6C, 0x51, 0x4A, 0xB2, 0x99, 0xE8, 0x51, 0x51, 0x2B, 0xFA, 0x67, 0x35, 0xE5,
    0x9E, 0x98, 0xDE, 0x0E, 0xA1, 0xD0, 0xC2, 0x6C, 0x52, 0x5E, 0xB2, 0x16, 0x09, 0x57, 0x86, 0x50,
    0xF8, 0x34, 0x96, 0x70, 0x30, 0x97, 0x21, 0x96, 0x41, 0xA5, 0x4E, 0xFF, 0x1E, 0xE7, 0x19, 0xDD,
    0x89, 0xA5, 0xCF, 0xE7, 0xE9, 0x8E, 0xF3, 0xC8, 0x21, 0x54, 0x8A, 0xDD, 0x4A, 0x3F, 0xA9, 0x28,
    0xAB, 0x8E, 0xD0, 0xA4, 0xDA, 0x7A, 0x28, 0x35, 0x83, 0x7E, 0xE8, 0xA9, 0xDC, 0xD7, 0x47, 0x18,
    0x4A, 0x94, 0x1F, 0xD4, 0x9B, 0xAF, 0x07, 0xF1, 0x9E, 0xC2, 0xF9, 0x08, 0x0F, 0x06, 0x2E, 0x0E,
    0x02, 0x2E, 0x0E, 0x52, 0xCF, 0xFB, 0x73, 0x0F, 0x75, 0x75, 0xE0, 0x7A, 0xDB, 0x44, 0x19, 0xA2,
    0x2A, 0xD0, 0x7C, 0x20, 0xFC, 0xC8, 0xDA, 0x94, 0x21, 0x62, 0x96, 0x21, 0x44, 0xF9, 0x6E, 0xC0,
    0x2D, 0xDF, 0xB4, 0xA8, 0x99, 0x0C, 0x7D, 0xA4, 0x48, 0x66, 0xF3, 0x27, 0xC1, 0x6A, 0xD5, 0xDD,
    0xAA, 0x0F, 0x71, 0x1A, 0x91, 0xEB, 0x68, 0x74, 0x46, 0x93, 0x12, 0xDC, 0xCC, 0x00, 0x55, 0xBB,
    0x5A, 0x1E, 0x95, 0xD9, 0x64, 0x6C, 0x34, 0xE2, 0x2E, 0xAC, 0x74, 0xA6, 0xDA, 0xB8, 0x0E, 0x72,
    0x4C, 0x2B, 0xD0, 0x87, 0x02, 0xF5, 0xCE, 0x14, 0x71, 0xCF, 0x0F, 0x19, 0xB5, 0x9C, 0x89, 0x50,
    0xE3, 0xA8, 0xE5, 0x40, 0xE1, 0x0B, 0x1F, 0xD0, 0xB0, 0x1B, 0x44, 0xB0, 0xC9, 0x8C, 0x64, 0x49,
    0xC6, 0xA5, 0x8E, 0x54, 0x70, 0xCD, 0x78, 0xF5, 0xD4, 0x79, 0x68, 0x13, 0xFA, 0x8B, 0x86, 0x2A,
    0xC4, 0x4C, 0xC8, 0xDB, 0x9C, 0x8A, 0x5E, 0x11, 0xEF, 0x32, 0xD3, 0x62, 0x0B, 0xC4, 0xB4, 0x6C,
    0xCA, 0x33, 0x28, 0x32, 0x33, 0x4F, 0xBE, 0x2A, 0x17, 0xE5, 0x8B, 0xAA, 0x03, 0x94, 0x17, 0xC1,
    0xE0, 0x44, 0xB1, 0x3F, 0x2D, 0x35, 0xAB, 0xAD, 0x78, 0xB5, 0x0B, 0x26, 0xC1, 0x18, 0xF6, 0x27,
    0xCE, 0xF0, 0x39, 0x9A, 0xB8, 0xD9, 0x4C, 0xD1, 0x20, 0x47, 0xDE, 0xDC, 0x9C, 0x5F, 0x23, 0x4C,
    0xC3, 0x08, 0xDE, 0x6A, 0x86, 0xAE, 0x91, 0x86, 0xE1, 0x56, 0xD1, 0x60, 0x12, 0xBB, 0x90, 0x1E,
    0xC1, 0x28, 0x9D, 0x94, 0xC1, 0x95, 0x4D, 0xB2, 0xC1, 0xCC, 0x82, 0x52, 0x29, 0x36, 0xC2, 0xBB,
    0x6E, 0x34, 0x07, 0x99, 0x35, 0x40, 0x65, 0x2F, 0x6F, 0xCE, 0x3E, 0x46, 0xE5, 0x24, 0xED, 0x06,
    0x56, 0xB4, 0x93, 0xDF, 0x5A, 0x7D, 0x0B, 0xBD, 0xA7, 0x54, 0x8B, 0x53, 0xBE, 0xC3, 0x0E, 0x6D,
    0x71, 0xFF, 0x8A, 0xDE, 0x9E, 0x88, 0xB5, 0x1C, 0x9D, 0xF0, 0xC0, 0x20, 0xF6, 0x92, 0xC7, 0xEA,
    0x69, 0x85, 0xD5, 0x01, 0x97, 0xD1, 0x3C, 0x47, 0xE3, 0xD7, 0x89, 0xB4, 0xBA, 0xA8, 0xF0, 0x4A,
    0xAD, 0x6E, 0xA3, 0x4D, 0x6A, 0x29, 0xBB, 0xB0, 0x57, 0x03, 0xF2, 0xC5, 0xEF, 0x8F, 0x60, 0x71,
    0x66, 0xA4, 0x23, 0x45, 0xC6, 0x24, 0x59, 0x9C, 0x8C, 0x04, 0x9F, 0xC9, 0x9A, 0x69, 0xA6, 0x2C,
    0x51, 0xA2, 0xF7, 0xA6, 0x90, 0x26, 0xCB, 0x52, 0x23, 0xB0, 0xB0, 0x1C, 0x59, 0x8A, 0x2C, 0x43,
    0xBC, 0x9B, 0xB7, 0xEB, 0x50, 0x41, 0xBA, 0x41, 0xA1, 0x55, 0x2B, 0xB4, 0x40, 0x9C, 0x9A, 0x68,
    0x81, 0x96, 0x77, 0x26, 0x9C, 0x2D, 0xD8, 0x15, 0xDB, 0x08, 0x18, 0xF8, 0xF9, 0xA6, 0xD4, 0x06,
    0xD4, 0x41, 0x80, 0x2E, 0x26, 0x85, 0x26, 0x65, 0x83, 0x8F, 0xD4, 0xE7, 0x29, 0x52, 0x19, 0xD8,
    0x1A, 0x03, 0x5B, 0x67, 0x41, 0x50, 0x8B, 0x36, 0xDB, 0x42, 0x10, 0xD9, 0x90, 0x8B, 0x2D, 0x48,
    0x4C, 0x66, 0x26, 0xC6, 0x14, 0x27, 0xE7, 0x75, 0x3F, 0xC8, 0x4F, 0x5E, 0xCC, 0x04, 0x68, 0x6F,
    0xBB, 0x78, 0x68, 0x7C, 0x64, 0x6A, 0xCD, 0x9B, 0xD6, 0xD1, 0x4F, 0x3A, 0x7F, 0x48, 0x57, 0xB5,
    0x8E, 0x63, 0xE0, 0x88, 0x13, 0x49, 0x9C, 0x42, 0x1C, 0xE4, 0x23, 0xFE, 0x50, 0xFF, 0xD5, 0x12,
    0x0E, 0x4E, 0x16, 0xD3, 0xFA, 0x8C, 0x19, 0x4A, 0x43, 0xD2, 0x3D, 0x96, 0x10, 0xB6, 0x25, 0xBB,
    0x71, 0x9E, 0xA5, 0x20, 0x56, 0x10, 0x0A, 0xFF, 0x1D, 0x21, 0x60, 0x84, 0x03, 0xEC, 0xD2, 0x58,
    0x42, 0x86, 0x96, 0x95, 0x62, 0x0D, 0xD6, 0xB4, 0x5C, 0x42, 0x8A, 0xC8, 0xC4, 0x98, 0x3D, 0xA5,
    0xF7, 0x5A, 0x52, 0x80, 0xAB, 0xDE, 0x5E, 0xA6, 0x61, 0x82, 0xCE, 0xE9, 0xF5, 0x0D, 0xC6, 0xF3,
    0xC5, 0x1A, 0x0A, 0x59, 0x2D, 0x81, 0x37, 0x58, 0xB5, 0xE8, 0x21, 0xCC, 0xA7, 0x2A, 0x47, 0x4A,
    0x08, 0xC1, 0x23, 0xE7, 0xD1, 0x8C, 0xDD, 0x19, 0xE9, 0x7A, 0xB3, 0x28, 0x1A, 0x36, 0x8F, 0x86,
    0x9B, 0x33, 0xB2, 0x67, 0x99, 0xD4, 0xCD, 0x2A, 0x95, 0x9C, 0x7A, 0x38, 0xCE, 0xAB, 0xD3, 0xF3,
    0x51, 0x5E, 0x9D, 0x9D, 0x6F, 0xC2, 0xC1, 0x10, 0x0E, 0x21, 0xC4, 0x00, 0x56, 0xC1, 0xC3, 0x9D,
    0xA9, 0x66, 0x4D, 0xFF, 0xD7, 0xE5, 0x25, 0x09, 0xFF, 0x3B, 0xE7, 0x4E, 0xEC, 0x1F, 0x5B, 0x90,
    0xDC, 0xFB, 0xA4, 0xB5, 0xA6, 0x69, 0x9D, 0xB6, 0x6E, 0x6D, 0x74, 0xA7, 0x9A, 0x00, 0x01, 0x27,
    0x3B, 0xDE, 0x2D, 0xB0, 0xA6, 0x89, 0xBE, 0x62, 0xDA, 0xE6, 0x62, 0x98, 0x56, 0x8F, 0x10, 0x73,
    0x23, 0x5A, 0x40, 0x40, 0xB9, 0xDA, 0xC6, 0x42, 0x30, 0x5B, 0x30, 0xFE, 0x22, 0x4D, 0x53, 0xD4,
    0x36, 0xB1, 0x7A, 0x1D, 0x62, 0x5D, 0xAF, 0xBD, 0x22, 0x03, 0xAE, 0xC7, 0xB8, 0x54, 0xC9, 0x5B,
    0x5B, 0x49, 0x82, 0x66, 0xB1, 0xCA, 0xED, 0xF6, 0x4D, 0x50, 0x2B, 0x78, 0xDD, 0xB5, 0x10, 0x36,
    0x31, 0x5E, 0xD7, 0x3A, 0x48, 0x6A, 0x1D, 0x79, 0x3C, 0x19, 0x19, 0xD6, 0xBC, 0xDD, 0x86, 0x7F,
    0xCB, 0x1F, 0x33, 0x11, 0x45, 0x5E, 0xAE, 0x66, 0x4A, 0x29, 0x67, 0x92, 0x77, 0xDB, 0x79, 0x86,
    0x32, 0xA3, 0x95, 0xEF, 0xFB, 0xC3, 0x62, 0x83, 0xCE, 0x2D, 0xF7, 0x14, 0x42, 0x6C, 0x07, 0xCE,
    0x08, 0x14, 0xB5, 0x74, 0x45, 0xCA, 0xA4, 0xA8, 0xDE, 0x80, 0x2D, 0x57, 0x9B, 0x58, 0x2A, 0x59,
    0xF4, 0xB7, 0x59, 0x60, 0x9A, 0x9E, 0xD4, 0x53, 0x10, 0x45, 0xCD, 0x40, 0x54, 0x57, 0x99, 0x18,
    0xAA, 0x46, 0x9A, 0xE5, 0x9D, 0x89, 0xA0, 0x6A, 0x2A, 0xF7, 0xE8, 0x50, 0x39, 0x77, 0xCD, 0xFE,
    0x99, 0x20, 0xB6, 0xC2, 0x14, 0x52, 0xB5, 0xE3, 0x83, 0x8A, 0x36, 0x98, 0x04, 0x7D, 0xF6, 0x0F,
    0xDD, 0xF2, 0xD9, 0xA3, 0xAA, 0x2D, 0x0B, 0xE6, 0x3E, 0xD0, 0xA0, 0x9F, 0x55, 0xB2, 0x53, 0xC9,
    0xB6, 0x88, 0xC7, 0xD2, 0xA8, 0x55, 0x5A, 0x62, 0xBE, 0x9A, 0x94, 0xBB, 0xC8, 0xA1, 0x8C, 0xD6,
    0xF7, 0x8D, 0xEF, 0x13, 0x1D, 0x58, 0x78, 0x77, 0x8B, 0x44, 0xEC, 0xEA, 0xFA, 0xE0, 0x01, 0x2A,
    0x55, 0x9D, 0x2B, 0x15, 0xAC, 0x57, 0x81, 0xC6, 0xF2, 0x9E, 0x45, 0x4B, 0xC1, 0xAF, 0x88, 0x3D,
    0x3C, 0x4C, 0x2B, 0xE3, 0x9B, 0x3A, 0xB2, 0x45, 0x05, 0x32, 0x99, 0x1B, 0x3B, 0xE7, 0x9C, 0x13,
    0x8C, 0xCA, 0xF1, 0x8C, 0xA7, 0xCF, 0x23, 0x2E, 0x5A, 0x49, 0xFF, 0x17, 0x28, 0x77, 0x43, 0x37,
    0xA7, 0x41, 0x71, 0x5E, 0xCB, 0xD6, 0x6E, 0x58, 0xD7, 0xF2, 0xF0, 0xDE, 0x35, 0x0F, 0x0C, 0x1F,
    0xD0, 0x6B, 0x26, 0xE0, 0xC8, 0xFD, 0x2D, 0xEF, 0x2A, 0xE7, 0xCA, 0xAE, 0x3C, 0x39, 0xD8, 0xBA,
    0xB2, 0x5A, 0xA1, 0x25, 0x67, 0x11, 0x44, 0x3B, 0xEE, 0x0D, 0xC7, 0xCA, 0x6E, 0xC9, 0xC9, 0xA1,
    0x0A, 0x9A, 0x64, 0x43, 0x4E, 0x91, 0xC1, 0x1B, 0xDA, 0x94, 0xA9, 0x5B, 0x59, 0xF8, 0x97, 0x57,
    0xCA, 0xEA, 0x95, 0xDD, 0x3E, 0x9F, 0x96, 0x8C, 0x96, 0x17, 0xB1, 0x24, 0x13, 0x5A, 0x81, 0xB5,
    0x31, 0x0D, 0x8D, 0x4A, 0x44, 0x7F, 0x05, 0x60, 0xB7, 0x95, 0x1F, 0x52, 0xF5, 0xB3, 0xB4, 0xA3,
    0x42, 0x4E, 0x92, 0xAA, 0x78, 0xEC, 0x04, 0xEC, 0x57, 0x2A, 0x42, 0x80, 0x87, 0x2E, 0x28, 0xB8,
    0xD5, 0xF9, 0x90, 0x85, 0x25, 0x92, 0x0E, 0x89, 0xB1, 0x33, 0xFA, 0xF3, 0x10, 0x3B, 0x80, 0x26,
    0xDA, 0x42, 0x4F, 0x6A, 0xCF, 0xA2, 0x2D, 0xB5, 0x6D, 0x11, 0xA7, 0xB6, 0xF1, 0x91, 0xCF, 0x36,
    0x9D, 0x9C, 0xC5, 0x64, 0x73, 0x2D, 0xD1, 0xA3, 0x62, 0x08, 0xAB, 0x7C, 0xAB, 0x44, 0x20, 0xE8,
    0x84, 0xE3, 0xF2, 0x0A, 0xD0, 0x2A, 0x6E, 0x0E, 0x8D, 0x89, 0xBA, 0x4B, 0xAF, 0x73, 0x9A, 0xC1,
    0xB8, 0x68, 0xEC, 0xF7, 0x84, 0xF5, 0xAA, 0x9C, 0x6B, 0x2B, 0x7C, 0x2D, 0x1C, 0x4F, 0x65, 0x69,
    0x36, 0x1D, 0xDE, 0x91, 0x67, 0x11, 0x2F, 0xA0, 0x8F, 0xF1, 0x3C, 0x39, 0x4A, 0xC2, 0xA7, 0x8E,
    0x42, 0xBC, 0xD8, 0xB1, 0x52, 0xDE, 0x4A, 0x38, 0x22, 0x24, 0xC8, 0x12, 0xCC, 0x6C, 0x62, 0x47,
    0x9C, 0xC2, 0x50, 0xC7, 0x11, 0xB3, 0xE3, 0x88, 0xF2, 0x25, 0x6F, 0x19, 0x32, 0x71, 0xD6, 0x01,
    0x5E, 0xA7, 0x72, 0x16, 0x2E, 0x51, 0x5F, 0x1C, 0x0A, 0xB1, 0x2D, 0xE5, 0x73, 0x14, 0xA4, 0x0A,
    0x5E, 0xF7, 0x91, 0x7F, 0xBF, 0x79, 0x8A, 0xFF, 0x48, 0x57, 0xE6, 0x68, 0xE3, 0x87, 0x6C, 0x75,
    0xD1, 0x7A, 0x98, 0xAA, 0x64, 0x31, 0xA7, 0xB4, 0x89, 0xDA, 0x91, 0xED, 0xD5, 0xCD, 0x18, 0xDA,
    0xFD, 0x50, 0x0E, 0xE9, 0xC1, 0x02, 0x2E, 0x32, 0x17, 0x87, 0x66, 0xD9, 0x6B, 0xF7, 0x81, 0xFE,
    0xFD, 0x0B, 0xC6, 0x7E, 0xF5, 0x31, 0x26, 0x65, 0x68, 0x46, 0xAD, 0x50, 0x8A, 0x21, 0xC6, 0xF3,
    0xAC, 0xD4, 0x68, 0xC0, 0x60, 0x23, 0x92, 0xBC, 0xE3, 0x9F, 0xAC, 0xC2, 0x6F, 0x29, 0x26, 0x9E,
    0x48, 0xEF, 0x4F, 0x4D, 0x32, 0x93, 0x49, 0xF4, 0xD4, 0xB2, 0xC9, 0x4E, 0xB7, 0xDB, 0x47, 0x92,
    0xD3, 0x82, 0x27, 0x40, 0xAD, 0x51, 0xBE, 0x9B, 0x84, 0xD0, 0xA9, 0x46, 0xD9, 0xD7, 0x89, 0x46,
    0x63, 0x40, 0x47, 0x62, 0xE3, 0xFF, 0x40, 0x5B, 0xA0, 0x0B, 0xA8, 0x54, 0x1E, 0xD3, 0x48, 0x65,
    0xD2, 0x7A, 0x2D, 0x11, 0xD5, 0x41, 0x67, 0x11, 0xB1, 0xB0, 0x32, 0x70, 0xC2, 0x28, 0x9B, 0x4D,
    0x4D, 0x58, 0xCE, 0x27, 0xD7, 0x05, 0x80, 0x49, 0x0D, 0xB1, 0x79, 0x3C, 0x3A, 0x87, 0xFB, 0xEA,
    0xD5, 0x8C, 0x8A, 0x28, 0x87, 0x65, 0xC0, 0x63, 0xD8, 0xCB, 0xA4, 0xE2, 0xBF, 0x68, 0x4F, 0x89,
    0xC9, 0x0A, 0xC6, 0x51, 0x8F, 0x0C, 0xD7, 0x00, 0x60, 0xA7, 0x82, 0xC3, 0xE6, 0x72, 0xBA, 0x99,
    0x63, 0xB5, 0x7D, 0x3F, 0x2A, 0xCC, 0xDB, 0x10, 0xE2, 0xC7, 0xA2, 0xD3, 0x6E, 0xE5, 0xBE, 0x39,
    0xE8, 0xEE, 0x66, 0x0A, 0x56, 0x84, 0x52, 0xAC, 0x12, 0x9C, 0x75, 0xA4, 0x8D, 0x76, 0x6E, 0xA5,
    0xCD, 0x84, 0xB9, 0xA9, 0x2B, 0xD2, 0xCA, 0x71, 0x50, 0xE3, 0xAD, 0x29, 0xAC, 0xC4, 0x07, 0x8D,
    0x95, 0x1E, 0x21, 0xC9, 0x0E, 0x93, 0xE0, 0xA4, 0xD1, 0xCD, 0x9E, 0x50, 0xA1, 0xCC, 0xA0, 0x94,
    0x4B, 0x50, 0xE3, 0x54, 0x34, 0x33, 0x29, 0xDD, 0x11, 0x86, 0x0C, 0xC2, 0x1B, 0x68, 0xF3, 0xB0,
    0x38, 0x53, 0xA9, 0x98, 0xFA, 0x20, 0xC1, 0x19, 0x09, 0x7A, 0x9E, 0x72, 0xE5, 0xAA, 0x9A, 0x11,
    0x91, 0x1E, 0xFA, 0x30, 0xC4, 0x32, 0xCE, 0x53, 0xBC, 0x40, 0x8F, 0x95, 0xF3, 0x54, 0x62, 0x0C,
    0x57, 0x49, 0x18, 0x17, 0x65, 0x87, 0xDE, 0x5B, 0xC1, 0x5F, 0x0B, 0x87, 0x13, 0x68, 0x6D, 0x11,
    0x6F, 0x97, 0x8B, 0x5B, 0xCA, 0x48, 0xC8, 0x7F, 0xE4, 0xC1, 0x83, 0x07, 0xB7, 0xA1, 0x21, 0x01,
    0xAD, 0x40, 0x7B, 0x91, 0x3F, 0x5D, 0xE8, 0xF7, 0x31, 0x2E, 0x52, 0x15, 0xAD, 0x25, 0x5F, 0xE4,
    0x0A, 0x41, 0x5C, 0x14, 0xB6, 0x63, 0xFE, 0xB0, 0x3A, 0x5F, 0x34, 0x7A, 0xD1, 0xF0, 0x85, 0x01,
    0xD8, 0xFF, 0xC0, 0xB7, 0xB1, 0x7F, 0x45, 0xAA, 0xE6, 0xFF, 0x8E, 0x4B, 0x51, 0xED, 0x92, 0xA8,
    0x6F, 0xFB, 0x3E, 0xDB, 0x2A, 0x25, 0x8E, 0x3F, 0xA5, 0x1E, 0x59, 0x2B, 0xB5, 0x26, 0x2F, 0xF8,
    0xBE, 0x9C, 0x2B, 0x05, 0x2C, 0x09, 0xA7, 0x6A, 0x92, 0x8B, 0x8C, 0xE8, 0x68, 0xE8, 0x86, 0x66,
    0x93, 0x52, 0x11, 0xF6, 0x7D, 0xAF, 0x17, 0xD4, 0x08, 0xAF, 0x11, 0x3D, 0x6D, 0x92, 0xD7, 0xD8,
    0xBF, 0xB5, 0xAB, 0x2D, 0xA9, 0x98, 0x74, 0x57, 0xBB, 0x98, 0xC1, 0xF1, 0x72, 0xD1, 0x4C, 0xA2,
    0x6C, 0x57, 0xC3, 0x13, 0xFF, 0xBF, 0x1A, 0xA2, 0xCC, 0xD8, 0x71, 0x41, 0x3B, 0xB3, 0x76, 0x31,
    0x30, 0xEF, 0xE4, 0x02, 0xF5, 0xDD, 0xF4, 0x82, 0x05, 0x38, 0x71, 0x81, 0xC8, 0x3F, 0x76, 0x54,
    0x84, 0x60, 0xB9, 0xE0, 0x82, 0x97, 0x93, 0x5E, 0x14, 0x74, 0xF1, 0x6C, 0xCD, 0x74, 0x5F, 0x73,
    0xA6, 0x47, 0x6D, 0x76, 0x14, 0x6F, 0x55, 0x5D, 0x3A, 0x71, 0xA2, 0x57, 0xAD, 0x0B, 0x5B, 0xD1,
    0x40, 0x72, 0x0C, 0xC1, 0xCF, 0x3F, 0x78, 0xF0, 0x35, 0xFE, 0xF3, 0x57, 0x2E, 0x3A, 0xA6, 0x0B,
    0xDF, 0xB6, 0x46, 0x68, 0x24, 0xF0, 0x58, 0x24, 0x50, 0xB8, 0x61, 0x98, 0x5C, 0xA3, 0xD1, 0x80,
    0xF5, 0x44, 0x1F, 0x1B, 0x06, 0x8B, 0xCE, 0x98, 0xD9, 0xC6, 0x8A, 0xB4, 0xC1, 0x89, 0x72, 0x95,
    0x71, 0xC7, 0xCB, 0xB0, 0xF4, 0x66, 0x44, 0x04, 0xEB, 0x85, 0x36, 0x78, 0x6D, 0x6E, 0xE9, 0xD4,
    0xE0, 0xE2, 0x38, 0x00, 0xA0, 0xEE, 0x10, 0xDD, 0xFE, 0x71, 0xA1, 0x60, 0x5D, 0x51, 0xB8, 0x9A,
    0x29, 0xC5, 0x4E, 0x23, 0xCD, 0xCE, 0x62, 0x5F, 0x7D, 0xE0, 0xF3, 0x0C, 0x8F, 0x9E, 0x27, 0x66,
    0xC7, 0x1B, 0x75, 0x9C, 0xAC, 0xD2, 0xC6, 0x47, 0x2F, 0x2C, 0x27, 0xD3, 0x03, 0x34, 0x87, 0xC9,
    0x22, 0x99, 0x7F, 0x8E, 0x7A, 0x4A, 0x08, 0xE7, 0x15, 0xE5, 0xAB, 0xD2, 0x1F, 0x13, 0x10, 0x79,
    0x29, 0xCC, 0xF7, 0x75, 0xCA, 0x6F, 0xC1, 0x71, 0x50, 0xA5, 0x6F, 0x51, 0x13, 0x9E, 0x35, 0xCA,
    0xA2, 0xEC, 0xED, 0x80, 0x40, 0x4C, 0x30, 0xF2, 0x11, 0x1E, 0xCF, 0x24, 0x6F, 0xB1, 0x89, 0xB3,
    0xC0, 0x74, 0x64, 0x46, 0xCE, 0xF5, 0x70, 0x73, 0xA1, 0x47, 0x9B, 0x4B, 0x0B, 0x2A, 0x1C, 0x0B,
    0xC1, 0x60, 0x81, 0xB0, 0xFA, 0xD4, 0x20, 0x28, 0x2C, 0x28, 0x2D, 0xA8, 0x78, 0xBA, 0x4B, 0xD0,
    0x37, 0x6A, 0x40, 0x34, 0xA0, 0x1D, 0x62, 0xC4, 0x46, 0x98, 0x9B, 0x23, 0x1F, 0x60, 0x17, 0x99,
    0x9E, 0xD3, 0x5E, 0x4A, 0xDE, 0x46, 0x09, 0xB3, 0xC2, 0x1D, 0x40, 0xDF, 0x67, 0x72, 0xAC, 0xFE,
    0x38, 0x68, 0x14, 0xBC, 0x66, 0x77, 0xCE, 0x4A, 0xC8, 0x93, 0x70, 0xEB, 0xB5, 0xFF, 0xC9, 0x31,
    0xE9, 0x24, 0x69, 0xB1, 0x85, 0x93, 0x3D, 0x8C, 0xC3, 0xF0, 0x69, 0x1B, 0x1C, 0xEE, 0x6C, 0xD5,
    0x17, 0x2C, 0xA2, 0xC4, 0x82, 0x45, 0x84, 0x36, 0xD4, 0x46, 0x85, 0xA9, 0xFC, 0x4C, 0xC2, 0x42,
    0x52, 0x5D, 0x1B, 0x9A, 0x85, 0x9D, 0xF1, 0x5D, 0x77, 0x84, 0xB2, 0x59, 0xFC, 0x4C, 0x46, 0x4C,
    0x83, 0x73, 0x6D, 0xAA, 0x93, 0xCC, 0x03, 0xF1, 0xCF, 0x74, 0xDA, 0x48, 0xA9, 0x17, 0xA7, 0x3F,
    0x13, 0x2C, 0xE2, 0x67, 0x82, 0xC5, 0x58, 0x46, 0xE9, 0x64, 0x68, 0xB6, 0x70, 0x36, 0x58, 0x3E,
    0xE9, 0x79, 0xFA, 0x77, 0x3D, 0x4F, 0x23, 0xA2, 0x50, 0xD3, 0x54, 0x17, 0x48, 0x39, 0xD0, 0x2B,
    0x43, 0x1A, 0xB2, 0x48, 0x0A, 0xC1, 0x1F, 0xA8, 0x26, 0xA5, 0x5D, 0x7E, 0x41, 0x5D, 0x52, 0xA3,
    0x13, 0x39, 0xB3, 0x81, 0x5D, 0x68, 0x09, 0xD0, 0x1E, 0xF8, 0x75, 0xF9, 0x53, 0x3F, 0x95, 0xF8,
    0x51, 0xCA, 0x28, 0xF5, 0x2A, 0x28, 0x42, 0xD0, 0x79, 0x55, 0x45, 0xEA, 0x04, 0x7B, 0x09, 0x0A,
    0x25, 0x53, 0x16, 0x42, 0xF2, 0xE3, 0x0A, 0xB3, 0x42, 0x64, 0x50, 0x8C, 0x07, 0x52, 0x90, 0xEA,
    0xA4, 0x73, 0x02, 0xF2, 0x6E, 0x8F, 0x04, 0x3E, 0x81, 0x49, 0x4C, 0x33, 0x00, 0x62, 0xA3, 0x06,
    0x06, 0x2C, 0x39, 0x84, 0x0D, 0xF7, 0x23, 0xB0, 0x19, 0x1F, 0x26, 0x3C, 0x76, 0xEA, 0x4E, 0xB6,
    0xF5, 0x14, 0xD8, 0x64, 0xA7, 0x5D, 0xFC, 0x48, 0x7F, 0x1B, 0xF4, 0xB4, 0x37, 0x05, 0x7A, 0x10,
    0x78, 0xF0, 0x13, 0xC4, 0xB9, 0x0F, 0x4D, 0xCC, 0x8C, 0xBA, 0xC1, 0x4D, 0x53, 0xB9, 0x3A, 0x73,
    0xA9, 0x11, 0x4B, 0xFF, 0x86, 0xA7, 0xF7, 0xAE, 0xEA, 0x62, 0x82, 0x06, 0x40, 0x59, 0x2B, 0x15,
    0x3C, 0xB4, 0x4A, 0x42, 0x06, 0xE1, 0xB9, 0xE7, 0x0E, 0xC1, 0x62, 0x6A, 0x45, 0xF7, 0x5F, 0xE8,
    0xAE, 0x55, 0x83, 0x28, 0x3A, 0x1E, 0x5D, 0x9B, 0xF7, 0x59, 0x4D, 0xBE, 0x09, 0x93, 0x3C, 0x2D,
    0xED, 0xEE, 0x0A, 0x30, 0x15, 0x1D, 0x53, 0x66, 0x3F, 0x69, 0x99, 0x9C, 0xB7, 0xDF, 0x79, 0x0C,
    0x28, 0x3E, 0x5E, 0x6C, 0x9D, 0xEE, 0xB5, 0x1E, 0xA5, 0x16, 0x2A, 0xD6, 0x26, 0xA5, 0x74, 0xDC,
    0xA9, 0xF1, 0x02, 0x37, 0x14, 0x16, 0x08, 0xA0, 0xC0, 0x2C, 0x97, 0xC1, 0xC6, 0x03, 0x94, 0x2E,
    0x49, 0x85, 0x35, 0xC8, 0x03, 0x07, 0xA3, 0x06, 0xDD, 0xC0, 0x1D, 0x55, 0xCE, 0xAE, 0x83, 0xC8,
    0xA3, 0xE9, 0xDA, 0x40, 0xE2, 0x55, 0x23, 0x0D, 0x57, 0x4E, 0xD2, 0x73, 0xF5, 0xBB, 0xD4, 0x7B,
    0x72, 0x17, 0x89, 0x7B, 0x4C, 0xBD, 0x2D, 0x87, 0x21, 0x69, 0x26, 0xE7, 0xAC, 0xBD, 0x5C, 0x90,
    0x72, 0x41, 0xC8, 0x19, 0x51, 0xD8, 0xC8, 0x72, 0x81, 0x24, 0x02, 0x45, 0x04, 0x82, 0x08, 0x9E,
    0x8E, 0x37, 0x78, 0x67, 0xBE, 0x53, 0x36, 0x96, 0x59, 0xBA, 0x72, 0xFB, 0xA4, 0x30, 0x8C, 0x5D,
    0xD1, 0xC8, 0xA9, 0xE9, 0xCF, 0xD7, 0xF8, 0xAB, 0x96, 0xD5, 0x42, 0xA1, 0xCD, 0xBD, 0xA0, 0xC1,
    0xE9, 0x93, 0xE9, 0xCA, 0xCB, 0x20, 0xA9, 0xA5, 0xD9, 0xBA, 0xC5, 0x58, 0x4C, 0xB9, 0x23, 0x11,
    0xCB, 0xD4, 0xD3, 0x8B, 0x75, 0x7E, 0xE7, 0xDE, 0xF4, 0xBF, 0xB4, 0x32, 0xFC, 0x8C, 0x98, 0x1D,
    0xE5, 0xA5, 0x29, 0x42, 0x86, 0x62, 0x3F, 0x27, 0x92, 0x0F, 0xBF, 0x64, 0xAA, 0xEC, 0x96, 0x42,
    0x8E, 0xD8, 0xAD, 0x95, 0x9C, 0xAC, 0x59, 0x3B, 0xB5, 0x34, 0x7B, 0x00, 0xA4, 0x26, 0xD1, 0x54,
    0x23, 0xBD, 0x6C, 0xB7, 0x5A, 0xAC, 0xF7, 0xDA, 0x32, 0xB1, 0x5A, 0xA4, 0x72, 0xD3, 0x87, 0x64,
    0x7B, 0xCE, 0xFD, 0x8E, 0x13, 0xF9, 0xE7, 0x9A, 0x2F, 0x69, 0x03, 0x74, 0x36, 0x3D, 0xCC, 0xD0,
    0x39, 0x6F, 0xCF, 0xED, 0xAC, 0xDD, 0x43, 0xD9, 0xB2, 0xC5, 0x85, 0x7F, 0xB9, 0xB5, 0x6A, 0x61,
    0x41, 0x69, 0x06, 0x2B, 0xF3, 0x56, 0x97, 0x50, 0xE7, 0xCA, 0xCA, 0x2B, 0xC2, 0x94, 0x35, 0x82,
    0xB0, 0xCB, 0x8D, 0xE2, 0x3D, 0xB5, 0x59, 0x57, 0x9A, 0xB9, 0x21, 0xA2, 0xF2, 0x4B, 0x83, 0xC9,
    0x4D, 0x36, 0x2C, 0xE3, 0xFF, 0x68, 0x9C, 0xD3, 0xE5, 0x9A, 0xB3, 0x1F, 0xA4, 0x74, 0xAE, 0x25,
    0x8B, 0x60, 0x96, 0x9A, 0x15, 0x5B, 0x10, 0xC6, 0x74, 0xC3, 0xAD, 0x44, 0x9A, 0x73, 0x25, 0x77,
    0x93, 0x41, 0x78, 0x76, 0xBB, 0x38, 0xC9, 0x95, 0x6C, 0x5B, 0xCE, 0x0A, 0x7A, 0xA1, 0x4F, 0x0A,
    0xCF, 0xE0, 0xEE, 0xB8, 0x6B, 0xEA, 0x8C, 0x27, 0x77, 0x5D, 0x72, 0xDC, 0x53, 0xDB, 0xD2, 0xA3,
    0x3A, 0x46, 0xC3, 0x52, 0xED, 0xD7, 0x7E, 0x3B, 0xE6, 0x63, 0x1C, 0x46, 0x66, 0x65, 0xC3, 0x98,
    0x0F, 0xF1, 0xB6, 0x5A, 0xCA, 0xC5, 0x30, 0x3A, 0x1B, 0x46, 0x67, 0x63, 0x31, 0x29, 0x46, 0x62,
    0x40, 0x4C, 0x2D, 0xC8, 0x75, 0x94, 0xE3, 0xD1, 0x4C, 0xFD, 0x5E, 0x7F, 0x95, 0xA1, 0x04, 0x1C,
    0x8E, 0x39, 0x38, 0x0F, 0x54, 0xAC, 0x22, 0xF7, 0x9A, 0x1F, 0x2C, 0xEA, 0x1C, 0x64, 0x26, 0xEF,
    0xE1, 0x96, 0x48, 0xAC, 0x92, 0x7C, 0xE2, 0xD6, 0xBA, 0xAA, 0xDC, 0x43, 0x11, 0xBB, 0xD5, 0x1A,
    0xF3, 0xEB, 0x47, 0xFB, 0x7E, 0xD7, 0x9A, 0x33, 0x33, 0xA3, 0x81, 0x57, 0x6B, 0xCF, 0xF1, 0xAB,
    0x67, 0x2B, 0xB9, 0x41, 0xC5, 0xE9, 0x50, 0xB4, 0x50, 0x6B, 0x2C, 0x12, 0xCC, 0x80, 0x17, 0xFC,
    0x6B, 0xEE, 0xED, 0x65, 0x26, 0xC0, 0xF1, 0xAC, 0x9F, 0x5B, 0xCA, 0x12, 0xFF, 0xF7, 0x06, 0xE0,
    0xDC, 0xD7, 0x06, 0x3E, 0xDA, 0xB6, 0x71, 0x03, 0x6D, 0x5B, 0x11, 0x18, 0x43, 0xD1, 0xF7, 0x86,
    0x6C, 0xE5, 0x1E, 0x2A, 0xA6, 0xF1, 0x51, 0x83, 0xBC, 0xDD, 0xC9, 0x69, 0x1E, 0x72, 0xEE, 0x27,
    0xBC, 0x75, 0x4D, 0x84, 0x0F, 0x3A, 0x0D, 0x27, 0xE0, 0x7D, 0x4E, 0x8D, 0x13, 0x7C, 0xF8, 0x9C,
    0x6B, 0xB1, 0xC8, 0x84, 0xC2, 0x3D, 0x52, 0x24, 0xE6, 0x95, 0x21, 0x13, 0xC8, 0xA6, 0xBC, 0xF1,
    0x12, 0xC7, 0x4B, 0x0F, 0x2D, 0x91, 0xC9, 0x9B, 0xDA, 0x23, 0xAC, 0x8D, 0x1D, 0xE5, 0x1C, 0xE0,
    0x47, 0x09, 0xC1, 0x90, 0x42, 0x78, 0xB8, 0xD9, 0xB4, 0x51, 0x6B, 0xA4, 0xC7, 0x37, 0x2B, 0xDB,
    0x71, 0xA8, 0x7C, 0xD7, 0xF8, 0xC0, 0x78, 0xDD, 0x11, 0x0A, 0x54, 0x66, 0x63, 0x4C, 0xE1, 0x80,
    0xE8, 0xD0, 0x46, 0x08, 0x25, 0x53, 0xB1, 0x84, 0x83, 0x31, 0xA7, 0x30, 0x75, 0x22, 0x02, 0xB4,
    0x7F, 0x8F, 0xF3, 0x8C, 0xC7, 0x79, 0x86, 0x8B, 0xF3, 0x74, 0xC7, 0x79, 0xE4, 0x10, 0x6A, 0x57,
    0x7E, 0x14, 0x84, 0xA5, 0x7A, 0x5B, 0x0B, 0x1B, 0x1F, 0x4C, 0x4A, 0xE7, 0x4F, 0xD6, 0xC5, 0x6A,
    0x6E, 0xFF, 0xAA, 0xED, 0x08, 0xD7, 0x23, 0x3C, 0xF8, 0xA7, 0x9A, 0x1E, 0x17, 0x36, 0xC3, 0x11,
    0x06, 0x1D, 0xE1, 0xBA, 0xF6, 0xF8, 0xB4, 0x0E, 0xE1, 0x33, 0xAA, 0x40, 0x50, 0x66, 0xDA, 0xD7,
    0x8E, 0xC6, 0xA4, 0x5D, 0x6D, 0x28, 0x7F, 0xA3, 0xF8, 0x68, 0x23, 0x3E, 0x59, 0xC1, 0x5A, 0xC4,
    0xD2, 0x87, 0x94, 0xF2, 0xA1, 0x91, 0xD0, 0x12, 0x81, 0x4E, 0x08, 0x24, 0x93, 0x73, 0xC5, 0xC4,
    0x8F, 0xE1, 0x91, 0x4A, 0xA0, 0xC9, 0xED, 0x2C, 0xE0, 0x87, 0xA6, 0xFC, 0x63, 0x29, 0xDA, 0x2A,
    0x0F, 0xA5, 0xBD, 0xD4, 0x57, 0x1C, 0xC4, 0x26, 0x0F, 0x5D, 0x90, 0xFE, 0x8D, 0xE9, 0xF4, 0xDC,
    0x1B, 0x83, 0xBC, 0xE2, 0xFF, 0xE2, 0x68, 0xE4, 0x5F, 0x68, 0x20, 0x3F, 0x3A, 0x87, 0x6B, 0xE3,
    0xE5, 0xD6, 0x68, 0x6B, 0xB7, 0x89, 0xEA, 0x8D, 0xA4, 0x76, 0x23, 0xB2, 0x55, 0x9B, 0x86, 0xD3,
    0x35, 0x86, 0xBE, 0xE1, 0xE8, 0xEF, 0x83, 0xD9, 0xE0, 0xE8, 0x1B, 0x68, 0x24, 0xFE, 0xAE, 0xA6,
    0xBB, 0x23, 0x19, 0x10, 0xCC, 0x60, 0x0C, 0xAF, 0x22, 0xA8, 0x74, 0x46, 0x58, 0xAE, 0xB0, 0x1B,
    0xB1, 0x71, 0xD3, 0xEA, 0x03, 0x3E, 0x2F, 0xD5, 0x73, 0xF4, 0xF8, 0xDC, 0xA0, 0x28, 0x9F, 0x57,
    0x01, 0x82, 0x25, 0xA0, 0x26, 0x07, 0x6D, 0xF1, 0x2B, 0xB3, 0x22, 0xF2, 0x79, 0xB7, 0xDB, 0x24,
    0xE2, 0xCF, 0xAD, 0xD3, 0xE4, 0xF3, 0xA3, 0xC3, 0xE0, 0xC2, 0x70, 0xA5, 0x9F, 0x47, 0x87, 0x1D,
    0xA1, 0x28, 0xD6, 0xAE, 0x93, 0xCF, 0xAD, 0xF1, 0xE4, 0xF3, 0x24, 0x34, 0x1C, 0x7F, 0x6E, 0x2E,
    0x45, 0x3E, 0x4F, 0x71, 0x58, 0xFE, 0x3C, 0xC1, 0x81, 0x07, 0x15, 0x07, 0xFC, 0xAB, 0x3C, 0x90,
    0xC9, 0xBB, 0x27, 0x62, 0xBC, 0x48, 0xC4, 0x10, 0x0E, 0x6C, 0x69, 0xB9, 0x4C, 0x84, 0x5D, 0x35,
    0x9A, 0xAE, 0xC6, 0xBB, 0x53, 0x47, 0x7A, 0x41, 0x6B, 0xF8, 0xB7, 0xBB, 0xA3, 0x2F, 0xC1, 0xFC,
    0xDD, 0x71, 0xF5, 0xEE, 0x95, 0xFE, 0xCE, 0x45, 0xA5, 0xBF, 0xF9, 0xA4, 0x95, 0x1E, 0x9E, 0xA8,
    0xD2, 0xC3, 0x7B, 0x56, 0xBA, 0xBA, 0x57, 0x69, 0xF7, 0xAB, 0x5C, 0xE9, 0xF1, 0x03, 0x55, 0xBA,
    0xB8, 0x57, 0xE9, 0xF6, 0xA2, 0xD2, 0xF5, 0x13, 0x57, 0x7A, 0xBF, 0xA8, 0x34, 0xFD, 0xBC, 0xB9,
    0xB8, 0x3A, 0x55, 0xDA, 0x1F, 0xD4, 0xC8, 0x79, 0x75, 0xE7, 0xAB, 0xFD, 0x7C, 0x75, 0xE2, 0xE6,
    0x4B, 0x7A, 0xE6, 0xAB, 0xF9, 0xE2, 0x6A, 0xBA, 0xB8, 0x1A, 0xCF, 0x57, 0x27, 0xAA, 0xBE, 0x64,
    0xEB, 0x4B, 0x96, 0xA6, 0x7F, 0xFF, 0x6D, 0xF0, 0x3B, 0xB5, 0xDA, 0x1D, 0x53, 0x89, 0x7A, 0xB6,
    0x87, 0xB2, 0x6E, 0xF2, 0x7E, 0x71, 0xBC, 0x24, 0x0F, 0xB9, 0x7C, 0xDD, 0x28, 0x42, 0xAC, 0x1B,
    0xA4, 0x64, 0x4D, 0x2F, 0x6B, 0xD5, 0x4A, 0x99, 0x22, 0x2D, 0x97, 0xD3, 0x96, 0x74, 0x5A, 0x14,
    0xBC, 0xF1, 0xCE, 0xE4, 0xED, 0xAC, 0xEA, 0xD6, 0xEB, 0xC8, 0x80, 0xB7, 0x54, 0x16, 0xA6, 0xF4,
    0x37, 0xFC, 0xAA, 0x66, 0x17, 0x21, 0x4E, 0x58, 0xC2, 0x58, 0xA0, 0xED, 0x00, 0x4F, 0xFA, 0x7F,
    0x14, 0xD6, 0x05, 0x71, 0x0C, 0x49, 0x69, 0x88, 0x11, 0xAC, 0x14, 0x82, 0x12, 0xE2, 0xE0, 0x01,
    0xAE, 0xD7, 0xB3, 0x5C, 0x95, 0x22, 0xE6, 0xAA, 0x42, 0x0B, 0xCD, 0x03, 0x76, 0x73, 0xAB, 0xBD,
    0x29, 0x0A, 0x11, 0x0F, 0xF5, 0x3A, 0x45, 0xF0, 0x64, 0x5C, 0xA4, 0x41, 0xBD, 0x8E, 0xF2, 0xCD,
    0xAD, 0x79, 0x48, 0x7A, 0xD8, 0x7C, 0xB8, 0x06, 0x51, 0x0B, 0x9A, 0x0D, 0x19, 0x22, 0x9A, 0x12,
    0x01, 0xAD, 0xE6, 0x45, 0x96, 0xDC, 0xA4, 0x7F, 0x7F, 0xCC, 0x17, 0x99, 0x2E, 0x82, 0x54, 0x9D,
    0x30, 0x3A, 0x5E, 0x64, 0x51, 0x0B, 0x60, 0x9D, 0x7A, 0xBA, 0x68, 0x50, 0x42, 0x15, 0x13, 0x9D,
    0xA8, 0x62, 0x99, 0x35, 0xCA, 0x55, 0xD2, 0xC1, 0x52, 0x72, 0x6B, 0xD2, 0xF5, 0x0A, 0xE9, 0x59,
    0xD1, 0x87, 0x0B, 0x7B, 0x4C, 0x11, 0x44, 0x31, 0xB2, 0x34, 0x48, 0xBF, 0xF2, 0x5F, 0x3A, 0x8B,
    0x5D, 0x70, 0x03, 0x8E, 0xA9, 0x1E, 0x14, 0x3D, 0x28, 0xA7, 0x96, 0xA6, 0x1B, 0x8F, 0x53, 0xD3,
    0x91, 0x8F, 0x53, 0xD3, 0xC1, 0x8E, 0x53, 0xC3, 0x1B, 0xE8, 0xA9, 0x29, 0xB5, 0x7A, 0xEA, 0x46,
    0xA8, 0xB2, 0xE1, 0xBC, 0x4A, 0xF3, 0xCD, 0xD9, 0x49, 0xFA, 0xF4, 0xD5, 0x21, 0x7E, 0xEE, 0xF0,
    0x99, 0x9C, 0x73, 0x97, 0xCF, 0x8E, 0x32, 0x5A, 0x05, 0xC3, 0x90, 0x8D, 0xAC, 0xCC, 0xA9, 0x2A,
    0x67, 0xF3, 0x78, 0x99, 0xC2, 0x36, 0x7F, 0x04, 0xB6, 0x66, 0x13, 0x5B, 0xE7, 0x8E, 0x7A, 0x84,
    0x49, 0x6F, 0x46, 0x8C, 0x36, 0xF1, 0x13, 0x13, 0x6C, 0xA3, 0xA6, 0x7D, 0xB3, 0x24, 0xB7, 0xBA,
    0x42, 0xEA, 0x10, 0x1C, 0x27, 0xA4, 0x38, 0x0F, 0x90, 0x5D, 0x94, 0xDE, 0x04, 0xBE, 0xFC, 0x59,
    0xAA, 0x6B, 0x06, 0xDD, 0x3C, 0x23, 0x89, 0x92, 0xEF, 0x1E, 0xC8, 0x92, 0x3C, 0x82, 0xCC, 0xA2,
    0x83, 0x85, 0x34, 0x57, 0x8B, 0xA6, 0x69, 0x90, 0x8F, 0xB7, 0x90, 0x1C, 0x4E, 0xC0, 0x2B, 0xC0,
    0x06, 0x3E, 0xA9, 0x25, 0x2F, 0x9C, 0x81, 0x54, 0x7F, 0x98, 0x29, 0x0F, 0xE4, 0xFE, 0x36, 0xE5,
    0xB6, 0xCC, 0xB9, 0x03, 0xB9, 0x80, 0x98, 0x70, 0xF4, 0xDE, 0x59, 0xA4, 0x51, 0x31, 0x39, 0xEC,
    0x3F, 0x1F, 0x44, 0xC0, 0x47, 0xB5, 0xDA, 0x27, 0xF7, 0x3E, 0x6B, 0xE2, 0x8F, 0x9E, 0xB2, 0x76,
    0x12, 0x71, 0x7D, 0xBA, 0x5E, 0xB4, 0x24, 0xF3, 0x85, 0x14, 0x33, 0x25, 0xC6, 0xE7, 0xFE, 0x35,
    0xA4, 0xBC, 0x8F, 0x67, 0x31, 0x4C, 0xBC, 0xBD, 0x88, 0xD1, 0xA3, 0xE2, 0x8F, 0xAB, 0xC2, 0xDD,
    0x58, 0xF9, 0x87, 0x11, 0xE7, 0xA1, 0xD2, 0x36, 0xCF, 0xCF, 0x6F, 0xD1, 0x32, 0xA1, 0x31, 0xAE,
    0xBA, 0xFD, 0xCC, 0x91, 0x57, 0xD2, 0xD0, 0xF0, 0x31, 0xC0, 0xCC, 0xA8, 0x58, 0x5A, 0xC0, 0x18,
    0x5B, 0xF0, 0x9F, 0x9D, 0x12, 0x3D, 0x7F, 0xD7, 0x26, 0x9A, 0x75, 0x19, 0xD4, 0x42, 0x31, 0x93,
    0x36, 0x4A, 0x45, 0x37, 0x75, 0x38, 0x18, 0x97, 0xD6, 0xA3, 0x27, 0x56, 0xC1, 0x5D, 0xE4, 0x21,
    0x6B, 0x37, 0xE9, 0x95, 0x84, 0x83, 0x04, 0xBB, 0xA2, 0x22, 0x67, 0x5E, 0x4F, 0x86, 0x2B, 0xC9,
    0x04, 0xAE, 0x08, 0x8F, 0xA2, 0x02, 0x70, 0x45, 0xA8, 0xAC, 0x00, 0x54, 0xA5, 0xD4, 0xFA, 0xE2,
    0x8A, 0x60, 0xD0, 0x1E, 0x57, 0x3A, 0x99, 0x70, 0xD5, 0xF8, 0xD0, 0x2E, 0x8A, 0x89, 0xE3, 0xCA,
    0x3F, 0xF6, 0x0A, 0xEA, 0x9D, 0x89, 0x17, 0x57, 0x31, 0x6F, 0x96, 0xB1, 0x8C, 0xAB, 0x44, 0x94,
    0xB6, 0x5E, 0xC1, 0xD7, 0x31, 0x76, 0xBD, 0xB7, 0x62, 0x26, 0x38, 0xBA, 0x95, 0x54, 0x12, 0x51,
    0xAB, 0xF9, 0x63, 0xA4, 0x77, 0xBC, 0x6B, 0x9E, 0xBC, 0xC0, 0x7B, 0x23, 0x46, 0xB1, 0x96, 0x26,
    0xAC, 0x40, 0xE6, 0x7B, 0xE0, 0x10, 0xF6, 0xB3, 0xAB, 0xB2, 0x65, 0x48, 0x75, 0xC4, 0xE5, 0x4C,
    0xBD, 0x8E, 0x14, 0x26, 0xF5, 0x3A, 0xD6, 0xA9, 0xAD, 0x34, 0xD1, 0xE8, 0xF8, 0x11, 0x9E, 0xC8,
    0x34, 0x19, 0x2F, 0xBF, 0xFC, 0xF2, 0x4B, 0x10, 0xE9, 0xB7, 0x86, 0x80, 0x67, 0xAD, 0x78, 0x57,
    0xDE, 0xB0, 0x52, 0x86, 0xF2, 0x86, 0xF9, 0x9E, 0x84, 0x2F, 0x73, 0xEA, 0x2F, 0x23, 0xB2, 0x59,
    0xD9, 0xA2, 0x0A, 0x9A, 0xB2, 0x0A, 0x2A, 0xA3, 0xF1, 0x2E, 0x28, 0x8C, 0x83, 0xAF, 0x4D, 0x62,
    0x21, 0xDA, 0x24, 0x6A, 0x83, 0xD0, 0x1A, 0x54, 0x56, 0x15, 0x7E, 0x53, 0xB6, 0xCE, 0x42, 0x97,
    0xC4, 0xE6, 0x62, 0xE4, 0x48, 0x93, 0xB3, 0x19, 0x2B, 0x51, 0xB5, 0x5B, 0xD4, 0x2C, 0x46, 0x71,
    0x7E, 0x52, 0x92, 0x8B, 0x98, 0x95, 0x7B, 0x69, 0x4D, 0xA5, 0x64, 0x7A, 0xB2, 0x1E, 0xC3, 0x15,
    0x7B, 0x18, 0x3E, 0xAB, 0x6E, 0x3E, 0x42, 0x4B, 0x51, 0xF0, 0x5B, 0xFC, 0xAC, 0x4A, 0xF1, 0xD4,
    0xCB, 0x31, 0xE8, 0xF5, 0x9C, 0xAC, 0x5B, 0x8E, 0x36, 0xBE, 0xDA, 0x38, 0x9A, 0x95, 0x89, 0x39,
    0x17, 0xDA, 0xE9, 0xD4, 0x5A, 0x0F, 0x1E, 0x3C, 0xF8, 0xAA, 0xEC, 0xBE, 0x2D, 0x61, 0xF9, 0x66,
    0x58, 0x37, 0xBF, 0xA3, 0xC8, 0x48, 0x69, 0x21, 0xC9, 0xA6, 0xD3, 0x33, 0x20, 0x3A, 0x1E, 0xD9,
    0xAD, 0xB0, 0x66, 0x2D, 0xB3, 0x9D, 0x7E, 0x38, 0xB0, 0xAE, 0x02, 0x38, 0xF0, 0xB5, 0x6B, 0x36,
    0xE4, 0xBB, 0x13, 0x02, 0x10, 0x1E, 0x60, 0x3C, 0x36, 0x3B, 0xF8, 0xBE, 0xD9, 0xC1, 0x59, 0xF8,
    0xD5, 0xC4, 0x8F, 0x6C, 0xFC, 0xF4, 0xA1, 0x8E, 0xC4, 0x75, 0x33, 0x3D, 0xDF, 0xF8, 0x6C, 0x6B,
    0xDE, 0xF1, 0xB4, 0xED, 0xA5, 0xF3, 0x7B, 0x05, 0x81, 0xBE, 0xF2, 0xE1, 0xE8, 0x08, 0xB4, 0x15,
    0xDE, 0x07, 0xF7, 0x22, 0x3D, 0x3E, 0xEA, 0x5A, 0x97, 0x3D, 0x74, 0x97, 0xFF, 0x32, 0x5D, 0xBB,
    0x5A, 0xDD, 0x1E, 0x12, 0x77, 0x0D, 0xEA, 0x17, 0x15, 0xAF, 0x00, 0xD2, 0x19, 0xB4, 0x68, 0x11,
    0x5B, 0x7C, 0xBC, 0xDF, 0x8A, 0x6A, 0x16, 0x86, 0xD6, 0x82, 0xA5, 0x3A, 0x69, 0x72, 0x9D, 0x30,
    0x85, 0x0A, 0xC3, 0x6A, 0xD1, 0x57, 0x4D, 0xD7, 0xB8, 0xC1, 0x0F, 0x40, 0x60, 0xEC, 0xBF, 0xA5,
    0xC4, 0xFA, 0x97, 0x48, 0x78, 0xAA, 0x1D, 0x9B, 0xC1, 0x41, 0xD4, 0xA0, 0x9B, 0x0A, 0x8A, 0x6F,
    0x42, 0x5D, 0x65, 0x7A, 0xB4, 0x28, 0x4C, 0xAE, 0xF0, 0xCC, 0x55, 0xFE, 0x16, 0x98, 0x28, 0xBC,
    0xD6, 0x9C, 0x34, 0xA8, 0xD7, 0x66, 0x57, 0x07, 0xC0, 0xC5, 0xDC, 0x65, 0xA5, 0x44, 0xE3, 0x73,
    0xF1, 0x3F, 0xA2, 0xE2, 0xE9, 0x39, 0x80, 0x57, 0x29, 0x85, 0x93, 0x3A, 0xEA, 0x69, 0x6D, 0x12,
    0x8F, 0x3A, 0x81, 0x94, 0xE6, 0xBF, 0xA2, 0xC9, 0xBB, 0xD9, 0x05, 0xBB, 0x23, 0xBE, 0x34, 0xC5,
    0x45, 0x9B, 0xA0, 0x77, 0xD1, 0xA9, 0x89, 0xDC, 0xE9, 0xAB, 0x72, 0x8B, 0xB9, 0xE0, 0x6B, 0xC2,
    0x85, 0x26, 0x4C, 0xD3, 0xC1, 0xA7, 0x9C, 0x2B, 0xDA, 0x97, 0x3B, 0x55, 0x4E, 0x08, 0xAE, 0x15,
    0x35, 0xD9, 0xF8, 0x1F, 0xFD, 0xBE, 0x5F, 0x1A, 0x56, 0x3C, 0x2B, 0xFF, 0xED, 0xD6, 0x4E, 0xFE,
    0xB2, 0x76, 0x5C, 0x1A, 0x16, 0x78, 0x13, 0x74, 0xE6, 0x48, 0x0D, 0x4A, 0xBB, 0x15, 0x4D, 0x9A,
    0xE3, 0xB5, 0x29, 0xF6, 0x19, 0xC9, 0xDC, 0xBC, 0x16, 0x62, 0xC0, 0x12, 0x23, 0xBD, 0xE0, 0x16,
    0x30, 0x26, 0x0F, 0x60, 0xCF, 0xBC, 0xFD, 0x90, 0x48, 0x2B, 0xDE, 0x69, 0xD7, 0x63, 0xC4, 0x3E,
    0x6E, 0x70, 0x35, 0x3D, 0x39, 0x68, 0x38, 0x23, 0xF1, 0x15, 0x47, 0x1F, 0xA5, 0x30, 0xD2, 0x21,
    0xFC, 0xC8, 0x9A, 0x3F, 0x58, 0x94, 0xCF, 0x9E, 0x42, 0xC6, 0x3F, 0x86, 0x3C, 0x77, 0x02, 0x62,
    0x62, 0xF4, 0xF6, 0xC6, 0xE3, 0x74, 0x3B, 0x5E, 0xBE, 0x60, 0x9F, 0x03, 0xDF, 0xCB, 0x69, 0xFB,
    0x6D, 0xD9, 0xE1, 0x55, 0x98, 0xEE, 0x9A, 0xEA, 0x41, 0xB4, 0xFE, 0x2C, 0xFC, 0x47, 0x2F, 0xAF,
    0x1E, 0x82, 0x45, 0x9F, 0x17, 0x5E, 0xFF, 0x57, 0x41, 0xC9, 0x68, 0xAF, 0x17, 0x67, 0x59, 0xEA,
    0x02, 0x29, 0xF4, 0xBC, 0xC9, 0xBF, 0x10, 0x7A, 0xD6, 0xB7, 0xCA, 0x0C, 0x03, 0xD3, 0xAA, 0x86,
    0xA7, 0x41, 0xDC, 0x70, 0x3A, 0x56, 0xBE, 0x4F, 0xD5, 0x4A, 0x2A, 0x46, 0x34, 0x17, 0x94, 0x15,
    0x00, 0x59, 0x5D, 0x02, 0x5B, 0x80, 0x13, 0x85, 0x7C, 0x4A, 0xFA, 0x1F, 0xC0, 0xDA, 0x0C, 0x57,
    0xCC, 0x82, 0x74, 0xC6, 0x6E, 0x43, 0x3F, 0xD0, 0x87, 0x94, 0x56, 0xF1, 0x04, 0xFC, 0x3A, 0x20,
    0x93, 0x90, 0xDB, 0xED, 0x52, 0x89, 0x55, 0x4E, 0xA9, 0x8A, 0x5C, 0x86, 0xDD, 0x2A, 0x15, 0x93,
    0x26, 0x8A, 0xBA, 0x59, 0xB0, 0x25, 0xEC, 0xDD, 0xA3, 0xBC, 0x03, 0xC0, 0x49, 0x44, 0xB6, 0xB3,
    0x4C, 0xF7, 0x73, 0x4C, 0xF5, 0xF3, 0x64, 0x70, 0xA8, 0x96, 0x7D, 0xCC, 0xB3, 0x97, 0x98, 0x86,
    0xC0, 0xEC, 0xF2, 0x9D, 0xC9, 0x90, 0x59, 0x70, 0xE3, 0xCD, 0x54, 0x2B, 0xFA, 0x66, 0x13, 0x82,
    0xE3, 0x97, 0x36, 0x28, 0x41, 0x87, 0x12, 0x30, 0xB6, 0x3E, 0xEA, 0x1A, 0xEE, 0x0C, 0xD9, 0x36,
    0x27, 0xB8, 0xF1, 0xBA, 0xCD, 0x1C, 0xCC, 0x9C, 0x62, 0x93, 0x91, 0xD0, 0x40, 0x21, 0x6D, 0x5F,
    0x50, 0x7C, 0x53, 0xBB, 0xEB, 0x45, 0xE0, 0x90, 0x78, 0x41, 0x0C, 0xDD, 0x40, 0x39, 0x64, 0xB0,
    0x70, 0x6B, 0x92, 0xC0, 0x46, 0xF5, 0x61, 0x34, 0x19, 0xF6, 0xB4, 0xD4, 0x8C, 0xBF, 0x29, 0x5F,
    0x89, 0xCD, 0x1B, 0xBA, 0xE7, 0x53, 0xC4, 0x57, 0xD4, 0x1C, 0xB4, 0x07, 0x47, 0x83, 0x78, 0xAE,
    0x96, 0x0C, 0x89, 0xF8, 0x9C, 0xEB, 0xE6, 0x6E, 0x2E, 0xD4, 0x4E, 0x36, 0x6F, 0xF8, 0xC9, 0xCC,
    0x64, 0xF5, 0x96, 0x9F, 0x54, 0xF4, 0xF2, 0x71, 0x5E, 0x53, 0xC1, 0xCB, 0xF1, 0xF7, 0x43, 0xBC,
    0xFB, 0xD7, 0x35, 0x93, 0x54, 0x92, 0xC3, 0xDB, 0xFA, 0x9F, 0x85, 0x38, 0xF2, 0xDF, 0xF4, 0x6F,
    0x69, 0x1C, 0xFB, 0x4F, 0xD3, 0x73, 0x24, 0x4E, 0xF7, 0x84, 0xBE, 0x69, 0x1D, 0x04, 0xFF, 0x9A,
    0x7A, 0xCA, 0x6D, 0x3A, 0xD1, 0xEE, 0xAA, 0x39, 0xDB, 0xA8, 0xA6, 0x0D, 0xE5, 0xF3, 0x8B, 0x34,
    0x87, 0x56, 0xE1, 0x05, 0x7A, 0x69, 0x2B, 0x31, 0xC3, 0x89, 0xF2, 0xBE, 0x44, 0xAA, 0xEE, 0xA9,
    0xFF, 0x67, 0xA9, 0x2A, 0xEB, 0x82, 0x8A, 0x15, 0xD5, 0x28, 0xC3, 0xE4, 0x79, 0xE2, 0xE3, 0xCD,
    0x1D, 0xE8, 0xEF, 0x44, 0x4F, 0x79, 0x8C, 0x07, 0x4E, 0xB7, 0xCC, 0xFC, 0x6E, 0x66, 0x2B, 0x43,
    0x04, 0x4D, 0x7F, 0x3F, 0xC1, 0x53, 0x90, 0x45, 0x24, 0xB8, 0x36, 0xD6, 0xB9, 0x8D, 0x76, 0x94,
    0xFE, 0x9C, 0xF0, 0x57, 0xAA, 0x8A, 0x83, 0x4B, 0x5F, 0x24, 0x48, 0x14, 0x6D, 0x3B, 0xEE, 0x39,
    0x26, 0xF5, 0x4B, 0xF8, 0x2E, 0x01, 0x74, 0x42, 0x70, 0xC7, 0x5D, 0xEA, 0x95, 0x83, 0x16, 0x05,
    0x57, 0x22, 0xFD, 0x29, 0xD2, 0xE2, 0x86, 0xAA, 0x5B, 0x32, 0xA5, 0xED, 0x18, 0x4F, 0x3C, 0x32,
    0x79, 0x3E, 0x75, 0x58, 0xA1, 0x26, 0x85, 0x44, 0x4B, 0x0F, 0xBC, 0x73, 0x5B, 0x70, 0x03, 0x71,
    0x5F, 0xA4, 0x68, 0xBE, 0x55, 0x7A, 0xB1, 0x5B, 0xC1, 0xD5, 0x4E, 0xE6, 0xA1, 0xE3, 0x23, 0xF1,
    0xE0, 0x8B, 0x21, 0x34, 0x45, 0x67, 0x35, 0x58, 0x47, 0x08, 0x0B, 0x7E, 0x86, 0xA8, 0xFB, 0x1E,
    0xF2, 0x92, 0xEE, 0x4D, 0xA5, 0x67, 0x6A, 0x10, 0x12, 0x7A, 0x71, 0x4D, 0xF8, 0xB5, 0xBE, 0x59,
    0xCB, 0xB6, 0xF4, 0x29, 0x8F, 0x40, 0x5A, 0xFD, 0x42, 0x2B, 0xF5, 0x2B, 0x33, 0xE4, 0xCE, 0x27,
    0xA2, 0xCF, 0xD8, 0x95, 0xA0, 0xC5, 0xA9, 0xE6, 0xB7, 0x2E, 0xBD, 0xBB, 0x37, 0x0A, 0x23, 0x4E,
    0x54, 0xF4, 0xA2, 0x4B, 0xE0, 0xF7, 0xC8, 0x15, 0xF2, 0x4A, 0xF5, 0x2A, 0xF8, 0xF3, 0x8A, 0xC6,
    0x2F, 0x56, 0x62, 0x71, 0x11, 0x46, 0xA2, 0xBF, 0x0B, 0x95, 0x33, 0xA9, 0x57, 0x28, 0x36, 0xF7,
    0x1F, 0x7B, 0xF1, 0xEF, 0xBF, 0xD4, 0x3C, 0x5E, 0xF3, 0x64, 0x21, 0xA1, 0x81, 0x63, 0x54, 0x98,
    0x45, 0x73, 0x05, 0xF5, 0xB1, 0xF0, 0x19, 0x09, 0xC6, 0xCF, 0xDC, 0x50, 0x3F, 0xB1, 0xFE, 0xD9,
    0x68, 0xDA, 0xDC, 0x52, 0x12, 0x0A, 0x68, 0xDB, 0xB5, 0x9A, 0x21, 0x0D, 0x90, 0xBD, 0xE6, 0x4D,
    0x4C, 0xD6, 0xEE, 0xE7, 0x48, 0xAD, 0x7F, 0x47, 0x55, 0x3C, 0x1F, 0x30, 0x12, 0x7A, 0x8C, 0x45,
    0x20, 0x27, 0xFE, 0x0D, 0xBE, 0x81, 0x8E, 0xC7, 0xC9, 0x22, 0x40, 0xF3, 0x9C, 0xA0, 0x04, 0x35,
    0x6B, 0x44, 0x9B, 0x20, 0x48, 0x67, 0x24, 0x15, 0x79, 0x2A, 0xD2, 0xD2, 0x12, 0x13, 0x8D, 0x44,
    0x7C, 0xB4, 0x39, 0xFA, 0x84, 0xF8, 0x09, 0xFC, 0xCD, 0x8A, 0xEC, 0x39, 0x92, 0x72, 0x8D, 0x90,
    0x43, 0xDC, 0xC9, 0xFC, 0xA9, 0x44, 0x75, 0x9A, 0x73, 0x4A, 0x55, 0x37, 0xE7, 0xF2, 0x5A, 0x57,
    0xD2, 0xDC, 0x86, 0x40, 0x9E, 0x90, 0x75, 0xD7, 0xF5, 0x22, 0x72, 0x38, 0x2B, 0xE8, 0xC7, 0x9A,
    0x67, 0x02, 0xB8, 0x73, 0x05, 0x85, 0x80, 0x4F, 0xB9, 0xCB, 0x79, 0x7E, 0xB3, 0x29, 0x85, 0xE4,
    0x65, 0x72, 0x98, 0x00, 0xAA, 0x58, 0xD6, 0x29, 0x11, 0x53, 0x37, 0x4A, 0x9F, 0x32, 0x73, 0xD2,
    0x30, 0x8D, 0x79, 0xD3, 0xFD, 0x57, 0x3E, 0x96, 0x72, 0x3A, 0xBF, 0x35, 0x73, 0x01, 0x68, 0x23,
    0xB4, 0x82, 0x8E, 0x49, 0x24, 0x60, 0x94, 0x8E, 0x0D, 0xDD, 0x9B, 0x43, 0x3A, 0x10, 0x9F, 0x50,
    0x75, 0x99, 0x5A, 0x62, 0x6C, 0xF3, 0x59, 0xEE, 0xDD, 0x8C, 0xFE, 0x24, 0x40, 0x69, 0x87, 0xC9,
    0x46, 0xBF, 0x88, 0xBD, 0xDC, 0xC2, 0x52, 0x94, 0x5E, 0xF4, 0xF4, 0x67, 0x45, 0x3C, 0xF4, 0x38,
    0x68, 0x5D, 0xBC, 0x03, 0xEB, 0xF2, 0x16, 0x3D, 0xF1, 0xC7, 0x70, 0x6C, 0x3F, 0xA7, 0x79, 0xF5,
    0x6D, 0xB8, 0xB5, 0x9F, 0xF9, 0xDE, 0xFF, 0x1E, 0x9F, 0xB0, 0xFC, 0xA1, 0xFF, 0x86, 0xCF, 0x99,
    0xBC, 0xAA, 0x1F, 0xFA, 0x6F, 0x6E, 0x05, 0xA2, 0xC1, 0x7F, 0x6F, 0x85, 0xD8, 0x6B, 0x7A, 0xFF,
    0x83, 0xB9, 0x04, 0x21, 0xF5, 0xFE, 0xF5, 0x09, 0xC2, 0x8F, 0xEE, 0xF4, 0x83, 0x44, 0x2D, 0xBD,
    0x8A, 0xCB, 0x1E, 0xF9, 0x9A, 0x27, 0x2F, 0x74, 0x04, 0x6D, 0x8E, 0x84, 0x21, 0x52, 0x47, 0x80,
    0xED, 0xA6, 0x5F, 0x7F, 0x2A, 0xDD, 0x18, 0xE5, 0x7E, 0xFA, 0xE3, 0x8F, 0x53, 0xDA, 0x28, 0x7D,
    0xFE, 0x8D, 0xAD, 0xE2, 0x56, 0x01, 0x99, 0x36, 0xDC, 0x2C, 0xEC, 0xC2, 0x16, 0x3E, 0x7D, 0x43,
    0x43, 0x90, 0xF3, 0xD1, 0x73, 0x8F, 0x22, 0x13, 0xCE, 0xFD, 0xAF, 0x35, 0x23, 0x3E, 0x93, 0xB9,
    0x51, 0x52, 0x56, 0xBF, 0x40, 0xFB, 0x7E, 0xEE, 0x6B, 0x0C, 0xE1, 0x9A, 0xE7, 0x5B, 0x85, 0x61,
    0x04, 0xBD, 0xDF, 0x72, 0x2B, 0x3E, 0x73, 0x43, 0x9F, 0x6B, 0x2F, 0x30, 0x38, 0xB8, 0x17, 0x62,
    0xC8, 0x8F, 0x5D, 0xF5, 0xA1, 0xAD, 0xDC, 0x8A, 0xA3, 0x5A, 0xD0, 0x41, 0xCD, 0x67, 0xAF, 0xDE,
    0xCA, 0x56, 0x0C, 0x49, 0x20, 0x37, 0x86, 0x6C, 0x95, 0x96, 0xAC, 0xB4, 0x25, 0x2B, 0x6D, 0xC9,
    0x6A, 0x53, 0xC3, 0xB8, 0xA5, 0x68, 0xA7, 0x6E, 0x2B, 0x5B, 0xAC, 0x9E, 0x85, 0x47, 0x0B, 0xE8,
    0x33, 0xBB, 0x73, 0xA5, 0x4A, 0x1D, 0x26, 0x90, 0xB2, 0x74, 0xCF, 0x73, 0x5F, 0xA6, 0xAD, 0xDE,
    0x89, 0x44, 0xB8, 0x13, 0x1D, 0xC4, 0x6F, 0x8F, 0x44, 0x33, 0xA9, 0x68, 0x2D, 0xC5, 0x42, 0x36,
    0x9C, 0x72, 0xF5, 0x15, 0x30, 0x21, 0x25, 0xF7, 0x3F, 0x64, 0x34, 0xBF, 0xAE, 0x60, 0x7D, 0xD3,
    0xF2, 0x22, 0xFA, 0xA6, 0xAD, 0x8E, 0x85, 0x3A, 0x46, 0x05, 0xB4, 0x2E, 0x9D, 0x48, 0xE8, 0x4E,
    0x09, 0x6C, 0x47, 0xB2, 0x1A, 0xAF, 0xE7, 0x83, 0x84, 0x86, 0xF5, 0x69, 0xED, 0xE5, 0xB9, 0xB8,
    0x86, 0x24, 0x58, 0xD0, 0x5D, 0x94, 0x19, 0x64, 0xDF, 0x17, 0x36, 0x9A, 0x7D, 0x2C, 0x37, 0x61,
    0x54, 0xB8, 0x28, 0xB1, 0x0E, 0xBE, 0x8C, 0xCF, 0xF1, 0xDC, 0x2B, 0xBE, 0xC4, 0x79, 0x8A, 0xBD,
    0xFB, 0x0E, 0xAF, 0x74, 0x15, 0x89, 0x26, 0x5C, 0x63, 0x11, 0xED, 0x93, 0xAE, 0x43, 0x22, 0x45,
    0x69, 0x13, 0x29, 0x8A, 0xF0, 0x24, 0x5A, 0xA6, 0xC7, 0x56, 0x73, 0x14, 0x05, 0xB2, 0x1C, 0x85,
    0xBD, 0x2C, 0xCA, 0x84, 0x62, 0x70, 0x61, 0xB9, 0x63, 0xB9, 0x28, 0xDD, 0x9A, 0x49, 0x51, 0xD6,
    0xAA, 0xCE, 0xC5, 0x04, 0xB6, 0x5A, 0x14, 0xF8, 0x0C, 0xD1, 0xB3, 0x5C, 0x1C, 0x2B, 0x4A, 0x2F,
    0x45, 0xC1, 0x3C, 0xB8, 0xDE, 0xDD, 0xD5, 0x8E, 0x3A, 0xB4, 0x8D, 0xCC, 0xF3, 0x2F, 0x79, 0xBC,
    0xCC, 0xFF, 0x19, 0xDF, 0xF0, 0xEC, 0x2B, 0xFE, 0x46, 0xD5, 0x1F, 0x1D, 0x4C, 0x54, 0xA0, 0x93,
    0x75, 0x55, 0x14, 0xCE, 0xBA, 0x8E, 0x4E, 0x2A, 0xD9, 0x63, 0xAD, 0x14, 0xA5, 0x4A, 0x61, 0x52,
    0x80, 0x19, 0x03, 0x01, 0xE8, 0xF4, 0xB6, 0xCE, 0x32, 0x38, 0x44, 0xCC, 0x42, 0x8B, 0xB2, 0x50,
    0x8E, 0x4F, 0x28, 0xE4, 0x41, 0x40, 0xD3, 0x20, 0xE5, 0xC7, 0xC0, 0x74, 0x4D, 0x82, 0x1B, 0xE5,
    0x01, 0xD4, 0x49, 0x25, 0x38, 0x6D, 0xE3, 0x85, 0x5D, 0x9C, 0xA0, 0xCC, 0x31, 0x5B, 0x2B, 0x5B,
    0x77, 0xD5, 0x5B, 0x9B, 0x6A, 0x2D, 0xF5, 0x7C, 0x7E, 0x53, 0xAB, 0x24, 0x55, 0xAF, 0xC4, 0x52,
    0x85, 0xB5, 0xD3, 0xCF, 0x19, 0xC4, 0xE2, 0x21, 0x98, 0x7A, 0x18, 0xFE, 0x4E, 0xA4, 0x54, 0xAE,
    0x32, 0xFD, 0x93, 0xDC, 0xAC, 0x54, 0x3B, 0x35, 0x99, 0x42, 0x93, 0x62, 0x52, 0x72, 0x95, 0x39,
    0xC7, 0xB6, 0x64, 0x53, 0xB2, 0xA5, 0xE6, 0xF4, 0xB7, 0x93, 0xBF, 0xF4, 0xED, 0x27, 0xA8, 0x5A,
    0x75, 0xCC, 0xCD, 0x3F, 0x94, 0x9B, 0x1A, 0x8C, 0x43, 0xFB, 0x0C, 0x48, 0x03, 0xA3, 0x04, 0xB3,
    0xBD, 0xC4, 0xC9, 0xAF, 0x57, 0x77, 0xC5, 0x0A, 0xBF, 0x55, 0xB0, 0xD6, 0x19, 0x25, 0x46, 0xF0,
    0xDA, 0x57, 0x72, 0x3B, 0x7D, 0xF1, 0x75, 0x2F, 0x53, 0x9D, 0xEA, 0xFD, 0x2D, 0xD8, 0x2D, 0x02,
    0xEE, 0x4F, 0xFD, 0xDF, 0xED, 0x28, 0xE1, 0x4E, 0x1A, 0xD2, 0x8F, 0x1D, 0xAA, 0xC9, 0x52, 0xB1,
    0xEE, 0x50, 0xC8, 0x89, 0x7D, 0x8D, 0xD4, 0x74, 0xE0, 0xA9, 0x8C, 0xB2, 0xB2, 0x8A, 0x9F, 0xA4,
    0xB2, 0xDC, 0x54, 0x23, 0x50, 0x2E, 0x68, 0xB6, 0x3A, 0x17, 0x82, 0x75, 0xC6, 0x74, 0xE9, 0x21,
    0x0F, 0x62, 0x6C, 0x09, 0x79, 0x89, 0x05, 0xD1, 0x9C, 0x9C, 0x44, 0x40, 0xCD, 0x13, 0x2B, 0x01,
    0xAE, 0x91, 0x2C, 0xFE, 0x3D, 0x6B, 0x53, 0x1F, 0xD5, 0xFC, 0x7B, 0xDC, 0x99, 0xB2, 0xDD, 0x81,
    0x53, 0xF0, 0xCD, 0x40, 0xB7, 0x0A, 0x5A, 0x7C, 0x5F, 0x08, 0x6B, 0x88, 0x22, 0x10, 0x06, 0x83,
    0x58, 0xC4, 0xF3, 0x4A, 0xBE, 0x95, 0x39, 0x91, 0xDA, 0x78, 0x97, 0x52, 0xB6, 0xEE, 0x7A, 0x46,
    0x35, 0x46, 0xA7, 0x52, 0x74, 0x76, 0xEA, 0x60, 0x16, 0x20, 0x38, 0x92, 0x84, 0xD7, 0x82, 0x10,
    0x08, 0x58, 0x86, 0x8E, 0x04, 0xD5, 0xAE, 0xD5, 0x84, 0x5D, 0xD2, 0xB2, 0x96, 0xAA, 0xB6, 0x64,
    0xB0, 0xD2, 0x61, 0x8E, 0xA0, 0x99, 0x25, 0xA8, 0xBB, 0x49, 0xB0, 0x56, 0x63, 0x98, 0x52, 0xF0,
    0x49, 0xB1, 0x01, 0x29, 0xA9, 0xFA, 0x5A, 0x82, 0x17, 0x04, 0xAF, 0x89, 0xFF, 0xF3, 0x4D, 0x83,
    0xBF, 0x5C, 0x34, 0x90, 0xBB, 0x19, 0x77, 0x83, 0x05, 0xBD, 0x05, 0x4E, 0x83, 0xCD, 0x02, 0xB9,
    0x49, 0x06, 0x41, 0x30, 0x9A, 0xBA, 0x1F, 0xED, 0x08, 0x6C, 0xEF, 0x29, 0xE7, 0x60, 0xE0, 0xDC,
    0xEF, 0x48, 0x3B, 0xD2, 0x31, 0xFF, 0xB1, 0x93, 0xCD, 0x78, 0x75, 0x7A, 0x4E, 0x3A, 0x4F, 0x82,
    0x56, 0x1D, 0x8C, 0xBE, 0xA8, 0x30, 0x7F, 0x13, 0xBD, 0x74, 0xA1, 0x54, 0xBB, 0x87, 0xF6, 0x36,
    0x1F, 0x3C, 0x4F, 0xEF, 0x54, 0xB8, 0xF4, 0xBA, 0x69, 0x09, 0x32, 0xF4, 0x0E, 0xFF, 0x96, 0x2A,
    0x26, 0xBD, 0xBB, 0xBA, 0x5F, 0x97, 0x2D, 0xEA, 0x29, 0x34, 0x83, 0x5C, 0x28, 0xB5, 0x56, 0x4E,
    0x77, 0xA4, 0xED, 0x26, 0xBA, 0xEB, 0x56, 0x5F, 0xE4, 0x77, 0x7D, 0x3E, 0xDE, 0x50, 0x20, 0x98,
    0xF9, 0x9B, 0x1F, 0x93, 0xEF, 0x5A, 0xE9, 0x16, 0x12, 0x7A, 0x7D, 0xC7, 0xE0, 0x98, 0x13, 0x1E,
    0x22, 0x84, 0xAF, 0x01, 0x7E, 0xB4, 0x85, 0xEC, 0xAC, 0xA1, 0xCC, 0x68, 0x5F, 0x9C, 0x34, 0xA0,
    0x95, 0xB1, 0x58, 0x31, 0xB4, 0x21, 0xE1, 0x36, 0xDE, 0x69, 0xC6, 0x5A, 0x4E, 0x03, 0x06, 0x2C,
    0x23, 0x59, 0x03, 0x82, 0x3D, 0xFD, 0xA6, 0x04, 0xE8, 0xE9, 0xAE, 0x12, 0x43, 0xA8, 0x02, 0x1E,
    0xD0, 0x09, 0x6D, 0xB5, 0x24, 0x50, 0x46, 0x63, 0xB5, 0x30, 0x7B, 0x52, 0x77, 0x75, 0x6F, 0x7B,
    0x70, 0xA0, 0xD7, 0xCD, 0x37, 0xBA, 0x65, 0xA1, 0x3D, 0x64, 0x87, 0xD8, 0x58, 0x73, 0x6A, 0x25,
    0x8D, 0x42, 0xEE, 0xAD, 0xB6, 0xB1, 0x05, 0x89, 0x54, 0x30, 0xA9, 0x53, 0x49, 0x7F, 0x3E, 0xE4,
    0x42, 0x63, 0xE5, 0xAE, 0xC4, 0x57, 0x5A, 0x4D, 0x4B, 0x83, 0x53, 0x6E, 0x7E, 0x33, 0x80, 0xC7,
    0x3D, 0x53, 0x5B, 0x41, 0xA9, 0x63, 0x22, 0x32, 0x78, 0x05, 0xD8, 0x7A, 0x40, 0xBF, 0x90, 0x4B,
    0x8C, 0xB8, 0x5D, 0x3C, 0xF7, 0x3E, 0x4F, 0x3B, 0x5C, 0x6F, 0x10, 0x6C, 0xF4, 0x65, 0xBE, 0xA7,
    0x35, 0x3F, 0xBD, 0x54, 0xF0, 0x77, 0x83, 0xBE, 0xA4, 0x55, 0x37, 0x72, 0x81, 0xD8, 0xC8, 0xDE,
    0xA9, 0x6B, 0xA4, 0xD0, 0x4B, 0x94, 0x7E, 0x33, 0xFD, 0x7D, 0xA9, 0xF7, 0x37, 0xAF, 0xE3, 0xA8,
    0x11, 0x91, 0x18, 0x3D, 0xF7, 0x37, 0xB8, 0x81, 0x30, 0x64, 0xA9, 0xB2, 0x6F, 0xBE, 0xC2, 0x5E,
    0x13, 0xE6, 0x56, 0xDA, 0xDA, 0x43, 0x8E, 0x74, 0x7E, 0x43, 0x43, 0xB3, 0xB9, 0xE5, 0x09, 0x08,
    0x69, 0xF2, 0x58, 0xB7, 0x33, 0xFF, 0x33, 0xB9, 0x1D, 0x77, 0xE9, 0x76, 0xF6, 0x77, 0x71, 0x3B,
    0xEB, 0x7D, 0xB7, 0xF3, 0x61, 0xB0, 0xC8, 0x2B, 0x6B, 0xC1, 0x5C, 0xE6, 0xAB, 0xB5, 0x21, 0x34,
    0xA6, 0xAB, 0xBA, 0x1C, 0x98, 0x16, 0xAE, 0x99, 0xBA, 0x1D, 0xFA, 0x8C, 0x31, 0x48, 0x73, 0x61,
    0xD9, 0xE1, 0x76, 0xB2, 0xEF, 0xEC, 0x86, 0x81, 0xF7, 0x5E, 0x15, 0x1A, 0x2E, 0xDF, 0x4E, 0xF3,
    0x4D, 0xF6, 0x88, 0x6B, 0x1E, 0x2A, 0x34, 0x53, 0xDC, 0xE7, 0xBF, 0x9A, 0x79, 0xCC, 0xF0, 0x4A,
    0xB2, 0xC1, 0x2F, 0x4E, 0xD8, 0x6D, 0x6D, 0x38, 0x47, 0x29, 0x29, 0xA8, 0xC4, 0x6F, 0x35, 0x0B,
    0x12, 0x41, 0x94, 0x02, 0x59, 0x28, 0x69, 0x50, 0xAF, 0xE7, 0xE7, 0x48, 0xF2, 0xCC, 0x1E, 0x00,
    0x2A, 0x74, 0x13, 0xA4, 0xCB, 0xBC, 0xE1, 0xE5, 0xCA, 0xDF, 0x0A, 0x00, 0x30, 0x58, 0xD0, 0xDD,
    0x4F, 0x01, 0xD7, 0xD3, 0x27, 0xB0, 0xB5, 0x7F, 0xD2, 0xCE, 0xDE, 0x64, 0x59, 0x65, 0x99, 0x0F,
    0x56, 0x8C, 0x14, 0x2F, 0x24, 0xB8, 0xDD, 0xCD, 0x4C, 0x87, 0x1A, 0xDD, 0xCD, 0x54, 0xC8, 0x56,
    0x63, 0x56, 0xE0, 0xBB, 0x24, 0x7D, 0xE8, 0xE0, 0x28, 0xD8, 0xC6, 0x74, 0x18, 0x5A, 0x6C, 0x64,
    0x98, 0xC3, 0x73, 0xEE, 0xF7, 0x96, 0x0B, 0x5C, 0x78, 0xD4, 0x92, 0x0E, 0x26, 0x1F, 0x73, 0xB1,
    0xE5, 0x63, 0x16, 0xFB, 0xF2, 0x31, 0x9F, 0x50, 0x3E, 0xE6, 0x43, 0xCA, 0xC7, 0x5C, 0x74, 0xBE,
    0x60, 0x9D, 0x33, 0xE0, 0x82, 0x23, 0x7A, 0xE7, 0xC8, 0x20, 0x4F, 0x79, 0x6E, 0x12, 0xDB, 0xCC,
    0xFC, 0x9A, 0x1C, 0x43, 0x94, 0x5F, 0x53, 0xF2, 0x0C, 0x9B, 0x30, 0x2C, 0x98, 0x91, 0xA6, 0xA7,
    0x0A, 0x92, 0x91, 0x34, 0x27, 0x9A, 0xE9, 0xE3, 0x54, 0x7C, 0xEF, 0x3F, 0xBD, 0x35, 0x6F, 0xEE,
    0xA5, 0xEF, 0xDE, 0xF1, 0xAF, 0x93, 0xA1, 0xA0, 0xC8, 0x7F, 0x0F, 0x86, 0x62, 0xA5, 0xE8, 0xD3,
    0xD4, 0x71, 0x8D, 0x9F, 0xE9, 0x94, 0x62, 0x1D, 0x69, 0x30, 0x92, 0xE6, 0xE4, 0xC9, 0x59, 0xC7,
    0x54, 0x44, 0x16, 0x04, 0x0F, 0x4F, 0xD9, 0x70, 0x47, 0x3A, 0xDC, 0x91, 0x0F, 0x77, 0x24, 0xC4,
    0x49, 0x46, 0x30, 0x75, 0x4F, 0x29, 0x39, 0xE5, 0xE4, 0x94, 0x94, 0x53, 0x56, 0x4E, 0x69, 0x41,
    0x5E, 0x16, 0xE4, 0x85, 0x73, 0x21, 0x59, 0xA2, 0xCC, 0x8C, 0x9A, 0x99, 0x90, 0x1A, 0xE8, 0x6E,
    0xCE, 0x4D, 0x2C, 0x22, 0xCF, 0x92, 0xC3, 0x6F, 0x2C, 0xD8, 0x63, 0x4C, 0xE8, 0x8A, 0x4A, 0xD2,
    0xC3, 0x6F, 0xEC, 0x58, 0xAF, 0x4E, 0xBF, 0x45, 0x6F, 0x24, 0xC6, 0xF9, 0x24, 0x25, 0xA8, 0xA3,
    0x83, 0x12, 0xAD, 0xBC, 0xB0, 0x35, 0x6F, 0xA0, 0x33, 0xDE, 0x21, 0x52, 0xE2, 0x66, 0x97, 0x1C,
    0x8D, 0x1D, 0x38, 0x97, 0x93, 0xD4, 0x76, 0x90, 0x4F, 0x1B, 0x73, 0x4A, 0xF3, 0x16, 0x03, 0x75,
    0x82, 0x1E, 0xF9, 0xF1, 0xE2, 0x34, 0x4F, 0xC5, 0xEF, 0x2D, 0x61, 0x84, 0xE5, 0xEB, 0x93, 0x87,
    0xC5, 0x71, 0x5B, 0x98, 0x54, 0xC7, 0xE8, 0x35, 0x05, 0x28, 0x9F, 0x32, 0xED, 0x74, 0xFF, 0xF8,
    0xF2, 0xFF, 0xFC, 0x37, 0x32, 0xA1, 0x16, 0x28, 0x48, 0xD9, 0xA3, 0x17, 0xC1, 0xC6, 0x04, 0xDA,
    0x0C, 0xD0, 0x2A, 0xB4, 0xB0, 0x0F, 0x6D, 0x46, 0x50, 0x7C, 0x35, 0x67, 0x30, 0xB9, 0x13, 0x9C,
    0x6B, 0xE4, 0xBA, 0x7F, 0xE2, 0x91, 0x17, 0x1D, 0xF6, 0x45, 0xCD, 0x0C, 0x55, 0x28, 0xDF, 0x6B,
    0x56, 0xD3, 0x47, 0x73, 0x26, 0xC7, 0xD2, 0xF0, 0xD2, 0x0A, 0x77, 0x01, 0xDF, 0x5C, 0x3C, 0xA2,
    0x46, 0x66, 0xA6, 0xD2, 0xAB, 0xE8, 0xC7, 0x78, 0x48, 0xBD, 0x59, 0x36, 0x70, 0xC4, 0x35, 0x26,
    0xEC, 0x17, 0x36, 0x55, 0x0F, 0x85, 0x70, 0x72, 0x03, 0x8B, 0x8A, 0x21, 0xB1, 0x01, 0x45, 0x2E,
    0x70, 0xA9, 0x44, 0x2A, 0x74, 0x79, 0x93, 0x00, 0x04, 0x7A, 0x9B, 0xF1, 0x80, 0x56, 0x71, 0xE0,
    0x1D, 0xB3, 0x04, 0xC2, 0x3F, 0x91, 0x7F, 0x93, 0x04, 0x04, 0xA3, 0x92, 0xC7, 0xBA, 0x48, 0x47,
    0x64, 0xAB, 0xCF, 0x2C, 0x1A, 0x39, 0xA7, 0x29, 0xEB, 0xD1, 0x89, 0x11, 0x09, 0xB1, 0x38, 0xF1,
    0x41, 0x18, 0xAA, 0x7E, 0x62, 0xDA, 0xE1, 0xCF, 0xBB, 0xA9, 0xDC, 0x25, 0x22, 0xE2, 0xDA, 0x10,
    0x45, 0x1C, 0xA5, 0x3C, 0xED, 0xE9, 0x05, 0xCD, 0xDE, 0x10, 0xC8, 0x86, 0x82, 0x3B, 0x88, 0x9F,
    0x2E, 0x53, 0x83, 0xBF, 0xE2, 0x3C, 0xF0, 0x69, 0x22, 0xA4, 0xA2, 0xC3, 0xEE, 0x3D, 0xE6, 0xC7,
    0xC0, 0x3C, 0x45, 0x1D, 0x95, 0xDD, 0x59, 0x36, 0xAE, 0x71, 0x56, 0x39, 0x71, 0x77, 0xFA, 0xAB,
    0xA2, 0x10, 0xA7, 0x96, 0x13, 0xCB, 0x69, 0xE5, 0xA4, 0x8E, 0x4E, 0xB9, 0xC8, 0xD0, 0xC7, 0xFB,
    0x18, 0xF9, 0xFC, 0x32, 0xF4, 0xC6, 0x8C, 0x46, 0x5C, 0xF8, 0x34, 0xCD, 0x02, 0x1E, 0xC2, 0x5F,
    0x89, 0xFD, 0x2C, 0xDA, 0x97, 0x24, 0x04, 0x09, 0xB0, 0x2C, 0x3C, 0x61, 0xC7, 0xD3, 0xE0, 0x3E,
    0x19, 0x71, 0x57, 0xA2, 0x18, 0xAE, 0x00, 0x44, 0x6E, 0x6A, 0x2D, 0x68, 0xE9, 0xD5, 0xC2, 0xF2,
    0x78, 0x9C, 0x79, 0x02, 0x89, 0x67, 0xFB, 0x5B, 0x14, 0xF3, 0x37, 0xCD, 0x24, 0xC9, 0xB6, 0xB9,
    0x78, 0x0D, 0xA0, 0xD5, 0x79, 0xE5, 0xED, 0xED, 0xD0, 0x86, 0xA2, 0x26, 0xBC, 0x1E, 0x2A, 0x86,
    0xAC, 0xCF, 0x07, 0x2E, 0x4C, 0xC9, 0x44, 0xD3, 0x57, 0x0C, 0x09, 0x80, 0x5A, 0x5C, 0xCC, 0xAC,
    0xFE, 0x25, 0x15, 0x48, 0xDD, 0x00, 0x51, 0x9F, 0xD9, 0xE1, 0x47, 0x6B, 0x9E, 0xF2, 0x30, 0x35,
    0xB3, 0x1C, 0xA0, 0xD4, 0xBB, 0x60, 0x69, 0xBD, 0xFB, 0x7C, 0xC7, 0x2A, 0x1F, 0x7A, 0x08, 0x3C,
    0x44, 0x23, 0xA8, 0x87, 0xF2, 0x06, 0x91, 0xAA, 0xDA, 0x22, 0xFE, 0xE0, 0x85, 0x76, 0xC7, 0xC3,
    0x89, 0x5E, 0x4F, 0x0F, 0x63, 0x20, 0x35, 0x2B, 0x83, 0x4D, 0x89, 0x8E, 0x12, 0xC2, 0x91, 0xD7,
    0xAD, 0xF4, 0x4E, 0x9A, 0x2E, 0x65, 0x6F, 0x81, 0x28, 0xE3, 0xF4, 0xAA, 0xBF, 0x63, 0x67, 0xC1,
    0xCF, 0x2F, 0x30, 0xFD, 0x38, 0x82, 0x0A, 0x18, 0x73, 0x69, 0xA5, 0x8C, 0x0B, 0xD0, 0xCB, 0xE4,
    0x27, 0x00, 0x8D, 0x89, 0x18, 0xDA, 0x94, 0x09, 0x79, 0x70, 0xB9, 0x96, 0x96, 0xA5, 0x53, 0x1D,
    0x49, 0xEE, 0x4A, 0xC6, 0xA5, 0x17, 0xBD, 0x62, 0x8A, 0xE6, 0xB9, 0xAF, 0x72, 0x37, 0xA8, 0xC0,
    0xBB, 0x52, 0xD3, 0xD9, 0x89, 0x09, 0xCD, 0xE4, 0x36, 0xEB, 0x4D, 0x7C, 0xBC, 0xC8, 0xA8, 0xE3,
    0x5A, 0x27, 0x32, 0x6F, 0xF8, 0x44, 0x11, 0x57, 0x9A, 0x4E, 0x11, 0x33, 0x46, 0x53, 0xE6, 0xD5,
    0xFE, 0xBC, 0x52, 0xB3, 0xB4, 0x90, 0x77, 0xDC, 0xF7, 0x02, 0xBC, 0xD3, 0x6B, 0xB8, 0x32, 0x02,
    0xD7, 0xBB, 0x1B, 0x01, 0xEC, 0x24, 0x16, 0x81, 0xB4, 0x86, 0x0C, 0xDA, 0xB6, 0x5A, 0x73, 0xF7,
    0xBB, 0x3C, 0xA3, 0xD6, 0xA6, 0x66, 0x0B, 0xD0, 0xB1, 0x45, 0x64, 0xF8, 0xD0, 0x03, 0xF8, 0x40,
    0x1E, 0x71, 0xEF, 0xA4, 0x63, 0xE0, 0x0C, 0x5D, 0x41, 0x87, 0x2A, 0x1F, 0x1E, 0xD6, 0x20, 0x85,
    0xA6, 0x2C, 0x20, 0x54, 0x2B, 0x30, 0xA4, 0xF8, 0x0F, 0x41, 0x52, 0xA5, 0x76, 0xAA, 0x75, 0xCE,
    0xFC, 0x88, 0xE8, 0xD4, 0x4A, 0xAC, 0x13, 0xFE, 0x46, 0xBD, 0x7B, 0xDC, 0xBF, 0x08, 0x0F, 0x2A,
    0xD4, 0xC7, 0xA1, 0x9E, 0x5C, 0xDF, 0x02, 0xF5, 0xAE, 0x76, 0xE6, 0x63, 0x82, 0x28, 0x37, 0x17,
    0x4D, 0x1B, 0xEA, 0x35, 0x4A, 0x13, 0x15, 0xAC, 0x86, 0xF2, 0x67, 0x25, 0x5F, 0xEC, 0xCC, 0x6A,
    0xD5, 0x06, 0x7F, 0xB9, 0x16, 0x50, 0x01, 0x2A, 0x51, 0x46, 0x87, 0x51, 0xC9, 0x27, 0xBA, 0xD5,
    0xBD, 0x7E, 0x14, 0x0D, 0xDD, 0x70, 0xAF, 0x24, 0x8C, 0x70, 0x4A, 0x88, 0x56, 0x48, 0xC8, 0x33,
    0x05, 0x50, 0xA1, 0x90, 0x69, 0x53, 0xBB, 0x9C, 0x7A, 0x88, 0x17, 0xF6, 0x30, 0xB9, 0xEA, 0x29,
    0xEE, 0x96, 0x8A, 0xD5, 0xD4, 0x44, 0x4F, 0xA1, 0xDD, 0xB0, 0xDF, 0x79, 0x95, 0x7E, 0xE5, 0xDE,
    0xE7, 0xDF, 0xAF, 0xFE, 0x49, 0x9F, 0x7E, 0x51, 0x54, 0xBB, 0x00, 0x08, 0xF0, 0x8D, 0x05, 0x5E,
    0xB1, 0x5C, 0x45, 0x0F, 0xCC, 0x5C, 0xAE, 0x87, 0xEE, 0x4F, 0xC4, 0xFF, 0x24, 0x32, 0x11, 0x53,
    0x6F, 0x93, 0x6D, 0x94, 0x79, 0xDA, 0x9F, 0x8C, 0x2C, 0x75, 0xE8, 0xF5, 0x02, 0x3E, 0xEF, 0x40,
    0xF5, 0x09, 0xA7, 0xA1, 0xD8, 0x73, 0xCE, 0x43, 0xB9, 0x55, 0x48, 0xC4, 0x8A, 0xED, 0x55, 0xBB,
    0xFF, 0x77, 0xA0, 0xBB, 0x15, 0x32, 0x9C, 0xF9, 0x95, 0xD1, 0x39, 0xA0, 0x6F, 0xB8, 0x3D, 0x79,
    0xE1, 0x1A, 0x44, 0x78, 0x35, 0x69, 0x02, 0x9E, 0x8F, 0x13, 0xBB, 0xA0, 0x44, 0x7E, 0x9C, 0x48,
    0x57, 0xD3, 0x92, 0xC2, 0xAE, 0x0D, 0x4C, 0x32, 0x19, 0xAB, 0x13, 0xE6, 0x07, 0x5D, 0x5A, 0x4E,
    0x23, 0x94, 0x5C, 0x0D, 0x2A, 0x62, 0xCA, 0x86, 0xED, 0x63, 0x12, 0xE2, 0xF6, 0x56, 0xE3, 0x15,
    0x84, 0xAD, 0x88, 0xED, 0x21, 0x1C, 0xED, 0xBF, 0x57, 0x3D, 0x55, 0x8B, 0x6A, 0x7A, 0x5B, 0x7A,
    0x1C, 0x15, 0x89, 0xBC, 0x78, 0x33, 0x9D, 0xC3, 0x8D, 0xDC, 0x15, 0xBD, 0x74, 0x89, 0x8A, 0x04,
    0x99, 0xCF, 0x91, 0xAC, 0x02, 0x6F, 0xA9, 0x96, 0x30, 0x72, 0xE4, 0x85, 0x92, 0x4A, 0xA8, 0x39,
    0x27, 0x8E, 0xB0, 0xC4, 0x4F, 0x4A, 0x31, 0x67, 0xF5, 0x7B, 0x60, 0x0E, 0xC3, 0x3F, 0x56, 0x02,
    0xF3, 0x42, 0x61, 0xCA, 0x97, 0x94, 0xCA, 0x87, 0x94, 0x92, 0x18, 0xBE, 0x20, 0x12, 0x96, 0xAD,
    0xB5, 0x50, 0x68, 0xE5, 0x08, 0x48, 0xCD, 0x95, 0xBD, 0x46, 0x27, 0x44, 0x4F, 0xE7, 0x98, 0xF1,
    0xC8, 0xDA, 0xC1, 0xC1, 0x30, 0xA2, 0x7B, 0xF7, 0x14, 0x2C, 0xC3, 0xC7, 0x30, 0x77, 0x3A, 0x87,
    0x1E, 0x21, 0xF9, 0xD7, 0xDE, 0xC8, 0x14, 0xD9, 0xF1, 0x72, 0x11, 0x4D, 0x83, 0x41, 0xEA, 0xB7,
    0x01, 0x55, 0xEA, 0x8A, 0x3B, 0xE9, 0x8A, 0x01, 0x5D, 0x21, 0xC0, 0x94, 0x81, 0xC3, 0xF6, 0xAB,
    0x6E, 0x20, 0x44, 0x53, 0xA8, 0x5D, 0x57, 0xA7, 0x92, 0x04, 0x65, 0x3E, 0xF5, 0x96, 0xDC, 0x09,
    0xE1, 0x6F, 0x8D, 0x11, 0x19, 0x06, 0xF7, 0xE9, 0x2F, 0x7F, 0x92, 0xC1, 0xD1, 0x55, 0x24, 0xD6,
    0xE9, 0x78, 0x7D, 0xC5, 0x1A, 0xA2, 0x85, 0x86, 0xC3, 0xDE, 0x16, 0x6D, 0xC9, 0x48, 0x76, 0x28,
    0xCA, 0x89, 0xE6, 0x9D, 0xEE, 0xB0, 0x07, 0xEB, 0x8E, 0x40, 0xFA, 0xA4, 0x6D, 0x54, 0x7A, 0xA6,
    0x6F, 0xD6, 0xD2, 0x50, 0x6A, 0x71, 0x0D, 0xD3, 0xC4, 0x94, 0x28, 0x79, 0x9C, 0xB1, 0x5D, 0x35,
    0x40, 0x3D, 0xD0, 0x30, 0xE1, 0x8B, 0x15, 0x08, 0xDA, 0x9D, 0xE4, 0x99, 0xC8, 0x91, 0xEE, 0xCB,
    0xF8, 0x79, 0x75, 0xB9, 0xC0, 0x4A, 0xEE, 0x02, 0xC8, 0xA1, 0x91, 0x19, 0xBC, 0xAA, 0x00, 0xC8,
    0x41, 0x1D, 0xDA, 0x8F, 0xBA, 0xC3, 0xEB, 0x09, 0x67, 0x8C, 0x3C, 0xF3, 0x11, 0xF7, 0xFB, 0x8A,
    0xFF, 0x45, 0xA8, 0xB5, 0x8F, 0x82, 0x62, 0x47, 0x29, 0xE9, 0x79, 0x75, 0x25, 0xFF, 0x4B, 0x32,
    0xB9, 0x84, 0x10, 0x0E, 0xAB, 0xA4, 0x8C, 0xAB, 0x4B, 0x07, 0x60, 0x10, 0xCA, 0x18, 0x46, 0x1B,
    0x01, 0x22, 0xB9, 0xB4, 0x0D, 0xDD, 0xF6, 0x49, 0xF2, 0xB9, 0xD9, 0x48, 0xCF, 0xA2, 0xC1, 0xCE,
    0xFE, 0xD6, 0xF7, 0x25, 0x3C, 0x2E, 0xD5, 0x8C, 0x49, 0xA5, 0xEC, 0x89, 0x3C, 0x49, 0xE3, 0x6D,
    0x20, 0x4D, 0xE6, 0x4C, 0xFA, 0x33, 0x36, 0x24, 0xE7, 0x99, 0x37, 0xDF, 0x9B, 0x36, 0x69, 0x9F,
    0x82, 0xB9, 0x52, 0x24, 0x9C, 0xFC, 0xB1, 0xCA, 0xF3, 0x6E, 0x45, 0xA4, 0xA2, 0xD4, 0xA8, 0x31,
    0xF0, 0xC8, 0x39, 0x47, 0xE3, 0xC4, 0x32, 0x60, 0x47, 0x1D, 0x4A, 0x80, 0x36, 0x44, 0x3D, 0xDC,
    0x10, 0x6F, 0xDD, 0xF1, 0xDE, 0xF9, 0xF1, 0x23, 0x3F, 0x79, 0xE0, 0x3F, 0xFC, 0xD9, 0xEE, 0x70,
    0x00, 0x39, 0x81, 0x78, 0x05, 0x71, 0x05, 0x02, 0xA4, 0x58, 0xD8, 0x2F, 0xB9, 0xB7, 0x2C, 0xCE,
    0x24, 0x31, 0xFF, 0xB2, 0x7E, 0xBF, 0x71, 0x70, 0xBD, 0x09, 0x23, 0x2A, 0x5C, 0xCE, 0x8B, 0xAA,
    0x70, 0x39, 0xA2, 0x8D, 0x57, 0x15, 0xE4, 0x2A, 0xF3, 0x8C, 0x98, 0xBA, 0x47, 0xF9, 0x58, 0xA4,
    0xBA, 0x1E, 0x3F, 0xEC, 0x48, 0x17, 0xF5, 0x37, 0x99, 0x90, 0x51, 0x2E, 0xB4, 0xAC, 0x4B, 0x21,
    0x86, 0xA7, 0x04, 0x6B, 0xDD, 0x7B, 0x79, 0x23, 0x2F, 0xEF, 0xB6, 0x47, 0x5F, 0x87, 0xF7, 0x7C,
    0x44, 0x12, 0x5D, 0x42, 0xD4, 0xB9, 0xE6, 0xED, 0x8E, 0x9F, 0xA5, 0x1A, 0xE5, 0x50, 0x40, 0x93,
    0x33, 0x95, 0x4B, 0xEF, 0xBC, 0xC3, 0x33, 0x5E, 0x0E, 0x89, 0x8A, 0x3B, 0xF3, 0x5E, 0xA8, 0x85,
    0x9C, 0x44, 0x9A, 0xC6, 0xE9, 0xB8, 0x92, 0xCD, 0x0A, 0xAD, 0x32, 0x0B, 0x0A, 0x11, 0xB0, 0x24,
    0x11, 0x5E, 0xA4, 0x97, 0xF4, 0xA5, 0x6C, 0xD1, 0xB1, 0xF0, 0x91, 0xE7, 0x12, 0xC4, 0x25, 0xA2,
    0x41, 0xD8, 0xDC, 0x81, 0x58, 0xD3, 0x1D, 0x9B, 0xA3, 0x27, 0x66, 0x1B, 0x74, 0xE4, 0x08, 0x6B,
    0x28, 0x6E, 0x8E, 0x9C, 0x61, 0xC4, 0x93, 0x98, 0xCD, 0x03, 0x0F, 0x64, 0x00, 0xAC, 0x9A, 0xD4,
    0x8C, 0xB9, 0x6E, 0xB4, 0x48, 0x34, 0x5A, 0xB5, 0x3C, 0x15, 0xFB, 0x16, 0xCA, 0x7F, 0xFE, 0x58,
    0xCA, 0xBE, 0x67, 0x60, 0xB7, 0x82, 0xB9, 0x44, 0xDE, 0x8F, 0xFA, 0x62, 0x55, 0x1F, 0xD4, 0x78,
    0x75, 0x0E, 0x54, 0xE1, 0x11, 0x09, 0x59, 0xE8, 0xAC, 0xAD, 0xD2, 0x1F, 0x9C, 0x49, 0xD4, 0x3D,
    0x14, 0xE4, 0x47, 0x0F, 0x5A, 0x81, 0x47, 0x9D, 0x84, 0xB4, 0x1D, 0x91, 0x94, 0x91, 0x70, 0x52,
    0x6B, 0x25, 0xA1, 0xAD, 0x7B, 0xAD, 0x9B, 0x3A, 0xD7, 0x92, 0xFB, 0xB0, 0x56, 0xE8, 0x58, 0x39,
    0xB7, 0x80, 0x23, 0x8F, 0xB9, 0x5D, 0x4B, 0x99, 0x24, 0x05, 0x12, 0x70, 0xB5, 0x34, 0xDA, 0x64,
    0xBF, 0x1B, 0xD7, 0x9F, 0xEB, 0x0C, 0x66, 0x16, 0xF1, 0x3A, 0x33, 0x0D, 0x73, 0xD1, 0x41, 0x4A,
    0x68, 0x31, 0x89, 0x32, 0x89, 0xE8, 0xED, 0xBC, 0x23, 0xFA, 0x5D, 0xB3, 0x4A, 0xB4, 0xC5, 0x98,
    0x01, 0x2D, 0x5E, 0x38, 0x61, 0x6F, 0x95, 0x5A, 0x1B, 0xD3, 0xB1, 0x95, 0xD8, 0x1D, 0xAA, 0xC1,
    0x33, 0x3C, 0x27, 0x6F, 0x64, 0xAB, 0xA2, 0x4B, 0x4C, 0x98, 0xD8, 0x40, 0xD5, 0x39, 0x62, 0x5C,
    0x78, 0x88, 0x13, 0x17, 0x56, 0x6D, 0x49, 0x8C, 0x20, 0x13, 0x28, 0x41, 0xA1, 0x98, 0x44, 0x31,
    0xC9, 0x6A, 0x22, 0x45, 0x27, 0x2D, 0x68, 0x22, 0xDD, 0x65, 0xDC, 0x74, 0xFC, 0x55, 0xE1, 0x53,
    0x00, 0xB3, 0xDC, 0x0A, 0x31, 0x02, 0x6B, 0x23, 0xEB, 0xE6, 0x3F, 0xCD, 0x2B, 0xC4, 0x0A, 0xA4,
    0xD8, 0x94, 0x48, 0x7D, 0x87, 0x54, 0xC6, 0x5A, 0x8B, 0x47, 0x7B, 0xA9, 0x11, 0x2B, 0x16, 0xCE,
    0x02, 0xD3, 0x08, 0x33, 0x19, 0x33, 0x47, 0xE9, 0xA5, 0x43, 0xE5, 0xFC, 0x13, 0x5C, 0x1C, 0xD7,
    0x18, 0x33, 0x8B, 0xED, 0xCF, 0x9A, 0x49, 0x0E, 0x49, 0xC3, 0xE7, 0x62, 0x7D, 0xEA, 0x42, 0x2C,
    0x16, 0xFA, 0x55, 0x3C, 0x17, 0xBF, 0x62, 0xC6, 0xCA, 0xED, 0xF7, 0xDC, 0x97, 0x19, 0xC9, 0x97,
    0xA4, 0xF3, 0x87, 0xB2, 0xEC, 0xD6, 0x18, 0x92, 0x9F, 0x56, 0x4E, 0xDB, 0x1E, 0x53, 0x55, 0x6D,
    0x64, 0xD0, 0x3D, 0xC3, 0xE9, 0xF7, 0xB1, 0x36, 0xD8, 0xF4, 0x04, 0x04, 0x57, 0xB2, 0xCF, 0x85,
    0x60, 0xC6, 0xE1, 0x67, 0x5E, 0x2A, 0xBF, 0x34, 0xB0, 0x1E, 0xF3, 0x33, 0x37, 0x34, 0x0C, 0x18,
    0x09, 0x1B, 0x9D, 0xF1, 0xD6, 0x95, 0x6B, 0xC1, 0x1B, 0xAB, 0xD6, 0x6A, 0x86, 0x0C, 0xC2, 0x5B,
    0x9B, 0x37, 0xC5, 0xEE, 0xFC, 0x1C, 0x7B, 0xF6, 0xEF, 0x78, 0x41, 0x80, 0x79, 0xA1, 0x16, 0xF5,
    0xE7, 0xEC, 0x26, 0xFE, 0x0D, 0xBE, 0x81, 0x32, 0xAF, 0xBE, 0x0A, 0x0C, 0x4E, 0x4D, 0xB7, 0x46,
    0xEC, 0xF5, 0xAA, 0x3D, 0x63, 0x1B, 0x48, 0x5C, 0x4F, 0x0B, 0xB1, 0x94, 0x1F, 0x0B, 0x2E, 0x0B,
    0x7F, 0xC2, 0xFE, 0xD4, 0x41, 0x11, 0x2C, 0xD0, 0x7C, 0xCD, 0xC5, 0xC8, 0xD4, 0x63, 0x26, 0x8A,
    0xA9, 0x4C, 0x4F, 0x6F, 0xD4, 0x93, 0x07, 0xD0, 0x8C, 0x9A, 0xD4, 0xD9, 0x9D, 0x99, 0xD9, 0x15,
    0xCA, 0x4C, 0x89, 0xDE, 0xE0, 0xFE, 0x83, 0xAE, 0xBF, 0xFE, 0x5E, 0xC9, 0xBB, 0xA1, 0xC2, 0x95,
    0x8C, 0x8F, 0x1D, 0x70, 0x6E, 0x90, 0xC5, 0x85, 0x3B, 0x07, 0x7D, 0xD8, 0x89, 0xF8, 0x45, 0xB7,
    0x03, 0x6B, 0x70, 0xB7, 0x03, 0xEA, 0x06, 0x5D, 0x0A, 0x8F, 0xDB, 0x63, 0x17, 0x28, 0x2C, 0x3A,
    0xAF, 0x46, 0x41, 0x19, 0x2F, 0xFC, 0x8C, 0x4A, 0x31, 0xD7, 0x78, 0x69, 0x85, 0x6E, 0x97, 0x56,
    0xE0, 0x6E, 0xCA, 0x98, 0xDA, 0x36, 0x80, 0x22, 0xE5, 0x9E, 0xC9, 0xD9, 0x84, 0xAC, 0x40, 0x07,
    0xD1, 0x59, 0xC2, 0xAF, 0xF5, 0xCD, 0x5A, 0x92, 0x76, 0x4A, 0x77, 0xE6, 0x23, 0x4A, 0xEB, 0x52,
    0x89, 0xA6, 0x18, 0x2B, 0xCC, 0x7F, 0xFE, 0x6C, 0x41, 0xCB, 0x0A, 0xE6, 0x6F, 0x5D, 0x7A, 0xF7,
    0xE8, 0x31, 0x7F, 0xD3, 0x82, 0xBF, 0x41, 0xEE, 0xE8, 0x0D, 0xC8, 0x5E, 0x46, 0x8C, 0x89, 0x80,
    0x38, 0x39, 0x45, 0x01, 0xF2, 0x4D, 0x67, 0x30, 0x7B, 0x87, 0xFE, 0x62, 0x0E, 0xA4, 0xDA, 0xFF,
    0x8C, 0x87, 0xD9, 0x72, 0x5E, 0xBF, 0xAF, 0x19, 0x6B, 0xDD, 0xF5, 0x0C, 0xBA, 0x24, 0x06, 0x13,
    0xEB, 0x34, 0x3B, 0x1D, 0x57, 0x0B, 0x8C, 0x40, 0xC4, 0x6C, 0x51, 0x89, 0x84, 0xDF, 0x94, 0x49,
    0x1B, 0x0B, 0xAA, 0x5D, 0x3B, 0x85, 0xB2, 0x68, 0x42, 0x94, 0x29, 0x4F, 0x3A, 0x48, 0xE6, 0x4D,
    0x7E, 0x0A, 0x9A, 0xD9, 0x36, 0x3F, 0x09, 0x5A, 0x6A, 0x1B, 0xC4, 0x9F, 0x14, 0x00, 0xA5, 0xC4,
    0x21, 0x7A, 0x9C, 0x17, 0xBC, 0x02, 0xE6, 0xCF, 0x37, 0x0D, 0xFE, 0x72, 0xD1, 0x40, 0xEE, 0x66,
    0x2A, 0x1B, 0x2C, 0xE8, 0x2D, 0x30, 0x98, 0x6D, 0x16, 0x68, 0xEF, 0xA7, 0x36, 0x56, 0x8D, 0xDF,
    0x02, 0x76, 0x75, 0x7B, 0x4F, 0xD1, 0xE1, 0xB1, 0xBD, 0xDF, 0x31, 0x2A, 0x6C, 0xFE, 0xB1, 0x93,
    0xCD, 0xE8, 0xE8, 0x56, 0x69, 0xAE, 0x41, 0xAB, 0xF3, 0x43, 0x5F, 0x54, 0xE8, 0x5E, 0x4E, 0xD6,
    0xE6, 0xBF, 0x1C, 0xF4, 0x16, 0x8A, 0xDE, 0x46, 0xD1, 0xAB, 0x99, 0x8B, 0x74, 0x8D, 0xEF, 0xAD,
    0xD6, 0xE4, 0xC6, 0x12, 0x8D, 0x09, 0x0F, 0x65, 0x11, 0x53, 0xE3, 0xCF, 0x3D, 0x78, 0xF0, 0x40,
    0xB3, 0x69, 0x84, 0xB6, 0xEB, 0x8A, 0xAA, 0x5D, 0x79, 0x41, 0x70, 0xAC, 0x45, 0x14, 0x56, 0x29,
    0x65, 0x28, 0xB7, 0xD5, 0xE5, 0x5A, 0xCB, 0x28, 0xA7, 0x29, 0x35, 0xE4, 0x6C, 0xEB, 0x48, 0x04,
    0xD1, 0xAE, 0x13, 0x92, 0x38, 0x3D, 0x79, 0xB3, 0x74, 0xA3, 0xB7, 0x12, 0xD7, 0xA5, 0x54, 0x07,
    0xCE, 0x1E, 0xF5, 0xD3, 0xD3, 0x60, 0xBB, 0xFA, 0x50, 0x77, 0x6A, 0x5A, 0x20, 0x0A, 0x1E, 0x3A,
    0xD1, 0x6A, 0xA8, 0xAA, 0x0C, 0x7F, 0x95, 0x03, 0xB5, 0x88, 0x01, 0xD8, 0x0F, 0x52, 0x48, 0xB0,
    0x05, 0xAC, 0x07, 0xD8, 0x1A, 0x90, 0xDC, 0xA7, 0xFF, 0x13, 0xC4, 0x0B, 0x46, 0x18, 0x7F, 0x96,
    0xC1, 0x2D, 0xB1, 0x52, 0x18, 0xF0, 0x1D, 0x27, 0x33, 0xD5, 0x35, 0xA7, 0xEF, 0xD8, 0x3A, 0x56,
    0x10, 0x00, 0xED, 0x95, 0x59, 0x37, 0xC9, 0xBF, 0x97, 0x2E, 0x94, 0xD7, 0xE1, 0xE3, 0x3B, 0xD9,
    0xC5, 0xDB, 0xB5, 0x8C, 0x96, 0xAB, 0xDD, 0xE4, 0xB3, 0x58, 0x2D, 0xFA, 0x6D, 0x24, 0x7B, 0xA6,
    0x28, 0xF3, 0xA6, 0x8F, 0x0A, 0xC5, 0x6D, 0xE1, 0x9B, 0x9F, 0x4A, 0x44, 0x49, 0xFC, 0xB4, 0x74,
    0x04, 0x63, 0x41, 0xB0, 0x5B, 0xF9, 0x39, 0x91, 0xE6, 0xA8, 0xFC, 0x98, 0x4A, 0xD4, 0xF8, 0x3E,
    0xF3, 0x7F, 0x26, 0x32, 0xB6, 0xCE, 0x45, 0x18, 0xAA, 0x4F, 0xDC, 0x94, 0x11, 0x38, 0xE7, 0x11,
    0x9C, 0x19, 0x41, 0xA7, 0xE6, 0x64, 0x90, 0xF8, 0xCC, 0x45, 0xA7, 0x01, 0xCA, 0x12, 0xAD, 0x1C,
    0x71, 0x17, 0x22, 0x82, 0x62, 0xAB, 0x18, 0xD8, 0x48, 0x03, 0xFD, 0x4E, 0x95, 0x52, 0x45, 0x54,
    0x20, 0x78, 0xAF, 0xF0, 0x36, 0x9E, 0xEF, 0x05, 0xEA, 0xC0, 0x98, 0xCF, 0xBC, 0xF8, 0x1F, 0xCC,
    0xBB, 0x45, 0xF5, 0x51, 0xA9, 0x3C, 0x17, 0xBD, 0x62, 0x56, 0x55, 0x71, 0x04, 0xAD, 0x33, 0x18,
    0x64, 0x16, 0xAB, 0xE0, 0x86, 0x6F, 0x6E, 0xAF, 0x19, 0x74, 0xB9, 0x88, 0x51, 0x7E, 0x2F, 0x34,
    0x4B, 0x0F, 0xD1, 0x70, 0xF0, 0x61, 0xCE, 0x2A, 0x66, 0x95, 0x20, 0x05, 0xFC, 0x32, 0x96, 0xB3,
    0x93, 0x04, 0x39, 0x52, 0x48, 0x81, 0x74, 0x3F, 0x05, 0x0A, 0x4E, 0xCC, 0xF8, 0xCB, 0x60, 0x6A,
    0x1E, 0x13, 0xD4, 0x28, 0xCA, 0x28, 0x41, 0x49, 0x36, 0x17, 0xB4, 0x52, 0xB1, 0x48, 0x6E, 0x91,
    0xFD, 0x56, 0x02, 0x2B, 0x30, 0xAB, 0xA6, 0x4A, 0x06, 0xFC, 0x8A, 0x4D, 0xB2, 0x9C, 0x10, 0x9B,
    0x56, 0x02, 0x51, 0x5C, 0x14, 0xC0, 0x4B, 0xCF, 0x17, 0x9B, 0x94, 0x15, 0x7D, 0x3B, 0xE2, 0x7D,
    0xDA, 0x6E, 0xFC, 0xDD, 0x43, 0x11, 0x29, 0xFE, 0x27, 0x36, 0x10, 0xEE, 0x14, 0x1D, 0xBD, 0x28,
    0x8B, 0x19, 0xE8, 0xE2, 0x07, 0x94, 0xD2, 0x9D, 0xB4, 0x9F, 0xCE, 0x83, 0xCF, 0x4A, 0x11, 0xE5,
    0xB9, 0xA8, 0x7E, 0xC8, 0x89, 0x96, 0x97, 0x02, 0x69, 0x6D, 0xCB, 0x73, 0x77, 0xEA, 0xA2, 0x3D,
    0x2A, 0x56, 0xC2, 0x43, 0x1C, 0x50, 0xE5, 0x79, 0xA1, 0xFF, 0xE9, 0x43, 0xD6, 0x1E, 0x34, 0x5C,
    0x12, 0x61, 0xB6, 0x1C, 0x5E, 0x14, 0x19, 0xD0, 0x97, 0xE7, 0x52, 0xC6, 0x24, 0xF4, 0xA5, 0xC2,
    0xFF, 0xF6, 0xA4, 0xB7, 0xEE, 0x00, 0x1C, 0xA6, 0x49, 0x79, 0x9D, 0x8C, 0x07, 0x31, 0x61, 0x39,
    0xEC, 0x07, 0x1F, 0x8A, 0x3D, 0x6E, 0xAC, 0x13, 0x8F, 0x15, 0xE4, 0x26, 0xC7, 0x75, 0x4E, 0x34,
    0xF2, 0xFC, 0x71, 0x89, 0xA4, 0x0B, 0x3A, 0xDC, 0x5A, 0x2B, 0x43, 0x84, 0x89, 0xA7, 0x83, 0x83,
    0xA3, 0x66, 0x91, 0xA8, 0x76, 0xDD, 0x64, 0xEE, 0x51, 0xDA, 0x8B, 0x9A, 0x3A, 0x0E, 0xC6, 0x32,
    0x88, 0xCC, 0x3E, 0xF5, 0xA6, 0x9B, 0xD4, 0xB3, 0x51, 0x54, 0xAC, 0x36, 0xA0, 0xCA, 0xC5, 0x24,
    0x79, 0x35, 0x59, 0xD4, 0x8D, 0x4A, 0xA2, 0x43, 0x18, 0x76, 0x3F, 0xD4, 0x21, 0x14, 0xFB, 0xD7,
    0x02, 0x03, 0xBF, 0xB5, 0x1B, 0x37, 0xBF, 0xA3, 0xD2, 0xCB, 0x79, 0x9B, 0x81, 0xCE, 0xC6, 0x17,
    0x47, 0x3A, 0x0E, 0x45, 0xD4, 0x2B, 0xED, 0xB5, 0xEE, 0x92, 0x08, 0x9D, 0xD9, 0xA4, 0x30, 0x25,
    0xE9, 0xDF, 0x17, 0x98, 0x0A, 0x45, 0xD2, 0x32, 0xF5, 0xF1, 0xC8, 0xA0, 0x3D, 0xB3, 0x9A, 0xE5,
    0x3A, 0x2D, 0x70, 0xB6, 0x0D, 0xD4, 0x7C, 0xEB, 0xA4, 0x83, 0x69, 0x0E, 0x4D, 0x9F, 0xE3, 0x15,
    0xE9, 0xE4, 0x33, 0x7B, 0x39, 0x71, 0x29, 0x9D, 0xD5, 0x43, 0x17, 0xD0, 0x8A, 0x4D, 0xE5, 0xFE,
    0x8B, 0xD8, 0x52, 0xEE, 0xFF, 0x37, 0x2F, 0xF9, 0xF8, 0xB3, 0x4D, 0xD6, 0x3F, 0x5F, 0x65, 0x7D,
    0x45, 0xD5, 0x43, 0x37, 0x28, 0xFB, 0xF5, 0xC6, 0x82, 0xB2, 0xEE, 0x9A, 0xB3, 0x55, 0xD7, 0x59,
    0xD7, 0xE9, 0xC2, 0xE8, 0x24, 0x96, 0x47, 0x3B, 0xE2, 0x8B, 0xEF, 0xAA, 0x93, 0x7E, 0xF3, 0x14,
    0xFF, 0x91, 0xAE, 0x2C, 0xD3, 0x2C, 0x25, 0xA4, 0xD4, 0x22, 0x8B, 0x49, 0xAC, 0x25, 0x96, 0xEF,
    0x82, 0x88, 0xD0, 0x32, 0x4E, 0x8A, 0xA9, 0xB1, 0x9C, 0xE7, 0xDE, 0x87, 0xAC, 0xA7, 0xDE, 0x87,
    0x6C, 0x47, 0x47, 0xA9, 0x08, 0xC9, 0xEF, 0x2B, 0xDF, 0xDE, 0xE5, 0x1F, 0x28, 0x4E, 0x00, 0x1F,
    0xA3, 0x77, 0x0F, 0xE7, 0xC7, 0x03, 0x8B, 0xD3, 0x12, 0xA3, 0x83, 0xB4, 0xFF, 0x33, 0x7E, 0x69,
    0x2A, 0x42, 0x06, 0x49, 0x8A, 0xBD, 0x26, 0x7A, 0x0A, 0x02, 0x0A, 0xB1, 0x66, 0x12, 0xAC, 0x57,
    0x4A, 0x36, 0xB9, 0x47, 0xE9, 0x5D, 0x3A, 0x5D, 0x7A, 0x97, 0x78, 0x9B, 0x2F, 0x4C, 0x09, 0x36,
    0x61, 0x18, 0x10, 0x36, 0x63, 0xDA, 0xC8, 0x0E, 0x5F, 0xF1, 0x14, 0xF0, 0x36, 0x67, 0xE8, 0x96,
    0x4A, 0x00, 0x48, 0xED, 0xC6, 0x30, 0x42, 0xEC, 0xC9, 0x1B, 0x29, 0x3D, 0x52, 0x93, 0x72, 0x0E,
    0xBD, 0x24, 0x6A, 0x6D, 0x36, 0xF4, 0x25, 0x38, 0x91, 0xDE, 0x29, 0x45, 0x17, 0x17, 0x24, 0x47,
    0x49, 0xF8, 0xD4, 0x91, 0x1C, 0x25, 0xE1, 0xC4, 0xEA, 0xB1, 0x60, 0x5F, 0xC3, 0x11, 0xE9, 0xD1,
    0xE1, 0x88, 0x2B, 0x5A, 0x5F, 0x8E, 0x35, 0x05, 0xC0, 0xE0, 0x88, 0xD9, 0x71, 0x44, 0xF9, 0x92,
    0xB7, 0x3C, 0xF0, 0x07, 0x6F, 0xCA, 0x63, 0x48, 0x52, 0x88, 0x3A, 0x64, 0xF6, 0xE9, 0x0B, 0xA1,
    0x4E, 0xE6, 0x1F, 0x10, 0xE1, 0x24, 0xFC, 0x8B, 0x2F, 0x0F, 0xC7, 0x98, 0x84, 0x26, 0x44, 0x5F,
    0x9F, 0xE2, 0xFE, 0x14, 0xB7, 0xA7, 0xF8, 0x28, 0x72, 0x7A, 0x8E, 0xB7, 0x23, 0xCE, 0xD6, 0x53,
    0x7C, 0xF2, 0xBD, 0xD9, 0xC9, 0xA8, 0x46, 0xB7, 0x8F, 0x60, 0x46, 0x5F, 0x12, 0xF7, 0xF2, 0xD3,
    0x84, 0x37, 0x53, 0x4C, 0x2E, 0x83, 0x94, 0x20, 0x6F, 0x0A, 0x71, 0x31, 0xBB, 0x06, 0xEB, 0x16,
    0x2B, 0x05, 0x7A, 0x95, 0xFA, 0x92, 0xC0, 0xD4, 0xF4, 0xF8, 0xCD, 0xDD, 0xAF, 0xBA, 0xA9, 0x5B,
    0xDF, 0x45, 0x16, 0x2F, 0x85, 0xC8, 0xE2, 0xB9, 0x12, 0x59, 0x7C, 0x77, 0x5F, 0x16, 0x7B, 0xC8,
    0x62, 0x5E, 0x19, 0x2E, 0x05, 0x3D, 0x90, 0x4D, 0x5D, 0xF6, 0x7D, 0xCD, 0x7A, 0xAE, 0x19, 0x2F,
    0x35, 0xDB, 0x95, 0x16, 0xB8, 0xD3, 0x82, 0x0A, 0x90, 0x03, 0xE5, 0xA4, 0xEB, 0x65, 0x71, 0x92,
    0x36, 0xF4, 0xAF, 0xF5, 0xAE, 0xF4, 0xED, 0xAA, 0xD7, 0xA3, 0x4C, 0xEB, 0xBB, 0x7B, 0x84, 0x36,
    0x2A, 0xF1, 0xE9, 0xC4, 0x11, 0x46, 0xA9, 0x54, 0x4E, 0x57, 0xFA, 0x3C, 0x10, 0xB2, 0x8D, 0x29,
    0x77, 0x92, 0xBD, 0xF4, 0x83, 0x9F, 0xA8, 0xEC, 0xC5, 0x13, 0xBA, 0xB3, 0xDC, 0x6D, 0x75, 0x1D,
    0xB8, 0x95, 0x22, 0xEE, 0xF4, 0x08, 0x09, 0x9F, 0x51, 0xB4, 0x04, 0xFF, 0xCF, 0xBA, 0x4E, 0xF8,
    0x2C, 0xD5, 0xD5, 0x64, 0x6F, 0x76, 0x92, 0xBD, 0x99, 0xAE, 0x24, 0x75, 0xB8, 0x97, 0x22, 0x99,
    0x15, 0xD8, 0x70, 0x76, 0x21, 0x77, 0x07, 0xF9, 0x78, 0x93, 0xDD, 0x08, 0x13, 0x3E, 0x53, 0x43,
    0xDB, 0x41, 0xFD, 0xF0, 0xD1, 0x45, 0xDF, 0xCA, 0xDF, 0xAB, 0xBF, 0x06, 0xF6, 0xA4, 0x73, 0x52,
    0x1C, 0x54, 0x26, 0x76, 0x6E, 0xA9, 0x10, 0x01, 0xDD, 0xE3, 0x79, 0xAD, 0x79, 0x92, 0x0E, 0xF5,
    0x92, 0x9E, 0x47, 0x36, 0x63, 0xFC, 0x95, 0xC6, 0x94, 0x96, 0x4C, 0xFD, 0xFF, 0x43, 0x57, 0x19,
    0x92, 0x99, 0x43, 0xC4, 0xE0, 0x2F, 0xB5, 0x38, 0x6B, 0xD8, 0x82, 0x41, 0x3B, 0x96, 0x4C, 0x34,
    0x63, 0xC5, 0xE2, 0x8B, 0xFF, 0x4A, 0x4C, 0xB7, 0x13, 0x74, 0x09, 0x6E, 0xD0, 0x30, 0x75, 0x11,
    0x9E, 0xB0, 0x98, 0x80, 0x91, 0xFA, 0x5C, 0x8B, 0x7C, 0x89, 0xBE, 0xA0, 0xC7, 0x6C, 0x34, 0xFD,
    0x99, 0xEA, 0x7E, 0x35, 0x02, 0x93, 0x39, 0x1F, 0xD6, 0x62, 0xA4, 0xE2, 0x6F, 0x70, 0x33, 0x25,
    0x3B, 0x46, 0xB5, 0x39, 0xDB, 0x9D, 0x05, 0xA8, 0xB0, 0xC8, 0x27, 0x04, 0x3D, 0x3A, 0x03, 0xEC,
    0x85, 0x80, 0x90, 0xF0, 0x62, 0x25, 0x89, 0xF9, 0xD3, 0x49, 0x83, 0x17, 0xE6, 0x46, 0xD0, 0x92,
    0xAC, 0x80, 0x5B, 0xE3, 0xE3, 0x1D, 0x89, 0xE9, 0xF6, 0x48, 0x70, 0xE1, 0xF7, 0xC8, 0xAB, 0x1A,
    0x95, 0x1D, 0x46, 0x26, 0x29, 0x23, 0xDD, 0x29, 0x63, 0x74, 0xFF, 0xAC, 0xE4, 0x6E, 0x96, 0xD1,
    0x07, 0x53, 0x34, 0x2B, 0x5A, 0x93, 0x51, 0x47, 0x49, 0x74, 0xC2, 0xAB, 0x32, 0xEC, 0x45, 0x50,
    0x18, 0x03, 0x36, 0xFE, 0x47, 0x8A, 0xED, 0x30, 0x4C, 0xBC, 0xD1, 0xAF, 0x7E, 0xD2, 0x1D, 0xC3,
    0xF4, 0x7A, 0x87, 0x23, 0xA2, 0x1F, 0xB7, 0x0D, 0x1C, 0x83, 0xFF, 0x92, 0x07, 0x1D, 0x90, 0x85,
    0xA1, 0xB4, 0x3F, 0xFB, 0x8A, 0xBF, 0xF1, 0xD2, 0xF3, 0xDD, 0x77, 0x64, 0xF5, 0x4E, 0xD6, 0xD5,
    0x09, 0x07, 0x4C, 0xBA, 0x8E, 0x4E, 0x34, 0x6F, 0x8F, 0x95, 0xD3, 0x28, 0x2B, 0xE8, 0x86, 0x35,
    0x2A, 0x40, 0xD3, 0xB1, 0x64, 0x9D, 0xF8, 0xB3, 0x8F, 0x01, 0x38, 0x7E, 0xEE, 0x00, 0x1A, 0x3F,
    0x55, 0x7F, 0x4A, 0xB7, 0xD2, 0x77, 0xD5, 0xB7, 0x41, 0x49, 0x63, 0xF1, 0xBA, 0x50, 0x51, 0x2E,
    0x43, 0xE6, 0x2E, 0xE3, 0xDB, 0x53, 0xCD, 0x5F, 0xA6, 0x8D, 0x96, 0x6B, 0xC7, 0xD2, 0xF6, 0x50,
    0xD3, 0xC2, 0xFF, 0x4F, 0x7B, 0x87, 0x72, 0xD1, 0xAB, 0x7B, 0x59, 0xCB, 0x5E, 0xB6, 0x91, 0x0B,
    0x33, 0xBA, 0xAC, 0x95, 0xED, 0x20, 0x13, 0x4A, 0x27, 0xD2, 0xEE, 0xFC, 0xD8, 0xDD, 0x52, 0x76,
    0x5E, 0x3B, 0xFD, 0x5C, 0xFF, 0x95, 0x26, 0x33, 0x2A, 0x9B, 0x3A, 0xC6, 0x56, 0xCE, 0xF2, 0x1A,
    0xDB, 0x10, 0x4A, 0x94, 0x3A, 0xE8, 0xD9, 0x46, 0x10, 0xC1, 0x64, 0xA8, 0xC4, 0x00, 0x34, 0x0E,
    0xDB, 0x71, 0x6D, 0xD6, 0xCB, 0xD8, 0xEA, 0x08, 0x32, 0x0B, 0xF2, 0x47, 0x80, 0x10, 0xEA, 0x5F,
    0x5A, 0x50, 0x1D, 0x41, 0xEB, 0x2E, 0x68, 0xEC, 0x50, 0xAB, 0x9D, 0x05, 0xE1, 0x7C, 0x7E, 0xBB,
    0x17, 0xA8, 0x1E, 0x08, 0x1A, 0x27, 0x08, 0x9C, 0x30, 0xFA, 0x1F, 0xB7, 0xC1, 0x27, 0xD9, 0x69,
    0xA3, 0x5E, 0x2A, 0xF3, 0x41, 0xEA, 0x9C, 0x90, 0x3A, 0xDC, 0x43, 0x2A, 0xFD, 0x7B, 0xF5, 0x3C,
    0xEB, 0x6D, 0xFC, 0xEB, 0xF3, 0x55, 0xEC, 0x37, 0x83, 0x95, 0x21, 0xF3, 0x81, 0xC2, 0x7C, 0x68,
    0x40, 0xA1, 0x85, 0xC8, 0x08, 0x52, 0xF9, 0x5C, 0x25, 0xBB, 0x2E, 0x8A, 0x0D, 0xA1, 0x3B, 0x43,
    0x88, 0x2E, 0x9A, 0x02, 0x4D, 0x80, 0x1C, 0x3F, 0x92, 0x3D, 0x0B, 0x0F, 0xCA, 0x20, 0x0E, 0x42,
    0x45, 0x36, 0xF9, 0x3F, 0x60, 0xFA, 0xBA, 0xE7, 0x31, 0x7C, 0x9D, 0x20, 0xD5, 0xE9, 0x88, 0x51,
    0x25, 0xD0, 0xC8, 0x69, 0x8A, 0xBB, 0x43, 0x91, 0x02, 0xE1, 0x02, 0x0B, 0x48, 0x2E, 0x0D, 0x62,
    0xC3, 0x90, 0x00, 0xC5, 0x6B, 0xFA, 0xF3, 0x10, 0xEC, 0x9A, 0xFE, 0x7C, 0xD3, 0xF4, 0xE7, 0xAB,
    0xA6, 0x1F, 0x01, 0xA7, 0x3F, 0x9F, 0x4D, 0x70, 0x0E, 0x97, 0xF8, 0x78, 0x17, 0xA0, 0xC4, 0x06,
    0x49, 0xEC, 0x62, 0xB6, 0x60, 0x7A, 0x3C, 0x3E, 0x7E, 0x21, 0xA0, 0xE4, 0x4F, 0x04, 0x94, 0x9F,
    0xBC, 0x07, 0xA5, 0xDD, 0x07, 0x0A, 0xA6, 0x43, 0x86, 0xF4, 0xF2, 0xD7, 0xB5, 0x50, 0x2D, 0x36,
    0x3C, 0xA4, 0xFE, 0x96, 0x46, 0x50, 0xC2, 0xF3, 0x64, 0x8C, 0x7A, 0x2D, 0x0F, 0x57, 0x27, 0xED,
    0x79, 0xD6, 0xE7, 0x13, 0xE7, 0x33, 0x35, 0xC1, 0x3F, 0x9A, 0x35, 0x6A, 0x78, 0xFF, 0x31, 0x4E,
    0x9E, 0xF9, 0xB7, 0x36, 0x6C, 0x6D, 0x07, 0xBB, 0xFC, 0xD1, 0x15, 0x60, 0x53, 0xD6, 0x20, 0x3A,
    0x1E, 0x5C, 0x05, 0xFF, 0xF5, 0x22, 0x7F, 0x68, 0x0F, 0x39, 0xB6, 0x1A, 0xA3, 0x74, 0xEE, 0xB7,
    0x65, 0x70, 0x5D, 0xB2, 0x80, 0x37, 0x16, 0x38, 0xF3, 0x82, 0x14, 0x77, 0xD3, 0x94, 0x15, 0x21,
    0x58, 0x75, 0x0A, 0x14, 0xAB, 0xA6, 0x0C, 0xC6, 0x97, 0x53, 0x06, 0x01, 0x85, 0x79, 0x35, 0x9C,
    0x59, 0xA0, 0x7C, 0xAF, 0xE2, 0xDE, 0xC8, 0x7E, 0x4C, 0xBE, 0x20, 0xC0, 0xB7, 0xAA, 0x28, 0x34,
    0x98, 0xB8, 0xCA, 0x9B, 0x65, 0x61, 0x35, 0xDD, 0xCF, 0x59, 0xD4, 0x20, 0x36, 0x27, 0x00, 0x34,
    0xA0, 0xCA, 0xA2, 0x1C, 0x27, 0xA7, 0xE3, 0x62, 0xB4, 0x60, 0x90, 0xDF, 0xE4, 0x60, 0xFB, 0x55,
    0xB6, 0xCC, 0x02, 0x89, 0x94, 0xD2, 0x43, 0x7A, 0xCE, 0x8C, 0xE1, 0x5D, 0x27, 0x32, 0x84, 0x7C,
    0x2B, 0xA2, 0x14, 0x66, 0x01, 0x0A, 0x67, 0xC7, 0x9D, 0x8A, 0x8F, 0x70, 0x22, 0xA3, 0x33, 0xB1,
    0x31, 0x7D, 0x2C, 0xC0, 0xCB, 0xE7, 0x6B, 0xF3, 0x56, 0xC1, 0x40, 0xA9, 0x75, 0x2C, 0xCD, 0x37,
    0xE6, 0x5E, 0x9F, 0x12, 0x75, 0x0F, 0xCD, 0x5C, 0xFA, 0x1D, 0x82, 0x65, 0x93, 0xBF, 0x99, 0x54,
    0x82, 0x8A, 0x4D, 0x4E, 0x81, 0x74, 0x0B, 0xFD, 0x65, 0x61, 0x4D, 0xBA, 0x6B, 0xE5, 0x39, 0x4D,
    0x3C, 0x91, 0x0E, 0xCA, 0x0F, 0x17, 0xE2, 0xE8, 0x6D, 0x4A, 0x2E, 0x98, 0x46, 0xAA, 0xDA, 0xA2,
    0xC8, 0x23, 0x01, 0x8F, 0xB2, 0x92, 0xB2, 0x92, 0x5B, 0x32, 0x0C, 0x4B, 0x3E, 0x4F, 0xB3, 0x32,
    0x37, 0x54, 0x2B, 0x49, 0x24, 0x7A, 0x38, 0xA6, 0xD7, 0x56, 0xC9, 0x5F, 0x02, 0x43, 0xB5, 0xD2,
    0xAB, 0xE8, 0x37, 0x2C, 0xE7, 0x54, 0x85, 0x1D, 0xFA, 0x2B, 0x52, 0xE5, 0xD5, 0xBB, 0x7F, 0x4D,
    0xF9, 0x6E, 0x5D, 0x47, 0xC0, 0xA3, 0x0F, 0xDF, 0xA6, 0x2D, 0xC7, 0x68, 0xD6, 0xC8, 0xA4, 0x93,
    0xC7, 0xB9, 0xF9, 0xCE, 0xE8, 0x65, 0xE9, 0x94, 0x05, 0x19, 0x21, 0x42, 0xEC, 0x78, 0x26, 0xD2,
    0xBB, 0x3B, 0x0F, 0x2A, 0x81, 0xF9, 0xEA, 0x1D, 0xDA, 0xAD, 0xE1, 0x44, 0xF1, 0xC7, 0xDA, 0x4B,
    0xB8, 0x9A, 0x1D, 0x67, 0x36, 0x41, 0x47, 0x74, 0x54, 0x45, 0xA6, 0xBB, 0x1C, 0x40, 0xF9, 0xC3,
    0x02, 0x3A, 0x8E, 0x12, 0x95, 0x42, 0x58, 0xEE, 0xD8, 0x1A, 0xED, 0xB7, 0x16, 0x3B, 0x86, 0x93,
    0x0F, 0x3A, 0x59, 0x48, 0x0F, 0xB6, 0x61, 0x40, 0xFA, 0x96, 0x72, 0x90, 0x85, 0x39, 0xD4, 0x93,
    0x1A, 0x2D, 0xCC, 0x9A, 0x35, 0x03, 0xF1, 0x5B, 0x65, 0x86, 0xAC, 0x1A, 0x49, 0x44, 0x76, 0xE6,
    0xFE, 0xAA, 0xA9, 0x24, 0x99, 0x65, 0x9E, 0xAF, 0xBA, 0x6B, 0xF6, 0xCF, 0x04, 0xA7, 0x67, 0x92,
    0x58, 0xDF, 0x67, 0xCD, 0xE5, 0xDC, 0xA9, 0xE7, 0x14, 0x06, 0xFF, 0xD0, 0x2D, 0x9F, 0xB5, 0xAD,
    0x50, 0xAF, 0xF8, 0x39, 0xE0, 0x8C, 0x86, 0xA4, 0x9F, 0x53, 0xBD, 0x8A, 0xFD, 0x46, 0x84, 0x6F,
    0x3E, 0x34, 0xF5, 0x4B, 0xCC, 0x7A, 0x72, 0x52, 0x40, 0x52, 0x38, 0x46, 0x4A, 0x76, 0x0D, 0x93,
    0xCE, 0xA0, 0x23, 0x23, 0x02, 0x00, 0x7A, 0x45, 0x28, 0x81, 0x0C, 0xCE, 0x4C, 0x80, 0x5B, 0x78,
    0xF1, 0x67, 0x95, 0x8E, 0x87, 0x19, 0x2E, 0xAD, 0xE0, 0x2C, 0xC5, 0x5C, 0x3A, 0xBE, 0x42, 0x4D,
    0xD8, 0x48, 0xA1, 0x02, 0x68, 0xC0, 0x4E, 0xC4, 0x31, 0x27, 0xD8, 0xF3, 0x15, 0x7B, 0x0C, 0xB8,
    0x2B, 0xE8, 0xB8, 0x91, 0x7F, 0xCD, 0xA8, 0xA1, 0x1B, 0xD3, 0x20, 0x5E, 0x02, 0xED, 0xBA, 0xD3,
    0x90, 0x0A, 0x57, 0xFD, 0x7B, 0x5C, 0xD5, 0x17, 0x57, 0x67, 0x77, 0x9A, 0xEE, 0x17, 0x57, 0xEB,
    0xF9, 0x2A, 0x5B, 0x2E, 0xAE, 0xA6, 0x8B, 0x5F, 0xE2, 0xE5, 0x05, 0xFD, 0xE2, 0xA6, 0x06, 0x14,
    0x63, 0xF4, 0x3D, 0x1F, 0x00, 0x6D, 0xD9, 0xA7, 0xB0, 0x38, 0x2D, 0x43, 0x74, 0x24, 0x5C, 0x94,
    0x1C, 0x33, 0x40, 0x69, 0xB0, 0x75, 0xCA, 0xEB, 0x53, 0xBE, 0x12, 0x9A, 0x1A, 0xBA, 0xE7, 0x53,
    0x7E, 0x2E, 0x56, 0xBA, 0xFB, 0xA3, 0xCE, 0x2D, 0x54, 0xAE, 0x6A, 0xC9, 0xB0, 0x91, 0xCF, 0x11,
    0xF4, 0xBA, 0xB9, 0xD0, 0xF1, 0xD3, 0xBC, 0x41, 0xFA, 0xD2, 0x8C, 0xE6, 0x5B, 0x7E, 0xB2, 0x49,
    0x43, 0x30, 0x79, 0xED, 0x18, 0x36, 0xFE, 0xFB, 0x21, 0xDE, 0xFD, 0xEB, 0x86, 0xAC, 0x6E, 0x53,
    0x6E, 0x64, 0x70, 0xFE, 0x2C, 0xC4, 0x91, 0xFF, 0xA6, 0x7F, 0x4B, 0xE3, 0xD8, 0x7F, 0x9A, 0x9E,
    0x53, 0x6B, 0x56, 0x12, 0xFA, 0xA6, 0x75, 0xFC, 0x86, 0x7C, 0x4D, 0x3D, 0xE5, 0x33, 0x9D, 0x68,
    0x77, 0xD5, 0x9C, 0x6D, 0x94, 0xF7, 0x86, 0xE8, 0xED, 0x8B, 0x7E, 0xC8, 0xD7, 0x44, 0x9B, 0x8C,
    0xD0, 0xBF, 0x8A, 0xC9, 0xE1, 0xBA, 0x16, 0x4B, 0xA4, 0xF1, 0xE2, 0xCA, 0x99, 0x1A, 0xEE, 0x07,
    0x03, 0x24, 0x42, 0xC5, 0xAC, 0x48, 0x04, 0x9F, 0x91, 0x4E, 0x78, 0xBE, 0xA5, 0xF4, 0x56, 0xC3,
    0x91, 0xD0, 0x66, 0xFC, 0xC5, 0xE2, 0xEE, 0x14, 0xFB, 0xE3, 0x39, 0xD9, 0xA9, 0xF2, 0xCD, 0xA9,
    0xD2, 0xD5, 0xA9, 0x96, 0x4F, 0xCB, 0x21, 0x65, 0x7E, 0xDC, 0x1C, 0x4A, 0xB6, 0x17, 0xFE, 0x9C,
    0x44, 0x7D, 0x31, 0x22, 0x6F, 0x19, 0xDD, 0xF9, 0x8A, 0x51, 0x91, 0x2F, 0x98, 0x23, 0x85, 0x4C,
    0x87, 0x5C, 0x46, 0x42, 0xD6, 0x9B, 0x84, 0x50, 0xD6, 0x56, 0x05, 0xA5, 0x32, 0xA0, 0x11, 0x3F,
    0xE6, 0x45, 0xCC, 0x78, 0x19, 0x72, 0xB8, 0x2A, 0xC5, 0x02, 0x94, 0x3A, 0xA9, 0xAE, 0x54, 0x12,
    0x54, 0x76, 0xFB, 0x7C, 0x5A, 0xD8, 0x3C, 0xBC, 0x08, 0xF8, 0x27, 0x13, 0x16, 0x46, 0x04, 0x0D,
    0x25, 0x3E, 0x13, 0x0F, 0xEC, 0x9D, 0x5F, 0xD4, 0x56, 0x2C, 0x10, 0x3C, 0x86, 0x04, 0xED, 0xA8,
    0x90, 0x93, 0xA4, 0x3A, 0x13, 0x3B, 0x99, 0x18, 0x57, 0x5A, 0xF8, 0xD8, 0x6B, 0xF9, 0xCF, 0x8B,
    0x7C, 0xF8, 0x6F, 0x53, 0x35, 0x0F, 0xBB, 0x1C, 0x60, 0x75, 0x26, 0x21, 0xF8, 0xC3, 0x0B, 0x9D,
    0x77, 0x05, 0x09, 0xCC, 0x68, 0xC6, 0x7B, 0x60, 0xC0, 0x74, 0xE0, 0xCD, 0x84, 0x5C, 0x1E, 0x87,
    0x64, 0x67, 0xE8, 0xEF, 0x27, 0xC0, 0xF6, 0xBF, 0xA6, 0x9C, 0x1F, 0xA3, 0x44, 0x3C, 0x2C, 0xF4,
    0xF1, 0x1D, 0x3E, 0xEE, 0xF0, 0xC6, 0x4E, 0x26, 0x9A, 0xA8, 0x27, 0x51, 0x38, 0x04, 0xB8, 0x18,
    0x6A, 0x87, 0xF4, 0x1E, 0xCD, 0xD1, 0x92, 0x39, 0x9E, 0x0F, 0xDD, 0xF9, 0xBA, 0x02, 0x25, 0x56,
    0xA8, 0x56, 0x81, 0x2D, 0x24, 0xC2, 0x91, 0x37, 0xB2, 0xD3, 0x52, 0xF6, 0xCB, 0x7F, 0x6B, 0x8E,
    0xA3, 0x91, 0x25, 0x76, 0x82, 0x79, 0x1A, 0xFE, 0xD6, 0xBC, 0x25, 0x39, 0xED, 0xC3, 0x53, 0x87,
    0xF3, 0x54, 0x41, 0x2A, 0x33, 0x95, 0x40, 0x34, 0x39, 0xA1, 0x1A, 0xF8, 0x74, 0x5E, 0x66, 0x3E,
    0xA9, 0x31, 0x2F, 0xCE, 0x6E, 0xD6, 0xFA, 0xB2, 0x7A, 0xA0, 0xE9, 0x31, 0x08, 0x5B, 0x35, 0x98,
    0x1C, 0xAC, 0x1F, 0x64, 0x3F, 0x04, 0x0B, 0xF5, 0x56, 0x39, 0x18, 0x42, 0x85, 0x62, 0xBE, 0x9A,
    0xDA, 0x29, 0x16, 0x53, 0x39, 0xDA, 0xE9, 0x14, 0xE9, 0xAC, 0xA8, 0xBC, 0xCD, 0x89, 0x26, 0x30,
    0x7F, 0x17, 0x22, 0xB5, 0x94, 0x30, 0x43, 0x9D, 0xF4, 0x00, 0x01, 0x33, 0x95, 0xD7, 0x52, 0x94,
    0x98, 0xCE, 0x5F, 0x62, 0xA9, 0x25, 0xE9, 0x9D, 0xE8, 0x80, 0xAC, 0x94, 0x99, 0x37, 0xDF, 0xED,
    0x46, 0xB5, 0xC2, 0xEF, 0xAC, 0xD7, 0x84, 0xDB, 0x19, 0xD3, 0xE0, 0x75, 0x88, 0x98, 0xDC, 0x9B,
    0x64, 0xCB, 0xF0, 0x98, 0x06, 0xC9, 0xDF, 0x44, 0xE7, 0xD6, 0x31, 0xEF, 0x0B, 0x12, 0xC8, 0x99,
    0x8F, 0xA9, 0x81, 0x22, 0xD9, 0x71, 0x61, 0xDA, 0xDA, 0xD9, 0xBC, 0x31, 0x41, 0xE0, 0x82, 0x28,
    0x90, 0xC8, 0xBA, 0x39, 0x3E, 0x45, 0xF5, 0x23, 0x4C, 0x9E, 0x6C, 0x21, 0x0A, 0x0C, 0x9E, 0x1C,
    0x1D, 0xFF, 0x39, 0x96, 0x0B, 0xF4, 0x93, 0x9B, 0x81, 0x36, 0xC7, 0x5E, 0x87, 0x76, 0xC6, 0xCD,
    0x55, 0xA1, 0x5F, 0x16, 0xDA, 0x1D, 0xAB, 0x82, 0x67, 0x6E, 0x88, 0xF5, 0xA0, 0x57, 0x49, 0x65,
    0xDF, 0xBA, 0x72, 0x2D, 0x38, 0x15, 0x24, 0x5F, 0x66, 0xF0, 0x07, 0x36, 0xD0, 0xBC, 0x89, 0x77,
    0x76, 0x3F, 0xDF, 0x35, 0xE9, 0xBA, 0xD4, 0x32, 0xA0, 0x5B, 0x40, 0x49, 0x70, 0xF5, 0x06, 0x9F,
    0x82, 0xB0, 0x2B, 0xA8, 0x18, 0xE8, 0x9C, 0xA4, 0x02, 0xFB, 0x66, 0x8D, 0x49, 0x42, 0x91, 0xC8,
    0xCE, 0x27, 0xCA, 0x62, 0xC9, 0x43, 0x80, 0xA5, 0x03, 0xF5, 0x34, 0xC9, 0x07, 0x22, 0xD3, 0x92,
    0xA7, 0x08, 0xB5, 0x36, 0x4F, 0x92, 0xD7, 0xC7, 0x67, 0x5E, 0xA2, 0x57, 0x96, 0x8A, 0x84, 0xF7,
    0x58, 0x9A, 0xE9, 0xE4, 0x26, 0xAF, 0x4D, 0x2D, 0x8A, 0x36, 0x98, 0x0F, 0x6E, 0xDC, 0x64, 0x97,
    0x0B, 0x03, 0xA7, 0x56, 0x81, 0x15, 0x73, 0x7D, 0x12, 0x2F, 0xD2, 0x89, 0xD5, 0x2C, 0x3A, 0x10,
    0xE3, 0x4A, 0xA4, 0x70, 0xA7, 0x2E, 0x6D, 0xA4, 0x7B, 0x1F, 0x3E, 0x0F, 0x44, 0x70, 0xA5, 0xDB,
    0xA7, 0x14, 0x08, 0x2A, 0x7A, 0x72, 0xFF, 0xF5, 0x17, 0x55, 0xF1, 0xE4, 0xFE, 0x5B, 0x63, 0x65,
    0xA2, 0xE2, 0xCF, 0x06, 0xC5, 0x6F, 0xE9, 0xFF, 0xDD, 0xA0, 0x10, 0xA5, 0xD3, 0x7F, 0xC3, 0x9B,
    0x58, 0xC9, 0xBF, 0xB5, 0xD9, 0xBC, 0x2A, 0xFE, 0x7C, 0x3D, 0x94, 0xCF, 0x7C, 0x40, 0x5C, 0x43,
    0xCA, 0xAC, 0x99, 0x33, 0xBF, 0x56, 0xD5, 0xA6, 0x10, 0x59, 0xFE, 0xA4, 0x30, 0x02, 0x9B, 0xFF,
    0x24, 0xF7, 0x0A, 0x8D, 0xE9, 0x3F, 0x88, 0x61, 0xE5, 0x70, 0xD5, 0xA9, 0xC0, 0x61, 0x2A, 0x49,
    0xA2, 0xC5, 0x7A, 0x82, 0xCF, 0x63, 0x9A, 0xDB, 0x07, 0x3E, 0x87, 0x80, 0x92, 0xFA, 0x22, 0xEC,
    0x00, 0x3B, 0xA8, 0xF6, 0x8A, 0xAF, 0x29, 0x91, 0xFF, 0x3F, 0x1F, 0x6A, 0x12, 0x12, 0xE7, 0x5F,
    0xAD, 0x26, 0xD1, 0x19, 0x65, 0xDA, 0xA5, 0x60, 0x96, 0xCF, 0x3F, 0x78, 0xF0, 0x35, 0x26, 0xA5,
    0x87, 0x8A, 0x43, 0xD7, 0xB4, 0x99, 0x7C, 0x39, 0x56, 0x72, 0x2B, 0x10, 0xC9, 0x4F, 0x6B, 0x44,
    0x0E, 0x4D, 0xCF, 0xDC, 0x78, 0x11, 0x43, 0x05, 0x4B, 0xA4, 0x2F, 0xB6, 0xD0, 0xEE, 0x7C, 0x6B,
    0xB5, 0x3D, 0xCF, 0x23, 0x88, 0x70, 0xF9, 0xC7, 0x15, 0x10, 0xB9, 0xFE, 0x6D, 0x27, 0xEA, 0x7D,
    0x33, 0x4C, 0xFA, 0xD3, 0x1A, 0xF9, 0xB7, 0xDE, 0x11, 0x86, 0xFB, 0xF9, 0x1B, 0x82, 0xCB, 0xD7,
    0xC6, 0xB0, 0x02, 0xA0, 0xDF, 0x1B, 0x3A, 0x20, 0xF4, 0xEB, 0x75, 0xB3, 0x24, 0x3D, 0xA4, 0xDC,
    0x56, 0x0C, 0x7C, 0x66, 0x3A, 0xD7, 0x20, 0x62, 0xCE, 0xF7, 0x4C, 0xD7, 0x39, 0x7C, 0x21, 0xFF,
    0x76, 0x83, 0x6F, 0x64, 0x26, 0x79, 0xEE, 0xCB, 0xF4, 0x92, 0x57, 0xEB, 0xF3, 0x88, 0x8E, 0xC0,
    0x95, 0x29, 0x8C, 0x15, 0x83, 0xAD, 0x84, 0xC4, 0xC6, 0x4C, 0xA0, 0x08, 0xAC, 0x19, 0x79, 0x71,
    0x5A, 0xA0, 0xD3, 0x45, 0x80, 0x96, 0xFB, 0x4F, 0xC9, 0x74, 0xA3, 0xCE, 0x73, 0xB7, 0x42, 0x3C,
    0x8D, 0x4E, 0x4C, 0xDF, 0xFB, 0x41, 0x87, 0xE6, 0x97, 0x50, 0x55, 0x8E, 0x3E, 0x6D, 0x66, 0xA8,
    0x55, 0xFE, 0x64, 0xFF, 0x3A, 0x07, 0xFE, 0x1C, 0x8D, 0x35, 0xBB, 0x3E, 0x60, 0xAA, 0x0E, 0x90,
    0xAA, 0x1F, 0x61, 0xCD, 0x57, 0xEE, 0xB3, 0x66, 0xFC, 0x78, 0xD6, 0x74, 0x8F, 0x63, 0xCD, 0xE6,
    0x1E, 0x6B, 0xC2, 0xDC, 0xBE, 0x27, 0x6B, 0xF2, 0xE1, 0x39, 0x19, 0x77, 0xF4, 0xA4, 0x5D, 0xF5,
    0x40, 0xA4, 0x82, 0x11, 0x52, 0x71, 0x54, 0x04, 0x55, 0x14, 0x11, 0x80, 0xFE, 0x4A, 0xB5, 0xEA,
    0x15, 0xB6, 0x1E, 0x8B, 0x25, 0xCC, 0x64, 0xC9, 0x2F, 0x16, 0x53, 0xBF, 0xA9, 0x1C, 0x2D, 0x95,
    0xB3, 0x66, 0x4A, 0x07, 0x5E, 0x0D, 0xE4, 0xEA, 0x1A, 0x1E, 0x9F, 0xAB, 0x60, 0x70, 0xE1, 0x8D,
    0x55, 0x2B, 0xF4, 0x07, 0x2D, 0xAC, 0xEA, 0xAA, 0x25, 0x61, 0xFC, 0x35, 0x64, 0x25, 0x3E, 0x49,
    0xFB, 0x99, 0xCA, 0x15, 0x1C, 0x0D, 0x0D, 0x46, 0xAC, 0xD6, 0x72, 0xAA, 0xBE, 0xBB, 0x63, 0x2F,
    0xDF, 0x5E, 0xF1, 0xD6, 0x1F, 0x6C, 0xE2, 0x4C, 0x76, 0x35, 0x28, 0x78, 0x39, 0xD0, 0x97, 0xF9,
    0xEF, 0xF2, 0x9E, 0x72, 0x12, 0x95, 0x58, 0xBE, 0xC8, 0xD0, 0x2B, 0xD8, 0xA7, 0x24, 0x2D, 0x21,
    0xCB, 0xAF, 0xC5, 0x40, 0xC0, 0xA2, 0xF3, 0x0E, 0x15, 0x14, 0x0C, 0xF1, 0x23, 0x97, 0xBD, 0xA6,
    0xB4, 0x66, 0x04, 0xB6, 0x6E, 0x43, 0xE2, 0x3F, 0x7F, 0x0B, 0xA8, 0xE5, 0x6A, 0x7D, 0x48, 0x5A,
    0x16, 0xE2, 0x89, 0x22, 0x0F, 0x81, 0xCD, 0xCA, 0x2A, 0x33, 0x09, 0x34, 0xF3, 0x27, 0x08, 0x77,
    0x38, 0x43, 0xF2, 0x56, 0xDC, 0xD9, 0x11, 0xFF, 0xA8, 0x99, 0x62, 0x40, 0x6F, 0xF8, 0x5B, 0xC2,
    0x6B, 0x0C, 0xA5, 0x47, 0xEA, 0xA4, 0x1B, 0xF8, 0x25, 0x38, 0x66, 0xD7, 0x73, 0x79, 0x81, 0xBE,
    0xA6, 0xE7, 0xFA, 0xA2, 0x80, 0x55, 0xCB, 0x12, 0x4C, 0x01, 0x43, 0x15, 0xD6, 0x01, 0xCE, 0x25,
    0x56, 0x04, 0x42, 0x99, 0x28, 0x5B, 0x15, 0xFE, 0xFF, 0x36, 0x8D, 0x5A, 0x7A, 0x6F, 0xE3, 0xAB,
    0x52, 0xC1, 0xA7, 0xE1, 0x68, 0x7C, 0xF7, 0x19, 0x9B, 0x7E, 0x8D, 0x0F, 0x23, 0x91, 0x46, 0x71,
    0xE0, 0x3B, 0x4A, 0xC2, 0x11, 0x0A, 0xDA, 0xC0, 0x54, 0x95, 0x51, 0xDF, 0xAA, 0x78, 0x73, 0x72,
    0x9E, 0xDE, 0xD0, 0x9A, 0xC9, 0x3B, 0x12, 0x88, 0xC1, 0xC9, 0xF0, 0x9A, 0xC8, 0x83, 0x45, 0xDA,
    0xEC, 0xD2, 0x14, 0x94, 0x27, 0x2F, 0xC5, 0x12, 0xF1, 0x3E, 0x00, 0x51, 0xAC, 0xDB, 0x19, 0xAA,
    0x72, 0x86, 0x9C, 0xC3, 0x67, 0x1F, 0x3C, 0x78, 0x50, 0x3B, 0x51, 0x23, 0xDD, 0xDB, 0xFF, 0x67,
    0x4D, 0x32, 0x8B, 0xCB, 0xDD, 0xC7, 0x6C, 0x3B, 0xD9, 0x0B, 0xF8, 0x85, 0x7F, 0x4D, 0xF0, 0x5A,
    0xC0, 0x87, 0x54, 0x8C, 0xA6, 0xCF, 0x3D, 0x61, 0x76, 0xA2, 0x75, 0xE7, 0xE9, 0xDA, 0x0C, 0xC5,
    0xC6, 0xE3, 0xB5, 0x21, 0x58, 0x71, 0xC2, 0xAA, 0xB9, 0x5A, 0x79, 0x4E, 0x5C, 0xB5, 0xD5, 0x9B,
    0x82, 0xD7, 0xE6, 0x2D, 0x39, 0x64, 0xF7, 0x8E, 0x77, 0xC7, 0x90, 0xC5, 0xDA, 0x8A, 0x25, 0xC5,
    0x19, 0x63, 0x99, 0xB3, 0x36, 0x68, 0xB9, 0xA8, 0xDD, 0x8C, 0x43, 0x0E, 0xCD, 0x1A, 0x8D, 0xEC,
    0x07, 0xAA, 0x3D, 0x85, 0x64, 0x2C, 0x65, 0xC6, 0xD1, 0x4E, 0xE0, 0x2F, 0x5B, 0x34, 0x8F, 0xCC,
    0x5B, 0x99, 0x96, 0x9C, 0x93, 0xE7, 0xBE, 0x4A, 0x31, 0xFB, 0x02, 0x70, 0x36, 0xFA, 0x4E, 0xF8,
    0xCC, 0xAB, 0x59, 0xF5, 0x6B, 0x04, 0xA0, 0x81, 0xD1, 0x74, 0x9A, 0xDE, 0x70, 0xEE, 0xAE, 0xB1,
    0x31, 0x4E, 0xB9, 0x66, 0x17, 0xE9, 0x4E, 0xC0, 0x16, 0x99, 0x84, 0xB3, 0x32, 0x83, 0x56, 0x02,
    0x26, 0x21, 0x0B, 0x8C, 0x20, 0x5F, 0x59, 0x28, 0x7C, 0x17, 0x42, 0x48, 0x30, 0x51, 0xC5, 0x15,
    0x27, 0xA2, 0x14, 0x39, 0x82, 0x56, 0x90, 0x42, 0x48, 0x58, 0x2B, 0xAB, 0x9D, 0xA6, 0xC0, 0x23,
    0xA1, 0x4C, 0x38, 0xBF, 0x2B, 0x6E, 0x00, 0x29, 0xDD, 0xA9, 0x7C, 0x85, 0x30, 0xD6, 0x70, 0xB6,
    0x43, 0xFC, 0x62, 0xE7, 0x19, 0xEC, 0x3C, 0x65, 0x38, 0xDA, 0x15, 0xA7, 0x30, 0x06, 0xEA, 0x19,
    0x17, 0x7D, 0x81, 0x36, 0x05, 0xDF, 0x89, 0x73, 0x80, 0x38, 0xAC, 0x10, 0x3E, 0xF3, 0xF2, 0xCB,
    0x2F, 0xD1, 0x9F, 0xDF, 0x0F, 0x52, 0xD0, 0x58, 0xED, 0x5E, 0x98, 0x06, 0x35, 0xE8, 0xD2, 0xC3,
    0xEE, 0xA5, 0xFB, 0x85, 0xE8, 0xB1, 0x30, 0x68, 0xC3, 0x0B, 0x55, 0x34, 0x85, 0x30, 0xE2, 0xC2,
    0x7F, 0x81, 0xEE, 0x7D, 0xEE, 0x6B, 0xA0, 0x1F, 0xD7, 0x6C, 0xBC, 0x9D, 0x96, 0x09, 0xA8, 0x81,
    0x96, 0x5D, 0x1D, 0x0D, 0xE6, 0x1A, 0x48, 0x29, 0x78, 0x40, 0xA3, 0x31, 0x30, 0x08, 0x79, 0x22,
    0x62, 0x5C, 0x84, 0x75, 0x83, 0x68, 0x92, 0x1A, 0x0D, 0x5A, 0xA0, 0x5E, 0xEB, 0x60, 0x6B, 0x0B,
    0x74, 0x79, 0xA8, 0xB1, 0x89, 0x1F, 0x85, 0x7B, 0x2B, 0xAC, 0x23, 0x86, 0x2C, 0x0F, 0xA3, 0x6A,
    0x8B, 0xA1, 0x52, 0x9A, 0x2D, 0xC7, 0x60, 0xEE, 0xB6, 0x6A, 0xC4, 0xEA, 0x19, 0xCD, 0x2D, 0x7A,
    0x83, 0x07, 0x34, 0xA7, 0xAF, 0x84, 0x7E, 0x68, 0x70, 0x6F, 0xB3, 0x76, 0x8E, 0x25, 0x64, 0x31,
    0x7A, 0xD3, 0xD3, 0xF5, 0x85, 0x86, 0x56, 0x33, 0x12, 0xAE, 0x13, 0x5D, 0x33, 0xF3, 0x17, 0xDB,
    0xA5, 0x48, 0x67, 0x4F, 0xE4, 0x00, 0x7F, 0x9C, 0x66, 0x51, 0x5F, 0xE4, 0x85, 0x70, 0xB9, 0x25,
    0x96, 0xE8, 0x74, 0x31, 0xCA, 0xC5, 0xC4, 0x1D, 0x72, 0xC7, 0xC2, 0x54, 0x2E, 0x12, 0x03, 0x92,
    0x19, 0x26, 0x19, 0xAB, 0xE3, 0x09, 0x57, 0x01, 0x3E, 0x20, 0xDF, 0xFE, 0x84, 0xAD, 0xD0, 0x07,
    0x70, 0x55, 0xE7, 0x7E, 0xB9, 0x3B, 0xC0, 0xD6, 0x9B, 0x1E, 0xB0, 0x9E, 0xB9, 0xE8, 0x9A, 0x8B,
    0xBE, 0xB9, 0xE8, 0x9C, 0x70, 0x71, 0x98, 0xAA, 0xC7, 0x5E, 0x9C, 0x3A, 0xE8, 0xA2, 0x87, 0x2E,
    0xBA, 0xE8, 0xA2, 0x8F, 0x2E, 0x98, 0xE1, 0xA2, 0x97, 0x2E, 0xBA, 0xE9, 0xA2, 0x9F, 0x2E, 0x3A,
    0xEA, 0xA2, 0xA7, 0x2E, 0x08, 0x83, 0x8B, 0x70, 0xC7, 0x52, 0x62, 0xAF, 0x6D, 0xD6, 0x14, 0xCA,
    0x8E, 0xA1, 0xB7, 0x8C, 0x2C, 0xEA, 0x4A, 0x2F, 0xC0, 0x6C, 0xCF, 0x11, 0x91, 0xE3, 0x69, 0xD7,
    0x3B, 0xBE, 0xBE, 0x63, 0xEE, 0xAF, 0x45, 0x1F, 0x55, 0xE2, 0xDD, 0x30, 0x8B, 0x2D, 0x6A, 0xBC,
    0x80, 0x8C, 0x9E, 0xA0, 0xE8, 0xEF, 0x5A, 0xC5, 0x7F, 0xC4, 0x03, 0x19, 0xC8, 0x67, 0x5A, 0x97,
    0x1E, 0x68, 0x56, 0xEB, 0x82, 0x62, 0x38, 0xFA, 0xE0, 0xE8, 0x84, 0xA3, 0x17, 0x42, 0x37, 0xB8,
    0xD0, 0x0F, 0x2E, 0x74, 0xC4, 0xD1, 0x13, 0x47, 0x57, 0x58, 0x5F, 0x98, 0x7E, 0x6F, 0xB6, 0x14,
    0x11, 0xF7, 0x46, 0xD9, 0x0A, 0x04, 0x3A, 0x2F, 0x39, 0x6A, 0x75, 0x76, 0x58, 0x87, 0x38, 0xED,
    0x91, 0x45, 0x4D, 0x52, 0x83, 0x5D, 0xB1, 0x90, 0x2D, 0xEE, 0x2E, 0x4A, 0x8D, 0xCF, 0x63, 0xBB,
    0xE8, 0x55, 0xD5, 0x84, 0x0B, 0xFB, 0x46, 0x50, 0x70, 0x7D, 0x86, 0x14, 0xEA, 0x57, 0x85, 0x66,
    0x9A, 0xF8, 0x25, 0xCA, 0x36, 0x42, 0x09, 0xEE, 0x28, 0x6F, 0xB7, 0x9F, 0x2E, 0x14, 0x45, 0x52,
    0x5E, 0xBB, 0x28, 0x0F, 0x57, 0x22, 0xA0, 0x8E, 0x8F, 0x8B, 0x3A, 0xA0, 0x48, 0x59, 0xE3, 0xAE,
    0xBB, 0x13, 0x84, 0xEB, 0x6E, 0x07, 0x24, 0x9C, 0xB7, 0x24, 0xB3, 0x0A, 0xA8, 0xCD, 0x6C, 0xDF,
    0xFC, 0x8A, 0x5C, 0x33, 0x8E, 0x57, 0x10, 0xA4, 0xAE, 0xBC, 0xBD, 0x8F, 0x11, 0xD7, 0xD0, 0x86,
    0x63, 0xB9, 0xE0, 0xAA, 0x4F, 0xF2, 0xBE, 0x52, 0xB5, 0x2C, 0x50, 0xCB, 0x5B, 0x4A, 0x4D, 0x5F,
    0xF0, 0x96, 0x52, 0xE8, 0x8E, 0xC9, 0x76, 0x31, 0x0B, 0x50, 0xBB, 0x70, 0x31, 0x88, 0xB3, 0x4A,
    0x30, 0x8F, 0x07, 0xD9, 0x12, 0x5F, 0x84, 0x53, 0xA7, 0x18, 0x06, 0x6C, 0xCB, 0x08, 0xD3, 0x94,
    0xB2, 0x82, 0x29, 0xA7, 0xE4, 0xFD, 0x67, 0x2C, 0x11, 0xE9, 0xF7, 0x1D, 0xF3, 0x4E, 0x0E, 0x48,
    0x6E, 0x0E, 0x27, 0x2B, 0x70, 0xB1, 0x38, 0x70, 0x4C, 0x75, 0x8C, 0x85, 0x23, 0xDD, 0x26, 0x9F,
    0xC2, 0xBF, 0xD8, 0x52, 0xE7, 0xDC, 0xC7, 0x55, 0x9A, 0x2B, 0xCD, 0x35, 0x61, 0xC2, 0x44, 0x07,
    0x03, 0xC8, 0xC5, 0x72, 0xBE, 0x18, 0xC2, 0xB3, 0x3A, 0x7F, 0xCC, 0x1C, 0xDA, 0x25, 0x4F, 0x12,
    0xF7, 0x85, 0x4D, 0xE5, 0xFA, 0x35, 0xE6, 0xDA, 0x28, 0x1D, 0x19, 0x83, 0x04, 0xB9, 0x1F, 0x32,
    0xB1, 0xB6, 0xCF, 0xBD, 0xE2, 0x4B, 0x35, 0xB9, 0xC5, 0xDE, 0x7D, 0x53, 0xA2, 0xD2, 0xEF, 0xEA,
    0x39, 0x48, 0x46, 0xA9, 0x0F, 0xA9, 0x58, 0x7E, 0x4E, 0x72, 0xA4, 0x41, 0x8D, 0x6C, 0xE3, 0xDB,
    0xD4, 0xFF, 0x94, 0xDF, 0x47, 0xF9, 0xCD, 0x40, 0xC7, 0x9C, 0xCF, 0x5C, 0xB6, 0x8D, 0x24, 0x31,
    0x5E, 0x23, 0x64, 0x88, 0x12, 0x39, 0xC6, 0x90, 0xC6, 0xA4, 0x7A, 0xF0, 0xAC, 0x92, 0xFB, 0x78,
    0x46, 0x5B, 0xF1, 0xCF, 0x17, 0xB4, 0x15, 0xB7, 0xC7, 0xC2, 0xCD, 0xC4, 0x42, 0xB3, 0x5B, 0x65,
    0xE4, 0xF0, 0x38, 0xE1, 0x88, 0x5F, 0xD0, 0xAC, 0x85, 0x4C, 0x43, 0xFA, 0xB6, 0xE4, 0xB6, 0x5A,
    0xF8, 0x8E, 0x52, 0x27, 0x22, 0xC9, 0xBE, 0x1D, 0xDD, 0xEB, 0xFC, 0xFC, 0xCC, 0x8B, 0xCE, 0xBD,
    0x5C, 0x3B, 0x17, 0x92, 0x1B, 0x87, 0x89, 0x9E, 0x84, 0xEC, 0xA5, 0x21, 0xDB, 0xB9, 0xD6, 0xED,
    0x6F, 0xB4, 0xCB, 0x5D, 0xB2, 0x9A, 0x06, 0xCE, 0xFC, 0x5F, 0x07, 0x56, 0x34, 0x39, 0x9D, 0x85,
    0xDA, 0xA4, 0xA1, 0x30, 0x91, 0x35, 0xA1, 0x73, 0x4F, 0xBF, 0x74, 0x3F, 0xB8, 0x0A, 0xB5, 0xEC,
    0x7C, 0xE8, 0x48, 0xAB, 0x5C, 0x23, 0x0C, 0x8A, 0x47, 0x8C, 0x54, 0xB3, 0x96, 0xBF, 0x84, 0x62,
    0x59, 0x18, 0xFE, 0x62, 0x37, 0xB8, 0x0A, 0x03, 0xC8, 0x8C, 0x79, 0x45, 0xE0, 0x31, 0xC4, 0x10,
    0x84, 0x94, 0xB2, 0x31, 0x11, 0x8C, 0x52, 0x6A, 0x33, 0xA0, 0xBB, 0xA5, 0x3C, 0x88, 0x19, 0xA4,
    0x9F, 0x4E, 0xDC, 0x50, 0x15, 0xFB, 0x95, 0x89, 0x1B, 0xA8, 0x61, 0x3B, 0x32, 0x55, 0x9C, 0x5D,
    0x8D, 0x5A, 0x87, 0x99, 0x3A, 0x55, 0x92, 0x53, 0x2A, 0x4B, 0xC3, 0x11, 0x4F, 0xD3, 0x21, 0x44,
    0xBD, 0x46, 0x69, 0x88, 0x28, 0x6B, 0x1A, 0x15, 0xEC, 0xA2, 0x5A, 0x8E, 0xAA, 0xCD, 0xE9, 0xF3,
    0x1A, 0x76, 0x09, 0x78, 0x07, 0xEA, 0x4D, 0x9B, 0x27, 0xD3, 0x37, 0xA0, 0x97, 0x49, 0x1A, 0xD3,
    0x6F, 0x58, 0xD4, 0x97, 0xBE, 0x80, 0xD8, 0x00, 0x72, 0x16, 0xF7, 0x34, 0x1D, 0xFA, 0x61, 0xCA,
    0x13, 0xFC, 0xD5, 0xC0, 0x86, 0x9B, 0x18, 0x2B, 0x40, 0x2C, 0xD3, 0x68, 0x42, 0x22, 0xEF, 0x84,
    0xF8, 0xAE, 0xBA, 0xBD, 0xFE, 0x88, 0x7F, 0x78, 0xD2, 0x15, 0x82, 0x79, 0x3A, 0xDB, 0xA6, 0xA9,
    0x1E, 0x22, 0x56, 0xF9, 0x34, 0x28, 0x0A, 0x80, 0x67, 0x41, 0x19, 0x22, 0x06, 0x25, 0x3D, 0x81,
    0x8E, 0x96, 0xFA, 0x17, 0x7C, 0x9F, 0xF9, 0x3A, 0xE7, 0x2D, 0x92, 0x2B, 0x2B, 0x69, 0xB0, 0x90,
    0x55, 0x70, 0xD5, 0x44, 0x2B, 0x19, 0xD3, 0x46, 0xD7, 0x8E, 0xA4, 0x45, 0x4F, 0x07, 0xE3, 0xD4,
    0xF7, 0x0D, 0x35, 0x3D, 0x65, 0xBC, 0xED, 0x64, 0xAD, 0x79, 0x1D, 0x49, 0xC2, 0xF0, 0xF7, 0x23,
    0x39, 0x33, 0x5A, 0xC9, 0xBE, 0x2E, 0x9C, 0x92, 0x66, 0x6A, 0x30, 0x4A, 0xAA, 0x3B, 0xB0, 0x19,
    0x99, 0x4F, 0xCF, 0x78, 0x22, 0xDF, 0xB2, 0x44, 0x93, 0xB2, 0xFB, 0x24, 0x23, 0x08, 0x45, 0xF3,
    0xAF, 0x43, 0xA3, 0x75, 0x77, 0x51, 0x27, 0xF0, 0xBA, 0xC1, 0xF9, 0xC0, 0xF6, 0xA3, 0x92, 0xC3,
    0xA6, 0x7C, 0xBA, 0xCA, 0xBC, 0x15, 0x93, 0xF9, 0x90, 0xDF, 0xCA, 0xE9, 0x74, 0xE5, 0x22, 0xD4,
    0x52, 0xCD, 0x28, 0x03, 0x1D, 0x05, 0x4C, 0xC8, 0x2B, 0xD2, 0x52, 0x0D, 0x22, 0x0A, 0xFE, 0x47,
    0xD0, 0x66, 0x18, 0x18, 0xEE, 0x3C, 0xEB, 0x87, 0x30, 0x07, 0x24, 0xAB, 0x8F, 0x5F, 0x9B, 0xF7,
    0x59, 0x2B, 0x7D, 0x4E, 0x85, 0xE7, 0x7F, 0x98, 0x56, 0x7E, 0x5F, 0x45, 0xCF, 0xDD, 0xF8, 0x28,
    0x0C, 0xEF, 0x96, 0x4E, 0xC6, 0x08, 0xD8, 0xFF, 0x80, 0x12, 0x93, 0x6A, 0xD9, 0x63, 0x95, 0x74,
    0x32, 0xB8, 0x07, 0xD1, 0x18, 0xBB, 0x4E, 0x40, 0x6C, 0xF1, 0x59, 0xC9, 0x0A, 0x1F, 0xE6, 0xDE,
    0x2A, 0xF5, 0xD7, 0xEB, 0x74, 0xE8, 0x06, 0x6D, 0xB9, 0x5E, 0x1B, 0xB9, 0xD5, 0x55, 0x0F, 0xBE,
    0x5C, 0xC8, 0x52, 0x27, 0x59, 0x87, 0x14, 0x97, 0x71, 0x9E, 0xA8, 0x0B, 0xE5, 0xBF, 0x95, 0xFF,
    0xA4, 0x90, 0x50, 0x21, 0x64, 0xA3, 0x84, 0x92, 0xE1, 0xD9, 0x42, 0x24, 0x85, 0xB7, 0xC1, 0xE8,
    0x94, 0x50, 0x9A, 0x47, 0xFE, 0xF2, 0xFC, 0x7D, 0x0A, 0x25, 0xF9, 0xF7, 0x94, 0xA9, 0x3A, 0x61,
    0xA9, 0xFF, 0x23, 0x11, 0xFE, 0xF4, 0xEC, 0x12, 0x27, 0xCF, 0x71, 0xEE, 0x14, 0xA7, 0x8E, 0xE4,
    0xCC, 0x29, 0x20, 0x1D, 0xE3, 0x6F, 0xC4, 0x7F, 0x9F, 0x42, 0xFC, 0x31, 0x7C, 0x5E, 0xA1, 0xA2,
    0xF6, 0x77, 0x46, 0xED, 0x86, 0xE0, 0x4B, 0x72, 0x93, 0x92, 0x85, 0x05, 0xA5, 0x29, 0x89, 0xEA,
    0x5E, 0xB0, 0x31, 0x6C, 0xE8, 0xB2, 0x60, 0xE8, 0x33, 0x5E, 0x38, 0x18, 0x35, 0xE8, 0x06, 0x9E,
    0xD2, 0xE5, 0xEC, 0xBA, 0x9E, 0x27, 0x74, 0x39, 0xB9, 0xA6, 0x67, 0xFE, 0xA1, 0xA4, 0x3F, 0x5B,
    0xF3, 0xA4, 0x7D, 0xAE, 0x76, 0x87, 0x96, 0x3C, 0x02, 0xC3, 0x57, 0x00, 0x98, 0x7A, 0x4C, 0x77,
    0xA8, 0xE5, 0x80, 0xB5, 0x00, 0x2E, 0x51, 0xD3, 0x41, 0x49, 0x5F, 0xCC, 0xD5, 0xCE, 0x82, 0x30,
    0x03, 0x8F, 0x60, 0x73, 0x27, 0xC5, 0xEC, 0x0E, 0x39, 0x7C, 0xE8, 0x96, 0xD4, 0x82, 0x4E, 0x39,
    0x3C, 0x93, 0xA6, 0x92, 0x44, 0xAD, 0x17, 0x01, 0x3F, 0xD1, 0x06, 0x70, 0x18, 0x29, 0x16, 0x44,
    0x76, 0x8A, 0xC8, 0xF6, 0x1C, 0xD9, 0x9E, 0xCD, 0xE0, 0x50, 0x60, 0xD3, 0xC7, 0x74, 0x40, 0x1C,
    0x5C, 0xE1, 0xFF, 0x22, 0xCB, 0xF5, 0xEA, 0xAE, 0x36, 0x78, 0x1D, 0xDA, 0x08, 0x43, 0x22, 0x13,
    0x97, 0x1A, 0x43, 0x0B, 0x33, 0x99, 0xF2, 0xE0, 0xFE, 0x3A, 0xEF, 0x88, 0xC6, 0x00, 0x95, 0xEE,
    0x5B, 0xD8, 0x2E, 0x8D, 0xEE, 0x9F, 0xFA, 0xBF, 0xDB, 0x39, 0x2C, 0x77, 0x4F, 0x40, 0x1D, 0x88,
    0x71, 0x29, 0x8F, 0x2B, 0x85, 0x75, 0x07, 0x72, 0x98, 0x98, 0x10, 0x84, 0x27, 0x68, 0x7C, 0xAF,
    0x38, 0x4A, 0xC3, 0x7C, 0x37, 0x45, 0xD2, 0x5E, 0x5C, 0x11, 0x19, 0x9C, 0xCC, 0xC3, 0x3D, 0x86,
    0x3D, 0x03, 0x9C, 0xB9, 0x71, 0x40, 0x0E, 0x4B, 0x8F, 0x69, 0x19, 0x63, 0x4B, 0xC0, 0x3A, 0xFF,
    0x9E, 0x98, 0x8D, 0x75, 0x2E, 0x8F, 0xF1, 0x6E, 0x05, 0xF6, 0xF9, 0xF7, 0xDD, 0x8A, 0x06, 0xE0,
    0xDF, 0x83, 0xE1, 0x93, 0x81, 0x7F, 0x8F, 0x3B, 0x33, 0x1A, 0x4A, 0xA4, 0x09, 0x98, 0x0B, 0x5F,
    0x99, 0x64, 0x4A, 0xF1, 0xB9, 0x86, 0x02, 0xC2, 0x80, 0xC3, 0x9E, 0xDE, 0x24, 0xB2, 0x80, 0x4F,
    0x8D, 0xE7, 0x95, 0xFE, 0xA6, 0x85, 0x9E, 0x27, 0x4D, 0xB6, 0x34, 0xFD, 0x21, 0x7D, 0x8E, 0xD0,
    0x3F, 0x79, 0x18, 0x1F, 0x61, 0x76, 0xA8, 0xB5, 0x93, 0x8A, 0x6A, 0xE6, 0x10, 0x3E, 0x53, 0xA3,
    0x45, 0x78, 0x33, 0x13, 0x77, 0x06, 0x43, 0x65, 0x82, 0x0E, 0x64, 0x06, 0x82, 0x78, 0xA2, 0x3F,
    0x75, 0x2C, 0x42, 0xF2, 0xA1, 0x89, 0xDC, 0x5E, 0xA0, 0x99, 0x7B, 0x05, 0x6B, 0xB5, 0x29, 0x7C,
    0x41, 0x2B, 0x0C, 0x71, 0x40, 0x07, 0x99, 0x1E, 0xA4, 0x0D, 0x32, 0x20, 0x26, 0xE5, 0x51, 0xAD,
    0xCE, 0xA3, 0x5A, 0x65, 0xB7, 0x73, 0x37, 0x0B, 0xA4, 0xEE, 0xB4, 0x6B, 0x82, 0x0A, 0x09, 0x52,
    0xA2, 0x32, 0xB4, 0x57, 0x06, 0xD2, 0xD2, 0xB0, 0x59, 0xBC, 0x57, 0x87, 0x3D, 0xDA, 0x58, 0xEF,
    0xDB, 0x61, 0x91, 0x69, 0x95, 0x46, 0x3B, 0x23, 0xB6, 0xA6, 0x49, 0xAC, 0x57, 0xD2, 0x20, 0x56,
    0x6F, 0x46, 0x46, 0x34, 0xB3, 0x6B, 0xC5, 0x76, 0x90, 0xB9, 0x8D, 0x5D, 0x1D, 0x9F, 0xB7, 0x91,
    0x85, 0xDF, 0x9D, 0x41, 0x14, 0xD4, 0xAC, 0x00, 0x73, 0x16, 0x95, 0xCC, 0xB3, 0x3D, 0x2F, 0x19,
    0x46, 0x32, 0xE3, 0x28, 0x17, 0x38, 0xE5, 0x48, 0x73, 0x4F, 0x14, 0xC4, 0xB8, 0xA8, 0x16, 0x2C,
    0xC4, 0x4F, 0xB4, 0x89, 0x81, 0xCF, 0x19, 0xFB, 0xBF, 0xE7, 0x33, 0x45, 0xFE, 0xBB, 0xD8, 0xB6,
    0xFF, 0xFE, 0x26, 0xF9, 0x5A, 0x64, 0x99, 0x64, 0x51, 0xDF, 0x27, 0xC7, 0x92, 0x26, 0xD4, 0x01,
    0x28, 0xBF, 0x88, 0xCC, 0xDD, 0x0E, 0x72, 0xAC, 0xFE, 0xB4, 0xA4, 0x92, 0xB3, 0x54, 0x12, 0xA5,
    0xF8, 0x41, 0x9D, 0x69, 0x66, 0x60, 0x18, 0xE5, 0x32, 0xA2, 0x4A, 0xC9, 0x4A, 0x25, 0x39, 0xF9,
    0x08, 0x1B, 0xDE, 0x67, 0x1F, 0x3C, 0xF8, 0x0A, 0xD0, 0xD4, 0x9C, 0x41, 0x54, 0xF1, 0x0F, 0xA9,
    0x92, 0x84, 0x00, 0x7A, 0x61, 0xC6, 0x77, 0xF1, 0xFF, 0x89, 0xF9, 0x13, 0xEE, 0x2F, 0x94, 0x01,
    0xC0, 0xE0, 0x52, 0x55, 0xAB, 0x16, 0x4F, 0x87, 0x14, 0xFA, 0x49, 0xD1, 0xD4, 0x8B, 0xDA, 0x91,
    0x8D, 0x31, 0x9A, 0xF6, 0x5F, 0x0A, 0x4D, 0x6B, 0xB0, 0xA5, 0x9B, 0x05, 0xAB, 0x79, 0x93, 0xF5,
    0xFD, 0xD1, 0x74, 0x1F, 0x44, 0x8F, 0xA0, 0x29, 0xF6, 0xFA, 0xE3, 0xEE, 0x03, 0xA3, 0x89, 0x25,
    0x5D, 0x40, 0x53, 0x23, 0x68, 0x2A, 0x3F, 0x38, 0x9A, 0x2A, 0x41, 0x53, 0xA7, 0x68, 0xEA, 0x03,
    0x9A, 0xA2, 0xF7, 0x46, 0x53, 0x1D, 0x86, 0x4E, 0x26, 0x0E, 0x28, 0x17, 0xAD, 0x92, 0x07, 0xC9,
    0xF2, 0x5E, 0x68, 0x6A, 0x1F, 0x41, 0x93, 0x7B, 0x0F, 0x34, 0x21, 0x4B, 0x50, 0x8D, 0x92, 0xA7,
    0x49, 0xAC, 0x04, 0x87, 0x63, 0x8E, 0x5F, 0xD2, 0x0F, 0x76, 0x62, 0x25, 0x94, 0xF8, 0x9A, 0xC1,
    0xDD, 0x68, 0x52, 0x57, 0xC3, 0x3A, 0x8F, 0xC3, 0xC4, 0x20, 0xB0, 0x0B, 0xCA, 0xA4, 0x42, 0xE5,
    0x1E, 0x0A, 0xDA, 0xAD, 0x46, 0x19, 0x5F, 0x3F, 0x46, 0xF7, 0x77, 0xAD, 0xE2, 0x87, 0x09, 0xE2,
    0x57, 0x87, 0xB1, 0xA6, 0x8E, 0x52, 0xD2, 0x32, 0x1E, 0x36, 0xB5, 0x3D, 0xC2, 0xFA, 0x70, 0xB2,
    0x7D, 0xB0, 0x62, 0xC1, 0x95, 0xE5, 0x3E, 0x4C, 0xD8, 0xEA, 0x08, 0xFD, 0xCF, 0x8D, 0xDB, 0x12,
    0xAA, 0xCB, 0x1A, 0x6C, 0x9B, 0x41, 0x89, 0xB6, 0x6D, 0x80, 0xEB, 0x56, 0x43, 0x63, 0x0C, 0xE7,
    0xD1, 0x9B, 0xD7, 0x53, 0xDD, 0x51, 0xF0, 0x20, 0x51, 0x3F, 0xBB, 0x9B, 0x20, 0xC8, 0x58, 0x3B,
    0xDF, 0xF0, 0x1F, 0xA4, 0x39, 0x11, 0x20, 0x76, 0x47, 0xC8, 0x82, 0x2C, 0x3D, 0xE9, 0x01, 0x76,
    0xA3, 0x8F, 0x9B, 0x19, 0xCD, 0xF4, 0xB8, 0xB0, 0x1B, 0x1E, 0x3B, 0xB6, 0xDA, 0x23, 0xAC, 0x8F,
    0x30, 0x44, 0x6E, 0x3B, 0x42, 0xB1, 0x92, 0x1D, 0xBB, 0x82, 0x1A, 0x26, 0x8A, 0x01, 0xDF, 0x61,
    0xAA, 0x92, 0x29, 0xA1, 0x33, 0x78, 0xD8, 0x99, 0x95, 0xCB, 0x4E, 0xD7, 0x5B, 0x8A, 0xE4, 0x56,
    0x3E, 0xDF, 0xD3, 0x9A, 0x4B, 0x58, 0xCE, 0x92, 0x31, 0xD9, 0x89, 0x49, 0xE0, 0x54, 0x6B, 0x98,
    0x68, 0x01, 0x23, 0xCB, 0xB2, 0xAE, 0xA6, 0x9F, 0x12, 0xCD, 0x73, 0xA6, 0xBF, 0x2F, 0xF5, 0xFE,
    0xE6, 0x75, 0xDF, 0x3F, 0xC5, 0x3F, 0xFB, 0x96, 0x1F, 0x9E, 0x77, 0xBF, 0x91, 0xFA, 0x4F, 0xFB,
    0x37, 0x78, 0x5E, 0xEE, 0x31, 0x27, 0xAD, 0xF1, 0x6B, 0xC4, 0x19, 0xEB, 0x68, 0xBB, 0xA2, 0x5B,
    0x78, 0xCB, 0xAB, 0xD0, 0x18, 0x0B, 0x0C, 0x7A, 0x49, 0xF6, 0x9A, 0xA6, 0x31, 0xD5, 0xC3, 0x66,
    0xB6, 0xEE, 0xF7, 0x56, 0xFD, 0xBC, 0xD0, 0xDF, 0xAB, 0x33, 0x32, 0x55, 0x99, 0x58, 0x32, 0x5F,
    0x52, 0xA6, 0x62, 0x77, 0x45, 0x8D, 0x29, 0xAE, 0x6A, 0x62, 0xCD, 0xAB, 0x8E, 0x62, 0x2A, 0xB9,
    0x5F, 0xC4, 0x75, 0x71, 0xEF, 0xB0, 0xB9, 0xA5, 0x5E, 0x20, 0xF9, 0xCA, 0x87, 0x4C, 0x77, 0xA6,
    0x81, 0x01, 0xCD, 0x9C, 0xAD, 0xC4, 0x23, 0x55, 0x8F, 0x24, 0x64, 0x2B, 0x31, 0x48, 0xA3, 0xF1,
    0x42, 0xA4, 0xD2, 0x50, 0x87, 0xD1, 0x16, 0x52, 0xD6, 0x31, 0x9D, 0x4B, 0x00, 0xFB, 0x17, 0x09,
    0x5B, 0x2F, 0xB9, 0x44, 0xB6, 0x04, 0xC6, 0x56, 0xF5, 0x5B, 0x9E, 0x62, 0xF8, 0x82, 0x4C, 0xB0,
    0x08, 0x77, 0xA0, 0x32, 0x18, 0x4D, 0x9A, 0x0B, 0x5C, 0xD1, 0x7A, 0xC5, 0x29, 0x2E, 0xE5, 0x78,
    0x5E, 0xE2, 0x3A, 0x94, 0x48, 0xE8, 0x36, 0x12, 0x4B, 0xE5, 0x0D, 0xF4, 0xC6, 0xBE, 0xB2, 0x93,
    0x4E, 0xA7, 0xC0, 0x18, 0x84, 0xB1, 0xC6, 0xCA, 0xB0, 0x43, 0x88, 0x33, 0x61, 0x3C, 0x15, 0xBF,
    0x3D, 0x3F, 0x6C, 0x91, 0xB8, 0x75, 0x7A, 0x44, 0x8A, 0x6F, 0xED, 0xC1, 0xDC, 0x30, 0xF0, 0x0D,
    0xB7, 0xCA, 0x7B, 0x67, 0x3F, 0x7A, 0x3F, 0x86, 0xE8, 0xD4, 0x7F, 0x47, 0xBB, 0x44, 0x7E, 0x3A,
    0xC5, 0x81, 0x2F, 0x8C, 0x30, 0xEF, 0x4B, 0xB6, 0xC3, 0xA3, 0xE1, 0x14, 0xEE, 0xF1, 0xF1, 0xA9,
    0x6D, 0x92, 0xF5, 0x14, 0x2F, 0x47, 0x1C, 0x7D, 0xCE, 0xC8, 0x06, 0x0F, 0x2C, 0x74, 0x0E, 0x56,
    0xA7, 0xB5, 0x16, 0x9C, 0x9F, 0x1E, 0xFC, 0xBE, 0xFF, 0x6E, 0xE8, 0x0D, 0x25, 0xCB, 0xDF, 0x1D,
    0x19, 0x6D, 0x80, 0xB9, 0x19, 0xB3, 0x95, 0xCB, 0xC2, 0x2B, 0x32, 0xA7, 0x22, 0x97, 0xCB, 0x8F,
    0xF4, 0x43, 0xDE, 0xF6, 0xA0, 0x14, 0x91, 0x8F, 0xAB, 0xA4, 0x9C, 0x92, 0x06, 0x47, 0x09, 0xA1,
    0x29, 0xA5, 0xAD, 0xBC, 0x64, 0x5F, 0xA8, 0x6B, 0x44, 0x71, 0xF9, 0x19, 0xC0, 0x2B, 0x6B, 0x80,
    0xD5, 0xC9, 0xE4, 0xC3, 0x5A, 0xE7, 0x7E, 0xFD, 0x30, 0x23, 0xB1, 0x7A, 0x65, 0x2D, 0x68, 0x6A,
    0x3A, 0x5F, 0xAD, 0x0D, 0x69, 0xEC, 0x74, 0xA5, 0x13, 0xD6, 0xAC, 0x60, 0x2B, 0xF1, 0x81, 0x83,
    0x8C, 0x52, 0xFE, 0x6C, 0xC7, 0x90, 0x2D, 0x96, 0x9D, 0x0A, 0x72, 0xEB, 0xB2, 0xEF, 0xEC, 0x97,
    0x19, 0x7E, 0xB7, 0x35, 0xD5, 0x35, 0x57, 0x26, 0xD1, 0xFE, 0xB4, 0x29, 0x13, 0xED, 0x35, 0xB2,
    0xCA, 0x7D, 0x37, 0x53, 0x62, 0x76, 0x26, 0xD3, 0x89, 0x32, 0xB2, 0x31, 0x72, 0xC6, 0x46, 0xE9,
    0xB5, 0x8D, 0x38, 0x77, 0x05, 0xDF, 0x24, 0x27, 0x10, 0xFF, 0x81, 0x5E, 0x80, 0x87, 0x2B, 0x11,
    0x2C, 0xA2, 0x38, 0x00, 0xC9, 0x0A, 0xBE, 0x63, 0x12, 0xCC, 0xA7, 0x17, 0x41, 0x67, 0x01, 0x3A,
    0x9B, 0x7F, 0xCC, 0x69, 0xE2, 0xDC, 0xE0, 0xA1, 0x6C, 0x91, 0xAE, 0x38, 0x88, 0x0D, 0xAD, 0xCE,
    0xA0, 0x2A, 0x58, 0x9D, 0x15, 0x22, 0x02, 0xD2, 0x57, 0xFC, 0x5F, 0x3C, 0xC6, 0xC2, 0x3E, 0x89,
    0x97, 0x7D, 0x37, 0x6D, 0x44, 0xE4, 0xF4, 0x55, 0x93, 0xD3, 0xF8, 0x35, 0xD8, 0xAA, 0xD7, 0x19,
    0x8F, 0xDB, 0xC0, 0x53, 0xB5, 0x3D, 0x5A, 0x71, 0x56, 0x98, 0x5D, 0x29, 0x0D, 0xEA, 0xA5, 0xE1,
    0xBC, 0x32, 0x90, 0x57, 0x61, 0x8A, 0x5A, 0x57, 0x55, 0xD6, 0x52, 0x95, 0xF5, 0x53, 0xD5, 0x8A,
    0xF1, 0x74, 0x9F, 0xFF, 0x2A, 0x15, 0x7D, 0x07, 0x8F, 0x54, 0x0A, 0xD2, 0x0A, 0x24, 0x39, 0x42,
    0x0F, 0x02, 0xA4, 0xA5, 0x82, 0xB3, 0x5A, 0x85, 0x1B, 0x9A, 0x45, 0xD5, 0xE9, 0x8C, 0x91, 0x6A,
    0x20, 0x65, 0x19, 0x8D, 0xF3, 0xF9, 0x19, 0xB5, 0xA4, 0x3A, 0x42, 0xD6, 0x06, 0x1D, 0xD9, 0x68,
    0xAA, 0xC9, 0xA3, 0x62, 0xBD, 0xF2, 0xB7, 0x61, 0xDA, 0xCC, 0x46, 0x0A, 0xBF, 0xAB, 0x54, 0xD6,
    0x09, 0x86, 0xFE, 0xC9, 0x9F, 0x75, 0x46, 0xA2, 0x63, 0x38, 0x51, 0x35, 0x96, 0xF8, 0xB7, 0x54,
    0xD5, 0x7C, 0x4F, 0x1E, 0xF0, 0x6A, 0xAE, 0x59, 0x08, 0xEB, 0xFA, 0xF8, 0xD5, 0x86, 0x49, 0x35,
    0x5F, 0xB0, 0x91, 0xB2, 0x30, 0x9D, 0x57, 0xEB, 0xF4, 0xA2, 0x50, 0x02, 0x97, 0x67, 0x65, 0xF0,
    0x72, 0x55, 0x16, 0x06, 0x2F, 0x04, 0x18, 0x83, 0x97, 0x83, 0x41, 0xC1, 0x3B, 0x0B, 0x78, 0x79,
    0x34, 0x45, 0x82, 0xE2, 0x51, 0xC0, 0xCB, 0x20, 0x01, 0x78, 0x19, 0x24, 0x00, 0x6F, 0x89, 0x60,
    0x12, 0x90, 0x10, 0x54, 0xF3, 0xE1, 0x14, 0xD4, 0xD0, 0xF0, 0xBD, 0xC0, 0x79, 0x2E, 0x7B, 0x81,
    0xF3, 0x5A, 0xB5, 0xAA, 0xF7, 0x9A, 0x4F, 0x9A, 0xF0, 0xF3, 0x21, 0xC3, 0xC8, 0x4C, 0x63, 0x41,
    0x61, 0x70, 0x26, 0x7B, 0xF2, 0x63, 0xCD, 0xEE, 0x96, 0x4A, 0x10, 0xAD, 0x3A, 0x3B, 0xE3, 0x35,
    0x3F, 0x82, 0x51, 0x98, 0x52, 0xE1, 0x9C, 0xCC, 0x8F, 0x83, 0x73, 0x6F, 0x28, 0x6E, 0x4D, 0x0C,
    0xEC, 0xC1, 0x29, 0xD4, 0x16, 0x98, 0x52, 0xDD, 0x15, 0x62, 0xCF, 0x7E, 0x0D, 0x10, 0x73, 0x98,
    0xFF, 0x3B, 0x94, 0x06, 0xAF, 0xC2, 0x69, 0x9B, 0xF2, 0xA2, 0xAA, 0x52, 0x82, 0x98, 0xF0, 0xE2,
    0x22, 0x90, 0x23, 0x7D, 0x25, 0xBC, 0x38, 0xFD, 0xB1, 0xF0, 0xE2, 0xF4, 0xEF, 0x75, 0xFD, 0x5B,
    0x81, 0xDE, 0xB4, 0x62, 0xF8, 0xF9, 0x75, 0xC7, 0x8B, 0x3B, 0x7D, 0x6F, 0xA3, 0x89, 0xA1, 0x34,
    0x60, 0x8A, 0x32, 0xA0, 0x04, 0x39, 0x93, 0x22, 0x68, 0xF4, 0xCB, 0x53, 0x4C, 0x5E, 0x03, 0xE5,
    0x97, 0xD7, 0xAF, 0xFB, 0x3D, 0xEC, 0x5C, 0xD7, 0xED, 0x42, 0xD7, 0x7A, 0x3B, 0x34, 0xEB, 0x73,
    0xF7, 0xF9, 0x07, 0x0F, 0xBE, 0xA6, 0x8D, 0x1C, 0x20, 0x79, 0x04, 0x72, 0xC7, 0x0D, 0x89, 0x71,
    0xA5, 0xC2, 0xD9, 0xA8, 0x72, 0xBA, 0x17, 0x64, 0x8F, 0xD0, 0x88, 0x41, 0xF0, 0x31, 0x7C, 0x52,
    0xFA, 0xFF, 0xBD, 0xBB, 0x93, 0x4A, 0x74, 0xA2, 0xB1, 0xAB, 0x8B, 0xC2, 0xEF, 0x9A, 0x01, 0x9C,
    0x80, 0x24, 0xAD, 0xD8, 0x2C, 0xD1, 0xB3, 0xAD, 0x40, 0x93, 0x41, 0x16, 0x59, 0xA0, 0x74, 0x5A,
    0x9F, 0xE9, 0x74, 0x16, 0x39, 0x71, 0x8F, 0x4E, 0x77, 0xDD, 0x29, 0x3F, 0x0B, 0x3B, 0xB5, 0xE0,
    0x82, 0xA3, 0x09, 0x6B, 0x77, 0x9C, 0xF2, 0x96, 0xA7, 0xE7, 0x27, 0xBD, 0xD8, 0x5D, 0x52, 0x86,
    0xD2, 0x29, 0x98, 0x00, 0x23, 0x25, 0xEE, 0xAF, 0xE2, 0x07, 0x0F, 0x1E, 0xD0, 0x7E, 0x9E, 0x7E,
    0x51, 0x53, 0x60, 0x76, 0xD3, 0x12, 0xBE, 0x9F, 0x0B, 0x10, 0x3D, 0x30, 0xE9, 0x1D, 0xD6, 0x4B,
    0xD2, 0x88, 0x83, 0x10, 0x9C, 0x2E, 0x06, 0x4F, 0xA2, 0x19, 0xA5, 0x01, 0x7B, 0xC5, 0x79, 0xC8,
    0x7C, 0xCB, 0x3A, 0x94, 0xB6, 0xFD, 0x29, 0xF0, 0x7A, 0xEE, 0x73, 0x54, 0xAA, 0xF0, 0x15, 0xD6,
    0x72, 0xF7, 0xDF, 0x91, 0xE3, 0xEF, 0x91, 0x34, 0xE6, 0x12, 0xCB, 0x3A, 0xE9, 0x94, 0xE9, 0xF1,
    0xE8, 0x8E, 0x87, 0x2C, 0xA7, 0xC0, 0x0B, 0x36, 0x61, 0xA3, 0x7A, 0x64, 0x22, 0xD7, 0xA4, 0x16,
    0x5E, 0x8A, 0x5E, 0xEA, 0xCC, 0xAE, 0x74, 0x66, 0x57, 0x9B, 0xCC, 0xEC, 0x66, 0x15, 0xC9, 0xD5,
    0xAD, 0x19, 0xEE, 0x25, 0x6E, 0xA9, 0xB1, 0x52, 0xC1, 0x0A, 0x7A, 0x86, 0xC7, 0x6C, 0xAE, 0x91,
    0x12, 0xAE, 0x86, 0x07, 0x3D, 0x4B, 0x19, 0x9F, 0xFB, 0xB2, 0x83, 0x7E, 0xD6, 0x61, 0xAB, 0x10,
    0xE3, 0x5E, 0x9C, 0xCD, 0x93, 0x69, 0x57, 0x96, 0x36, 0x4A, 0x84, 0x1F, 0x06, 0xF7, 0x14, 0xCB,
    0xF9, 0xBA, 0xF1, 0x53, 0xE4, 0xDB, 0x1C, 0x4E, 0x62, 0x4A, 0xBD, 0x12, 0xD0, 0x4C, 0xCC, 0xD8,
    0x61, 0x9B, 0x73, 0xB9, 0xE8, 0x90, 0x5C, 0xAA, 0x19, 0x80, 0xA0, 0x3F, 0xD5, 0x0C, 0x20, 0x20,
    0x02, 0x00, 0xE8, 0x58, 0xD5, 0x0A, 0x88, 0xD2, 0x17, 0xD5, 0x0E, 0x99, 0x4A, 0x10, 0x29, 0x4C,
    0xE9, 0x0D, 0xB9, 0x45, 0x7D, 0x12, 0x22, 0x45, 0xA7, 0x87, 0x11, 0xF3, 0x07, 0x52, 0x0F, 0xE3,
    0xF8, 0xA4, 0x11, 0x9F, 0xFA, 0xB7, 0x82, 0xBF, 0x94, 0x0E, 0x18, 0xD4, 0x4B, 0x54, 0xA8, 0xA2,
    0x44, 0x7B, 0x9D, 0x1E, 0x7C, 0x88, 0x0C, 0x65, 0x9A, 0x0C, 0xE3, 0xCF, 0xDA, 0x69, 0xD7, 0x2C,
    0xDA, 0x75, 0xD6, 0xE8, 0xD4, 0xBF, 0xB7, 0xFA, 0xBE, 0x2B, 0x85, 0x52, 0x23, 0x10, 0x34, 0x8E,
    0xC8, 0xF5, 0xF6, 0x4A, 0xEF, 0xF1, 0x0B, 0x17, 0x8F, 0x25, 0x6C, 0xC6, 0x9F, 0xA7, 0xBE, 0xA5,
    0x35, 0x25, 0x4A, 0xE5, 0x79, 0x52, 0x4C, 0xC5, 0xC6, 0x1A, 0xA9, 0x1A, 0x89, 0xE4, 0x88, 0xDF,
    0xAA, 0x81, 0xE6, 0x28, 0x63, 0x63, 0xE8, 0x66, 0xD6, 0x80, 0xD5, 0x48, 0x5D, 0x42, 0x05, 0xA8,
    0xEE, 0xFC, 0x5B, 0x02, 0x4B, 0x79, 0x6A, 0x66, 0x44, 0xEE, 0x95, 0x4E, 0x50, 0x88, 0x7F, 0x23,
    0x33, 0x2B, 0x5A, 0xA5, 0x0F, 0x30, 0xD6, 0xFC, 0x16, 0x05, 0x29, 0x33, 0x9D, 0xB4, 0x85, 0xD1,
    0x74, 0xE6, 0xB5, 0x33, 0x84, 0x44, 0xFE, 0xAB, 0xC6, 0x8F, 0x45, 0x1D, 0x0A, 0xF8, 0x47, 0x88,
    0xD8, 0x02, 0x6D, 0x86, 0x24, 0xB8, 0x4F, 0x20, 0x09, 0xF6, 0x8C, 0xD4, 0x71, 0x7D, 0x8D, 0xEC,
    0xCA, 0xBE, 0x26, 0x14, 0xC2, 0x9F, 0xD5, 0xDB, 0x1E, 0x04, 0xDD, 0xA4, 0xBC, 0xE3, 0x4D, 0xAD,
    0x55, 0x96, 0x65, 0x81, 0xA5, 0x44, 0xC1, 0xA0, 0x04, 0xE5, 0x76, 0x48, 0xB7, 0x73, 0x14, 0xBC,
    0x51, 0xD3, 0x3F, 0x26, 0xAA, 0xC3, 0xEF, 0x82, 0x19, 0xF9, 0xD5, 0x45, 0xEB, 0xF2, 0x2E, 0x68,
    0x9D, 0xB5, 0x05, 0x87, 0x93, 0x03, 0xCB, 0xB5, 0x23, 0xE3, 0x30, 0x78, 0x4D, 0xBA, 0x69, 0xBA,
    0x0A, 0x1D, 0xAA, 0xC5, 0x74, 0x6F, 0xD5, 0x84, 0x15, 0xA6, 0xCB, 0xFB, 0xCB, 0x35, 0xEF, 0x4D,
    0xB3, 0xEC, 0xC8, 0xCD, 0xAA, 0xB3, 0x9B, 0x8B, 0x38, 0xF2, 0x86, 0xB7, 0x30, 0xB2, 0x65, 0x4C,
    0x8B, 0x5A, 0x12, 0x85, 0x64, 0x7F, 0x87, 0x30, 0xA0, 0x4B, 0xF5, 0x8D, 0x6D, 0xD0, 0xF9, 0x8D,
    0xFE, 0x15, 0x7C, 0xE1, 0x5D, 0x00, 0x02, 0x1E, 0x2C, 0x87, 0x8E, 0x4F, 0x7F, 0x13, 0x9C, 0xF3,
    0x71, 0x2F, 0x9C, 0xEE, 0xBD, 0xB0, 0xE4, 0x38, 0x43, 0xA2, 0xC5, 0xAF, 0x36, 0xA1, 0x29, 0xEA,
    0x93, 0x19, 0xAD, 0x2F, 0xAC, 0xE9, 0x10, 0xA2, 0xE8, 0x96, 0x64, 0x4F, 0xB8, 0xA2, 0x34, 0xA5,
    0xC7, 0x15, 0xE1, 0x2D, 0x3F, 0xAE, 0x9A, 0xE9, 0xB0, 0x0A, 0xDC, 0x00, 0xB1, 0x51, 0xA2, 0xD6,
    0xE7, 0x78, 0x7A, 0xE9, 0xFD, 0x7A, 0x5C, 0x65, 0xDE, 0x0F, 0xA7, 0x57, 0x1F, 0x3C, 0xF3, 0x01,
    0xFF, 0xA5, 0x50, 0xD5, 0xFC, 0x86, 0x9B, 0x51, 0xF2, 0x5D, 0xF1, 0x55, 0x2A, 0x02, 0x86, 0xF5,
    0xA3, 0x67, 0x0F, 0xB2, 0x61, 0x58, 0xF3, 0x15, 0x8D, 0x56, 0xB9, 0xDA, 0xDC, 0x95, 0x94, 0x14,
    0xCE, 0x71, 0x87, 0x49, 0x11, 0xD7, 0xF0, 0x1B, 0xEC, 0x57, 0x41, 0x5E, 0x5F, 0x9C, 0x50, 0x83,
    0x96, 0xA1, 0x49, 0xE0, 0xFA, 0x35, 0xD4, 0xA8, 0xE7, 0x99, 0xDF, 0x28, 0x94, 0xBA, 0x21, 0xA6,
    0x94, 0xDB, 0x99, 0xAA, 0x91, 0x24, 0x45, 0x12, 0x3C, 0x1D, 0xA9, 0x82, 0x21, 0x0D, 0x7E, 0x8C,
    0x98, 0xB0, 0x37, 0x73, 0x41, 0xD0, 0xA4, 0xE9, 0x1E, 0x5A, 0x38, 0xA7, 0x9E, 0x6A, 0x1B, 0x4B,
    0x4C, 0xBE, 0x7F, 0xD6, 0xFF, 0x1F, 0xA6, 0xE8, 0x84, 0x63, 0x43, 0xF5, 0xA0, 0xE2, 0xEC, 0x05,
    0x91, 0x0F, 0xFC, 0x02, 0x7C, 0xBC, 0x59, 0xED, 0xD7, 0x87, 0x48, 0x1C, 0xAA, 0xCD, 0x84, 0x0E,
    0x0B, 0xF3, 0x6A, 0x35, 0x19, 0xC4, 0x90, 0x23, 0x7D, 0xA1, 0xE3, 0x2C, 0xA6, 0x4C, 0x90, 0xF2,
    0xD5, 0x22, 0x71, 0xE2, 0xE8, 0x8B, 0x66, 0xD3, 0x51, 0x37, 0x39, 0x15, 0x16, 0xC2, 0x7A, 0x48,
    0x04, 0x5E, 0x4F, 0xEF, 0x46, 0x5A, 0x04, 0xE2, 0xC4, 0x64, 0x8E, 0x13, 0x21, 0x58, 0x2C, 0xBD,
    0x88, 0xF5, 0x0C, 0x88, 0xF5, 0x48, 0xEC, 0x40, 0xFF, 0x43, 0xDB, 0xD0, 0xE7, 0x8D, 0xF4, 0x15,
    0xCE, 0xD6, 0x26, 0x38, 0x0F, 0x17, 0xA6, 0x84, 0xAD, 0xE4, 0xB3, 0x36, 0x4C, 0x01, 0x7E, 0x06,
    0x92, 0xF9, 0x57, 0xAC, 0x22, 0x0D, 0x5F, 0x57, 0xFB, 0xE3, 0x91, 0xF0, 0xA1, 0x53, 0xFC, 0x1B,
    0x01, 0x98, 0xCE, 0x3D, 0x1F, 0x28, 0xDD, 0xB9, 0x3F, 0xD1, 0x30, 0xA6, 0x77, 0x18, 0xCD, 0x52,
    0xB9, 0x92, 0x35, 0xC4, 0x43, 0x39, 0x87, 0xDF, 0xD8, 0x30, 0x14, 0x2A, 0x68, 0x0F, 0x78, 0x6F,
    0x27, 0x22, 0xBD, 0x7D, 0x72, 0xAC, 0x32, 0x2D, 0xDD, 0xD4, 0xEE, 0x7A, 0xC1, 0xC3, 0xEB, 0xC4,
    0x73, 0x12, 0x41, 0x63, 0x7D, 0xCA, 0x94, 0x2A, 0x4D, 0x3B, 0xD2, 0x5C, 0xE1, 0xBC, 0x70, 0xD3,
    0x4E, 0xC4, 0xAF, 0xB4, 0xD4, 0x5C, 0xE8, 0x29, 0x5F, 0x23, 0x3F, 0x34, 0x74, 0xCF, 0xA7, 0xFC,
    0x5C, 0xAC, 0x74, 0xF7, 0x47, 0x9D, 0x23, 0xC6, 0x9D, 0xAB, 0x25, 0xC3, 0xFE, 0x3F, 0xE7, 0xBA,
    0xB9, 0x9B, 0x8D, 0xF3, 0x9A, 0x37, 0x68, 0x68, 0x6A, 0xBD, 0xAB, 0xB7, 0xFC, 0x64, 0xB8, 0x20,
    0x00, 0xBD, 0x76, 0xB8, 0x34, 0xFF, 0xFD, 0x10, 0xEF, 0xFE, 0x75, 0x3B, 0x63, 0xB7, 0x1D, 0x88,
    0xF3, 0x3F, 0x0B, 0x71, 0xE4, 0xBF, 0x49, 0x54, 0x5E, 0x6B, 0x76, 0x3E, 0x4D, 0xCF, 0xA9, 0xB5,
    0x07, 0x13, 0xFA, 0xA6, 0x75, 0xFC, 0xA4, 0x7C, 0x4D, 0x49, 0xC5, 0xF7, 0xE9, 0x44, 0xBB, 0xAB,
    0xE6, 0x8C, 0x11, 0xC8, 0x54, 0xF1, 0x45, 0x9A, 0xD6, 0x2B, 0xD4, 0x3D, 0xBF, 0xB4, 0x95, 0x98,
    0x79, 0x69, 0xA7, 0xAC, 0x44, 0xA8, 0x72, 0x47, 0xB0, 0xA3, 0xE4, 0xA3, 0x1F, 0x79, 0xBE, 0x56,
    0xDC, 0xBC, 0xCC, 0x66, 0x44, 0x11, 0xCF, 0xB7, 0x2E, 0xDB, 0x4E, 0x99, 0x6C, 0x46, 0xB5, 0x55,
    0x0C, 0xD7, 0x18, 0x03, 0xA5, 0x54, 0x96, 0x9E, 0xE9, 0x41, 0xF0, 0x19, 0xFE, 0x56, 0x7A, 0x9B,
    0x2D, 0x6D, 0x8A, 0xBE, 0x4E, 0xD1, 0xD3, 0x9F, 0x9A, 0x84, 0x3E, 0x69, 0x6A, 0xD5, 0x42, 0x9E,
    0xDD, 0xA4, 0x0D, 0x13, 0x49, 0x92, 0x72, 0x16, 0x14, 0xAD, 0x1A, 0xAC, 0xCC, 0x94, 0x4E, 0x5B,
    0xAC, 0x5A, 0xFE, 0xBA, 0x9A, 0x2D, 0xEA, 0x46, 0x4D, 0xE4, 0x8D, 0xE6, 0xB1, 0x31, 0x93, 0x27,
    0x42, 0xA4, 0x3E, 0x69, 0x23, 0x8B, 0x66, 0xA4, 0x72, 0xD3, 0xE1, 0xCB, 0x0C, 0x9F, 0x01, 0x51,
    0x6C, 0x0B, 0xD0, 0x15, 0xC2, 0xF4, 0x47, 0x84, 0x09, 0xA1, 0x76, 0xAB, 0x56, 0xEE, 0xC7, 0x1C,
    0x41, 0xB7, 0x69, 0x34, 0x88, 0x2B, 0x13, 0x73, 0x88, 0x08, 0x9D, 0xD9, 0x88, 0xE7, 0x7D, 0x28,
    0x51, 0x81, 0x2D, 0xB1, 0x08, 0x93, 0x11, 0xCF, 0xEF, 0x6D, 0xF0, 0x99, 0x64, 0x1D, 0x7D, 0x39,
    0x87, 0x66, 0x98, 0xDC, 0x3D, 0x0B, 0x1A, 0x1C, 0xE7, 0xA4, 0xC3, 0xCB, 0x25, 0x5B, 0xAC, 0xED,
    0x90, 0x05, 0x81, 0x9C, 0xDB, 0x71, 0xB5, 0x7F, 0x55, 0x33, 0xDA, 0x73, 0x6F, 0xDE, 0x96, 0xF5,
    0x7A, 0xE3, 0x09, 0x9C, 0x79, 0x90, 0x6D, 0x85, 0x86, 0x58, 0x78, 0xC9, 0xFD, 0x42, 0x3B, 0xA9,
    0x4B, 0x3F, 0x3F, 0x73, 0x43, 0x44, 0x05, 0x8E, 0x21, 0x86, 0xBD, 0xA5, 0x1A, 0x70, 0xDF, 0x92,
    0x54, 0x4A, 0xA0, 0xBC, 0xB6, 0x14, 0xA2, 0x7E, 0xCD, 0xF9, 0xAD, 0xDD, 0x8A, 0xE1, 0xEE, 0x97,
    0x72, 0x94, 0x3C, 0xCF, 0x4A, 0x8F, 0x35, 0xF0, 0x41, 0xFB, 0x89, 0x45, 0x94, 0x11, 0x20, 0x53,
    0x40, 0x65, 0x70, 0xC0, 0x4F, 0xCF, 0x5C, 0xC7, 0x4E, 0xAB, 0x12, 0x93, 0x56, 0xEE, 0xF0, 0x68,
    0xE4, 0xCB, 0x0A, 0xBA, 0xB7, 0xDC, 0xE1, 0xD0, 0x68, 0xA9, 0x64, 0x79, 0xEE, 0x6B, 0x41, 0xA1,
    0xA9, 0x3C, 0x6B, 0xE4, 0xD0, 0x72, 0x3C, 0xD8, 0xC2, 0x4C, 0x8C, 0x65, 0xD9, 0xF3, 0x83, 0x5C,
    0xF3, 0x76, 0x27, 0x35, 0x40, 0xB9, 0xBB, 0x20, 0xBC, 0x5B, 0xA4, 0x53, 0x6E, 0x7E, 0xB9, 0x3E,
    0x26, 0xA7, 0x12, 0xFA, 0x29, 0x14, 0xCE, 0xC7, 0x0D, 0x12, 0xE2, 0xFD, 0xD7, 0x08, 0x85, 0x7E,
    0x08, 0x90, 0x5A, 0x0F, 0x1E, 0x4C, 0x9D, 0x86, 0x84, 0xEB, 0x4E, 0xC9, 0x92, 0x67, 0x94, 0x36,
    0x10, 0x1F, 0x7C, 0xD3, 0x7E, 0xEE, 0x23, 0x05, 0x6B, 0xCC, 0x53, 0x6D, 0x0D, 0x7C, 0xA8, 0xDB,
    0x22, 0x8E, 0x49, 0xB4, 0x6C, 0xA9, 0x0F, 0x78, 0xA0, 0x8E, 0x48, 0x35, 0xCC, 0x37, 0x55, 0x22,
    0x74, 0x94, 0x55, 0xC9, 0x9F, 0x0E, 0xBE, 0xA8, 0x1A, 0x81, 0x68, 0x30, 0xC8, 0x74, 0x47, 0x08,
    0xAE, 0xEF, 0x75, 0x0B, 0x2A, 0x8C, 0xF8, 0xBD, 0xAA, 0x8E, 0xF8, 0x65, 0x76, 0x9E, 0x7C, 0x37,
    0x85, 0x04, 0x75, 0xA7, 0x70, 0x62, 0x3D, 0x0C, 0xC5, 0xF4, 0x61, 0x9E, 0xD3, 0x72, 0x9E, 0xE2,
    0x05, 0x8C, 0x89, 0x55, 0x72, 0xD7, 0xAA, 0x74, 0x6A, 0x74, 0xCC, 0xDC, 0x8A, 0xD8, 0x4D, 0x25,
    0x7B, 0x0D, 0x98, 0xC0, 0x8B, 0x10, 0xE8, 0x11, 0xAE, 0xC2, 0x34, 0x1F, 0x79, 0xF0, 0xA0, 0x0B,
    0x62, 0xDB, 0x05, 0xCC, 0x4A, 0x61, 0x0D, 0xCA, 0x41, 0xF8, 0xA4, 0xC7, 0x54, 0xC8, 0x0F, 0xC9,
    0x53, 0xAE, 0x67, 0x99, 0x14, 0x9E, 0x15, 0xEE, 0x8A, 0x4F, 0xEA, 0x28, 0xBC, 0x20, 0x46, 0x93,
    0x62, 0xEF, 0x93, 0x8E, 0xF6, 0x51, 0x1D, 0xC4, 0xA0, 0x3D, 0x05, 0x2D, 0xB9, 0x64, 0xA2, 0x23,
    0xA7, 0x1C, 0xB9, 0xEA, 0x7A, 0x79, 0xB1, 0x6F, 0x19, 0xA7, 0x3C, 0xD8, 0xAA, 0x5D, 0x2A, 0x07,
    0x78, 0x92, 0xFA, 0x68, 0x78, 0x25, 0xF6, 0xC4, 0xB1, 0x48, 0x7F, 0xE0, 0x4C, 0x4C, 0xBA, 0x13,
    0x80, 0x23, 0xA2, 0x80, 0xA5, 0x0A, 0xBF, 0xAE, 0x1B, 0x01, 0x5D, 0xC7, 0x13, 0xA9, 0xFF, 0xDC,
    0x53, 0x31, 0x2B, 0xFE, 0x7E, 0xFD, 0x18, 0x15, 0x24, 0xF7, 0xDF, 0xDC, 0x2A, 0xCF, 0xCD, 0xE1,
    0x69, 0xE5, 0x62, 0xFB, 0xB5, 0xF1, 0x8B, 0xAE, 0x23, 0xC4, 0x38, 0x57, 0x92, 0xFA, 0x79, 0xE2,
    0x44, 0xC6, 0xBB, 0x9D, 0xDD, 0x74, 0x8D, 0x26, 0x20, 0xD2, 0xA9, 0x91, 0x28, 0x34, 0x53, 0xCD,
    0x56, 0xAE, 0xA9, 0x28, 0x4D, 0xB2, 0x68, 0x6A, 0x3F, 0xC6, 0x7F, 0x3E, 0xFF, 0xE0, 0xC1, 0xD7,
    0xF8, 0xCF, 0x5F, 0x29, 0xEF, 0x43, 0x9A, 0x43, 0x94, 0x47, 0x28, 0x23, 0x98, 0x3F, 0x12, 0x06,
    0xBA, 0x61, 0x5F, 0x71, 0x8D, 0x7E, 0x51, 0x6F, 0xB9, 0x1A, 0x7F, 0x0A, 0xB0, 0x33, 0xF5, 0x99,
    0xA6, 0x9D, 0x53, 0x95, 0xD1, 0x83, 0xE9, 0x6A, 0xE0, 0x54, 0xD0, 0x7C, 0x0A, 0x4B, 0x09, 0x07,
    0xD3, 0xF2, 0x85, 0xF6, 0x69, 0x6D, 0x0A, 0xFF, 0xD4, 0xA7, 0x9D, 0x0F, 0xAA, 0xED, 0x14, 0x1E,
    0x86, 0xF4, 0x14, 0xAA, 0xC7, 0xD9, 0x83, 0xDA, 0x57, 0x77, 0xB1, 0xD8, 0x57, 0x08, 0xCD, 0x08,
    0x7C, 0xC0, 0xF3, 0x0C, 0x66, 0x16, 0x8E, 0xF3, 0x10, 0x1F, 0xDE, 0xE9, 0xAF, 0x4A, 0x80, 0xAB,
    0x90, 0xC9, 0xE1, 0xC1, 0x7E, 0xBD, 0x0D, 0x06, 0x1C, 0xF5, 0x65, 0xFA, 0xE7, 0x4C, 0x06, 0x1E,
    0xA6, 0xC5, 0x05, 0xCF, 0xA2, 0x95, 0xD5, 0x52, 0xA6, 0xBD, 0xD1, 0x06, 0x55, 0xB5, 0xB0, 0xCE,
    0xA9, 0x0E, 0xA9, 0x7A, 0x72, 0x08, 0x27, 0x7B, 0x90, 0x1F, 0xDE, 0x20, 0xF2, 0x6A, 0x0C, 0x3E,
    0x43, 0x79, 0x79, 0xEE, 0xAB, 0x19, 0x44, 0xE1, 0x86, 0xBE, 0xEE, 0x64, 0x61, 0xD4, 0xC9, 0xDC,
    0x2A, 0x58, 0x1F, 0xB1, 0x00, 0xC0, 0xEC, 0xC2, 0x32, 0x31, 0x9B, 0x33, 0x5F, 0x55, 0x1B, 0x16,
    0xA2, 0xF8, 0x94, 0x07, 0xBD, 0x4C, 0x02, 0x25, 0x56, 0x59, 0x44, 0x43, 0xB7, 0xB1, 0x14, 0x29,
    0x81, 0xBE, 0xD5, 0x05, 0x1A, 0x96, 0x0E, 0x9D, 0xB2, 0x1A, 0xD9, 0x31, 0x24, 0xE8, 0x41, 0x3C,
    0x24, 0xBA, 0x15, 0x0B, 0x5E, 0xCE, 0x5B, 0xE1, 0x7B, 0x54, 0x28, 0x73, 0x5F, 0xD1, 0x90, 0x50,
    0xAD, 0xAD, 0x02, 0x5C, 0x9A, 0x0A, 0xD3, 0x06, 0xE7, 0x24, 0x30, 0x7C, 0x44, 0x18, 0xA3, 0x6A,
    0x31, 0x4D, 0xBA, 0xB7, 0xCD, 0xE9, 0x4E, 0xB2, 0x0C, 0x82, 0xA7, 0xFA, 0xD1, 0x21, 0xF1, 0x9F,
    0xBA, 0x15, 0x86, 0x0F, 0xDE, 0x0A, 0x8F, 0xC5, 0xFF, 0x2F, 0xD7, 0x0A, 0xCB, 0x07, 0x6B, 0x85,
    0x53, 0x3F, 0x8F, 0xAC, 0xE2, 0xC5, 0x90, 0xA0, 0xDC, 0x84, 0x89, 0x02, 0x75, 0x40, 0x2B, 0x94,
    0x08, 0xF9, 0x0C, 0xB8, 0x1E, 0xDD, 0x33, 0x2F, 0xBF, 0xFC, 0x12, 0xFD, 0xF9, 0xFD, 0xC3, 0xC6,
    0x9E, 0xE6, 0x41, 0x16, 0x7C, 0x9A, 0x2B, 0x0E, 0x9B, 0x52, 0x1D, 0xF3, 0xA0, 0x3B, 0xCD, 0x83,
    0xD3, 0x03, 0xC2, 0x5D, 0x27, 0x95, 0x9B, 0x1F, 0x3F, 0x8D, 0xF0, 0xFD, 0x17, 0x76, 0x56, 0x3B,
    0xAC, 0xE1, 0x48, 0xC2, 0x6D, 0x4E, 0xBB, 0x40, 0xA4, 0x04, 0xAD, 0xCF, 0x7C, 0x56, 0x65, 0x5C,
    0xC1, 0x20, 0x5C, 0x9C, 0x35, 0x84, 0xB5, 0x42, 0x58, 0xB5, 0x19, 0xAC, 0x1B, 0x64, 0xED, 0x9D,
    0xB5, 0x85, 0xD3, 0xCA, 0x45, 0xDE, 0xE4, 0x13, 0x7A, 0x41, 0xDA, 0xC9, 0x0B, 0xA4, 0x79, 0xC6,
    0xA0, 0x2B, 0xB6, 0xAC, 0xCE, 0x68, 0x6D, 0xB6, 0x7C, 0x40, 0x5F, 0x6C, 0x95, 0xAC, 0xF4, 0xA0,
    0x1C, 0xAE, 0x8E, 0x93, 0x59, 0x3B, 0xC9, 0x24, 0x5E, 0x55, 0x57, 0x5E, 0xA6, 0xF2, 0x73, 0x5F,
    0xA6, 0xAD, 0xBE, 0x66, 0x43, 0x40, 0xCF, 0x9D, 0x6B, 0xAA, 0x0A, 0xE3, 0x0C, 0x1D, 0x06, 0x8D,
    0xA6, 0xD8, 0xDC, 0x87, 0xDE, 0x96, 0xE8, 0xA8, 0x8E, 0x46, 0xE1, 0x14, 0x60, 0x9F, 0x65, 0x2C,
    0x8F, 0xCD, 0x89, 0xDE, 0xB6, 0xB1, 0x02, 0x1D, 0xE9, 0x93, 0x99, 0x3F, 0x21, 0xC3, 0xBA, 0x73,
    0x7E, 0x68, 0xD0, 0x72, 0xA2, 0x72, 0x13, 0x0C, 0x0C, 0x5F, 0xA0, 0xAA, 0x44, 0xB0, 0x08, 0xAA,
    0x01, 0x23, 0xC6, 0x74, 0x62, 0xD2, 0x5B, 0x35, 0xB8, 0xC2, 0xAA, 0xB3, 0xC0, 0xEF, 0xE2, 0x32,
    0x9C, 0x18, 0xDC, 0x55, 0x1E, 0x4A, 0x7B, 0xA9, 0xAF, 0x38, 0x10, 0x6A, 0x59, 0x0D, 0xE9, 0x8B,
    0xB5, 0xC7, 0xAC, 0x63, 0x5D, 0x98, 0xE2, 0x15, 0xFF, 0x17, 0x46, 0x94, 0xF9, 0x11, 0x8C, 0x16,
    0x0C, 0x97, 0xFA, 0xDB, 0xF4, 0x93, 0x33, 0xF5, 0xE4, 0x4C, 0x3B, 0xA9, 0x49, 0xE0, 0xA4, 0x74,
    0xFA, 0xD5, 0x8D, 0x47, 0x4B, 0xC9, 0x46, 0x54, 0x8C, 0xCB, 0x27, 0xA9, 0xB9, 0x95, 0xD4, 0x1E,
    0x17, 0x82, 0x00, 0xE5, 0xCC, 0x98, 0x3A, 0xDB, 0xEF, 0x83, 0x34, 0x33, 0x60, 0x67, 0x26, 0x99,
    0x32, 0x03, 0x6D, 0x6A, 0x41, 0xF4, 0xA2, 0xAA, 0x7D, 0xFA, 0xC9, 0xB3, 0x44, 0xE4, 0x3B, 0x65,
    0x67, 0xA6, 0x5A, 0x71, 0x56, 0x2B, 0x30, 0x17, 0x95, 0x67, 0x07, 0x9A, 0x4A, 0x15, 0xE2, 0xAB,
    0x2D, 0x0C, 0xA1, 0x66, 0x01, 0x5F, 0x76, 0x33, 0xF4, 0xB8, 0x70, 0x2C, 0x8B, 0x3E, 0x2E, 0x03,
    0xF3, 0xDC, 0xCE, 0xB5, 0x84, 0x81, 0xEA, 0xBC, 0x7A, 0x47, 0x2F, 0xA5, 0xDC, 0x78, 0xB9, 0xF2,
    0xB7, 0x42, 0x9F, 0x91, 0x4C, 0x24, 0xE5, 0xE5, 0xFB, 0xF4, 0x3C, 0x8A, 0xA2, 0x1E, 0x24, 0x4B,
    0xC3, 0x31, 0x8C, 0x0A, 0x95, 0x5D, 0xFE, 0xAC, 0xEC, 0xAA, 0xC5, 0x54, 0xB7, 0x6A, 0xDC, 0x13,
    0x54, 0x2B, 0x15, 0xBE, 0xFD, 0x59, 0xC4, 0x54, 0xC1, 0x04, 0xED, 0xC2, 0x88, 0x9A, 0x7B, 0xD1,
    0x79, 0xE1, 0x42, 0xBF, 0x8F, 0x71, 0x91, 0xAA, 0x63, 0x2A, 0xF9, 0x22, 0x57, 0x2B, 0x89, 0x8B,
    0xC2, 0x54, 0xB0, 0xCC, 0xE7, 0xD3, 0x45, 0xA3, 0x17, 0x32, 0x1A, 0xF5, 0xC2, 0xFF, 0x80, 0xC7,
    0xDB, 0x2B, 0x52, 0x3D, 0xFF, 0x77, 0x2C, 0xEF, 0xA1, 0x11, 0xE9, 0xDD, 0xDF, 0x26, 0x7F, 0xBB,
    0x55, 0x0A, 0x8E, 0x3F, 0xA5, 0x9E, 0x5D, 0xE5, 0x22, 0xF1, 0x2F, 0xF8, 0xBE, 0x9C, 0xC5, 0xE8,
    0xA4, 0xD4, 0x56, 0x7D, 0x35, 0xC9, 0x45, 0xB6, 0xD3, 0x2C, 0xEB, 0x86, 0x66, 0x13, 0xF9, 0x4F,
    0x99, 0xF3, 0xBD, 0x5E, 0xAC, 0x89, 0x7F, 0xCD, 0xD7, 0x72, 0x51, 0xAE, 0xB1, 0x7F, 0x6B, 0xE7,
    0x39, 0x89, 0x74, 0x45, 0x5C, 0x12, 0xBD, 0xE0, 0xD9, 0xB4, 0xE8, 0x05, 0x49, 0x44, 0x86, 0xBF,
    0x60, 0x90, 0x3D, 0x0A, 0xFF, 0xBF, 0x9A, 0x4B, 0x91, 0x09, 0x2B, 0x26, 0xA1, 0x53, 0x72, 0x63,
    0xA7, 0x22, 0xB5, 0x5F, 0xCD, 0x33, 0x6C, 0x7A, 0x91, 0x72, 0x36, 0x56, 0xE1, 0x3E, 0xA0, 0x96,
    0xEA, 0x23, 0x17, 0x6C, 0x22, 0xCA, 0x49, 0x2F, 0x98, 0x98, 0x9F, 0xE5, 0x5E, 0xDE, 0x61, 0x0D,
    0x47, 0x67, 0xE6, 0x2C, 0xF7, 0xFA, 0x4C, 0x9E, 0xA2, 0x2A, 0x4B, 0xA4, 0x41, 0x2A, 0x29, 0x45,
    0xE6, 0x0F, 0xAD, 0x82, 0xBB, 0xE6, 0xD3, 0xC5, 0xE1, 0x0F, 0x78, 0x8F, 0xC3, 0x71, 0x91, 0x1C,
    0x1E, 0xE1, 0xC2, 0x25, 0xD0, 0x4E, 0xB6, 0xD3, 0x45, 0x75, 0x7E, 0x58, 0x37, 0x1E, 0x71, 0x74,
    0x4C, 0x07, 0x7A, 0xF2, 0xF9, 0x16, 0x27, 0xAD, 0xF5, 0x2C, 0x9B, 0x9B, 0x8C, 0xFE, 0x24, 0x20,
    0x97, 0x4E, 0xBC, 0xCD, 0x26, 0x87, 0x63, 0x82, 0xE1, 0x53, 0xF4, 0xEE, 0xE9, 0xCF, 0x7A, 0x56,
    0xF1, 0x32, 0xF4, 0x7C, 0x5D, 0xBC, 0xC3, 0xCF, 0xCD, 0xDF, 0xF2, 0x6D, 0xF5, 0x63, 0xDE, 0x54,
    0xF1, 0x73, 0xDF, 0x77, 0xDF, 0xE6, 0xA8, 0xFC, 0x99, 0xEF, 0xFD, 0xEF, 0x31, 0x0E, 0xCA, 0x1F,
    0xFA, 0x6F, 0xF8, 0x9C, 0x5F, 0x59, 0xFD, 0x90, 0xE4, 0x3F, 0xF6, 0x5B, 0x0D, 0xFE, 0x7B, 0x6B,
    0x01, 0x6B, 0xD5, 0xFB, 0x1F, 0xCC, 0xE8, 0x88, 0xAE, 0xF7, 0xAF, 0x4F, 0x68, 0x0A, 0xBA, 0xD3,
    0x0F, 0x12, 0xB5, 0xF4, 0x2A, 0x3E, 0x14, 0xED, 0x9F, 0x8A, 0xD7, 0xCC, 0xF0, 0x3D, 0xC4, 0x99,
    0x1D, 0x26, 0x34, 0x3B, 0xD3, 0x6E, 0xFA, 0xDD, 0xA7, 0x88, 0xF8, 0x09, 0x0A, 0xC4, 0xD5, 0x1F,
    0xCF, 0x81, 0x10, 0xFF, 0x86, 0xAF, 0x18, 0x1E, 0x33, 0xC3, 0x97, 0x6D, 0x5A, 0xC7, 0x10, 0xD9,
    0xD9, 0x61, 0x34, 0x8C, 0x8F, 0xAD, 0xE1, 0xFA, 0xB3, 0x78, 0x5B, 0x99, 0x08, 0x3E, 0xCF, 0x30,
    0x5F, 0x32, 0x6D, 0xC4, 0xBF, 0x0C, 0x39, 0xAC, 0x42, 0x35, 0x9A, 0xE1, 0x11, 0x03, 0x16, 0x85,
    0x22, 0x24, 0x61, 0x48, 0x07, 0x2A, 0x3B, 0xCD, 0xDD, 0x22, 0xDC, 0x9A, 0x2B, 0x48, 0x36, 0x70,
    0x38, 0x7C, 0xA8, 0xA4, 0x5A, 0xD4, 0xC3, 0x12, 0x0C, 0xA2, 0xF0, 0x4A, 0xA2, 0x7F, 0xC5, 0xC0,
    0x0D, 0x81, 0x56, 0x33, 0xFC, 0xCD, 0xF5, 0x6F, 0x0B, 0x7A, 0x11, 0x85, 0xE7, 0x02, 0xC7, 0x88,
    0xC8, 0x96, 0x36, 0x94, 0x5E, 0x92, 0x56, 0x91, 0xBF, 0xDA, 0x1C, 0x4B, 0x20, 0xB4, 0xF8, 0x3D,
    0x5F, 0x9B, 0xBD, 0xCB, 0x6B, 0x4B, 0x81, 0x0C, 0x13, 0x44, 0xA5, 0x2A, 0xDF, 0xCB, 0x58, 0xDE,
    0xDD, 0x63, 0xFE, 0x05, 0x00, 0x47, 0x93, 0xB1, 0x7C, 0x32, 0x59, 0x9E, 0x95, 0xF2, 0xA9, 0xD4,
    0xEA, 0xDC, 0x9A, 0x2D, 0xD2, 0x54, 0x57, 0xAA, 0xFB, 0xC0, 0x5B, 0x9B, 0x8D, 0x13, 0x1B, 0x6A,
    0xEE, 0xE6, 0xCE, 0x3D, 0xD9, 0xBF, 0x67, 0x8E, 0xC6, 0xAA, 0x43, 0x23, 0xD9, 0xA6, 0xAA, 0x50,
    0xD7, 0x2E, 0x44, 0xC1, 0x68, 0xC4, 0xC1, 0x52, 0x24, 0xFE, 0x18, 0xA6, 0xD6, 0xAB, 0xC5, 0x1E,
    0xBC, 0xC9, 0x9B, 0x16, 0x75, 0x93, 0x59, 0x17, 0x3F, 0xA8, 0xF0, 0x26, 0xCA, 0xD1, 0x88, 0x94,
    0x9A, 0xD4, 0x81, 0x1B, 0x59, 0x23, 0xEA, 0x0A, 0xA9, 0x13, 0x8F, 0x05, 0x8D, 0xBA, 0x49, 0x2B,
    0xE8, 0xC4, 0x41, 0x28, 0x6F, 0x49, 0x94, 0x32, 0x69, 0x79, 0x67, 0xD3, 0x5F, 0x11, 0x60, 0x72,
    0xB9, 0x32, 0x19, 0xA6, 0xC2, 0xB9, 0x0F, 0x0A, 0xB9, 0xE7, 0x87, 0x8C, 0x2A, 0x06, 0xD2, 0x20,
    0x5E, 0x91, 0x09, 0x88, 0x5B, 0xC0, 0x28, 0x53, 0xA9, 0x67, 0x22, 0x65, 0xC5, 0x67, 0x77, 0x9C,
    0xF7, 0x5B, 0x4C, 0x1B, 0xA8, 0x21, 0x14, 0x9F, 0x05, 0x12, 0xB8, 0xC2, 0x4F, 0x50, 0x21, 0x85,
    0x3F, 0x6A, 0x73, 0x51, 0xF8, 0x11, 0xF3, 0x9C, 0x4B, 0x9E, 0xCF, 0x2E, 0xA5, 0xAB, 0x72, 0x76,
    0xF9, 0x00, 0x61, 0xCB, 0x73, 0xAE, 0xDC, 0x23, 0x31, 0x01, 0x18, 0x38, 0x07, 0x8D, 0x8E, 0xEF,
    0x53, 0xE4, 0x98, 0x44, 0x21, 0x26, 0xF5, 0x0C, 0xF1, 0xE4, 0xB9, 0x1A, 0x4C, 0xB8, 0x74, 0x63,
    0x21, 0xDA, 0xB4, 0xF2, 0x03, 0xF7, 0x3B, 0x71, 0x45, 0xCE, 0xE2, 0x0D, 0x52, 0x20, 0xC1, 0x4E,
    0x45, 0x30, 0x78, 0xA0, 0xBA, 0xDA, 0x45, 0x29, 0x6C, 0xB0, 0x61, 0xDD, 0x2A, 0x12, 0x01, 0x0B,
    0x8B, 0xB9, 0x66, 0x87, 0x3A, 0x6B, 0xF8, 0x57, 0xB3, 0xFC, 0x6A, 0xE2, 0x47, 0x12, 0xBB, 0x7C,
    0xA8, 0xA3, 0xAD, 0x37, 0xD3, 0xF3, 0x8D, 0xCF, 0xB6, 0xE6, 0x1D, 0xE2, 0x1B, 0xBF, 0x74, 0x7E,
    0xAF, 0x90, 0x1A, 0xE2, 0x17, 0x1A, 0x6D, 0x7E, 0x2E, 0x20, 0xFD, 0x87, 0x0C, 0x16, 0xB3, 0x8E,
    0xBA, 0xD6, 0x65, 0x0F, 0x65, 0xFB, 0xF4, 0x41, 0xAB, 0x60, 0x88, 0x34, 0x71, 0x95, 0x4F, 0x14,
    0x48, 0x95, 0x4F, 0x35, 0x6A, 0xF6, 0x54, 0x41, 0x58, 0xAD, 0x26, 0xAF, 0x8A, 0x31, 0xDA, 0xFE,
    0x59, 0xB1, 0xDF, 0xFC, 0xE7, 0x81, 0xFD, 0xE4, 0x57, 0x1C, 0xFB, 0x54, 0x95, 0x12, 0x8F, 0xE4,
    0xCD, 0xD3, 0x87, 0x9F, 0xE6, 0xE7, 0x94, 0x1E, 0x9C, 0xCA, 0x15, 0x1D, 0x58, 0xDA, 0x60, 0xA2,
    0x67, 0x4F, 0x5C, 0xC1, 0xFF, 0xCC, 0x61, 0xAE, 0x95, 0x52, 0x14, 0x3C, 0xEE, 0x62, 0x36, 0xBB,
    0x71, 0x5C, 0xE8, 0x57, 0x93, 0x99, 0x15, 0x7F, 0x8C, 0xE4, 0xE6, 0xF5, 0xE3, 0x22, 0xF2, 0x3F,
    0xD8, 0x83, 0x72, 0x4E, 0x7C, 0xB9, 0x07, 0xE1, 0x9C, 0x6F, 0xAC, 0xEB, 0x2A, 0x9D, 0x1E, 0x4B,
    0x75, 0xE8, 0xAE, 0x6E, 0x6A, 0xD6, 0x43, 0x1B, 0xF5, 0xDD, 0x72, 0x08, 0xAD, 0xDA, 0x07, 0x01,
    0x40, 0x92, 0xEF, 0x50, 0x64, 0xD5, 0x1A, 0x19, 0xC4, 0xF8, 0xFE, 0xD8, 0xB0, 0x45, 0xF7, 0x0F,
    0x49, 0xF8, 0x26, 0x65, 0x65, 0x6C, 0xA2, 0x39, 0x87, 0x6A, 0xD2, 0xA1, 0xA5, 0x8E, 0xC4, 0xA6,
    0x8C, 0x0F, 0x2D, 0x16, 0xF9, 0xE3, 0xB9, 0x52, 0x53, 0x6B, 0x52, 0x39, 0x3F, 0x15, 0x7F, 0xD4,
    0x69, 0xCE, 0xC5, 0x4A, 0x79, 0xAF, 0xBC, 0x61, 0xFE, 0x20, 0x5F, 0x75, 0x6E, 0x73, 0xDF, 0x14,
    0x8B, 0xC2, 0x9A, 0xCF, 0xC6, 0xAA, 0x09, 0x42, 0x91, 0x01, 0xCC, 0x72, 0x89, 0x53, 0x11, 0x69,
    0x42, 0xD1, 0xD5, 0x37, 0x5E, 0xF0, 0x43, 0x89, 0x9D, 0xE4, 0x0B, 0xA0, 0xC8, 0xCB, 0xD1, 0x3C,
    0xF4, 0xB2, 0x1E, 0x4D, 0x76, 0x14, 0x91, 0xA2, 0x8C, 0xA0, 0x2A, 0x4B, 0xD6, 0x7E, 0x18, 0xF3,
    0x8A, 0xFD, 0x5A, 0x37, 0xCE, 0x77, 0xE5, 0x21, 0x22, 0x28, 0x14, 0x7E, 0xCB, 0x04, 0x95, 0x84,
    0x45, 0xB2, 0x00, 0xEC, 0x6A, 0x69, 0x8F, 0x09, 0xA7, 0x89, 0x5B, 0xA7, 0x4E, 0xF9, 0x3F, 0x06,
    0x31, 0xEF, 0x16, 0x08, 0xDD, 0xD8, 0x21, 0x01, 0xA4, 0x2B, 0x4B, 0x38, 0xC1, 0x69, 0x8C, 0xBD,
    0xB1, 0x6A, 0x29, 0xA1, 0x37, 0xE8, 0x08, 0x6F, 0x33, 0x80, 0x9A, 0x1D, 0x5A, 0xBB, 0x45, 0x94,
    0x09, 0xA6, 0x80, 0xDE, 0x9D, 0x77, 0xDC, 0x6D, 0xF4, 0x53, 0x4A, 0xC4, 0xBF, 0x86, 0x52, 0xA4,
    0x28, 0x5A, 0xE9, 0xDB, 0x98, 0x87, 0x0B, 0xF9, 0x4F, 0x42, 0xF2, 0xDA, 0xED, 0xD2, 0x04, 0x7E,
    0x6E, 0x80, 0xBB, 0x8A, 0xA5, 0x27, 0x32, 0x41, 0x58, 0xAE, 0x73, 0x68, 0x99, 0x94, 0x7E, 0x9E,
    0x08, 0x28, 0x3B, 0x92, 0x3C, 0x37, 0x8F, 0x93, 0x37, 0x1F, 0xB2, 0xE0, 0xE3, 0xF8, 0xFB, 0xAA,
    0x73, 0xCF, 0x9B, 0x36, 0x7C, 0x55, 0xEA, 0xEA, 0xA4, 0xD5, 0x89, 0x15, 0xD2, 0x55, 0x82, 0xA1,
    0x9C, 0xAD, 0xE4, 0xA3, 0x72, 0xAD, 0xC1, 0xEB, 0x10, 0x3A, 0xB7, 0x4F, 0x28, 0x6F, 0x02, 0xC7,
    0x85, 0xEA, 0x25, 0xF7, 0x3E, 0x69, 0xD9, 0x9C, 0x6A, 0xC0, 0xD4, 0x96, 0x70, 0x51, 0x53, 0xA0,
    0x01, 0x6F, 0x1A, 0x25, 0x60, 0x76, 0x8C, 0x77, 0x0B, 0x56, 0x70, 0x6B, 0xEF, 0xA2, 0xAF, 0xA0,
    0xEC, 0xBD, 0xF5, 0x62, 0x6B, 0xB3, 0xA3, 0xB6, 0x20, 0xCC, 0x10, 0xF5, 0x37, 0x9D, 0x05, 0xFE,
    0x1C, 0xCC, 0x16, 0x8C, 0x40, 0xFE, 0x6A, 0xEC, 0xB6, 0x5A, 0xFB, 0x2D, 0x16, 0xCC, 0xD6, 0x10,
    0x4C, 0xCC, 0xB5, 0xF1, 0x72, 0x2F, 0x3B, 0x25, 0xB7, 0xA0, 0x3C, 0x2E, 0x34, 0xDE, 0x8B, 0x43,
    0xE2, 0x9D, 0xB2, 0x83, 0xC3, 0x2E, 0xB8, 0x73, 0x32, 0xAF, 0x81, 0x4C, 0x85, 0xDD, 0xBE, 0x59,
    0x6D, 0x3A, 0x2C, 0x8F, 0xA9, 0xE2, 0x7F, 0x43, 0xBF, 0xA2, 0x3B, 0xE8, 0xD9, 0xB5, 0xFB, 0x13,
    0x8C, 0xCC, 0x8D, 0x1E, 0xDF, 0x27, 0x2B, 0x8F, 0x0F, 0x6A, 0xB2, 0x48, 0x48, 0x49, 0x3A, 0xB8,
    0x42, 0x1B, 0x5C, 0xBD, 0x4B, 0x9D, 0x22, 0xD8, 0xBB, 0x02, 0x7C, 0x80, 0xDF, 0xA7, 0x86, 0x2D,
    0x9E, 0x6B, 0x3B, 0x23, 0xDF, 0xCF, 0x84, 0x6D, 0x7A, 0x70, 0xCC, 0xBD, 0xD6, 0xD3, 0x94, 0xCB,
    0x98, 0xB7, 0x6B, 0xEE, 0x86, 0x9D, 0x7D, 0x26, 0xEB, 0xA3, 0x8D, 0x8D, 0x41, 0xB5, 0x16, 0x70,
    0xAA, 0x8C, 0x8D, 0x06, 0x09, 0x6C, 0xF0, 0xEE, 0x0E, 0xEF, 0xE6, 0x36, 0xFF, 0x28, 0x3A, 0xBF,
    0x61, 0x32, 0x48, 0x98, 0x88, 0x6B, 0xF2, 0xB8, 0xA5, 0x57, 0x5B, 0xAA, 0x03, 0xA3, 0xE5, 0xED,
    0x8B, 0x85, 0x95, 0xD2, 0x5D, 0xFB, 0x87, 0x86, 0xC2, 0x56, 0xEB, 0xB7, 0x08, 0x16, 0xF9, 0xE9,
    0x99, 0x22, 0xA6, 0xF0, 0x0F, 0x23, 0xF0, 0xC3, 0xE6, 0x30, 0x13, 0x98, 0x7B, 0x33, 0xAA, 0x51,
    0xD1, 0x72, 0xAD, 0x56, 0x77, 0x75, 0xAA, 0x62, 0x64, 0xE8, 0x35, 0x23, 0xF0, 0xEE, 0xAB, 0xF2,
    0xCE, 0xAE, 0x58, 0xDD, 0xB5, 0x5E, 0x9B, 0x72, 0xC8, 0x5A, 0xE8, 0x5A, 0x0A, 0x68, 0x17, 0xE0,
    0x8D, 0xDE, 0x5B, 0x09, 0x52, 0x27, 0xAC, 0xA5, 0x1F, 0xB1, 0x92, 0x90, 0xC1, 0x4A, 0x4E, 0x91,
    0xD7, 0x08, 0xC3, 0xA8, 0x46, 0xFB, 0xB2, 0xC6, 0x29, 0x31, 0x0C, 0x67, 0x70, 0x9F, 0x31, 0x6B,
    0xAA, 0x18, 0x88, 0x84, 0xFD, 0x80, 0x13, 0x68, 0xCD, 0xB8, 0x7B, 0x5B, 0xD3, 0xC3, 0x69, 0x8A,
    0x01, 0xDC, 0x02, 0x54, 0xCE, 0xB8, 0x91, 0xDE, 0xA2, 0x4A, 0x11, 0xBF, 0xF5, 0xE4, 0x6D, 0xA9,
    0x8E, 0x6C, 0x67, 0xFC, 0x98, 0xF4, 0x6A, 0xA3, 0xAE, 0xF9, 0x6F, 0x0C, 0x9C, 0x34, 0x92, 0xFA,
    0xFF, 0x97, 0xA9, 0x76, 0x4B, 0xE8, 0x2D, 0x7E, 0x4C, 0xB9, 0xD6, 0x75, 0x86, 0x7B, 0x89, 0xE9,
    0x48, 0xF7, 0x10, 0xFF, 0x91, 0xBB, 0xAD, 0x76, 0x58, 0x55, 0xF6, 0xB2, 0x31, 0xBD, 0xD1, 0x2F,
    0x85, 0x9F, 0x9C, 0x34, 0x71, 0x63, 0x30, 0x5E, 0x30, 0x17, 0x5A, 0xC6, 0x96, 0xCE, 0xD6, 0x72,
    0x88, 0x91, 0x70, 0x3F, 0x81, 0xF0, 0xE9, 0x4E, 0xE6, 0x4C, 0x6E, 0x21, 0xA4, 0x23, 0xD1, 0x34,
    0xD1, 0xAB, 0x65, 0x02, 0xBE, 0xEA, 0xF2, 0xF1, 0x49, 0x18, 0xE5, 0x5F, 0x90, 0xF1, 0x5E, 0xC8,
    0x60, 0x95, 0x07, 0xB6, 0xC1, 0x1C, 0xFB, 0x12, 0x1E, 0xC1, 0x4A, 0x4F, 0x84, 0x5E, 0x41, 0x95,
    0xEE, 0x5D, 0x36, 0xBB, 0xFD, 0xFD, 0xD3, 0xFC, 0xAB, 0x8F, 0x30, 0x07, 0xA9, 0xFA, 0xEA, 0xB1,
    0xE7, 0x66, 0x4D, 0x83, 0x7F, 0x60, 0xFD, 0x98, 0x07, 0x65, 0xC3, 0xA4, 0x5E, 0x9C, 0xAF, 0x96,
    0x32, 0x78, 0x0E, 0x86, 0x68, 0x71, 0x4A, 0x48, 0xD3, 0xA6, 0xB3, 0xFB, 0xA5, 0xFE, 0x5D, 0x2F,
    0xD8, 0xF1, 0xE4, 0x58, 0x6B, 0xD2, 0x09, 0x6A, 0xA7, 0x92, 0x9C, 0x95, 0x3B, 0xED, 0x02, 0x3C,
    0xDB, 0xF0, 0x89, 0xBC, 0x9C, 0xB3, 0x16, 0xF6, 0xE3, 0x6C, 0x5F, 0x63, 0x06, 0x72, 0xDA, 0x3B,
    0x0C, 0xF8, 0x51, 0x8D, 0xCD, 0x1F, 0x16, 0x4C, 0x9F, 0xA4, 0x98, 0xF7, 0x94, 0x8F, 0x91, 0xB2,
    0xC2, 0xE8, 0x59, 0x89, 0xD4, 0x68, 0x22, 0x96, 0x2F, 0x91, 0x9A, 0xA2, 0x88, 0x53, 0xDC, 0x26,
    0x76, 0x40, 0xDF, 0x52, 0xAA, 0x33, 0x3B, 0x20, 0xE5, 0x9E, 0x54, 0x92, 0xC9, 0xCC, 0x66, 0xA0,
    0xE6, 0x34, 0xF9, 0x4A, 0x6A, 0x95, 0xCA, 0xD1, 0x0D, 0x76, 0x35, 0x95, 0x84, 0xF7, 0xE0, 0xC7,
    0xEE, 0x9A, 0xFD, 0x33, 0xDE, 0x9D, 0xE6, 0xA9, 0x75, 0x8D, 0xEA, 0xB7, 0x3D, 0x68, 0x55, 0x1F,
    0xA4, 0x26, 0x97, 0xEC, 0x1F, 0xBA, 0xE5, 0xB3, 0xC7, 0x3C, 0x6E, 0xFD, 0x1C, 0xAA, 0xD2, 0x91,
    0x15, 0x99, 0xCD, 0x36, 0xC6, 0x9E, 0xC7, 0x49, 0xA2, 0x6E, 0x8E, 0x5A, 0x27, 0xE6, 0x2B, 0xD9,
    0x59, 0xC1, 0xB0, 0x18, 0x23, 0x1D, 0x8B, 0x0D, 0x0B, 0xB5, 0xC1, 0x49, 0xF3, 0xD2, 0xBB, 0xDB,
    0x44, 0xA4, 0x9C, 0x90, 0x02, 0xB4, 0xA6, 0xCC, 0xFD, 0xC2, 0x8B, 0xB8, 0xAD, 0xD4, 0x77, 0xCD,
    0xD0, 0x6F, 0x05, 0xBF, 0x42, 0x9B, 0xAA, 0x85, 0xA1, 0x60, 0x80, 0xB7, 0xA8, 0x40, 0x26, 0x40,
    0x67, 0xA5, 0xE6, 0x21, 0xE1, 0xB8, 0x72, 0xEC, 0x59, 0xE8, 0xF3, 0x48, 0x54, 0x29, 0x9C, 0x0D,
    0xCF, 0x33, 0xBA, 0x39, 0xDD, 0xCF, 0x15, 0x17, 0xD6, 0xEB, 0xE3, 0xE5, 0x31, 0xB0, 0xA2, 0xC3,
    0x54, 0x47, 0x82, 0xA6, 0xE6, 0x1C, 0x6F, 0xE1, 0x37, 0x7D, 0x15, 0xEE, 0x7D, 0xD5, 0x15, 0x83,
    0xFB, 0x65, 0xFF, 0xB1, 0xF4, 0xBE, 0xA9, 0xB1, 0x39, 0x3A, 0x30, 0xCD, 0x6F, 0x70, 0x0C, 0x1F,
    0xA7, 0x27, 0xE5, 0x97, 0x79, 0x38, 0x56, 0x6A, 0xE1, 0x9D, 0xE7, 0x71, 0x0B, 0x90, 0x52, 0x63,
    0x76, 0x82, 0x47, 0x8A, 0xC9, 0x5B, 0x0C, 0x0D, 0xDD, 0xF3, 0x29, 0xF2, 0x50, 0x64, 0x0D, 0x69,
    0x92, 0xBB, 0x85, 0x4A, 0x56, 0x2D, 0x19, 0x72, 0xFF, 0x39, 0x82, 0x5F, 0x37, 0x17, 0xDA, 0x2C,
    0xCD, 0x1B, 0x74, 0x46, 0x45, 0x52, 0xF5, 0x16, 0xE9, 0xEF, 0x21, 0x40, 0xE5, 0x35, 0xAB, 0x38,
    0xC5, 0xDF, 0x0F, 0xF1, 0xEE, 0x5F, 0x37, 0x74, 0x75, 0xDB, 0x61, 0x2F, 0xFC, 0xCF, 0x42, 0x1C,
    0xF9, 0x6F, 0xFA, 0xB7, 0x34, 0x8E, 0x89, 0xC6, 0x5E, 0xD3, 0x38, 0x25, 0xFE, 0xFD, 0x26, 0xDD,
    0xCB, 0x4F, 0xCA, 0xA9, 0xE7, 0x09, 0x00, 0xE9, 0x44, 0xBB, 0xAB, 0xE6, 0x8C, 0x88, 0x66, 0x6C,
    0x88, 0xEE, 0xBF, 0xE8, 0x87, 0x7C, 0x4D, 0xB4, 0xD1, 0xA8, 0x03, 0x10, 0xF7, 0xA8, 0x6D, 0xB1,
    0x44, 0xC0, 0x27, 0x57, 0x96, 0xB4, 0xAE, 0x56, 0x73, 0xE0, 0x36, 0xA8, 0x18, 0x1B, 0x19, 0x11,
    0xEA, 0xF3, 0x2D, 0x4B, 0x71, 0xAB, 0xC4, 0x08, 0x07, 0xD5, 0x81, 0x81, 0x7A, 0xFE, 0x79, 0xE1,
    0xBF, 0xC1, 0x60, 0x2C, 0x38, 0x33, 0xBC, 0x44, 0x7C, 0x1F, 0xB1, 0x46, 0x57, 0xBF, 0x4F, 0x45,
    0x6E, 0xA0, 0x8A, 0x6E, 0xD0, 0x2D, 0xC2, 0xA5, 0x42, 0xE9, 0x93, 0x0C, 0x2E, 0x86, 0xDA, 0x2D,
    0xC3, 0x36, 0x5F, 0x31, 0xA5, 0xF2, 0x05, 0xC3, 0xA9, 0x60, 0x5D, 0xB7, 0x61, 0x3E, 0x32, 0xA4,
    0x7B, 0x93, 0xA8, 0xB1, 0x74, 0x84, 0xB6, 0x49, 0x2E, 0x19, 0x67, 0xBA, 0x11, 0xC4, 0x3A, 0xA5,
    0x0E, 0x25, 0x70, 0x88, 0xAE, 0x56, 0x96, 0x01, 0xEA, 0x50, 0xEE, 0xAB, 0xEC, 0xF6, 0xF9, 0xB4,
    0xF0, 0xAC, 0x7C, 0x11, 0x4B, 0x82, 0xC9, 0x39, 0x15, 0x70, 0x6E, 0x63, 0x85, 0x63, 0xF7, 0x15,
    0x34, 0x6B, 0x4B, 0x56, 0x2A, 0xC5, 0xD4, 0x82, 0x9C, 0x2B, 0x7C, 0xD0, 0x73, 0xBC, 0x87, 0x4E,
    0x14, 0xDD, 0x95, 0x98, 0x1E, 0xCA, 0x22, 0x64, 0x7B, 0x33, 0x43, 0x0E, 0x88, 0x63, 0x8A, 0x64,
    0x32, 0x6A, 0x77, 0x44, 0x2A, 0x05, 0x9A, 0x3A, 0x1B, 0x9F, 0x0C, 0xE0, 0x57, 0xA2, 0x05, 0x3A,
    0x2F, 0xA6, 0x01, 0xE7, 0x2A, 0xBD, 0x4D, 0x1F, 0x90, 0xE8, 0x1C, 0x63, 0xA9, 0x1D, 0x2F, 0x9F,
    0xE0, 0xA6, 0x74, 0xEE, 0xD7, 0x64, 0x41, 0xCB, 0x09, 0x51, 0xD4, 0x48, 0x9C, 0x3A, 0x84, 0x49,
    0x96, 0x5D, 0x1F, 0xDD, 0x3A, 0x75, 0x1B, 0xA2, 0x56, 0x64, 0x21, 0x5B, 0xD2, 0xE3, 0x2A, 0x1F,
    0xE8, 0xC5, 0x44, 0xCB, 0x93, 0xD8, 0x44, 0x36, 0x74, 0x35, 0x12, 0xB2, 0x8B, 0xBC, 0x47, 0xBE,
    0xA0, 0x8B, 0x13, 0xE5, 0x48, 0xC1, 0x80, 0xFA, 0x9F, 0x41, 0xF9, 0x72, 0x0A, 0x6B, 0xEA, 0x4F,
    0x80, 0x60, 0xFA, 0xDF, 0xE5, 0xED, 0x39, 0x04, 0x36, 0x03, 0x5E, 0xCA, 0x9F, 0xCF, 0xE2, 0x42,
    0x72, 0x79, 0xB3, 0x4B, 0xC7, 0x60, 0x77, 0x54, 0xD7, 0x18, 0x7D, 0x1A, 0xE1, 0x9A, 0x2D, 0x92,
    0xF2, 0x33, 0x17, 0xAC, 0xB6, 0x11, 0x5B, 0xF9, 0x87, 0xD1, 0x5F, 0xEB, 0x0F, 0xA4, 0x1D, 0x44,
    0xB8, 0xA8, 0xEF, 0x9B, 0x0E, 0xF7, 0xA3, 0x6B, 0x34, 0xF3, 0x3A, 0x32, 0x54, 0xD9, 0x3C, 0xB2,
    0x31, 0x90, 0x4C, 0x6C, 0x62, 0xC8, 0x2A, 0x74, 0x1A, 0x3F, 0x8B, 0xA0, 0xB2, 0x49, 0x79, 0x3C,
    0xB0, 0x24, 0xE5, 0x4A, 0x6C, 0x74, 0x74, 0xEA, 0x37, 0xAF, 0x44, 0xD0, 0xA8, 0x75, 0xAC, 0x35,
    0x4F, 0x66, 0x1C, 0xB5, 0x5F, 0x58, 0xC5, 0xE8, 0x98, 0xE1, 0xBC, 0xB0, 0xCD, 0xC8, 0xD9, 0x08,
    0xCD, 0x9A, 0x17, 0x7A, 0x70, 0x3E, 0x4A, 0x5D, 0xA3, 0xDA, 0x19, 0xC5, 0xEA, 0x00, 0x49, 0xC2,
    0xB1, 0x84, 0x7E, 0x8C, 0x99, 0xBB, 0xD5, 0x9D, 0xBA, 0x8A, 0x5F, 0x38, 0xE8, 0x50, 0x59, 0xE4,
    0xF4, 0xB2, 0xD1, 0xD8, 0xF8, 0x29, 0xF2, 0x21, 0xB1, 0xBD, 0x3B, 0x75, 0x60, 0x58, 0xB3, 0x77,
    0x59, 0x39, 0x3F, 0x71, 0x2D, 0x6B, 0xDE, 0x73, 0x4E, 0x08, 0x32, 0xA3, 0xD8, 0x55, 0xB6, 0x66,
    0x98, 0x42, 0x3B, 0x0F, 0x41, 0x4E, 0xCB, 0x3F, 0x02, 0x91, 0x95, 0x9C, 0x1A, 0x60, 0xDA, 0x75,
    0xCC, 0x8E, 0xD2, 0xEF, 0xB2, 0xFD, 0xE8, 0xE5, 0x40, 0x3E, 0x89, 0xD7, 0xD6, 0x56, 0x9D, 0x6C,
    0x72, 0x26, 0x3B, 0x7D, 0x9E, 0x9F, 0xE2, 0xCC, 0x5B, 0xC5, 0x7F, 0x99, 0x7F, 0x50, 0x04, 0x50,
    0x89, 0x48, 0xD1, 0xEA, 0x7C, 0xA0, 0x39, 0x30, 0xEE, 0x2A, 0x9F, 0x0F, 0xFC, 0xF9, 0x43, 0xBC,
    0x75, 0xE1, 0xED, 0x6D, 0x01, 0x51, 0xAA, 0xC7, 0x81, 0xB2, 0xC4, 0x72, 0x3E, 0xF1, 0x97, 0xCA,
    0x4C, 0xA3, 0x68, 0x79, 0xCB, 0xB0, 0x76, 0x6A, 0x21, 0xE0, 0x40, 0x5C, 0x72, 0x46, 0x35, 0x31,
    0x24, 0x36, 0x98, 0x05, 0x06, 0x8D, 0x23, 0x85, 0x37, 0xB7, 0x41, 0x66, 0x31, 0xAC, 0x68, 0x25,
    0x38, 0x60, 0x39, 0xB2, 0x68, 0xCC, 0x0A, 0x7F, 0x6C, 0xA4, 0xCC, 0x7E, 0x2B, 0xE0, 0x59, 0x45,
    0x45, 0x36, 0x1B, 0xE0, 0xCC, 0xF1, 0xCE, 0xE2, 0x6D, 0x3F, 0x5A, 0x47, 0x8E, 0x82, 0x36, 0x8F,
    0x42, 0xBC, 0xD8, 0xB1, 0x52, 0xDE, 0x4A, 0x38, 0x22, 0x3D, 0x3A, 0x1C, 0x71, 0x85, 0x2B, 0x0A,
    0x8D, 0x96, 0x9E, 0x8E, 0x98, 0x1D, 0x47, 0xB4, 0x2E, 0xE4, 0x51, 0xC5, 0xBE, 0x40, 0xEB, 0x56,
    0xA7, 0x72, 0x16, 0xC6, 0x47, 0x5F, 0x48, 0x21, 0x99, 0xFB, 0xDA, 0x52, 0x3E, 0x47, 0x41, 0x2A,
    0x35, 0x4B, 0xA8, 0x7A, 0x2B, 0x13, 0x01, 0x09, 0xA8, 0x4E, 0x6B, 0xAD, 0x23, 0xE2, 0x17, 0x28,
    0xF9, 0x0D, 0x9D, 0xA0, 0x64, 0xE2, 0xDF, 0x41, 0x3A, 0xF4, 0x5E, 0x74, 0x4F, 0x87, 0x75, 0xC2,
    0x0A, 0x12, 0x2A, 0xBD, 0x34, 0x5D, 0xB5, 0x4B, 0x6F, 0x56, 0x1B, 0x64, 0x1A, 0x09, 0x76, 0x08,
    0x34, 0xEE, 0x3C, 0x34, 0x23, 0x06, 0x20, 0xED, 0x83, 0x4E, 0x57, 0xA2, 0xF5, 0x27, 0xF4, 0x04,
    0x3F, 0xA3, 0xF1, 0xD2, 0xB8, 0x2C, 0xF4, 0xF8, 0x19, 0x9C, 0xE0, 0x8C, 0x95, 0xE0, 0x86, 0x46,
    0x4E, 0x41, 0x89, 0xBE, 0xCE, 0x65, 0x3C, 0xD3, 0x6D, 0x6B, 0xC2, 0xAF, 0xF5, 0xCD, 0x5A, 0x52,
    0x2A, 0xD2, 0xBD, 0x92, 0x94, 0x50, 0x81, 0x7D, 0x4D, 0x2B, 0x39, 0xB0, 0x1D, 0xBA, 0xAF, 0x84,
    0xEC, 0x5B, 0xD1, 0x8B, 0x11, 0x31, 0x73, 0x7A, 0xE7, 0xDC, 0x7F, 0x04, 0xED, 0x55, 0x3D, 0xAF,
    0xE5, 0x56, 0x15, 0x3D, 0xB6, 0x93, 0x67, 0x14, 0x17, 0xA6, 0x80, 0x6A, 0x84, 0x4C, 0x89, 0x84,
    0x84, 0x29, 0x68, 0x90, 0x90, 0x6C, 0x92, 0x82, 0x96, 0x82, 0xF9, 0x13, 0xA1, 0x98, 0x96, 0xCE,
    0x26, 0x7F, 0x80, 0xD7, 0x53, 0x90, 0x82, 0x02, 0x3D, 0x8A, 0x34, 0x29, 0xD1, 0xD8, 0x49, 0x43,
    0xEB, 0x08, 0x7E, 0x80, 0x15, 0x3D, 0x09, 0x01, 0x05, 0x96, 0x70, 0xC0, 0x03, 0xB6, 0x37, 0x7B,
    0xED, 0x0F, 0xFB, 0xCE, 0xBC, 0x4C, 0xE6, 0x25, 0x4C, 0x94, 0x14, 0xB9, 0x7A, 0xCF, 0x67, 0x5F,
    0x5F, 0xFB, 0x9C, 0xBD, 0xD7, 0x5E, 0x6B, 0xED, 0x10, 0xF8, 0xF3, 0x38, 0x3C, 0x18, 0x83, 0x7E,
    0x52, 0xEA, 0x9B, 0xC5, 0xE2, 0x9C, 0x7A, 0x5A, 0x2D, 0x2E, 0xE8, 0xBD, 0x8B, 0xF8, 0x2D, 0x9A,
    0x8F, 0x67, 0x22, 0x3A, 0xDE, 0x5D, 0x42, 0x53, 0x87, 0xFF, 0xF7, 0x43, 0x44, 0x5B, 0xE8, 0xF8,
    0x1A, 0x42, 0xCC, 0xD7, 0x15, 0x37, 0xF6, 0x10, 0x12, 0x5E, 0x96, 0x48, 0x6E, 0xC8, 0xFD, 0x01,
    0xF7, 0x6F, 0xF9, 0xF9, 0x8C, 0x16, 0xA4, 0xBD, 0x69, 0xF6, 0x13, 0x7E, 0x95, 0x44, 0x33, 0xC4,
    0x09, 0x2D, 0x47, 0x9C, 0x6A, 0xD2, 0x39, 0xF2, 0x2D, 0x71, 0x03, 0xF1, 0x10, 0xF8, 0xAC, 0x49,
    0xAB, 0xEA, 0x71, 0x88, 0xC4, 0x25, 0xC7, 0x39, 0x69, 0x61, 0x15, 0xB5, 0xA1, 0xC1, 0x79, 0x1A,
    0x23, 0x85, 0x5E, 0xE3, 0x3A, 0xF3, 0xB8, 0x21, 0x7E, 0x05, 0x0F, 0x06, 0x6C, 0x17, 0x68, 0xB1,
    0x98, 0xF6, 0x84, 0xC6, 0x86, 0x04, 0x14, 0xDA, 0x0A, 0xAA, 0xF9, 0x41, 0xFE, 0x44, 0xB4, 0x36,
    0xA8, 0x51, 0xE3, 0x9D, 0xCF, 0x44, 0x85, 0x5A, 0x57, 0x1F, 0xB4, 0x94, 0x04, 0x55, 0x47, 0x47,
    0xBC, 0x78, 0x59, 0x29, 0x52, 0x39, 0x4A, 0xE4, 0xAD, 0x8F, 0x12, 0x57, 0x3C, 0x68, 0x25, 0x4E,
    0x86, 0x85, 0x95, 0x98, 0x9D, 0x25, 0xEA, 0x8F, 0x48, 0x79, 0xC0, 0x8D, 0x59, 0xB7, 0xA1, 0x3A,
    0xD5, 0x5A, 0x2A, 0x2C, 0x85, 0xE0, 0x8B, 0xAA, 0xA9, 0x2D, 0xF5, 0xBE, 0x34, 0x04, 0x3F, 0x4A,
    0x5D, 0xB1, 0x75, 0x3A, 0xDF, 0x63, 0x01, 0xA6, 0xA2, 0xC4, 0xD6, 0x4C, 0xD7, 0x3D, 0x13, 0x60,
    0xAA, 0x35, 0x95, 0xE2, 0xF3, 0x31, 0xDE, 0x3E, 0x05, 0x05, 0x1E, 0x71, 0x45, 0xE5, 0xCA, 0xD9,
    0x31, 0x2A, 0x5C, 0x16, 0xE7, 0xC1, 0x15, 0x2F, 0xC8, 0x81, 0xD7, 0x49, 0xD6, 0x04, 0x55, 0x94,
    0x58, 0x47, 0x1C, 0xC7, 0xD5, 0xF2, 0xB9, 0xD5, 0x06, 0xFE, 0x72, 0xE2, 0x6B, 0x90, 0xF3, 0xBB,
    0x95, 0xAB, 0xE5, 0x84, 0xF9, 0xDD, 0x1C, 0x79, 0x70, 0xB5, 0x25, 0xAF, 0xD8, 0xA3, 0xA2, 0x20,
    0x7B, 0x34, 0xB2, 0x8E, 0xA1, 0xDB, 0x83, 0xEC, 0x01, 0xC0, 0xF9, 0xDD, 0x04, 0x2B, 0xBF, 0x9B,
    0x02, 0x55, 0x7E, 0x37, 0xC7, 0x5A, 0x00, 0x81, 0x35, 0xC1, 0xB1, 0xD4, 0xAC, 0x25, 0x43, 0x93,
    0xEE, 0x95, 0x42, 0xC4, 0x0D, 0xA7, 0x9A, 0xD7, 0xB1, 0xE2, 0x9C, 0x0B, 0xB9, 0xB7, 0x48, 0x4B,
    0x58, 0x43, 0xDC, 0xC5, 0xEB, 0x90, 0x3E, 0x91, 0xCA, 0x18, 0x86, 0xB2, 0xD7, 0xB6, 0x04, 0xA7,
    0xDA, 0x1B, 0x1A, 0x00, 0xC3, 0x23, 0x50, 0xE6, 0xAD, 0x89, 0xD2, 0x2B, 0x1B, 0xA3, 0xFD, 0x45,
    0x98, 0x45, 0xEF, 0xF0, 0x29, 0xBA, 0xE1, 0x49, 0x26, 0x69, 0x06, 0xBA, 0x29, 0x7D, 0x46, 0x0F,
    0x51, 0x17, 0xA4, 0x24, 0xFA, 0x62, 0x8A, 0x5F, 0x3F, 0x40, 0x4B, 0x4B, 0xCE, 0x34, 0x42, 0x9F,
    0x1B, 0x9C, 0xDC, 0xF1, 0xC5, 0xC8, 0x30, 0xC5, 0x78, 0x0E, 0x72, 0x11, 0x44, 0x78, 0xAF, 0x49,
    0x88, 0xC6, 0xAF, 0xCE, 0xB9, 0x6C, 0xCA, 0xD7, 0x42, 0xF2, 0xE6, 0xA0, 0xF4, 0xA0, 0x92, 0x02,
    0x24, 0x18, 0x3C, 0xE8, 0x95, 0x98, 0x8D, 0x04, 0x85, 0x07, 0xA5, 0x07, 0x15, 0x84, 0xA2, 0x41,
    0xAF, 0x41, 0xE7, 0x01, 0x67, 0x28, 0x6C, 0x8D, 0x84, 0x82, 0x23, 0x0A, 0xD8, 0x91, 0x1B, 0xF6,
    0x5B, 0x79, 0x87, 0x39, 0xC8, 0x25, 0x47, 0x86, 0x10, 0x6D, 0xA6, 0x65, 0xF5, 0x67, 0xA1, 0x91,
    0xAC, 0x8B, 0x63, 0xE0, 0xA8, 0x1C, 0x38, 0xA9, 0x83, 0x3D, 0xA0, 0xBF, 0x1A, 0x96, 0xDC, 0xA5,
    0x16, 0x3C, 0x90, 0x1E, 0x15, 0xF4, 0xBA, 0x92, 0xED, 0x0D, 0x5D, 0xA4, 0x3B, 0xC5, 0x26, 0xBD,
    0xC9, 0xC6, 0xB0, 0xDF, 0x8F, 0xD3, 0x51, 0xF7, 0xC4, 0xBA, 0xD3, 0x6B, 0x3E, 0xB3, 0x0A, 0x6F,
    0x95, 0x7B, 0x48, 0xA5, 0xA1, 0x16, 0xB9, 0xF2, 0x1D, 0xB6, 0x16, 0x70, 0xA1, 0x04, 0xFF, 0x06,
    0x3E, 0xBF, 0x05, 0x8B, 0x78, 0xE1, 0x3F, 0x2C, 0xCC, 0x3F, 0x2C, 0xD5, 0xB9, 0x30, 0xAB, 0x9B,
    0x1D, 0xD0, 0x05, 0x5B, 0x40, 0x67, 0x58, 0x8C, 0x09, 0x08, 0x4E, 0xB2, 0x80, 0xEB, 0x89, 0x50,
    0xBF, 0x86, 0x29, 0x70, 0x6B, 0x1A, 0x69, 0xBD, 0x1C, 0x9E, 0x2B, 0x3E, 0x89, 0xA1, 0x63, 0xD8,
    0x64, 0xC6, 0xA9, 0x93, 0x5D, 0x8F, 0xEC, 0x97, 0xC4, 0x71, 0x2C, 0x1D, 0x59, 0x3A, 0xD9, 0x05,
    0xF4, 0xB1, 0xE5, 0xA2, 0xA4, 0x92, 0x9E, 0xA1, 0x95, 0x1D, 0xC4, 0x58, 0x82, 0x5D, 0xBB, 0x92,
    0x21, 0x31, 0x2E, 0x4D, 0xA9, 0x19, 0xD1, 0xAC, 0x4E, 0x95, 0x81, 0x5D, 0xA3, 0x06, 0x85, 0x1C,
    0x93, 0x81, 0x5D, 0xFA, 0x99, 0xAB, 0x67, 0x83, 0xA9, 0xF9, 0x98, 0xA0, 0x96, 0x26, 0x9B, 0xFB,
    0x96, 0x5A, 0xAC, 0xB1, 0xAB, 0x15, 0xFF, 0x6B, 0x35, 0x10, 0x52, 0x49, 0x4F, 0x40, 0xAA, 0x01,
    0x05, 0xAC, 0x92, 0x24, 0x68, 0xAB, 0x0E, 0x09, 0x5E, 0x1B, 0xBB, 0x7A, 0x18, 0xB0, 0xD6, 0x27,
    0x02, 0x93, 0x02, 0x84, 0x54, 0xA3, 0x4B, 0xCD, 0x49, 0x75, 0xFB, 0x0C, 0xA9, 0xEE, 0x43, 0x80,
    0x4E, 0x09, 0x50, 0x2A, 0x01, 0xC4, 0x80, 0x30, 0x89, 0x5A, 0xD8, 0x58, 0x0E, 0x02, 0x88, 0x2B,
    0x29, 0x12, 0x6D, 0x75, 0xB9, 0xD4, 0x5A, 0x3A, 0xBC, 0x4F, 0x08, 0xB0, 0x8A, 0x1D, 0x62, 0xE1,
    0xFF, 0x66, 0x55, 0x02, 0x6C, 0x46, 0x80, 0xA0, 0x04, 0x68, 0xEF, 0x4F, 0x80, 0xCF, 0xCF, 0xB8,
    0xEE, 0x3A, 0xD8, 0x57, 0x1C, 0xFB, 0xCC, 0x1C, 0xFB, 0xA2, 0x8C, 0xEB, 0x4B, 0xCB, 0xDB, 0x72,
    0x88, 0x81, 0x1E, 0xE3, 0x91, 0x93, 0x60, 0x36, 0xC3, 0x2F, 0xB1, 0xDD, 0xB1, 0xEE, 0xB2, 0xF6,
    0x95, 0x3C, 0xF7, 0x38, 0x14, 0xE3, 0xFD, 0xB8, 0x2A, 0xD0, 0xA3, 0x2B, 0xB5, 0x31, 0x95, 0x31,
    0x4E, 0x8D, 0x9F, 0x99, 0xCD, 0x9D, 0x9C, 0xAE, 0x53, 0xE0, 0x96, 0xA3, 0x1C, 0xCE, 0x2F, 0x5F,
    0x82, 0x0C, 0xAE, 0x7C, 0x16, 0x46, 0x86, 0x62, 0x52, 0x06, 0xE4, 0x03, 0xDE, 0x65, 0x2A, 0xD7,
    0x4A, 0x0D, 0x65, 0xFF, 0x27, 0xAC, 0x89, 0xD1, 0xC2, 0xD7, 0xD4, 0xD6, 0xEC, 0xF2, 0xFB, 0x12,
    0x14, 0x8A, 0x39, 0xA8, 0x70, 0x27, 0x5B, 0xB5, 0x40, 0xA6, 0x6B, 0xF8, 0xBA, 0xB2, 0x35, 0x9E,
    0xA5, 0x94, 0x1A, 0xE9, 0x71, 0x87, 0x43, 0xB9, 0x61, 0x07, 0xCC, 0xA1, 0x20, 0xE4, 0xAC, 0xE8,
    0x36, 0x22, 0x41, 0x5E, 0x3A, 0x26, 0x98, 0x1F, 0xA7, 0x8C, 0x0A, 0x83, 0xC0, 0x7E, 0xD5, 0xED,
    0xB5, 0x6E, 0xDE, 0xA6, 0x33, 0x40, 0x2F, 0x36, 0x86, 0x1C, 0x10, 0x33, 0xD0, 0xD2, 0xC5, 0x91,
    0xBB, 0xCA, 0x60, 0x37, 0xFC, 0xEB, 0xCE, 0xCD, 0x79, 0x11, 0xCE, 0x57, 0xB6, 0xFD, 0xAE, 0x87,
    0xF5, 0xD2, 0xF5, 0x29, 0x34, 0x42, 0x43, 0x9A, 0x81, 0x05, 0xE7, 0xC3, 0xD7, 0x3F, 0xC8, 0xBC,
    0xFB, 0xB6, 0x5C, 0x83, 0x50, 0x08, 0x57, 0x21, 0x27, 0x5E, 0xEE, 0x48, 0xA5, 0x65, 0x57, 0x41,
    0xB2, 0x53, 0x62, 0x08, 0x4A, 0x34, 0xC7, 0x3D, 0x32, 0xE5, 0x46, 0xA4, 0x34, 0x94, 0xDC, 0x19,
    0x26, 0x04, 0xD3, 0x90, 0xA4, 0xE6, 0x4D, 0xAE, 0xB3, 0x48, 0x0F, 0x0F, 0x60, 0x17, 0x76, 0x29,
    0xA5, 0x18, 0x6E, 0xB6, 0x6A, 0x7F, 0xA4, 0xAE, 0x57, 0xF9, 0x9D, 0x46, 0xD9, 0xA1, 0x77, 0xC2,
    0xA7, 0xFB, 0xBC, 0x76, 0x73, 0x73, 0xD3, 0xF2, 0xE5, 0x77, 0x00, 0x9B, 0x75, 0x44, 0x2B, 0x4A,
    0xAF, 0xF9, 0xB2, 0x14, 0x48, 0x80, 0x3B, 0x3D, 0x4A, 0x53, 0x02, 0xDC, 0x47, 0x1C, 0xA8, 0x13,
    0x76, 0xB5, 0xDC, 0x42, 0x91, 0x7B, 0xCF, 0x40, 0x0F, 0xC8, 0xAF, 0xE7, 0x87, 0xDB, 0x20, 0xDA,
    0x11, 0x11, 0x64, 0x0C, 0x2A, 0x5A, 0xCC, 0x95, 0x8C, 0xA1, 0x59, 0x54, 0x06, 0xEA, 0xEA, 0x1C,
    0xC4, 0xA2, 0xA3, 0x08, 0xE0, 0xB6, 0x0A, 0x50, 0xAE, 0xB9, 0xD3, 0x5A, 0x08, 0xAA, 0x0C, 0x5C,
    0xA5, 0xD4, 0x6A, 0xD6, 0x4E, 0x39, 0x55, 0xED, 0x34, 0x84, 0xD3, 0x25, 0x14, 0x95, 0x60, 0x74,
    0xD3, 0x97, 0xF8, 0x54, 0xE5, 0x2F, 0x9F, 0xAA, 0x2F, 0x69, 0x7A, 0x7A, 0x47, 0x4E, 0xFA, 0x5A,
    0xB0, 0x93, 0xBE, 0x67, 0x5D, 0x0C, 0xCD, 0x5B, 0x46, 0xDE, 0x8E, 0x8C, 0xB5, 0x0E, 0xAD, 0x0B,
    0x1D, 0x3F, 0xE9, 0x23, 0x52, 0xBA, 0x9E, 0xB4, 0x9C, 0x30, 0x26, 0xC6, 0x50, 0xA1, 0xCF, 0xA4,
    0x09, 0x5D, 0x04, 0x83, 0x66, 0xE6, 0x59, 0x7F, 0x8A, 0x4F, 0xD4, 0xB5, 0xE1, 0xC1, 0x1C, 0x2E,
    0x66, 0x0D, 0x12, 0x91, 0xAA, 0xA1, 0xBC, 0x8A, 0x1B, 0x12, 0x91, 0x68, 0x08, 0x0C, 0x60, 0x10,
    0x0A, 0x09, 0x1A, 0x0F, 0x98, 0x9B, 0x05, 0x69, 0xDA, 0x16, 0x94, 0x2C, 0xBC, 0x5D, 0xB1, 0x0B,
    0x6A, 0x46, 0xF9, 0x45, 0xD0, 0xCC, 0x1A, 0xD4, 0x0A, 0x79, 0x46, 0xB5, 0xD6, 0x95, 0xD1, 0x8F,
    0x35, 0xF9, 0x94, 0x6D, 0xBE, 0xD6, 0xE0, 0x27, 0x64, 0xB5, 0xFF, 0x6A, 0xB3, 0xE0, 0x37, 0x8B,
    0x05, 0xD6, 0xB0, 0xC4, 0x4A, 0x47, 0xD0, 0x7B, 0xE0, 0x88, 0x6D, 0x1E, 0x2C, 0xDE, 0x9E, 0xD1,
    0x5B, 0xD8, 0x7B, 0x53, 0x0D, 0x05, 0x4D, 0xEF, 0x15, 0x2E, 0x7E, 0xD6, 0xC6, 0xA5, 0xBA, 0x6F,
    0xF3, 0xB7, 0x4E, 0x93, 0x71, 0xB1, 0x05, 0x47, 0xFD, 0xEC, 0x60, 0xE3, 0x07, 0x15, 0xCE, 0x83,
    0xE8, 0x67, 0x27, 0xBE, 0xEC, 0x1F, 0x9D, 0xEC, 0x50, 0xEA, 0xC0, 0xE2, 0xE7, 0xF7, 0x4C, 0x1F,
    0xEC, 0xB6, 0x5C, 0x03, 0x5A, 0x73, 0xFD, 0xA9, 0x9B, 0x73, 0x3D, 0xAE, 0xBC, 0x8E, 0x97, 0xFB,
    0xF5, 0xEF, 0x0A, 0xFA, 0xBA, 0xBA, 0xD4, 0x17, 0x84, 0x5C, 0x17, 0xAA, 0xAF, 0x1D, 0xEC, 0x98,
    0xAE, 0x84, 0x3B, 0xDD, 0xB3, 0xFA, 0x0A, 0x77, 0xF4, 0x95, 0x3E, 0xA5, 0x2F, 0x04, 0xCF, 0xD7,
    0x57, 0x24, 0xB9, 0xC7, 0xD0, 0x57, 0xAF, 0xFA, 0xCA, 0x4C, 0x5F, 0xCB, 0xA9, 0xAF, 0xF5, 0x25,
    0xEB, 0xAB, 0x7F, 0x46, 0x5F, 0xD5, 0xCB, 0xD2, 0x57, 0x78, 0x1C, 0x8A, 0x41, 0x0F, 0x6B, 0x3B,
    0x93, 0xD5, 0x7B, 0x64, 0x5C, 0x7D, 0xDF, 0x83, 0xD7, 0x5D, 0x71, 0x5A, 0x7C, 0x48, 0x17, 0x7E,
    0xEF, 0x2B, 0xC5, 0x7D, 0xB9, 0x14, 0x77, 0xF1, 0xF9, 0x4E, 0x08, 0xDF, 0x97, 0x60, 0x0D, 0xD1,
    0xA2, 0x09, 0x85, 0x6C, 0x73, 0xA4, 0x76, 0xA5, 0x45, 0x24, 0x3D, 0xE0, 0xE4, 0x95, 0x79, 0x05,
    0xCD, 0x95, 0xA4, 0xCD, 0x79, 0x68, 0x65, 0xB4, 0xC4, 0x4A, 0x00, 0xAA, 0x63, 0x25, 0xD3, 0xBB,
    0x21, 0x8C, 0x2F, 0x54, 0x65, 0xFD, 0xF2, 0x54, 0xD9, 0x3F, 0x4F, 0x95, 0x82, 0xE2, 0xE7, 0xAA,
    0xCA, 0xFD, 0x0B, 0x55, 0xE5, 0xF9, 0x19, 0xC2, 0x0F, 0x64, 0x65, 0x5F, 0xD4, 0xDD, 0xD3, 0x3D,
    0x56, 0xA2, 0xE4, 0x94, 0xE8, 0xBB, 0xE5, 0x66, 0x19, 0x34, 0x4B, 0xA9, 0xCF, 0xD0, 0x28, 0xB6,
    0x05, 0x51, 0x1B, 0xE7, 0x8F, 0x97, 0x96, 0x44, 0x1F, 0xC9, 0x86, 0x44, 0x0B, 0x8A, 0x42, 0x68,
    0xBF, 0x52, 0xEE, 0x17, 0xAA, 0xDC, 0xB2, 0xB5, 0xA9, 0x47, 0x53, 0xB1, 0x6B, 0x3A, 0x53, 0x45,
    0x16, 0x34, 0x64, 0x79, 0x35, 0x9B, 0xDE, 0xE9, 0x1B, 0x39, 0x25, 0xDA, 0xCD, 0xB9, 0x5F, 0xFC,
    0xF9, 0xE6, 0xC3, 0x87, 0x0F, 0x23, 0xFE, 0xFF, 0x69, 0xC5, 0x09, 0x71, 0xF1, 0x34, 0x33, 0x33,
    0xF7, 0x0C, 0x69, 0x72, 0xB0, 0x21, 0x18, 0x59, 0x03, 0x63, 0x2C, 0xF4, 0x44, 0xAA, 0x39, 0x60,
    0x40, 0x35, 0xD0, 0x61, 0xE4, 0x41, 0x8C, 0x40, 0x25, 0x6A, 0xA2, 0x4D, 0x40, 0x63, 0xB4, 0x1D,
    0x5A, 0x0C, 0x48, 0x35, 0x7D, 0x2A, 0xE8, 0x3C, 0xC0, 0xC6, 0x29, 0x1E, 0xC6, 0xEE, 0x29, 0xEF,
    0x23, 0x9B, 0x72, 0x2E, 0xF5, 0x15, 0x02, 0x3E, 0xD9, 0xD0, 0x93, 0x60, 0x11, 0xC8, 0x90, 0xA8,
    0x74, 0xC2, 0xF1, 0x7C, 0x44, 0xBF, 0x76, 0x15, 0xE6, 0xDE, 0xA7, 0x8B, 0x60, 0x70, 0x88, 0xAD,
    0x73, 0xA5, 0x07, 0x87, 0xC6, 0x94, 0xA0, 0xB2, 0x79, 0x6D, 0xCC, 0xB6, 0x9F, 0x1E, 0x99, 0x32,
    0x23, 0x1C, 0x26, 0x7A, 0x23, 0xBB, 0x93, 0x78, 0x5B, 0xAF, 0x96, 0xD0, 0x61, 0xFB, 0x4D, 0x2C,
    0xA6, 0xDA, 0x85, 0x21, 0xCD, 0x9E, 0xCB, 0xB2, 0xEA, 0xA2, 0xAE, 0x53, 0x0C, 0xF1, 0x72, 0xAF,
    0xC6, 0x3C, 0xE0, 0x8D, 0xDF, 0xFC, 0x6D, 0xC6, 0x07, 0x45, 0x70, 0x5F, 0xD2, 0xC6, 0xEF, 0xBC,
    0x8C, 0x15, 0x03, 0x05, 0x82, 0x95, 0xAB, 0x50, 0x91, 0xC9, 0x87, 0x13, 0x58, 0xD6, 0x39, 0x67,
    0xCC, 0x0C, 0x84, 0xB2, 0x18, 0x1E, 0x16, 0x12, 0x3C, 0x10, 0x80, 0xD3, 0x2C, 0x8E, 0x4E, 0x6B,
    0x06, 0x8C, 0x51, 0xC7, 0xA6, 0x28, 0x4A, 0xD3, 0x56, 0x2C, 0x57, 0x74, 0xAD, 0x44, 0x8F, 0xD4,
    0x7E, 0x22, 0x9A, 0x5E, 0x91, 0x5A, 0xA7, 0x1F, 0x49, 0xA5, 0xFF, 0xD2, 0x89, 0x20, 0x64, 0x4D,
    0xB4, 0xEC, 0x44, 0x9B, 0x60, 0x22, 0x8A, 0xCC, 0xBF, 0x9A, 0xD1, 0x5B, 0xC5, 0xD9, 0x68, 0xF3,
    0x84, 0x04, 0x16, 0xD8, 0x1D, 0x54, 0xE8, 0x01, 0x58, 0x90, 0x1F, 0xC1, 0x2E, 0x7D, 0xB5, 0x00,
    0x2D, 0xCC, 0x37, 0x6B, 0x61, 0xBE, 0x5A, 0x0B, 0xF3, 0xC5, 0x5A, 0x98, 0x4F, 0x16, 0xBC, 0xD6,
    0x3E, 0xA7, 0x97, 0xC1, 0x3D, 0xD5, 0x02, 0x37, 0xD9, 0x8B, 0xC0, 0xE4, 0x17, 0xB9, 0x9D, 0xC7,
    0x1E, 0x1C, 0xCA, 0x4F, 0xDC, 0x91, 0xD3, 0x33, 0x98, 0xDC, 0x0B, 0xA6, 0x7B, 0x90, 0xED, 0xCF,
    0xF6, 0x92, 0xD9, 0x4D, 0xE5, 0xAC, 0x45, 0x30, 0xDA, 0x38, 0xF0, 0xD7, 0x0E, 0x77, 0x49, 0x0F,
    0xFB, 0xF7, 0x72, 0x32, 0xAF, 0x22, 0xF3, 0xE4, 0xF3, 0xF5, 0x4E, 0x30, 0x7B, 0x30, 0x79, 0x60,
    0x89, 0x85, 0x57, 0xDD, 0xCC, 0x1F, 0xD0, 0xB5, 0xB0, 0x78, 0x93, 0xF9, 0xC6, 0xBB, 0xE3, 0xF8,
    0x5E, 0xF8, 0x3D, 0x24, 0x74, 0x9B, 0xD1, 0x10, 0x0B, 0xD1, 0xA2, 0x49, 0x46, 0x5A, 0x6D, 0x39,
    0x95, 0x48, 0x28, 0x92, 0x96, 0xE5, 0x82, 0x51, 0x87, 0xE4, 0x33, 0x6C, 0xC0, 0x48, 0xCF, 0xB2,
    0x65, 0x8D, 0x1B, 0xCB, 0x51, 0x3D, 0x38, 0xF8, 0x0D, 0x98, 0x7C, 0x68, 0xE0, 0xF0, 0x31, 0xA1,
    0x49, 0x6C, 0xEF, 0x95, 0x50, 0xB0, 0x94, 0x6B, 0xCE, 0x97, 0x15, 0xEF, 0x7E, 0x08, 0x36, 0xEE,
    0x3A, 0x84, 0x52, 0xBD, 0xEE, 0xCF, 0x5E, 0xB5, 0x72, 0xA1, 0x44, 0xE8, 0xD6, 0xA3, 0x13, 0x36,
    0xEE, 0x0E, 0xE3, 0x7C, 0x1C, 0x32, 0xAF, 0x5A, 0x6C, 0xF1, 0xD0, 0x1C, 0x2B, 0xC5, 0xDB, 0x8B,
    0x2F, 0xEF, 0x9D, 0x5F, 0x0A, 0xFA, 0xA5, 0x77, 0x17, 0xBF, 0x44, 0xDE, 0x58, 0x3E, 0x62, 0x09,
    0x4D, 0x1D, 0x5E, 0xCA, 0x47, 0x95, 0x17, 0x8B, 0xF2, 0xF4, 0x2A, 0xCA, 0x58, 0xDC, 0x4A, 0x52,
    0x31, 0xB6, 0x58, 0x69, 0x81, 0x7B, 0xD7, 0xE8, 0xD6, 0x13, 0xCD, 0x6F, 0x3E, 0x89, 0xA7, 0xB4,
    0xB3, 0x89, 0xA4, 0xD4, 0xCB, 0x94, 0x40, 0x4A, 0xBF, 0x5C, 0x49, 0xA4, 0x8B, 0x7D, 0xD1, 0x8E,
    0x18, 0x2B, 0xCB, 0xB3, 0xA3, 0x2E, 0x1C, 0x53, 0x8D, 0x2E, 0x3A, 0x63, 0x4C, 0x40, 0x4F, 0x7D,
    0x61, 0xDB, 0xB8, 0x3D, 0x14, 0x65, 0xBC, 0x55, 0x31, 0x99, 0x3D, 0xAB, 0xA0, 0x54, 0xDC, 0x26,
    0x2A, 0x5A, 0xAF, 0xD8, 0x0D, 0x54, 0x58, 0x11, 0x3F, 0x53, 0x51, 0xAF, 0xE2, 0x8A, 0x09, 0x76,
    0x35, 0x24, 0x66, 0x24, 0x33, 0x6A, 0xF1, 0x2F, 0x30, 0x85, 0x31, 0xB5, 0x42, 0x27, 0xAE, 0x6F,
    0xD4, 0xAA, 0x33, 0x78, 0x02, 0x8D, 0x67, 0xD5, 0x5C, 0xF2, 0x59, 0x35, 0x17, 0x76, 0x56, 0xDD,
    0x51, 0x7D, 0x54, 0xCD, 0xD0, 0x5A, 0xD5, 0x8D, 0x0E, 0x94, 0x06, 0xB8, 0xCA, 0x04, 0xA1, 0x39,
    0x13, 0x19, 0x54, 0xF2, 0xA5, 0xAF, 0xE4, 0x8B, 0x3C, 0xF5, 0x44, 0xEE, 0x69, 0x9D, 0xBB, 0xDE,
    0x53, 0xB3, 0xD8, 0x43, 0xD9, 0x9B, 0x4A, 0x6B, 0x63, 0x4A, 0x4E, 0x6F, 0x59, 0x54, 0xD0, 0x1B,
    0x16, 0x95, 0x94, 0x98, 0x2F, 0xD8, 0x6C, 0xC0, 0x1B, 0x33, 0xD3, 0xF3, 0x33, 0x7D, 0x7E, 0x2E,
    0xC8, 0xB2, 0xDF, 0x17, 0x9A, 0x46, 0xB3, 0x21, 0x23, 0xE9, 0xC3, 0x86, 0x14, 0x15, 0x6A, 0xBF,
    0x07, 0xB4, 0x2B, 0x6D, 0x0C, 0x43, 0x5D, 0x6D, 0xEE, 0xED, 0xCD, 0xAA, 0xBE, 0xCE, 0x6F, 0x2D,
    0x06, 0x74, 0x30, 0xC8, 0x47, 0x7E, 0xE2, 0xA3, 0xEE, 0x56, 0x54, 0x2F, 0x46, 0xCD, 0xE5, 0xF5,
    0xEA, 0xDD, 0x7D, 0xE6, 0xD1, 0x88, 0x31, 0xC3, 0xF3, 0x87, 0x9B, 0x92, 0x33, 0x4E, 0x78, 0x82,
    0xA6, 0x82, 0x80, 0x65, 0xCB, 0x11, 0x24, 0x8F, 0xFB, 0xDD, 0xC4, 0x3A, 0x97, 0x88, 0x07, 0xD7,
    0x26, 0x51, 0x84, 0x28, 0xAD, 0xF9, 0x7D, 0x3E, 0xA0, 0xD9, 0x1B, 0xEE, 0xD4, 0xC0, 0x9D, 0x69,
    0x64, 0x77, 0x9C, 0xC6, 0x35, 0xB4, 0xAA, 0x84, 0x4E, 0xC8, 0x03, 0x9B, 0xEC, 0x24, 0x7B, 0x6D,
    0xCF, 0x80, 0x39, 0xC5, 0xEC, 0xCB, 0x9E, 0x84, 0x97, 0x34, 0x64, 0x36, 0x1F, 0x32, 0xEB, 0x9D,
    0x21, 0x33, 0xFB, 0x90, 0x19, 0x9E, 0x9E, 0x2D, 0xCF, 0x19, 0x32, 0xB1, 0xD1, 0x5F, 0xB3, 0x98,
    0x3D, 0x98, 0x3E, 0x7E, 0xB6, 0x7C, 0xE2, 0x90, 0x79, 0xF1, 0x6C, 0xB9, 0x33, 0x64, 0xA2, 0x0E,
    0xFC, 0x0C, 0x6A, 0xE8, 0xB3, 0xCF, 0x96, 0xD5, 0x04, 0xAB, 0x92, 0x7C, 0xF3, 0xE6, 0xE6, 0xF7,
    0x9B, 0x9B, 0xE2, 0xDD, 0xC0, 0x9D, 0x30, 0xB5, 0x60, 0x2E, 0x16, 0x37, 0x2D, 0xCD, 0x2C, 0xB2,
    0x61, 0x85, 0xC0, 0x66, 0x14, 0xF9, 0x20, 0x6A, 0x6E, 0x2F, 0x67, 0x4B, 0x26, 0x27, 0xE2, 0xE0,
    0x5A, 0xA6, 0x4A, 0x2F, 0x50, 0x30, 0x63, 0xAE, 0x59, 0xAF, 0xC9, 0x22, 0xB3, 0xA5, 0x17, 0x96,
    0xE9, 0xBC, 0x4B, 0x7B, 0x38, 0x51, 0x3E, 0xA1, 0x53, 0xA9, 0xA4, 0x1D, 0x93, 0xCE, 0x96, 0x3D,
    0x9C, 0xB3, 0x65, 0xC6, 0x8D, 0x7F, 0x6F, 0x52, 0xF4, 0x2E, 0xB3, 0xE5, 0x17, 0xAF, 0x0A, 0xC3,
    0xCB, 0x1A, 0x0E, 0x05, 0xE1, 0xB6, 0x85, 0xCA, 0x97, 0xFA, 0x52, 0xAE, 0xB9, 0x5C, 0xD1, 0x9A,
    0xAE, 0x0F, 0xDF, 0xA5, 0xEB, 0x46, 0xF2, 0xEE, 0xE4, 0xAA, 0x35, 0xA0, 0x9D, 0x3F, 0x4C, 0xD1,
    0xCB, 0x4A, 0x78, 0xD2, 0x08, 0x56, 0x42, 0x3A, 0x25, 0x9C, 0x92, 0x0D, 0x5B, 0x4C, 0x89, 0x50,
    0x09, 0xD7, 0x89, 0x2B, 0xDC, 0x35, 0x1C, 0x73, 0xF7, 0xF4, 0xBD, 0xD6, 0xAC, 0x19, 0x83, 0x59,
    0xC4, 0x29, 0x5D, 0x5D, 0x4D, 0x5D, 0xD2, 0x72, 0x77, 0x03, 0x7E, 0x39, 0x37, 0x22, 0xB1, 0x91,
    0x96, 0xFB, 0xC1, 0xAD, 0xCE, 0xC0, 0x2F, 0x79, 0x34, 0x1D, 0xDD, 0xFF, 0x93, 0xC3, 0x9D, 0xB9,
    0xFF, 0xC8, 0xD1, 0xDE, 0xB9, 0x98, 0xCE, 0xC1, 0xE5, 0x2D, 0x92, 0x8D, 0xDB, 0x33, 0xF4, 0xF9,
    0x75, 0xB6, 0x0E, 0x40, 0x0F, 0xC7, 0xB8, 0x3B, 0xA6, 0x5D, 0x75, 0x6E, 0x46, 0xFF, 0x3C, 0x49,
    0xFA, 0x81, 0x77, 0x9A, 0x65, 0xEC, 0x39, 0x70, 0xDA, 0xAE, 0x06, 0x4E, 0x5B, 0xBD, 0x55, 0x8C,
    0xC5, 0xF8, 0x0A, 0x67, 0x30, 0x0E, 0x17, 0xA2, 0x4E, 0xD9, 0xB8, 0xD9, 0xF1, 0xD0, 0xA2, 0xD5,
    0xDC, 0xAA, 0x4D, 0xE1, 0xD4, 0x55, 0x76, 0x11, 0xAB, 0x5D, 0x0D, 0x3D, 0xA5, 0x72, 0xB5, 0x1D,
    0x06, 0x78, 0x19, 0xAE, 0x77, 0xC3, 0x77, 0x43, 0x63, 0x94, 0x8D, 0xF7, 0xC8, 0x2B, 0x92, 0x1E,
    0x1D, 0x15, 0x7B, 0xF5, 0x09, 0x1D, 0xD4, 0xBD, 0x84, 0xEF, 0xD1, 0x6E, 0x40, 0x75, 0x2D, 0x4B,
    0xAA, 0xE6, 0xBC, 0x27, 0xD1, 0x5A, 0xC7, 0x8F, 0x54, 0x4C, 0x5A, 0x28, 0x9C, 0xB7, 0xE3, 0x57,
    0x56, 0xF4, 0x9A, 0xBF, 0x6F, 0xA9, 0xEC, 0x59, 0x51, 0xBE, 0xA7, 0x35, 0xFA, 0x56, 0xCE, 0x0A,
    0x53, 0x37, 0x18, 0xB2, 0xAD, 0x1D, 0x6D, 0xE7, 0x6E, 0xD6, 0x07, 0x17, 0xD7, 0x12, 0x2E, 0x1D,
    0x22, 0xB1, 0xB4, 0x32, 0x7B, 0xBE, 0x24, 0x6D, 0x5D, 0xF3, 0x77, 0xC9, 0x3C, 0xA2, 0x3F, 0xA2,
    0x69, 0xDF, 0x4A, 0x75, 0xC2, 0x54, 0xB4, 0x8B, 0x91, 0x37, 0xB4, 0xCA, 0x86, 0x1D, 0x7F, 0x11,
    0xF4, 0x90, 0xF2, 0xA6, 0x1E, 0x05, 0x81, 0x14, 0x62, 0xA1, 0xEE, 0x18, 0xDE, 0xC8, 0xA7, 0xD7,
    0x4C, 0xD6, 0xD7, 0xEC, 0x7B, 0xD5, 0x16, 0x92, 0x68, 0xF7, 0x1F, 0x65, 0xA4, 0xBB, 0x0A, 0x19,
    0x69, 0x1A, 0xCB, 0xAB, 0xF0, 0x3A, 0x1E, 0xEA, 0x72, 0x73, 0x73, 0xF3, 0x76, 0xC4, 0x17, 0x53,
    0x4C, 0x7A, 0x28, 0x06, 0x32, 0x31, 0xC5, 0x0C, 0x99, 0x3A, 0x53, 0x07, 0x2C, 0x94, 0xA5, 0xA9,
    0x64, 0xBF, 0xBA, 0x62, 0x22, 0xB7, 0xCD, 0x0D, 0x83, 0xC6, 0x88, 0x2D, 0xB3, 0xC4, 0x0C, 0xB7,
    0xBA, 0x50, 0xCC, 0xE2, 0x75, 0xBD, 0x7F, 0xDA, 0xE4, 0x5F, 0x3E, 0x5E, 0x31, 0xEB, 0x9D, 0x96,
    0x37, 0x32, 0x1F, 0x86, 0x33, 0x54, 0x83, 0x38, 0x43, 0x3C, 0xEB, 0x8A, 0xC9, 0x4E, 0xC5, 0x94,
    0xA7, 0x62, 0x9A, 0xFF, 0xFA, 0x66, 0x11, 0x7D, 0xE8, 0x47, 0x30, 0xF7, 0x5D, 0x9F, 0x39, 0xE6,
    0xDA, 0xC1, 0xDF, 0xC6, 0x8A, 0x10, 0x42, 0xF5, 0x9A, 0xD7, 0xC8, 0xC9, 0x1B, 0x5B, 0xD8, 0x05,
    0x75, 0xE3, 0x52, 0xAC, 0x70, 0x56, 0xC9, 0xD6, 0x38, 0xFA, 0x5A, 0x4E, 0x5D, 0x23, 0x6D, 0x05,
    0x67, 0xBB, 0x26, 0x1A, 0x72, 0xB6, 0x4B, 0xAA, 0xA3, 0x86, 0x2D, 0xFE, 0xED, 0x2B, 0x86, 0xFF,
    0xFA, 0xDE, 0x1C, 0x1E, 0x9E, 0xE6, 0xF0, 0x95, 0x20, 0xF9, 0x34, 0x87, 0x53, 0xEB, 0xF5, 0x33,
    0xDC, 0x2D, 0x6C, 0xBC, 0x95, 0x97, 0xEB, 0xE8, 0x9E, 0x17, 0xDC, 0xBD, 0xE5, 0x07, 0x05, 0xEA,
    0x1F, 0xD2, 0x6B, 0x70, 0xB8, 0x37, 0x0E, 0x8F, 0xC2, 0xE1, 0x84, 0x3E, 0x7A, 0x47, 0x39, 0x4C,
    0xA4, 0x1C, 0xE6, 0x55, 0x38, 0xCC, 0x27, 0x0A, 0x87, 0x01, 0x11, 0x1F, 0x5A, 0x3C, 0x09, 0xE1,
    0x7F, 0xED, 0x97, 0x3D, 0xAF, 0xE5, 0xC6, 0x79, 0xC7, 0x87, 0xE4, 0xDE, 0x4B, 0x47, 0x0C, 0xC2,
    0x2D, 0xB4, 0x86, 0xA3, 0xB5, 0xC1, 0x46, 0x85, 0x0C, 0x04, 0x62, 0xA3, 0x32, 0x31, 0x69, 0x18,
    0x88, 0x8B, 0x14, 0xD9, 0x42, 0x2A, 0x92, 0x26, 0x29, 0x52, 0x04, 0x48, 0xB1, 0x2E, 0x5C, 0xC6,
    0x22, 0x2D, 0x97, 0x2E, 0xBC, 0xDF, 0xC0, 0x2A, 0x83, 0x05, 0x12, 0xA5, 0x48, 0x91, 0xC2, 0x31,
    0x19, 0xBB, 0x4C, 0x11, 0xC6, 0xF9, 0x00, 0x3A, 0x4E, 0xB6, 0xB2, 0x0B, 0xB1, 0xA0, 0x01, 0xAE,
    0x43, 0x72, 0x32, 0xCF, 0xEB, 0xCC, 0x39, 0xE7, 0xBE, 0xEC, 0x4A, 0x77, 0xBD, 0xD2, 0xDD, 0x43,
    0xE0, 0x1E, 0x3E, 0xF7, 0x1C, 0xBE, 0xCC, 0x3C, 0xCF, 0xF3, 0x9B, 0xFF, 0x7F, 0x8C, 0x81, 0xA3,
    0xAB, 0x0D, 0x1D, 0x99, 0x6D, 0x39, 0x2A, 0x35, 0xAA, 0x6C, 0xCF, 0x91, 0x95, 0x28, 0xB2, 0x76,
    0xA0, 0x28, 0xB1, 0x76, 0x27, 0xB7, 0x4A, 0x94, 0x6F, 0x76, 0xE4, 0x87, 0xFC, 0x46, 0xA2, 0x66,
    0xB4, 0x13, 0x3F, 0x64, 0xE0, 0x28, 0xB2, 0xBD, 0x9D, 0xF9, 0x21, 0x75, 0xB7, 0xF0, 0x43, 0x0C,
    0x47, 0xF9, 0x6A, 0x1A, 0x8A, 0xAA, 0xD9, 0x34, 0x2B, 0x3F, 0xC4, 0x54, 0x1B, 0x3D, 0x64, 0xE7,
    0x86, 0x05, 0x41, 0xEC, 0x86, 0x44, 0x51, 0xE2, 0x06, 0x4C, 0x91, 0x1B, 0x89, 0x3B, 0x60, 0x4A,
    0x05, 0x46, 0x2D, 0x4E, 0x02, 0x0E, 0x18, 0x7E, 0xA3, 0x91, 0x95, 0x28, 0x86, 0x91, 0xE7, 0x30,
    0xA5, 0x04, 0xFE, 0xCD, 0xE9, 0xDF, 0x16, 0x9E, 0xB4, 0x83, 0x87, 0xE0, 0x33, 0xDD, 0x44, 0xF0,
    0xE5, 0x29, 0x44, 0x38, 0xC8, 0xCC, 0x3E, 0x85, 0x77, 0x3D, 0x82, 0x74, 0xD8, 0x9D, 0x7B, 0xEE,
    0x84, 0xAF, 0x1E, 0x3B, 0xF7, 0xE7, 0xEE, 0x77, 0x9F, 0xF0, 0x87, 0x83, 0xE0, 0xCC, 0x5C, 0x75,
    0xDC, 0x95, 0x20, 0xDE, 0x24, 0xCA, 0x6D, 0xAD, 0xD5, 0xA8, 0xB5, 0x1A, 0x3E, 0x92, 0xEB, 0xAA,
    0x55, 0xA2, 0x72, 0x96, 0xE8, 0x4C, 0x2E, 0x8B, 0x6D, 0x5B, 0x2E, 0xF0, 0x84, 0x09, 0xF2, 0x6E,
    0x2D, 0x14, 0x27, 0xB5, 0x38, 0x26, 0x18, 0xA3, 0x9B, 0x75, 0x65, 0x87, 0xC6, 0xCD, 0xBB, 0xDB,
    0x60, 0xD2, 0x91, 0x5D, 0xE0, 0xBD, 0x09, 0x0E, 0xDC, 0x5D, 0xB8, 0x73, 0x77, 0xBA, 0x69, 0xF5,
    0x30, 0x79, 0xC8, 0x89, 0x7B, 0x17, 0x0C, 0xC6, 0x25, 0x00, 0xDE, 0x6F, 0xF1, 0x14, 0xBB, 0x3A,
    0xBA, 0x9F, 0x13, 0x77, 0x6A, 0x36, 0x77, 0xF1, 0x04, 0x05, 0x2B, 0xDC, 0x13, 0xBA, 0xD5, 0xFD,
    0x3C, 0xC2, 0x93, 0x6D, 0x37, 0x7E, 0xAD, 0xB1, 0xC9, 0xD6, 0xFC, 0xC6, 0x36, 0xF6, 0xA3, 0xC5,
    0x25, 0xAB, 0xC2, 0x4C, 0xAD, 0xEE, 0xE4, 0xDE, 0xBE, 0x94, 0xAE, 0x60, 0x8D, 0x1D, 0x73, 0x0B,
    0x77, 0xB4, 0x89, 0x7B, 0x6D, 0xE1, 0x26, 0x75, 0xCF, 0x75, 0x49, 0x7D, 0x59, 0xC2, 0x9A, 0x96,
    0xA6, 0x87, 0x9D, 0x98, 0xD2, 0x29, 0x97, 0x53, 0x4F, 0x27, 0xBC, 0x24, 0xE5, 0xF4, 0x3C, 0xD0,
    0x5B, 0xA3, 0x6E, 0xA7, 0x89, 0x5D, 0xB5, 0xB9, 0xAD, 0x24, 0xEC, 0x5B, 0x9C, 0xE3, 0x64, 0x8D,
    0x38, 0x8A, 0x97, 0x58, 0xB2, 0xFD, 0x20, 0xD1, 0xFA, 0x14, 0x0B, 0x07, 0xE7, 0x5A, 0xE0, 0xC2,
    0x17, 0x4F, 0x6B, 0x9E, 0x0F, 0x12, 0x65, 0xC3, 0x05, 0xF3, 0x38, 0xD3, 0x51, 0x69, 0x69, 0xF3,
    0x00, 0x43, 0x81, 0xAF, 0x39, 0xC6, 0x30, 0xBE, 0x12, 0xC3, 0x42, 0x31, 0xAC, 0x2E, 0xC6, 0x70,
    0xE6, 0x87, 0x1C, 0x63, 0x98, 0x2B, 0x86, 0xAE, 0x0A, 0x0C, 0xDF, 0x73, 0x63, 0x98, 0x5F, 0x89,
    0x61, 0xF7, 0x5C, 0x18, 0x8E, 0x37, 0x87, 0x61, 0xD4, 0x3D, 0xC1, 0x89, 0xD9, 0x8D, 0xB2, 0x8A,
    0x63, 0xB5, 0x1F, 0xC0, 0x40, 0x23, 0x4B, 0x25, 0x70, 0x65, 0x87, 0x2F, 0xDF, 0x4A, 0xA8, 0xE6,
    0xD9, 0x22, 0xD3, 0xF6, 0x2B, 0x64, 0x4E, 0x29, 0xCB, 0x28, 0xAF, 0x29, 0x25, 0x35, 0x7E, 0x74,
    0x29, 0xDD, 0xB7, 0x88, 0xC2, 0xBB, 0x3E, 0xFC, 0x89, 0x27, 0x4A, 0x17, 0x23, 0x93, 0xF8, 0x30,
    0xF7, 0x61, 0xB9, 0x68, 0xBB, 0x37, 0xA3, 0xDC, 0xD3, 0x4A, 0x9F, 0x3B, 0x7C, 0x57, 0xBD, 0x67,
    0xFA, 0x8E, 0xAE, 0x70, 0x72, 0x93, 0xB1, 0x9F, 0x58, 0x7D, 0xFC, 0xB7, 0xE4, 0x2E, 0x07, 0x9B,
    0xA0, 0x50, 0x4D, 0xBC, 0x1E, 0xB8, 0x07, 0xB4, 0xE6, 0xEB, 0x17, 0x95, 0x40, 0x45, 0x2E, 0x50,
    0xB9, 0x40, 0xE6, 0x02, 0x9D, 0xF3, 0x84, 0x05, 0x4A, 0x17, 0x30, 0x16, 0x40, 0x16, 0x88, 0x5D,
    0xA0, 0x76, 0x01, 0x67, 0x5E, 0xEF, 0x02, 0xC1, 0x0B, 0x50, 0x0B, 0x24, 0x2F, 0xD0, 0xBC, 0x80,
    0xB6, 0x00, 0x37, 0xCF, 0x5B, 0x00, 0x5C, 0x40, 0x5C, 0xA0, 0x7C, 0x01, 0x73, 0x01, 0x74, 0x81,
    0xF8, 0x79, 0xEC, 0x02, 0xEE, 0x02, 0xF0, 0x02, 0x01, 0x0C, 0xD0, 0x0B, 0xD8, 0xF3, 0xF0, 0x05,
    0xF4, 0x19, 0x8F, 0x9F, 0xF1, 0xFC, 0x99, 0x63, 0x1D, 0x64, 0x52, 0x62, 0xC9, 0xC7, 0xBA, 0xDF,
    0x30, 0x25, 0x4F, 0x58, 0xD2, 0xC1, 0x89, 0x4D, 0xB8, 0x2E, 0x29, 0x5F, 0x96, 0xD2, 0xED, 0x77,
    0xE2, 0x5D, 0xD8, 0x78, 0xBC, 0xFA, 0x63, 0xD3, 0xD3, 0x4C, 0x67, 0xFA, 0xF9, 0xC7, 0x2B, 0x75,
    0x0D, 0xDD, 0xDE, 0xCC, 0xB4, 0xA6, 0xBB, 0x41, 0xE1, 0xB9, 0xAC, 0xCD, 0x77, 0xAF, 0x12, 0x68,
    0x46, 0x58, 0x18, 0x66, 0x88, 0x85, 0x62, 0xC1, 0x58, 0x38, 0x66, 0x90, 0x0D, 0x93, 0x6C, 0x18,
    0x65, 0x61, 0x59, 0x60, 0x16, 0x9A, 0x05, 0x67, 0xE1, 0x59, 0x80, 0x16, 0xA2, 0x05, 0x69, 0x61,
    0x5A, 0xA0, 0x16, 0xAA, 0x0D, 0x63, 0x6D, 0x98, 0x6B, 0xC3, 0x60, 0x1B, 0x26, 0xDB, 0x30, 0xDA,
    0x86, 0xD9, 0x36, 0x02, 0xF7, 0x01, 0xDD, 0x91, 0x46, 0x85, 0x7E, 0xD9, 0x28, 0x17, 0x9D, 0xEA,
    0x57, 0x35, 0xEA, 0x75, 0x62, 0x39, 0xEE, 0xA4, 0x8B, 0xF4, 0x79, 0xB4, 0x09, 0xD6, 0xFD, 0xF7,
    0xA4, 0x26, 0xE3, 0x1D, 0xC1, 0x6C, 0x56, 0xA6, 0x57, 0x8F, 0xB4, 0x27, 0xBA, 0x55, 0xA0, 0x6B,
    0xE1, 0xF9, 0xAD, 0x2B, 0x68, 0x3E, 0x59, 0xD6, 0x17, 0x69, 0x59, 0xD9, 0xFE, 0x50, 0x4A, 0x32,
    0xCA, 0x42, 0xCE, 0xD3, 0xDD, 0xB8, 0xC6, 0xB5, 0xCC, 0x0A, 0xEB, 0x42, 0xF7, 0x95, 0x7C, 0xC7,
    0x4C, 0x7C, 0x8E, 0x84, 0x67, 0xED, 0xE9, 0x64, 0x38, 0x89, 0x4D, 0x46, 0x93, 0xC9, 0x64, 0x30,
    0x99, 0xCB, 0xAB, 0xB0, 0xBC, 0x3D, 0xAA, 0x5A, 0x3E, 0xF1, 0x73, 0x0A, 0xFC, 0xBF, 0xEA, 0x67,
    0xB9, 0xF3, 0x61, 0xDB, 0x49, 0x78, 0x6E, 0xE4, 0xDA, 0xBF, 0x30, 0x42, 0x5F, 0xEC, 0x5E, 0xA6,
    0xFD, 0x3D, 0xC8, 0xA5, 0x6E, 0xC4, 0xEF, 0xAB, 0x91, 0x5C, 0x5E, 0x17, 0x26, 0x3E, 0x96, 0xFB,
    0x53, 0x35, 0xBD, 0xA6, 0x5C, 0x85, 0x41, 0xA0, 0xBC, 0x92, 0x57, 0xD5, 0xE6, 0xF5, 0x63, 0xCB,
    0x0A, 0x6F, 0x33, 0x47, 0xA6, 0x35, 0x94, 0xD2, 0xE6, 0x22, 0x55, 0x8D, 0x2F, 0x54, 0xD5, 0xDC,
    0xAA, 0x7E, 0x7A, 0xEF, 0x1A, 0x98, 0xD7, 0x03, 0x55, 0x9D, 0xCD, 0x81, 0x7F, 0x0D, 0x55, 0xD5,
    0x3B, 0xD8, 0xC0, 0xC2, 0x86, 0xAA, 0xDA, 0x3D, 0xBB, 0xAA, 0xE6, 0xD7, 0xA9, 0x6A, 0x77, 0x8D,
    0xAA, 0xA6, 0x47, 0xAA, 0x3A, 0xBE, 0x10, 0x55, 0x7D, 0xF8, 0x44, 0x8A, 0xB9, 0x49, 0xD5, 0xB9,
    0x6B, 0xAA, 0x81, 0xEB, 0x54, 0xD5, 0x1C, 0x94, 0x46, 0x0D, 0x95, 0x38, 0xAF, 0x62, 0x92, 0x8C,
    0x52, 0x71, 0xEE, 0xF0, 0x2F, 0x89, 0x4D, 0x18, 0x7C, 0xFB, 0xB3, 0x69, 0x4F, 0x59, 0x45, 0x5A,
    0x55, 0x5B, 0x55, 0x5C, 0x55, 0x5D, 0x55, 0x5E, 0xAF, 0xD5, 0xD7, 0x50, 0x63, 0x55, 0x64, 0x45,
    0x65, 0x55, 0x66, 0x55, 0x67, 0x55, 0x68, 0x45, 0x69, 0x55, 0x6A, 0x55, 0x6B, 0x55, 0x6C, 0x55,
    0x6D, 0x55, 0x6E, 0x55, 0x6F, 0x55, 0x70, 0x55, 0x71, 0x55, 0x72, 0x55, 0x73, 0x55, 0x74, 0x55,
    0x75, 0x55, 0x76, 0x55, 0x77, 0x55, 0x78, 0x55, 0x79, 0x55, 0x7A, 0x55, 0x7B, 0x55, 0x7C, 0xBD,
    0xFA, 0xEE, 0x2F, 0x03, 0xE5, 0x90, 0x70, 0x6C, 0xE7, 0x74, 0x10, 0x54, 0x78, 0x27, 0x99, 0x58,
    0xA1, 0x26, 0x99, 0x3A, 0x46, 0x29, 0xD9, 0x15, 0x02, 0xE0, 0xA3, 0xF8, 0xE9, 0x51, 0x3A, 0xA3,
    0x7F, 0x34, 0xCA, 0xB7, 0x57, 0x49, 0xC1, 0xA9, 0xB3, 0xBA, 0x64, 0xFC, 0x48, 0xAC, 0xD3, 0x96,
    0xF0, 0xF3, 0x9A, 0xC9, 0x48, 0xA7, 0xF4, 0xE6, 0x4F, 0x8E, 0x2B, 0xF5, 0xB0, 0x3E, 0x7A, 0x72,
    0xF1, 0xCC, 0xFA, 0x3B, 0x9C, 0xF4, 0xF7, 0x99, 0xF4, 0xB7, 0x69, 0xE3, 0x1A, 0xDE, 0x35, 0xA5,
    0x3B, 0xA4, 0x3A, 0x1F, 0x0D, 0xB3, 0x6F, 0x72, 0x77, 0x8F, 0x7B, 0x7B, 0x36, 0x14, 0xF0, 0xFE,
    0xA8, 0x8D, 0xD6, 0xB0, 0x3A, 0xF7, 0x42, 0x69, 0xA6, 0x45, 0xC8, 0xCD, 0x67, 0xA2, 0x3A, 0xAC,
    0xF8, 0xD3, 0x9F, 0x5B, 0xC4, 0x15, 0x72, 0x60, 0xBA, 0x19, 0x97, 0x7C, 0x77, 0x1D, 0x88, 0xC4,
    0xDB, 0x26, 0x58, 0xEA, 0x6F, 0xEF, 0x3E, 0x56, 0x28, 0x68, 0x75, 0x6A, 0x7E, 0x7B, 0x37, 0x2B,
    0x2C, 0xAB, 0xC2, 0x62, 0xA5, 0x7D, 0xFF, 0x9B, 0x7B, 0xDA, 0x4D, 0x8C, 0x3B, 0xD9, 0x0D, 0x90,
    0x35, 0x17, 0x26, 0xBA, 0xE3, 0x95, 0xD6, 0xBC, 0x56, 0x9B, 0x67, 0x39, 0x4E, 0x56, 0xF6, 0x77,
    0x62, 0x65, 0xAF, 0x3C, 0xEE, 0x6A, 0x83, 0x07, 0xEE, 0xAB, 0xD6, 0x6A, 0xD4, 0x5A, 0x0D, 0x1F,
    0xA9, 0xD9, 0x51, 0xF2, 0xCA, 0x59, 0x0D, 0x92, 0xAF, 0xFC, 0x97, 0x5B, 0x4A, 0xF7, 0x40, 0x69,
    0x1A, 0xE9, 0xD1, 0x13, 0x3D, 0x03, 0x73, 0xDC, 0xE1, 0x3E, 0x28, 0xB2, 0x3F, 0x27, 0xC9, 0x42,
    0x4B, 0xE5, 0x3C, 0x36, 0xA4, 0xC0, 0x19, 0xB0, 0xA6, 0xC5, 0x1D, 0x58, 0xB5, 0x67, 0xBB, 0x5E,
    0x05, 0x30, 0xC5, 0xF4, 0xB5, 0x81, 0x27, 0x49, 0xE9, 0x94, 0xCB, 0xA9, 0x0F, 0x8C, 0x67, 0xCA,
    0x75, 0x78, 0x10, 0xDC, 0xAC, 0x4F, 0x8D, 0x74, 0xBF, 0x9A, 0x68, 0x91, 0x78, 0x1F, 0x03, 0x85,
    0x9B, 0x94, 0x45, 0xED, 0x15, 0x21, 0x30, 0xFB, 0xFE, 0x1A, 0xB5, 0x2C, 0x84, 0x63, 0x4A, 0x08,
    0x56, 0x2E, 0x5D, 0xBC, 0x4D, 0x9D, 0x23, 0x91, 0x49, 0x2B, 0xAE, 0x2B, 0x17, 0x57, 0x04, 0x05,
    0x10, 0x9F, 0xFB, 0xF0, 0xE9, 0xA7, 0x5F, 0x03, 0x9A, 0x4F, 0xBF, 0x06, 0x54, 0x57, 0xAD, 0x01,
    0xF1, 0x95, 0x6B, 0x40, 0xF1, 0xF9, 0x58, 0x03, 0xC6, 0x17, 0xB0, 0x06, 0xBC, 0x45, 0xA7, 0x9F,
    0x72, 0x2A, 0x6B, 0x19, 0x3D, 0x6D, 0x1C, 0x78, 0x13, 0x84, 0x65, 0xA1, 0x44, 0x51, 0xD6, 0x23,
    0x9C, 0x79, 0x64, 0xFE, 0x05, 0xDA, 0x2A, 0x6F, 0x4D, 0xDC, 0xA2, 0x39, 0xCA, 0x7A, 0x6D, 0x88,
    0x6A, 0x45, 0xD3, 0xCB, 0xAD, 0x90, 0xCB, 0xE6, 0x96, 0x4A, 0x75, 0x4D, 0x07, 0xDC, 0x22, 0x86,
    0x95, 0xC0, 0x44, 0xA9, 0xCB, 0x7D, 0xA4, 0xAC, 0x65, 0xCA, 0x5F, 0xA2, 0x51, 0x24, 0xCB, 0x6F,
    0xD6, 0xBE, 0xAF, 0xD8, 0x7D, 0xED, 0x84, 0xDD, 0x17, 0x19, 0xBB, 0x98, 0xB3, 0xC3, 0xA5, 0xA3,
    0x04, 0x56, 0x94, 0x9F, 0x8A, 0x52, 0x52, 0xAA, 0xED, 0xA0, 0x19, 0x71, 0xC6, 0x6A, 0xE4, 0xAD,
    0x22, 0xDE, 0xBE, 0x74, 0xE2, 0xED, 0x12, 0xDE, 0x1E, 0x3E, 0xD2, 0xBD, 0xD8, 0xA2, 0x7B, 0x31,
    0x71, 0x25, 0xD5, 0x2F, 0x34, 0xFA, 0xBE, 0x44, 0xAF, 0xC5, 0x0A, 0x5C, 0x26, 0x38, 0x46, 0xCA,
    0x8C, 0x67, 0x30, 0x9A, 0xB9, 0x76, 0x65, 0xFD, 0x24, 0xE7, 0x87, 0xF4, 0xE6, 0x1B, 0x22, 0x9A,
    0xE7, 0xAB, 0x92, 0x37, 0x1D, 0x91, 0xD7, 0x5D, 0x94, 0xFE, 0xBF, 0xF3, 0xBB, 0xC6, 0xFA, 0x8A,
    0x5D, 0x63, 0x77, 0xD5, 0xAE, 0x31, 0xBD, 0xD2, 0xEA, 0x56, 0xA3, 0x44, 0xCF, 0x6D, 0x75, 0xCB,
    0xAB, 0x78, 0x8B, 0xBE, 0x40, 0x56, 0xF7, 0xE1, 0x8E, 0xC6, 0xB9, 0x72, 0x71, 0x30, 0x2F, 0xFF,
    0x85, 0x03, 0xAD, 0x5A, 0xFC, 0xAF, 0x30, 0x84, 0x58, 0x42, 0xF3, 0x2D, 0x26, 0x59, 0x52, 0xE0,
    0x84, 0xDF, 0x45, 0xF1, 0x8C, 0xD8, 0x7D, 0x73, 0xDA, 0xC7, 0xAE, 0x02, 0xEC, 0x9E, 0x9E, 0xB0,
    0x03, 0x63, 0x9A, 0xD4, 0xDC, 0x55, 0x53, 0x3E, 0x70, 0x57, 0xAD, 0xE5, 0x20, 0x48, 0x70, 0x0F,
    0x17, 0xBF, 0xB4, 0xDC, 0xE1, 0x45, 0xDF, 0xF0, 0xC2, 0x96, 0xD6, 0x8A, 0x9D, 0x3B, 0xE8, 0x57,
    0xC7, 0x57, 0x42, 0x77, 0xB8, 0x95, 0xAD, 0x64, 0xC1, 0x9B, 0x44, 0xE6, 0x2A, 0x95, 0xB9, 0x42,
    0x65, 0x2E, 0x53, 0x24, 0xA2, 0xEE, 0x24, 0x73, 0x2F, 0x5D, 0xE6, 0xCA, 0x01, 0x48, 0x89, 0xEC,
    0x9C, 0xEE, 0x10, 0xBE, 0x62, 0x47, 0x43, 0x1D, 0xC0, 0xFD, 0xE0, 0x8A, 0x96, 0xF7, 0x25, 0xBC,
    0x2B, 0x6E, 0xB3, 0xD9, 0xD7, 0x26, 0xAD, 0x0D, 0x18, 0x9D, 0xA2, 0x37, 0xE0, 0x72, 0x9C, 0x3A,
    0xA2, 0xB0, 0x91, 0xBF, 0x79, 0xD5, 0x85, 0x4D, 0xE7, 0xB3, 0x53, 0x4A, 0x46, 0x13, 0x53, 0x6B,
    0x16, 0xB3, 0x61, 0xEA, 0x8A, 0x2D, 0xEA, 0x7A, 0x61, 0x83, 0x79, 0xC9, 0x95, 0x97, 0x54, 0x79,
    0x89, 0xFC, 0x2E, 0xE0, 0xFE, 0x66, 0x9E, 0xED, 0xF8, 0x4B, 0x73, 0x3B, 0x05, 0x2B, 0xFF, 0xF4,
    0xE4, 0x64, 0x37, 0x2F, 0x58, 0x57, 0x1F, 0x77, 0xB5, 0x0D, 0xB4, 0x6A, 0xB9, 0x56, 0xA3, 0xD4,
    0xA8, 0x0A, 0x22, 0xB9, 0xAE, 0x12, 0xC7, 0x03, 0xB9, 0xE2, 0xE3, 0xAC, 0x3E, 0x6E, 0x2E, 0x64,
    0xD4, 0x24, 0x03, 0xB6, 0x55, 0x31, 0x68, 0x4F, 0x15, 0x94, 0x24, 0x18, 0x32, 0x95, 0x74, 0x09,
    0xFA, 0xA8, 0x58, 0x5F, 0x35, 0x0E, 0xF5, 0x68, 0x5A, 0x9A, 0xDE, 0x40, 0xFD, 0x3D, 0x50, 0x4D,
    0xF8, 0xD4, 0xD3, 0x09, 0x2F, 0x49, 0xD7, 0xBD, 0x2D, 0xA1, 0x34, 0x56, 0x2C, 0x41, 0x72, 0xF0,
    0x8D, 0xBB, 0xE9, 0xBE, 0x04, 0xD0, 0x4F, 0x09, 0x14, 0x15, 0x82, 0x98, 0x7A, 0x6D, 0x47, 0x01,
    0xBC, 0x2B, 0xDE, 0x24, 0x58, 0x90, 0xCA, 0xDE, 0x44, 0x1F, 0x62, 0x43, 0xF4, 0x07, 0x0A, 0xA7,
    0x8D, 0xA1, 0x7D, 0x01, 0x9D, 0xBE, 0x10, 0xB7, 0x1C, 0xD8, 0x30, 0x98, 0x24, 0xD8, 0x61, 0xB5,
    0x17, 0x29, 0xE6, 0x22, 0x64, 0xCF, 0x12, 0xA8, 0xED, 0x05, 0x1D, 0xA9, 0x05, 0x86, 0x9E, 0xF9,
    0xE8, 0x7A, 0xCE, 0x0A, 0xB1, 0xD3, 0x23, 0x89, 0x38, 0x52, 0x5C, 0x4D, 0x88, 0x37, 0xA1, 0xD2,
    0x0A, 0x8A, 0x9B, 0xFC, 0xB2, 0xD0, 0xF8, 0x74, 0xFD, 0xBA, 0xFC, 0xB8, 0xA3, 0x1E, 0xBE, 0x96,
    0x01, 0xF5, 0x02, 0x4A, 0x2F, 0xAB, 0xD6, 0x61, 0x5A, 0x0A, 0xC9, 0x46, 0x2E, 0x7D, 0x1C, 0x3D,
    0x90, 0xA0, 0x9B, 0x68, 0x35, 0xA5, 0x3C, 0x50, 0x99, 0x06, 0xEC, 0x59, 0xB7, 0xBC, 0x6C, 0xD0,
    0x99, 0x76, 0x72, 0x6B, 0x43, 0x64, 0x77, 0xAE, 0x07, 0xDC, 0xD2, 0xE0, 0x64, 0x3A, 0x83, 0xC6,
    0x6D, 0x73, 0xEB, 0xAE, 0x72, 0xF4, 0x98, 0x6A, 0x31, 0xE5, 0x1A, 0xB9, 0x04, 0x55, 0x0B, 0xBC,
    0xBA, 0x5A, 0x79, 0x5E, 0x13, 0x7E, 0xD6, 0x30, 0x35, 0x78, 0x87, 0xEB, 0x52, 0xF3, 0x25, 0x5C,
    0xCF, 0xBE, 0x01, 0x9F, 0x91, 0x85, 0x66, 0x76, 0x23, 0xAB, 0xEC, 0xAF, 0xEC, 0x8A, 0xF8, 0x4D,
    0xF8, 0xDA, 0x01, 0x86, 0xB0, 0x61, 0xC5, 0xA0, 0x28, 0x67, 0xEF, 0x5E, 0x9C, 0x08, 0xB2, 0x55,
    0x15, 0xD5, 0x96, 0xEA, 0xB9, 0xF8, 0x1A, 0x52, 0xB9, 0x3A, 0x6C, 0xD3, 0x7B, 0x7A, 0x4F, 0xB9,
    0x4A, 0x7D, 0x39, 0x45, 0xB9, 0xAC, 0x4A, 0xD5, 0xD4, 0xF0, 0x2E, 0xB5, 0x97, 0xED, 0x6A, 0xCB,
    0xC1, 0xB9, 0x69, 0xC4, 0x7B, 0x49, 0x3E, 0xCB, 0x4D, 0x9E, 0x33, 0x1E, 0x2C, 0x57, 0x91, 0xEE,
    0xB6, 0x74, 0xC5, 0x78, 0x70, 0x49, 0x25, 0x4F, 0x80, 0x7C, 0x7A, 0x40, 0xEE, 0x6F, 0xB5, 0x2C,
    0xCE, 0x29, 0xC8, 0x8B, 0xC9, 0xE7, 0xD2, 0xBD, 0xBF, 0x18, 0x61, 0x7B, 0x93, 0x0F, 0xC5, 0x08,
    0xD6, 0x8B, 0xEA, 0x87, 0x7E, 0x21, 0xC5, 0xD9, 0x76, 0x78, 0x33, 0xA5, 0xA2, 0xA3, 0xC9, 0x63,
    0x36, 0xBE, 0x7E, 0x71, 0x81, 0xBE, 0x38, 0x68, 0x38, 0x16, 0x3E, 0xA4, 0xF9, 0x6C, 0x66, 0x61,
    0x6F, 0xF2, 0xED, 0x95, 0xAD, 0x09, 0x95, 0x2A, 0xD5, 0xC0, 0x89, 0x00, 0x96, 0x2A, 0x19, 0x33,
    0xB6, 0x2D, 0x1F, 0x46, 0xCF, 0xEA, 0x91, 0x4E, 0xDD, 0x7B, 0x03, 0xDD, 0x9B, 0xCE, 0xE6, 0x1D,
    0x98, 0x94, 0x79, 0x1F, 0xBE, 0x6E, 0x41, 0xDF, 0xED, 0x2F, 0x2C, 0xE6, 0x6D, 0x73, 0xB9, 0x28,
    0x5C, 0xC9, 0x93, 0x25, 0x73, 0xD7, 0x46, 0x33, 0x28, 0xB4, 0xF9, 0x8E, 0xDF, 0xD4, 0x7D, 0xA1,
    0xBB, 0x14, 0x47, 0xAB, 0x51, 0xDE, 0xEA, 0xAA, 0xAC, 0xC6, 0x90, 0xD7, 0x60, 0xF2, 0xB6, 0x52,
    0x19, 0xBA, 0x2E, 0xAA, 0x33, 0x6E, 0xD2, 0x12, 0x21, 0xA7, 0x65, 0xBF, 0xE8, 0x65, 0x3D, 0x7F,
    0x4D, 0x0D, 0xB8, 0xA8, 0xE0, 0x26, 0xCF, 0x68, 0x46, 0x7E, 0xAE, 0x9B, 0x79, 0x31, 0xF3, 0x65,
    0xAC, 0x1F, 0x2E, 0xC7, 0x26, 0x69, 0xAF, 0x6B, 0x72, 0xDF, 0xE5, 0xBE, 0xCD, 0x83, 0x3E, 0xF7,
    0x8D, 0xEE, 0x3B, 0xDD, 0xB7, 0xBA, 0xEF, 0x75, 0xDF, 0xEC, 0xBE, 0xDB, 0x7D, 0xBB, 0xFB, 0x7E,
    0xF7, 0x0D, 0x7F, 0xA1, 0xD3, 0xD5, 0x9E, 0xF7, 0x4D, 0xEF, 0xBB, 0xDE, 0xB7, 0xBD, 0xF6, 0xBD,
    0x6F, 0x7C, 0xDF, 0xF9, 0xBE, 0xF5, 0x7D, 0xEF, 0xFB, 0xE6, 0xF7, 0xDD, 0xEF, 0xDB, 0xDF, 0xF7,
    0xBF, 0x07, 0xC0, 0x13, 0xA0, 0x08, 0x78, 0x06, 0x3C, 0x04, 0x9E, 0x82, 0x23, 0x97, 0xF3, 0x7B,
    0x32, 0x63, 0x21, 0x9C, 0xA5, 0xD6, 0x4A, 0xC5, 0x76, 0x7B, 0x26, 0x27, 0xE7, 0x24, 0x54, 0xCB,
    0x7E, 0xC3, 0x90, 0x49, 0x35, 0xF5, 0xDB, 0xBC, 0xCF, 0xE2, 0x87, 0x2C, 0xB2, 0x3D, 0x13, 0xB1,
    0xC7, 0xCB, 0xAA, 0xA7, 0xB8, 0xEE, 0x39, 0x20, 0xF0, 0xF6, 0xD4, 0x39, 0xF7, 0x11, 0x77, 0x6C,
    0xB0, 0x31, 0x70, 0xEF, 0x9C, 0x4C, 0x5A, 0x5F, 0xB5, 0xF4, 0x11, 0x71, 0xC2, 0x1C, 0x53, 0x67,
    0x98, 0x3B, 0xC3, 0xE4, 0x19, 0x66, 0xCF, 0x10, 0x7D, 0xF8, 0xBA, 0x98, 0x77, 0x57, 0xB1, 0xC5,
    0x75, 0xA5, 0x4E, 0x68, 0xC3, 0x41, 0xB3, 0x22, 0x0E, 0x0D, 0x93, 0x68, 0x98, 0x45, 0xC3, 0x34,
    0x0A, 0x8F, 0x42, 0xA4, 0x30, 0x29, 0x54, 0x1A, 0xE6, 0xD2, 0x30, 0x99, 0x86, 0xD9, 0x34, 0x4C,
    0xA7, 0x61, 0x3E, 0x0D, 0x13, 0x6A, 0x84, 0x51, 0xA1, 0xF4, 0xD0, 0x68, 0x89, 0x6B, 0x89, 0x05,
    0xC9, 0x4C, 0x8A, 0x96, 0x4B, 0x0B, 0x65, 0x56, 0xBB, 0xAA, 0x66, 0x46, 0xBB, 0x9E, 0x11, 0x2D,
    0xA9, 0x8E, 0xDD, 0x9C, 0xF5, 0x74, 0xC5, 0x46, 0x3B, 0x8C, 0x94, 0x47, 0x0F, 0x78, 0xF6, 0x7B,
    0x74, 0xBA, 0xE4, 0x14, 0xA3, 0xB0, 0x39, 0x5E, 0x8D, 0xE6, 0x49, 0x7C, 0x3E, 0xC3, 0xDE, 0x82,
    0x77, 0x10, 0x25, 0xAF, 0xA1, 0x34, 0x29, 0x9E, 0x2D, 0xB7, 0x42, 0x43, 0x03, 0x2A, 0x69, 0xA4,
    0xBC, 0xF0, 0xC6, 0x3C, 0xED, 0x0E, 0xF3, 0x51, 0x97, 0x44, 0xDA, 0x1D, 0x0F, 0x1A, 0x73, 0xC6,
    0x98, 0x11, 0x65, 0x0C, 0x19, 0x33, 0xC6, 0x88, 0x5D, 0x49, 0x18, 0xD3, 0xC5, 0x70, 0xF9, 0x45,
    0x77, 0x50, 0xB2, 0x18, 0x2C, 0xE2, 0x8A, 0xB1, 0x62, 0xAA, 0x18, 0x2A, 0x66, 0x8A, 0x91, 0x62,
    0xA2, 0x18, 0x28, 0xE6, 0x89, 0x71, 0x62, 0x9A, 0x18, 0x26, 0x66, 0x89, 0x51, 0x62, 0x92, 0x18,
    0x24, 0xE6, 0x88, 0x31, 0x62, 0x8A, 0x04, 0x22, 0x66, 0x68, 0x0F, 0xA1, 0xF3, 0xCD, 0x2F, 0xD8,
    0xBA, 0x81, 0x90, 0x0D, 0x43, 0xB2, 0x16, 0x12, 0x4D, 0x39, 0x47, 0xD1, 0x87, 0x05, 0x5D, 0x77,
    0x56, 0x73, 0x92, 0x1D, 0x48, 0xA2, 0x7A, 0xDD, 0x92, 0xCB, 0x92, 0xB8, 0xE5, 0xBD, 0x68, 0xDD,
    0x9F, 0x1E, 0xC0, 0xE4, 0x2A, 0xC7, 0x4B, 0x62, 0x24, 0x38, 0x41, 0x93, 0x64, 0x7C, 0xEB, 0x49,
    0xEB, 0x5E, 0xA2, 0xD6, 0x9D, 0x6F, 0x35, 0x4F, 0x69, 0x17, 0xF6, 0x42, 0xB2, 0xE6, 0x13, 0xF7,
    0xC1, 0x44, 0x0B, 0xAE, 0xF4, 0x03, 0x6B, 0x61, 0xC4, 0x69, 0xE1, 0xCD, 0x6B, 0x4D, 0x5F, 0x57,
    0x63, 0x55, 0x13, 0x7A, 0x65, 0x7D, 0xD2, 0xB8, 0x4F, 0xA1, 0x71, 0x0E, 0x86, 0xBF, 0xE6, 0x29,
    0xD6, 0x3F, 0xE1, 0xAE, 0xFB, 0xE5, 0x2A, 0x4D, 0x47, 0xAD, 0xD3, 0x64, 0x1C, 0x7C, 0x2F, 0x66,
    0x70, 0xBF, 0x2A, 0x56, 0xC3, 0x1F, 0x6F, 0xC8, 0x17, 0x9C, 0x32, 0x20, 0xD4, 0xEC, 0x15, 0xC3,
    0x54, 0xBF, 0x91, 0x9A, 0x0F, 0x84, 0xA7, 0x93, 0x4E, 0xAA, 0xB2, 0x1B, 0x45, 0xDA, 0x9F, 0x34,
    0xEE, 0xC6, 0x37, 0x58, 0x6F, 0xC2, 0xA4, 0xEA, 0xF7, 0x91, 0x36, 0x4B, 0x23, 0x74, 0x9F, 0x19,
    0x74, 0xC9, 0xBF, 0xE1, 0x30, 0xBF, 0x62, 0x78, 0xB1, 0xC5, 0xBA, 0x3C, 0xF0, 0xAA, 0x87, 0x8D,
    0x94, 0x60, 0x03, 0x16, 0xD8, 0x45, 0xCD, 0xE4, 0x46, 0xEA, 0x3A, 0xBB, 0x9A, 0xDD, 0xEB, 0xDB,
    0x7C, 0x36, 0xF9, 0x6A, 0x52, 0x97, 0x5C, 0xA7, 0x3D, 0xF5, 0x17, 0x7F, 0x43, 0xC6, 0x9D, 0x2A,
    0xCB, 0x62, 0xB5, 0x6A, 0xFB, 0xD5, 0x62, 0x9E, 0xC5, 0x7A, 0x33, 0x02, 0xD5, 0xD2, 0xCC, 0xD4,
    0xCC, 0x63, 0xB1, 0x50, 0x33, 0xF7, 0xD9, 0x4A, 0x32, 0x64, 0x62, 0x0C, 0xD2, 0x27, 0xC6, 0xEC,
    0xCC, 0xB3, 0x1D, 0xA7, 0x3E, 0xFF, 0x0C, 0x5E, 0xEE, 0xF2, 0xE3, 0x8E, 0x74, 0xA3, 0xCC, 0x54,
    0xB6, 0x50, 0xF8, 0x56, 0x23, 0x6A, 0xBC, 0x9F, 0x96, 0x42, 0xB2, 0x91, 0xAF, 0x7B, 0x64, 0x60,
    0xF4, 0xB7, 0x78, 0xC5, 0xEA, 0xB3, 0x86, 0x2D, 0x42, 0xFD, 0x91, 0x6D, 0x30, 0xA7, 0x62, 0x81,
    0x9D, 0x57, 0x33, 0x96, 0x13, 0xCC, 0xCF, 0x91, 0x92, 0x58, 0x60, 0x31, 0x5D, 0x4C, 0x32, 0xFA,
    0x1D, 0xC5, 0x6D, 0xE0, 0x85, 0x7C, 0xF1, 0xE4, 0xB7, 0xA2, 0xDD, 0xA2, 0x3E, 0x98, 0xBB, 0x83,
    0x1D, 0x25, 0x2E, 0x32, 0xF7, 0xC4, 0x02, 0xD8, 0x47, 0xD8, 0x6A, 0x33, 0x3A, 0x2A, 0x37, 0x9A,
    0x74, 0x03, 0x7F, 0x97, 0xCD, 0x89, 0xFB, 0x4C, 0xC7, 0x74, 0x85, 0x84, 0xD3, 0xFE, 0xAA, 0x9A,
    0xB0, 0x66, 0x03, 0xA9, 0x9C, 0xBA, 0x81, 0x0A, 0x2B, 0x55, 0x60, 0xE1, 0xCE, 0x2E, 0x40, 0x69,
    0x43, 0x6A, 0x16, 0xCC, 0x21, 0xCC, 0x10, 0x1B, 0x36, 0xE5, 0x35, 0x6D, 0x92, 0xBE, 0xA4, 0xA6,
    0x74, 0x73, 0xDD, 0x05, 0x9F, 0x83, 0xB6, 0x04, 0xF1, 0x52, 0x91, 0x8D, 0x67, 0xC7, 0x43, 0x9F,
    0x04, 0x08, 0xBE, 0x6B, 0xD3, 0xC5, 0x92, 0x26, 0x1C, 0x07, 0x9F, 0x84, 0xC3, 0x45, 0x2F, 0x1C,
    0x0F, 0x5E, 0x58, 0x42, 0x9C, 0x21, 0xDC, 0x15, 0x16, 0xBF, 0xC1, 0x4F, 0x68, 0x72, 0x78, 0xE3,
    0xFD, 0x0D, 0x33, 0x35, 0xC0, 0x25, 0xA3, 0x5B, 0xA5, 0x5C, 0x56, 0x8A, 0x5D, 0xE1, 0x3E, 0x7A,
    0x67, 0x67, 0xCE, 0xDB, 0x6A, 0xC7, 0x5B, 0x17, 0xDC, 0x8A, 0x76, 0xF0, 0x52, 0x1C, 0x34, 0x8E,
    0xB0, 0x81, 0x8F, 0x37, 0x8F, 0xCB, 0x06, 0xCF, 0xCC, 0xE0, 0xF1, 0x25, 0x7C, 0x54, 0xFC, 0x21,
    0xDD, 0x5F, 0x5A, 0xC9, 0x38, 0x2E, 0x85, 0x58, 0x57, 0x9C, 0x0D, 0x4C, 0x26, 0x82, 0xF1, 0xA3,
    0x15, 0x48, 0x60, 0xDC, 0x09, 0x4C, 0x21, 0x15, 0x92, 0xDD, 0x07, 0x5A, 0x9D, 0xBA, 0x76, 0x4F,
    0x4A, 0x06, 0xF7, 0xA4, 0x8F, 0x76, 0xF0, 0x64, 0xFC, 0xE8, 0xE9, 0x45, 0x25, 0xA4, 0x07, 0x67,
    0x1E, 0xBD, 0x7B, 0x4B, 0x4B, 0x76, 0xCC, 0x37, 0xAD, 0xAF, 0x64, 0x47, 0x47, 0x7C, 0xC9, 0x18,
    0xBC, 0x64, 0xA7, 0x6B, 0x13, 0xED, 0x25, 0x0C, 0xD3, 0x76, 0xBE, 0x48, 0x35, 0x1A, 0x22, 0xB8,
    0x86, 0x6C, 0x19, 0xFE, 0xC0, 0xBA, 0x94, 0x97, 0x68, 0xCC, 0xB9, 0x1B, 0x9A, 0x74, 0x0D, 0x2E,
    0x24, 0xF8, 0xD1, 0xF3, 0x7B, 0xB2, 0xB0, 0x56, 0x47, 0x05, 0x6F, 0x96, 0x8B, 0xAB, 0x9E, 0x84,
    0x55, 0xBF, 0x0B, 0x4F, 0x9A, 0xDC, 0x93, 0x7E, 0x3D, 0xC3, 0x93, 0x67, 0x12, 0xC7, 0x9C, 0x5F,
    0x29, 0x69, 0x7C, 0xEF, 0x78, 0x64, 0xA4, 0x4B, 0x9B, 0x2C, 0xA1, 0x58, 0x9D, 0x6E, 0x93, 0x37,
    0x62, 0x3B, 0x9F, 0x71, 0x12, 0xA3, 0x8F, 0x70, 0xB1, 0x80, 0x01, 0x52, 0xE1, 0x50, 0x0E, 0xA9,
    0x00, 0x2C, 0x00, 0xA8, 0x04, 0xAB, 0xEE, 0xD3, 0x50, 0xA3, 0x1F, 0xDD, 0x87, 0xC2, 0x94, 0xD4,
    0x49, 0x3D, 0x6D, 0x36, 0xE0, 0x03, 0xE5, 0xB3, 0xB2, 0x63, 0x6C, 0xA9, 0xCB, 0xC7, 0x84, 0x1D,
    0xF3, 0x48, 0x1E, 0x37, 0xB7, 0x53, 0xCE, 0xDE, 0x79, 0x2A, 0xB8, 0xE6, 0x53, 0xC9, 0x65, 0x9F,
    0x2A, 0x1F, 0x90, 0xFD, 0x9F, 0x1A, 0x2C, 0x99, 0xBB, 0xF2, 0x20, 0x70, 0xB7, 0x34, 0xDC, 0x8B,
    0x03, 0x05, 0xEE, 0x93, 0x82, 0x4E, 0x02, 0xD7, 0x28, 0xF8, 0x1C, 0x18, 0x4B, 0x25, 0xDD, 0x5E,
    0xC1, 0x4B, 0x73, 0x37, 0xAF, 0x02, 0xC6, 0xD3, 0x50, 0x3E, 0xB5, 0x8C, 0xBF, 0xED, 0xA0, 0xBB,
    0x12, 0x99, 0x31, 0x4D, 0x7D, 0x92, 0x8D, 0x57, 0xCB, 0x7B, 0xB1, 0x59, 0x76, 0x8A, 0xA4, 0x67,
    0xD1, 0x7B, 0x97, 0xEF, 0x71, 0xE4, 0x97, 0x6C, 0x3E, 0x74, 0x3E, 0x9D, 0x5A, 0x20, 0x0D, 0x64,
    0x23, 0xA9, 0xBB, 0xC7, 0x4E, 0x3A, 0xEF, 0x9E, 0x57, 0xB1, 0xA7, 0x5C, 0xAC, 0x1E, 0xF7, 0x76,
    0x70, 0x69, 0x4A, 0x8A, 0x5D, 0x88, 0x82, 0xD7, 0x68, 0x42, 0x17, 0x00, 0x14, 0x16, 0x11, 0x27,
    0xBB, 0x20, 0x6E, 0x85, 0x6D, 0xA1, 0x25, 0x0B, 0xD0, 0xB3, 0x16, 0x4E, 0xCE, 0xB8, 0xC2, 0x09,
    0x3A, 0x84, 0x4F, 0xEE, 0x9B, 0x66, 0xC3, 0x56, 0x85, 0x53, 0x45, 0x27, 0xF7, 0x07, 0xAD, 0xE3,
    0x3A, 0x07, 0x4E, 0x6E, 0xEE, 0x8D, 0xC5, 0xB5, 0xC9, 0x9D, 0x32, 0x5C, 0x74, 0x5A, 0x58, 0x14,
    0x4A, 0xFB, 0x5B, 0xEE, 0x0C, 0x18, 0x0A, 0x8C, 0x68, 0xA4, 0x56, 0x6A, 0x71, 0xB4, 0xE4, 0xE4,
    0xDE, 0xBB, 0xDC, 0x47, 0x90, 0xC8, 0xB1, 0xCA, 0x49, 0x6E, 0x38, 0x33, 0x9C, 0x17, 0xD9, 0xA4,
    0x0D, 0xFB, 0x19, 0x71, 0x29, 0x79, 0x22, 0xB6, 0x82, 0x37, 0x44, 0x1D, 0x2F, 0x11, 0x91, 0xFD,
    0x80, 0x4A, 0xE4, 0x0C, 0x1B, 0x05, 0xD1, 0x22, 0x46, 0xE5, 0xDD, 0xE4, 0xD0, 0x84, 0x44, 0x6C,
    0x3C, 0x89, 0xD7, 0x3D, 0xBB, 0x9A, 0x4B, 0x1D, 0xD2, 0x71, 0x6F, 0xB5, 0x09, 0x97, 0x9F, 0x13,
    0x47, 0x37, 0xC7, 0x11, 0x97, 0x94, 0x0B, 0x4A, 0xDE, 0xCA, 0x70, 0x31, 0x2D, 0x95, 0x72, 0x35,
    0xF8, 0xE5, 0x5B, 0x31, 0x95, 0x91, 0x76, 0x06, 0xBC, 0xB7, 0x62, 0x0F, 0xCA, 0xDF, 0x71, 0xCD,
    0x12, 0x2A, 0x66, 0xFC, 0xE8, 0xD2, 0x1E, 0xBC, 0x3D, 0x6C, 0xDD, 0xD5, 0xE8, 0xEF, 0xBD, 0x6B,
    0x93, 0x20, 0x51, 0xFD, 0xCC, 0xF4, 0xBB, 0x82, 0x19, 0x38, 0x23, 0x43, 0x88, 0x06, 0x87, 0x6D,
    0xBB, 0x13, 0xA3, 0x4D, 0xB8, 0x98, 0xDF, 0x91, 0xED, 0x8C, 0xAE, 0x59, 0x9F, 0x58, 0x79, 0xEA,
    0x0F, 0x64, 0x07, 0xB7, 0x19, 0x8E, 0xDC, 0x56, 0xB6, 0xA2, 0x28, 0x1B, 0xCC, 0xD7, 0x2E, 0x25,
    0x46, 0x91, 0xF1, 0xCC, 0x78, 0x68, 0x94, 0x1A, 0x8F, 0x8D, 0xE7, 0xC6, 0x83, 0xE3, 0xC9, 0x51,
    0x74, 0x8C, 0xB2, 0x63, 0x14, 0x1E, 0xA3, 0xF4, 0x18, 0xC5, 0xC7, 0x28, 0x3F, 0x46, 0x01, 0x32,
    0x55, 0x10, 0x31, 0x42, 0x46, 0xD1, 0x39, 0x8A, 0xE0, 0x3E, 0xC5, 0xC8, 0x28, 0x47, 0x46, 0x41,
    0x32, 0x4A, 0x92, 0x51, 0x94, 0x3C, 0x4B, 0x1E, 0x26, 0x4F, 0x93, 0xC7, 0xC9, 0xF3, 0x14, 0x00,
    0xE5, 0x89, 0xF2, 0x48, 0x05, 0x4C, 0x79, 0xA8, 0x0E, 0xD5, 0x89, 0x53, 0x1E, 0xC9, 0x46, 0x52,
    0x6B, 0xBB, 0xBF, 0x35, 0xE3, 0x85, 0x58, 0x16, 0xDD, 0x98, 0xAA, 0x62, 0x64, 0xD1, 0x4C, 0xE9,
    0xE7, 0x3B, 0xF1, 0x8E, 0x7E, 0xDD, 0xDF, 0xF2, 0x55, 0xBC, 0x92, 0xF2, 0xC6, 0x36, 0xB1, 0xFF,
    0xB9, 0xD1, 0xCF, 0x74, 0x7B, 0xC3, 0x8B, 0x30, 0x2C, 0x73, 0x58, 0xEB, 0xDA, 0xBC, 0x73, 0xD5,
    0x1E, 0x93, 0xB9, 0x64, 0x30, 0x85, 0x4C, 0x41, 0x53, 0xD8, 0x14, 0x38, 0x99, 0x4E, 0xC3, 0x78,
    0x1A, 0xE6, 0xD3, 0x30, 0xA0, 0x86, 0x09, 0x35, 0x8C, 0xA8, 0x61, 0x46, 0x0D, 0x43, 0x6A, 0x98,
    0x52, 0xC1, 0x54, 0x38, 0x15, 0x50, 0x85, 0x54, 0x41, 0x55, 0x58, 0x15, 0x58, 0x85, 0x56, 0xC1,
    0x55, 0x78, 0x55, 0x60, 0x85, 0xD8, 0x7D, 0x64, 0x55, 0x4F, 0xF2, 0x56, 0x8C, 0x42, 0xCF, 0x41,
    0x23, 0xE2, 0x53, 0xA9, 0x1C, 0x71, 0x71, 0xCE, 0x12, 0xC6, 0xD0, 0xCD, 0x9C, 0xCB, 0x33, 0x7C,
    0x83, 0x2B, 0x31, 0x7E, 0x89, 0x4B, 0x21, 0x85, 0xFC, 0x64, 0x53, 0x4E, 0xEB, 0x3D, 0x4C, 0x81,
    0xD2, 0xF6, 0x62, 0x48, 0x4F, 0xA2, 0x76, 0xA3, 0xE6, 0x90, 0x96, 0xE5, 0x88, 0xE0, 0x48, 0xE7,
    0xB0, 0x96, 0xCC, 0x5F, 0x2A, 0xC6, 0xA5, 0x0F, 0xFD, 0x5F, 0x39, 0x05, 0x1E, 0xF2, 0x4E, 0x44,
    0xDD, 0x84, 0xD6, 0x92, 0x89, 0x63, 0xE0, 0x2C, 0x6F, 0xB1, 0x10, 0x37, 0xA6, 0x8D, 0x61, 0x63,
    0xD6, 0xAE, 0x42, 0xED, 0xD6, 0xC8, 0x5F, 0x29, 0x9C, 0x50, 0x9F, 0xF1, 0xCA, 0xC8, 0x65, 0x28,
    0xC6, 0x4E, 0xA2, 0xBE, 0xE1, 0xE8, 0x9C, 0xF1, 0x71, 0xA6, 0x92, 0x89, 0x72, 0x39, 0x2B, 0x47,
    0x41, 0x8A, 0x2F, 0x73, 0x4C, 0x35, 0x22, 0x7F, 0xCB, 0x9B, 0x4C, 0xD5, 0xAF, 0x03, 0xF9, 0xAB,
    0x2F, 0x90, 0x3F, 0x6A, 0x82, 0x7C, 0x30, 0x7F, 0x78, 0x92, 0xBF, 0xCF, 0x81, 0xFC, 0x3D, 0xE4,
    0xD6, 0x48, 0x65, 0xAB, 0x50, 0x48, 0x63, 0x54, 0x03, 0xDF, 0x51, 0xB5, 0x1D, 0x05, 0x85, 0x5A,
    0xA6, 0x78, 0x13, 0x9B, 0x34, 0x9B, 0x3D, 0x39, 0xBC, 0xC3, 0xED, 0x12, 0xDB, 0x78, 0xE6, 0x3E,
    0xFB, 0xF7, 0x99, 0x6B, 0xCA, 0x3B, 0x05, 0xD6, 0x40, 0x15, 0x41, 0x55, 0x41, 0x95, 0x41, 0xD5,
    0xC1, 0x6B, 0x85, 0x30, 0x14, 0x43, 0x51, 0x43, 0x95, 0x43, 0xD5, 0x43, 0x15, 0x44, 0x55, 0x44,
    0x91, 0x44, 0xD5, 0x44, 0x15, 0x45, 0x55, 0x45, 0x95, 0x45, 0xD5, 0x45, 0x15, 0x46, 0x55, 0x46,
    0x95, 0x46, 0xD5, 0x46, 0x15, 0x47, 0x55, 0x47, 0x95, 0x47, 0xD5, 0x47, 0x15, 0x48, 0x55, 0x48,
    0x95, 0x48, 0xD5, 0x48, 0x15, 0x49, 0xAF, 0x92, 0x2A, 0x93, 0x7B, 0x6C, 0x17, 0xBB, 0x98, 0xCA,
    0xD5, 0x2D, 0xC9, 0x8E, 0x67, 0xFF, 0x67, 0xA3, 0x61, 0x3C, 0xF0, 0x9B, 0x64, 0x6E, 0xA8, 0x3A,
    0xF1, 0x98, 0xF3, 0xA3, 0x3E, 0x8C, 0xD7, 0xC3, 0x34, 0xFE, 0x93, 0x9A, 0xE1, 0x5E, 0x1A, 0x81,
    0x5B, 0xA3, 0xB1, 0x52, 0xD3, 0xFF, 0xB0, 0x0C, 0x74, 0x4C, 0xCF, 0x71, 0x3C, 0x53, 0x6B, 0x14,
    0x83, 0x79, 0xFB, 0x24, 0x94, 0x2F, 0x4C, 0x28, 0x9B, 0x36, 0xC6, 0x5E, 0x9D, 0x13, 0x7C, 0x9B,
    0xCD, 0x46, 0xBA, 0x01, 0x4E, 0x13, 0xE6, 0x28, 0xDD, 0xA1, 0xF0, 0x45, 0x8F, 0xA2, 0x2D, 0xAC,
    0xC2, 0x3D, 0x2E, 0x69, 0x4B, 0xBD, 0xB5, 0xA3, 0xE5, 0x81, 0x97, 0x51, 0x5A, 0x43, 0x7F, 0x08,
    0x09, 0x2D, 0x36, 0xBC, 0xA6, 0x99, 0x71, 0xA5, 0x06, 0xA5, 0x21, 0xF8, 0x5E, 0xBF, 0xFD, 0x3B,
    0x43, 0xCE, 0x30, 0x37, 0x7D, 0x24, 0xAB, 0x54, 0x2A, 0x36, 0xB1, 0x90, 0x85, 0xB1, 0xE1, 0x85,
    0x31, 0xB6, 0xFF, 0x4B, 0x88, 0x64, 0x6E, 0x47, 0x48, 0x19, 0xDD, 0x4C, 0x35, 0xF2, 0xDE, 0x20,
    0xC7, 0xA0, 0x74, 0x2E, 0xBB, 0xBE, 0x6E, 0xDD, 0x3A, 0x11, 0x72, 0x93, 0x56, 0xF2, 0xF0, 0x90,
    0x5F, 0xB2, 0x59, 0x36, 0x0B, 0xB2, 0xE4, 0x75, 0x12, 0x58, 0x0D, 0x16, 0xB3, 0xB7, 0xB9, 0x53,
    0x9F, 0x29, 0x04, 0xE1, 0xF1, 0xE5, 0x96, 0x3A, 0x64, 0x20, 0xA6, 0x46, 0x62, 0x6A, 0xA6, 0x12,
    0xE2, 0x13, 0x9A, 0xFF, 0xDB, 0xF0, 0x8A, 0x9F, 0x5B, 0xBC, 0x02, 0xD5, 0x2C, 0x5F, 0x0D, 0x56,
    0x66, 0xC2, 0x1E, 0x6B, 0x06, 0xC0, 0xCA, 0x9C, 0x39, 0xA5, 0x7C, 0x55, 0xD0, 0x92, 0x23, 0xA3,
    0xDC, 0x56, 0x4B, 0x58, 0x04, 0x2E, 0x01, 0x17, 0x80, 0xD3, 0xDF, 0x0D, 0x87, 0xA9, 0x37, 0xB1,
    0xF7, 0xB2, 0x5A, 0x72, 0x11, 0x2A, 0x94, 0x6C, 0x61, 0xB4, 0x57, 0xA3, 0xAB, 0x32, 0x66, 0xF5,
    0x47, 0xF7, 0xF8, 0x77, 0x0D, 0x4B, 0x72, 0x81, 0xCC, 0xBD, 0x5F, 0xB3, 0x80, 0x33, 0x89, 0x12,
    0x55, 0xBA, 0x8C, 0x36, 0xAB, 0xB0, 0x8A, 0x53, 0x04, 0x58, 0x63, 0x99, 0xB9, 0xFD, 0x98, 0xF6,
    0xB7, 0xE2, 0x43, 0x29, 0x98, 0x15, 0xD8, 0xFE, 0x4A, 0x6B, 0x3A, 0xBC, 0x24, 0x6B, 0x3A, 0xAA,
    0x35, 0xDD, 0x7D, 0x7A, 0x6B, 0xBA, 0xDC, 0x80, 0x35, 0x5D, 0xAE, 0xB6, 0xA6, 0xFC, 0x1D, 0xFF,
    0x96, 0x30, 0x9A, 0x19, 0xDF, 0x95, 0x6F, 0xFB, 0x95, 0xEA, 0x96, 0x3D, 0x84, 0x13, 0x5A, 0x9A,
    0xDD, 0x98, 0x79, 0xC3, 0xC1, 0xAC, 0xE7, 0xE2, 0x77, 0x7B, 0xF3, 0x90, 0x17, 0x11, 0xB6, 0xAE,
    0x86, 0xCF, 0xF2, 0x7F, 0x8C, 0xFC, 0x75, 0x4F, 0x13, 0x8B, 0x3D, 0x62, 0x3F, 0xDE, 0x08, 0x47,
    0xA8, 0x6F, 0xCA, 0x4B, 0x75, 0xC1, 0x85, 0x17, 0x5F, 0xC9, 0xB6, 0x52, 0x5C, 0xA5, 0x98, 0x4A,
    0xF1, 0x94, 0x62, 0x29, 0xC5, 0x51, 0x8A, 0xA1, 0x14, 0x3F, 0x29, 0x76, 0x52, 0xDC, 0xA4, 0x98,
    0x49, 0xF1, 0x92, 0x62, 0x25, 0xC5, 0x49, 0x8A, 0x91, 0x14, 0x1F, 0x29, 0x36, 0x52, 0x5C, 0xA4,
    0x98, 0x48, 0xF5, 0x90, 0x62, 0x21, 0x3D, 0xA7, 0x92, 0x5E, 0x97, 0xB1, 0x51, 0xA2, 0x5C, 0xCD,
    0x61, 0x2E, 0x9B, 0x44, 0x37, 0xCC, 0x9D, 0x7E, 0xB7, 0xA8, 0x55, 0xD4, 0x9F, 0xB1, 0x67, 0x90,
    0xAD, 0x73, 0x97, 0x17, 0x62, 0xCB, 0x94, 0xFD, 0x89, 0xAD, 0xCF, 0x31, 0x5B, 0x09, 0x7F, 0x51,
    0xF0, 0x4A, 0x59, 0x71, 0x03, 0x34, 0xAC, 0x98, 0x0D, 0x3F, 0xA3, 0xB2, 0xD2, 0x02, 0x2D, 0x23,
    0x25, 0xC0, 0xF0, 0x0D, 0x95, 0xA0, 0x39, 0x12, 0x53, 0xD1, 0xF0, 0x6A, 0x33, 0xE5, 0x66, 0xF8,
    0xC4, 0x1C, 0xB8, 0x47, 0xD3, 0x09, 0x2C, 0x91, 0xFD, 0x80, 0x13, 0x19, 0x6F, 0x46, 0x8C, 0x8C,
    0xEC, 0x7C, 0x1D, 0x44, 0x89, 0x3D, 0xE2, 0x50, 0x5D, 0x29, 0x02, 0x19, 0xFD, 0xAB, 0x2C, 0x64,
    0x25, 0x3E, 0x3C, 0xDF, 0x09, 0x5D, 0xE9, 0x28, 0x51, 0xB4, 0xCF, 0xD9, 0x72, 0xE2, 0xEC, 0x25,
    0x70, 0x76, 0x7F, 0xAB, 0xA9, 0x7A, 0xB4, 0x76, 0xA6, 0xFC, 0x80, 0x7C, 0x2E, 0xB1, 0x63, 0xF2,
    0x31, 0xA7, 0xF3, 0x40, 0xA2, 0x14, 0xB7, 0x25, 0x97, 0x99, 0x0D, 0x50, 0xCA, 0x3D, 0x21, 0x40,
    0xF2, 0xD7, 0xA6, 0xE1, 0x37, 0x54, 0xB5, 0xE9, 0xE0, 0xAD, 0x5F, 0x7F, 0xC5, 0x35, 0xCC, 0x34,
    0x6D, 0xD2, 0xB2, 0x22, 0x8D, 0xD9, 0x4E, 0x54, 0x8A, 0xB3, 0x59, 0xF0, 0x03, 0xA8, 0xC9, 0x29,
    0x2F, 0xD5, 0x4E, 0xFC, 0x61, 0x09, 0xB6, 0x38, 0xFA, 0x07, 0x78, 0x11, 0x38, 0xD4, 0x72, 0x3B,
    0xD6, 0xAB, 0x0B, 0x95, 0xEB, 0x44, 0xD4, 0x4B, 0x20, 0xEA, 0x7C, 0x36, 0x6F, 0x51, 0x49, 0x4D,
    0xC5, 0xAE, 0xC3, 0xD2, 0xA3, 0xFE, 0xC7, 0x1A, 0xEE, 0x6C, 0x6C, 0x95, 0x1C, 0x5F, 0x11, 0x2F,
    0x94, 0xAC, 0x68, 0xE6, 0xDD, 0xDA, 0x77, 0x4D, 0x57, 0x9F, 0xC9, 0x92, 0xDA, 0xEF, 0x11, 0xE3,
    0xC9, 0x11, 0x62, 0xDA, 0x8B, 0x89, 0xD9, 0xDD, 0x0A, 0x62, 0x30, 0x9B, 0x8B, 0x76, 0xF8, 0x05,
    0x5D, 0x5F, 0x7D, 0x86, 0xAE, 0xDF, 0xB4, 0xEB, 0xA7, 0x53, 0xD7, 0xDF, 0xE0, 0x5E, 0x28, 0x38,
    0xF4, 0xC7, 0x6C, 0xD6, 0x3A, 0xA9, 0x6D, 0xEF, 0x34, 0xB2, 0x3E, 0xD2, 0x6A, 0xF3, 0x0E, 0x09,
    0xAE, 0x13, 0x4F, 0x6F, 0xEE, 0xED, 0x3D, 0xFC, 0x80, 0x91, 0xE8, 0x22, 0x46, 0xF6, 0xD4, 0x85,
    0x9A, 0xE1, 0xE3, 0x95, 0x59, 0x99, 0x6E, 0x95, 0xBA, 0x5C, 0x78, 0x64, 0x9C, 0xC4, 0x6A, 0xD9,
    0x4F, 0xB9, 0x24, 0xDC, 0xEE, 0x6F, 0x47, 0x55, 0xBB, 0x39, 0xD1, 0x6F, 0x3C, 0x7E, 0xFC, 0xB8,
    0x3E, 0x77, 0x1F, 0x2D, 0xB4, 0x41, 0x0B, 0xC3, 0xE9, 0x1B, 0xF7, 0x51, 0x43, 0xBE, 0x5A, 0x88,
    0x30, 0x73, 0xC6, 0xE1, 0xF2, 0xC4, 0x6D, 0xA9, 0x60, 0x0A, 0x9D, 0x15, 0x3E, 0x91, 0x2F, 0xE4,
    0x13, 0xDF, 0x56, 0xE1, 0x12, 0xB5, 0x72, 0x07, 0x44, 0xF8, 0x66, 0x20, 0x35, 0xC6, 0x08, 0xB2,
    0x92, 0xE0, 0xA4, 0x2C, 0x46, 0x30, 0x1E, 0x5A, 0xCC, 0x46, 0x1E, 0x5E, 0x06, 0x11, 0x5A, 0xCC,
    0x8C, 0x60, 0xC6, 0x2E, 0xDE, 0xA1, 0x9A, 0x42, 0x34, 0x40, 0x84, 0xCB, 0x5E, 0x0F, 0xD1, 0x00,
    0xA3, 0xE8, 0xE1, 0x01, 0x3D, 0x8C, 0xA2, 0x37, 0x58, 0x3C, 0xC8, 0xB0, 0xC1, 0xF2, 0x61, 0x7D,
    0x29, 0x6A, 0x28, 0xAA, 0xC3, 0xC1, 0x63, 0x84, 0x4B, 0x0A, 0x46, 0xB8, 0x05, 0xEC, 0xE0, 0x12,
    0x1A, 0xAD, 0xBB, 0x8D, 0x46, 0xDB, 0x60, 0x67, 0x8C, 0x38, 0xD3, 0xED, 0x31, 0x09, 0x37, 0xAD,
    0x2E, 0x2D, 0xD7, 0x8F, 0xAC, 0x75, 0xAA, 0x40, 0x45, 0x0A, 0x14, 0xA4, 0x4D, 0xB0, 0xB8, 0x77,
    0x65, 0x21, 0x23, 0xE5, 0xA8, 0x18, 0x95, 0x8A, 0xF9, 0x88, 0x99, 0x38, 0xD8, 0xF3, 0x4E, 0xFA,
    0xDD, 0x68, 0x0E, 0xB4, 0xC4, 0x98, 0xD7, 0x25, 0x78, 0xE8, 0x1E, 0x52, 0x2E, 0x6E, 0x20, 0x2B,
    0xF7, 0x3C, 0x34, 0xE4, 0x0C, 0x7C, 0xE3, 0x8D, 0x70, 0xC6, 0xF4, 0x96, 0x96, 0x92, 0xEB, 0x32,
    0x82, 0xFB, 0x2A, 0x57, 0x42, 0x4C, 0xAC, 0x2B, 0x20, 0xA6, 0xD5, 0x95, 0x2F, 0x87, 0xB3, 0xBB,
    0x17, 0x53, 0x8A, 0xEB, 0x5E, 0x8D, 0xE5, 0x82, 0x0E, 0x88, 0xF9, 0x0C, 0xCF, 0x80, 0xDE, 0x87,
    0x67, 0xC0, 0x2B, 0xDD, 0xBD, 0x31, 0x9C, 0xDD, 0xBD, 0x09, 0x8C, 0x3D, 0x87, 0x1E, 0xC3, 0x75,
    0xAA, 0x76, 0x6B, 0x6F, 0x04, 0xAF, 0xED, 0x3E, 0x5A, 0x72, 0xF7, 0x4F, 0x6C, 0xAB, 0xB5, 0x71,
    0x70, 0x7C, 0xB4, 0xB8, 0x31, 0xBA, 0xB3, 0x1D, 0x2B, 0x6A, 0xBE, 0xBE, 0xB2, 0xF0, 0xEE, 0xCD,
    0xC5, 0x3B, 0x9C, 0x36, 0x16, 0xD2, 0x65, 0x33, 0x7A, 0x70, 0x55, 0x46, 0xCB, 0xFD, 0xCD, 0xA1,
    0x64, 0x89, 0x15, 0x98, 0xDB, 0x8E, 0xFB, 0x08, 0x7F, 0x97, 0x7D, 0x8F, 0xD7, 0x25, 0xA7, 0x2F,
    0xAC, 0x37, 0x52, 0xC5, 0xC8, 0x0A, 0x57, 0xC9, 0x96, 0xB1, 0x1C, 0xA5, 0x73, 0x22, 0xD1, 0x98,
    0xF0, 0xAF, 0xD1, 0x83, 0x4C, 0x97, 0x39, 0xD9, 0x95, 0xFA, 0xFD, 0x6A, 0xB0, 0x42, 0x56, 0x83,
    0x8E, 0x57, 0x6B, 0x57, 0xF4, 0xE6, 0xDA, 0x03, 0x68, 0xED, 0x91, 0x56, 0x88, 0x6A, 0xE5, 0x16,
    0x69, 0x75, 0xD9, 0x74, 0x03, 0xCE, 0xB0, 0x1D, 0x2F, 0xA4, 0x75, 0x93, 0xD6, 0x0F, 0xB8, 0x5D,
    0x18, 0x82, 0xEB, 0x68, 0x9D, 0x98, 0xD6, 0xF4, 0x33, 0xD0, 0x5A, 0x1E, 0xD2, 0xDA, 0x5F, 0x4C,
    0x6B, 0x63, 0xC9, 0x64, 0x3D, 0x0B, 0xAD, 0xF1, 0x8B, 0xA2, 0x35, 0xA6, 0x5D, 0x13, 0x7A, 0x05,
    0x56, 0x4E, 0xBA, 0xEF, 0x5B, 0x78, 0x8E, 0xD7, 0x98, 0xFE, 0x5F, 0xE8, 0x6C, 0xFE, 0x46, 0x9A,
    0x20, 0x5F, 0xF6, 0xD4, 0x2D, 0xE7, 0x0E, 0xCB, 0xB9, 0x1F, 0x72, 0xC6, 0x36, 0xE3, 0x73, 0x7C,
    0xA5, 0xCE, 0xBE, 0x6A, 0x1C, 0xFF, 0xBE, 0x0F, 0x7F, 0xAA, 0x51, 0x62, 0xCD, 0xB1, 0x41, 0x8C,
    0xAC, 0x86, 0x99, 0x0D, 0x6C, 0xA3, 0xF7, 0x19, 0x90, 0x87, 0xB3, 0x1A, 0x2F, 0x7D, 0x0A, 0xF5,
    0xC0, 0x02, 0x60, 0x1B, 0x68, 0xBD, 0xF7, 0xC3, 0xC9, 0xBF, 0x70, 0xF4, 0x2F, 0x1C, 0xA0, 0x91,
    0xFA, 0x0C, 0xFB, 0x45, 0xD5, 0x72, 0x35, 0x8A, 0xDD, 0x0E, 0xAA, 0xF2, 0x14, 0x06, 0xF1, 0x14,
    0x47, 0x55, 0x8B, 0x79, 0xC5, 0x51, 0x71, 0xB8, 0xF9, 0x50, 0xD8, 0x0B, 0xE0, 0x0B, 0xE8, 0x0B,
    0xF0, 0x93, 0x70, 0xD6, 0x75, 0x1F, 0x3F, 0x98, 0xC0, 0xC9, 0x84, 0x08, 0x06, 0x0C, 0x06, 0x10,
    0xBA, 0xF1, 0x0D, 0xB2, 0xD6, 0x79, 0x0C, 0x03, 0x0E, 0x03, 0x10, 0x03, 0x12, 0x03, 0x14, 0x03,
    0x16, 0x19, 0x46, 0x1F, 0xE2, 0xC8, 0x03, 0x1C, 0x03, 0x1E, 0x03, 0x20, 0x03, 0x22, 0x03, 0x24,
    0x03, 0x26, 0x09, 0xCA, 0xD9, 0x28, 0x95, 0xBC, 0x0E, 0x06, 0x58, 0x5E, 0xA6, 0xA2, 0x6F, 0x4A,
    0xF0, 0xBE, 0xD6, 0xB0, 0x35, 0xDE, 0x1B, 0xD2, 0xC3, 0x39, 0xC8, 0xE5, 0x27, 0x6D, 0xA1, 0x46,
    0x5A, 0x45, 0xAA, 0xAD, 0x42, 0x1A, 0x69, 0x3F, 0xB9, 0x11, 0x3C, 0xC4, 0x2F, 0xEF, 0xFA, 0xCB,
    0x4C, 0x27, 0x01, 0x2F, 0x11, 0x4E, 0x32, 0x7A, 0x24, 0xF5, 0xDC, 0x25, 0x03, 0x51, 0xED, 0xDC,
    0x07, 0xF4, 0x7F, 0x04, 0x13, 0x27, 0x58, 0x71, 0x51, 0x66, 0x5A, 0x09, 0xD7, 0x91, 0x1A, 0x81,
    0x2A, 0x85, 0xC0, 0x0E, 0xC6, 0x13, 0xAB, 0xC8, 0x2A, 0xB3, 0x02, 0x2D, 0x52, 0x5B, 0x5A, 0xE3,
    0xB1, 0xC5, 0x67, 0x80, 0x0F, 0x25, 0x70, 0x37, 0xE3, 0xC9, 0x55, 0x74, 0x95, 0x5D, 0x85, 0x57,
    0xE9, 0x35, 0x82, 0xAF, 0x11, 0x7E, 0x8D, 0x00, 0xAC, 0x04, 0x2B, 0xC2, 0x9E, 0xE1, 0x4B, 0x20,
    0x4E, 0x7D, 0x98, 0x7B, 0x49, 0x53, 0x39, 0x0C, 0x37, 0x74, 0xE4, 0xDF, 0x24, 0x54, 0xE6, 0x72,
    0xBF, 0x6D, 0x20, 0x9E, 0x90, 0x62, 0x37, 0xA5, 0x5A, 0x28, 0x36, 0xCD, 0x89, 0xE2, 0x5B, 0x42,
    0xF1, 0x3F, 0x8B, 0xDE, 0xCA, 0x65, 0xE9, 0xAA, 0x6D, 0x60, 0x0E, 0xD0, 0xCD, 0xC4, 0x4A, 0xF9,
    0xD2, 0xEA, 0x7A, 0x5F, 0xAE, 0xEA, 0xB7, 0xE4, 0xD1, 0x9B, 0xC0, 0xFB, 0x47, 0x27, 0x78, 0xAF,
    0x84, 0xD7, 0x5B, 0x5E, 0xEF, 0x79, 0x03, 0xD3, 0x1B, 0xB8, 0xDE, 0xC0, 0xF6, 0x06, 0xBE, 0x77,
    0xCF, 0xF8, 0x06, 0xA8, 0x7B, 0xEB, 0x4B, 0xDE, 0xF7, 0xFE, 0x4E, 0xCD, 0x2F, 0x61, 0x5A, 0xF6,
    0x0A, 0x6F, 0xD1, 0x5F, 0xCF, 0xF1, 0xD9, 0x43, 0x32, 0xBE, 0x68, 0x81, 0xAD, 0x51, 0x0F, 0x3C,
    0x7B, 0x8E, 0x1F, 0x19, 0x71, 0xC1, 0x4F, 0x4C, 0x68, 0x83, 0xF7, 0xE0, 0x55, 0x23, 0xFC, 0x7C,
    0x1C, 0x8B, 0x1B, 0x0E, 0xEC, 0x70, 0xE0, 0x87, 0x9F, 0x85, 0xE3, 0xFE, 0xA6, 0x39, 0xDE, 0x5E,
    0x0C, 0xC7, 0x93, 0x39, 0xF0, 0xC8, 0x97, 0x72, 0x2C, 0x36, 0x59, 0x7D, 0xB2, 0x18, 0x65, 0x75,
    0xCA, 0x6A, 0x95, 0xBD, 0x57, 0xF6, 0x66, 0x59, 0xDD, 0xB2, 0xD8, 0x65, 0xF5, 0xCB, 0x6A, 0x98,
    0xD5, 0x31, 0xA3, 0x65, 0x6E, 0x06, 0xF6, 0xCC, 0x97, 0x03, 0x9D, 0x0A, 0xD0, 0x56, 0x81, 0x5E,
    0x04, 0xE8, 0x47, 0xBF, 0x2B, 0xA0, 0xBB, 0x97, 0x09, 0x74, 0xB4, 0x99, 0x3F, 0x50, 0x6F, 0xDC,
    0xCB, 0x16, 0xB3, 0xB4, 0x53, 0xD3, 0x0B, 0xE5, 0xBA, 0x40, 0x77, 0xBE, 0xC6, 0xDD, 0x0F, 0xD4,
    0x48, 0x77, 0xD8, 0x44, 0xE7, 0xB0, 0x2C, 0x7C, 0xD5, 0x94, 0x43, 0x88, 0xE3, 0x73, 0xE8, 0xAE,
    0xE3, 0x75, 0xF0, 0xBC, 0xD6, 0xCA, 0xEB, 0xE2, 0x79, 0x1D, 0x5E, 0x0E, 0xAF, 0xD3, 0x4B, 0xE2,
    0xD5, 0xBE, 0x70, 0x5E, 0xAF, 0xD1, 0xDD, 0xAE, 0x4D, 0x6B, 0x2A, 0xD2, 0x2E, 0x1B, 0xE8, 0x51,
    0x53, 0x81, 0xE0, 0x14, 0x76, 0xA9, 0x68, 0x7D, 0xB6, 0xFC, 0xC2, 0xEA, 0x17, 0xFC, 0xB8, 0xAA,
    0xB5, 0x44, 0x65, 0xC5, 0xC3, 0x36, 0xAF, 0x19, 0x77, 0xD3, 0x59, 0x7D, 0xC0, 0xAE, 0x67, 0xB1,
    0x53, 0x4B, 0x3D, 0x20, 0x8B, 0xE6, 0xAF, 0x6C, 0x8F, 0x2C, 0x96, 0x6E, 0xD8, 0xD8, 0xCA, 0x30,
    0x68, 0x62, 0x71, 0x35, 0xBA, 0x9F, 0x7D, 0x66, 0x16, 0xB3, 0x23, 0x16, 0xF3, 0xE7, 0x10, 0xD7,
    0xE8, 0x88, 0xC5, 0xEC, 0x88, 0xC5, 0xE6, 0x46, 0x9D, 0x71, 0xB9, 0xBB, 0x0E, 0x9F, 0xD9, 0x5B,
    0xDE, 0x40, 0x3F, 0xC7, 0x37, 0x1E, 0x3F, 0x7E, 0x5C, 0x9F, 0x3F, 0x7E, 0xDC, 0x91, 0xF2, 0xB5,
    0xA4, 0x7C, 0x80, 0x4F, 0x5D, 0xEC, 0x2B, 0x5F, 0x0B, 0x35, 0x7F, 0x02, 0xAB, 0xDE, 0xA3, 0xCB,
    0x49, 0x0A, 0xF0, 0x59, 0x45, 0x95, 0x9F, 0x8F, 0xA4, 0x51, 0x48, 0xCA, 0x3E, 0xB3, 0xF2, 0x55,
    0x47, 0x24, 0xB5, 0x97, 0x92, 0x14, 0xCC, 0xE7, 0x99, 0x94, 0x2F, 0x79, 0xE1, 0xCA, 0x77, 0xE1,
    0x11, 0xD5, 0x1A, 0x16, 0xA3, 0x87, 0x2E, 0xA8, 0xF3, 0xE2, 0x95, 0x73, 0xF1, 0x2B, 0xE6, 0xE4,
    0xBF, 0x1D, 0x7D, 0x23, 0xF8, 0xED, 0xD3, 0xEB, 0x07, 0xEF, 0x39, 0x46, 0xEF, 0x02, 0x3D, 0x1C,
    0x64, 0x02, 0xA4, 0x87, 0x6E, 0x22, 0x06, 0x19, 0x84, 0x09, 0xB1, 0x1E, 0xD6, 0xBF, 0x7B, 0x3D,
    0x5C, 0x5F, 0xEA, 0xEE, 0xF4, 0xE0, 0x28, 0x87, 0x83, 0xF4, 0x69, 0xFE, 0x55, 0xC5, 0x52, 0xFF,
    0xCD, 0x20, 0xD7, 0x48, 0xF6, 0xDF, 0x3D, 0x7E, 0xE2, 0x57, 0xD4, 0x49, 0x9B, 0x83, 0x3A, 0x44,
    0xD2, 0x47, 0x91, 0x15, 0x0B, 0xAD, 0xCB, 0x75, 0x25, 0x1D, 0x90, 0x1E, 0x6F, 0x68, 0xA2, 0xC5,
    0x3C, 0xDB, 0x51, 0xB2, 0x29, 0x86, 0xDC, 0x58, 0xA8, 0x27, 0x04, 0x1B, 0x18, 0xB2, 0x5D, 0x09,
    0x9D, 0xED, 0x3E, 0xEA, 0x18, 0xDE, 0x9D, 0x80, 0xD8, 0x42, 0x80, 0xB5, 0x04, 0x88, 0x70, 0xAF,
    0x05, 0x6A, 0x85, 0x2B, 0x02, 0x20, 0x88, 0x3D, 0x0B, 0xB0, 0x32, 0xCB, 0x3D, 0x4D, 0xDF, 0x41,
    0x9D, 0x61, 0xB9, 0x5D, 0x5A, 0x48, 0xD8, 0x5C, 0xA2, 0xAA, 0x85, 0xD2, 0x32, 0x75, 0x13, 0xCD,
    0xEF, 0x29, 0x7B, 0x31, 0xD5, 0xA3, 0x4E, 0x9C, 0x45, 0x25, 0x9B, 0x8A, 0x4A, 0xB2, 0x51, 0x4A,
    0x7E, 0x0B, 0x49, 0x54, 0x61, 0xD5, 0xB1, 0x68, 0x7A, 0x5A, 0x09, 0x6A, 0x71, 0x30, 0x1A, 0x48,
    0xDF, 0x4B, 0x20, 0xD9, 0x75, 0x69, 0xAE, 0xC5, 0xED, 0xF0, 0x00, 0x79, 0x4B, 0x93, 0x58, 0xFE,
    0x26, 0xB5, 0x01, 0xDC, 0x7A, 0xFC, 0x71, 0xB0, 0x81, 0xDC, 0x2F, 0x78, 0x22, 0x03, 0x4A, 0x7C,
    0xBF, 0xC8, 0xFD, 0xBA, 0x5B, 0x2A, 0xAD, 0x2E, 0xDF, 0xAD, 0xFC, 0x26, 0x24, 0x97, 0xD2, 0x39,
    0xE7, 0xD7, 0x15, 0x33, 0xEA, 0xDC, 0x82, 0x3E, 0xE1, 0xE3, 0x76, 0x34, 0xA5, 0xCE, 0x95, 0x10,
    0xD3, 0x48, 0xFC, 0xD6, 0xC0, 0xEF, 0xC2, 0x19, 0x71, 0x2F, 0x2F, 0xC8, 0x71, 0x48, 0x50, 0x6D,
    0x6C, 0x3C, 0x2A, 0xCB, 0x81, 0x1B, 0x57, 0xB9, 0x51, 0x7E, 0x0D, 0x55, 0x2C, 0x0F, 0x82, 0x66,
    0x62, 0xF7, 0x4D, 0xEB, 0x47, 0x66, 0x6B, 0xAA, 0x61, 0x66, 0xBF, 0x49, 0xA3, 0x4F, 0x9D, 0x9F,
    0xAF, 0x29, 0xF8, 0xB6, 0xE5, 0x24, 0xFC, 0x68, 0xE5, 0xE0, 0xC7, 0x33, 0x07, 0xBC, 0xFA, 0x24,
    0xBC, 0xD2, 0x42, 0xD0, 0x4B, 0x20, 0xA9, 0x5B, 0x25, 0x98, 0x25, 0x4F, 0x3B, 0x35, 0xAB, 0xB2,
    0x09, 0x90, 0x6D, 0x23, 0x0E, 0xEF, 0x8E, 0x9B, 0x3C, 0x0E, 0xEF, 0x6D, 0xD9, 0x52, 0x36, 0xBF,
    0xEA, 0x68, 0x30, 0x52, 0x49, 0x08, 0x46, 0x09, 0x5A, 0x2E, 0xFB, 0x7A, 0xD0, 0x58, 0xD1, 0xBB,
    0x27, 0x52, 0x6E, 0x94, 0x94, 0xC3, 0xE3, 0xAE, 0x08, 0x9A, 0x90, 0xA3, 0x85, 0x2C, 0x65, 0x14,
    0x95, 0x0F, 0xA4, 0xC6, 0x0A, 0xCE, 0x74, 0xA8, 0x6E, 0x27, 0x0A, 0x8E, 0x28, 0x70, 0x9A, 0x46,
    0x14, 0x14, 0x33, 0x53, 0xE0, 0x7E, 0xA5, 0x2A, 0xB9, 0x47, 0x12, 0x05, 0x76, 0x21, 0x0A, 0x22,
    0xDC, 0x69, 0xAD, 0x22, 0xCE, 0x30, 0x96, 0x6E, 0x60, 0x0A, 0xEE, 0xB1, 0x39, 0xE0, 0xCA, 0xBB,
    0x2C, 0xEE, 0xF8, 0xED, 0xDC, 0x65, 0xC5, 0xCC, 0xF5, 0x28, 0x77, 0x05, 0x07, 0x3D, 0x07, 0xE7,
    0x75, 0x75, 0x68, 0x32, 0x0A, 0x7B, 0x68, 0x64, 0x55, 0x24, 0x37, 0xB5, 0x41, 0x87, 0x6D, 0x72,
    0xD2, 0xAF, 0x1B, 0xA5, 0x52, 0x6C, 0x66, 0xE6, 0x07, 0xCB, 0x03, 0x68, 0x06, 0x99, 0x47, 0xDD,
    0x71, 0x20, 0x9A, 0xF4, 0xB6, 0x91, 0xB1, 0x25, 0x32, 0x80, 0x62, 0x91, 0x01, 0xA8, 0xF3, 0x11,
    0xFD, 0x13, 0x2B, 0x92, 0xC8, 0x5B, 0x63, 0x35, 0x27, 0xF5, 0x49, 0xD1, 0x5E, 0xA2, 0xA2, 0xC1,
    0x4B, 0x67, 0xF3, 0x8E, 0xAC, 0xAC, 0x3F, 0xE5, 0x1B, 0x7F, 0x66, 0x65, 0x3B, 0xB3, 0x49, 0xE3,
    0x50, 0x07, 0x6D, 0x05, 0xF7, 0xD4, 0x2C, 0xFE, 0xF6, 0x3B, 0xAE, 0x39, 0xCC, 0xF3, 0x1D, 0x27,
    0x60, 0x3F, 0x13, 0xB0, 0xE5, 0x2E, 0x1A, 0xE8, 0xBE, 0x25, 0x99, 0xF8, 0xB2, 0x7C, 0x66, 0x82,
    0xED, 0x24, 0xDB, 0x53, 0x1C, 0x6D, 0x3E, 0x75, 0x34, 0xDA, 0x7C, 0xE0, 0xB1, 0xC5, 0x6D, 0x36,
    0x9B, 0xE7, 0x3D, 0x4E, 0x0C, 0xBE, 0x40, 0x06, 0xFF, 0x1F, 0xE5, 0x57, 0x2D, 0xD0, 0xE5, 0x48,
    0x15, 0xBD, 0x2F, 0xA9, 0xF9, 0x5E, 0xB1, 0x11, 0x41, 0xEC, 0xAA, 0xA9, 0xAD, 0x67, 0x11, 0x2C,
    0xED, 0xCD, 0x26, 0x40, 0xE1, 0x87, 0xAA, 0xF1, 0xBE, 0x0A, 0x31, 0x08, 0x24, 0xB5, 0x1D, 0xAF,
    0x56, 0xA0, 0xC0, 0xE2, 0x35, 0x06, 0x12, 0xF0, 0x22, 0x85, 0x17, 0x11, 0x14, 0x55, 0xB8, 0x16,
    0x11, 0x19, 0x48, 0x72, 0x39, 0xA7, 0x4F, 0xBE, 0xBC, 0x79, 0xF0, 0xED, 0xEE, 0x38, 0x04, 0x5D,
    0x2F, 0x7D, 0x6E, 0x6E, 0xBA, 0xEF, 0xCF, 0xE9, 0xA4, 0xFB, 0xBE, 0xE8, 0xBE, 0xF6, 0xEE, 0x9B,
    0xEB, 0xA2, 0xBC, 0xBE, 0xAC, 0x63, 0xEB, 0xBE, 0x0D, 0x3C, 0xB7, 0xE1, 0xBB, 0x41, 0x2D, 0xFD,
    0x4F, 0x6E, 0xFA, 0xF9, 0xEA, 0xC3, 0xFF, 0x65, 0xF7, 0x11, 0xCB, 0x63, 0x2F, 0xB5, 0x8F, 0x9A,
    0xF7, 0xC6, 0xAA, 0xD9, 0xC2, 0x62, 0x7D, 0xBA, 0xF8, 0x50, 0x7A, 0x57, 0xBB, 0xDD, 0x76, 0x6B,
    0x56, 0xFE, 0x22, 0xD4, 0x6B, 0xFE, 0x6D, 0x16, 0x37, 0xBB, 0x4D, 0x66, 0xAF, 0x5A, 0x8B, 0x18,
    0xB9, 0x98, 0xE7, 0x07, 0x51, 0x83, 0x92, 0x39, 0x94, 0x23, 0xA6, 0x57, 0x6E, 0xF5, 0x66, 0xCD,
    0x6C, 0x71, 0xB4, 0xD0, 0x1E, 0xE3, 0x0B, 0x9F, 0x8D, 0x53, 0x30, 0x12, 0xBF, 0x39, 0x0F, 0x9E,
    0x0A, 0xBA, 0x6B, 0xE9, 0x6E, 0xE5, 0xF8, 0x7E, 0xB4, 0x2F, 0xCD, 0x2E, 0x6F, 0x0C, 0x9A, 0xE0,
    0x43, 0xE3, 0x6D, 0x83, 0x30, 0xB6, 0xE3, 0x17, 0x36, 0xAB, 0x77, 0x83, 0x71, 0x4C, 0x41, 0x9C,
    0xD6, 0x4F, 0xD6, 0x24, 0xAB, 0x17, 0x2B, 0x12, 0x53, 0x78, 0x65, 0xCC, 0xA2, 0x19, 0x90, 0x48,
    0x7E, 0x9A, 0x34, 0x0C, 0x53, 0x10, 0x52, 0x58, 0x69, 0x33, 0xCE, 0xCC, 0xCB, 0x13, 0xF2, 0x82,
    0x73, 0xF4, 0x85, 0x8F, 0x88, 0xBD, 0xE4, 0xF0, 0xB5, 0x84, 0xCC, 0x7E, 0x42, 0xA6, 0x25, 0xC6,
    0x44, 0xF4, 0x13, 0xF3, 0xFD, 0x93, 0x52, 0xF8, 0xD4, 0x72, 0x16, 0x1D, 0x12, 0xAF, 0x31, 0xC1,
    0xD7, 0xAB, 0x26, 0xD0, 0x84, 0x7A, 0x19, 0x4A, 0x70, 0x07, 0x1F, 0x15, 0xBD, 0x8F, 0xB5, 0xCB,
    0x3B, 0xC3, 0x6E, 0x16, 0xD2, 0xD2, 0xC3, 0xFB, 0xCC, 0x00, 0x23, 0xA8, 0x32, 0xF0, 0x73, 0x59,
    0x2C, 0xDB, 0x7F, 0x4B, 0xFB, 0x57, 0x37, 0x10, 0x15, 0xBC, 0x35, 0x7A, 0xE9, 0xD4, 0x83, 0xB1,
    0x8A, 0xFD, 0x5C, 0x51, 0x9F, 0x60, 0x13, 0xD1, 0x23, 0x11, 0xB0, 0x17, 0x56, 0xB2, 0x01, 0xEA,
    0xA0, 0xF4, 0x04, 0x1A, 0x69, 0xB9, 0x99, 0xA1, 0x03, 0x99, 0xD5, 0x66, 0xE0, 0xB3, 0x9C, 0x32,
    0xA5, 0x9F, 0xD9, 0x31, 0x26, 0xF8, 0x5F, 0x1C, 0x6C, 0xFB, 0x4F, 0x1D, 0x6C, 0xED, 0xCC, 0xB1,
    0xD9, 0x10, 0xFE, 0x43, 0x1F, 0x36, 0x32, 0x03, 0xEA, 0xF0, 0xB4, 0x72, 0xC6, 0x2C, 0x2F, 0xB0,
    0x8E, 0x95, 0x02, 0xF3, 0xD5, 0x6E, 0x20, 0x9F, 0x09, 0x80, 0x7F, 0xEF, 0xB8, 0x04, 0xC1, 0xCC,
    0x9E, 0xA0, 0x36, 0xBB, 0x79, 0xEE, 0x25, 0x6F, 0xB9, 0x5F, 0x73, 0xBF, 0xE4, 0x7E, 0x66, 0x1F,
    0x92, 0xD9, 0xF7, 0x2D, 0x4C, 0xD6, 0x36, 0xEF, 0xDF, 0xFD, 0xBD, 0x9F, 0xA2, 0xA3, 0x4D, 0x3D,
    0xFB, 0x51, 0xAF, 0xE5, 0xFE, 0x9B, 0xF8, 0xB3, 0x7E, 0x80, 0x33, 0x63, 0xF3, 0x7B, 0x7F, 0xC9,
    0x7D, 0x91, 0xCD, 0x97, 0xEA, 0xB3, 0x93, 0x2A, 0xF7, 0xF5, 0xAA, 0xFE, 0xEE, 0x36, 0x64, 0xB7,
    0x4D, 0xEE, 0x63, 0x76, 0xDE, 0xE7, 0xDE, 0xD3, 0xBD, 0x8F, 0x5F, 0x5B, 0x6E, 0xAF, 0x97, 0x0C,
    0x71, 0x15, 0x2C, 0x82, 0x59, 0x90, 0x04, 0x93, 0x60, 0xCC, 0xC0, 0x08, 0xED, 0x8D, 0xF5, 0xDD,
    0xC5, 0xCC, 0xFF, 0xD1, 0xFF, 0x8E, 0xEF, 0x07, 0x5B, 0x57, 0x64, 0x68, 0xCB, 0x0C, 0x56, 0xFE,
    0xF3, 0xE7, 0xFB, 0x53, 0xAF, 0xB0, 0xEF, 0x71, 0x5B, 0x25, 0xA8, 0x05, 0x37, 0x41, 0xD8, 0x04,
    0xAB, 0x60, 0x16, 0x24, 0x01, 0x9D, 0x37, 0xBF, 0x0F, 0x7F, 0xFE, 0x45, 0xB2, 0x86, 0x96, 0x93,
    0xF5, 0x84, 0x49, 0x30, 0x5A, 0xFF, 0xBE, 0xFF, 0xAD, 0x0F, 0xA0, 0x16, 0x11, 0xB5, 0x4C, 0x8F,
    0x9D, 0x5D, 0x04, 0x85, 0xA0, 0x14, 0x5C, 0x05, 0xF5, 0x03, 0x54, 0xEF, 0x95, 0xD6, 0x84, 0x51,
    0x2B, 0x94, 0x6E, 0x01, 0x57, 0xF3, 0x70, 0xED, 0xD0, 0xF1, 0x59, 0x82, 0xC1, 0xCE, 0xBE, 0xC8,
    0xE3, 0xC9, 0x86, 0x6F, 0xEC, 0xBC, 0x63, 0xB7, 0xA0, 0xA3, 0xE8, 0x14, 0xCF, 0x03, 0x66, 0x90,
    0x44, 0x1D, 0x05, 0x8D, 0xD3, 0x8C, 0xE5, 0xB0, 0x22, 0x7B, 0xF6, 0x16, 0xF6, 0xBB, 0xE0, 0x63,
    0xE3, 0x53, 0xE3, 0x29, 0xF7, 0x23, 0x42, 0xBC, 0xBC, 0x25, 0xDB, 0x7C, 0xBA, 0xDB, 0x95, 0xB1,
    0xD8, 0x8D, 0x27, 0x58, 0xDB, 0x78, 0xD7, 0xBB, 0xA9, 0xC7, 0x6D, 0xBF, 0xF1, 0x51, 0x33, 0x93,
    0xC4, 0x57, 0x2D, 0x7F, 0xF8, 0x02, 0x38, 0xCD, 0xEC, 0x33, 0x7E, 0x84, 0x9C, 0xCB, 0xCF, 0x07,
    0x83, 0x68, 0xC0, 0x2A, 0x1F, 0x23, 0xC4, 0xC6, 0x07, 0xB8, 0x9D, 0x5C, 0x22, 0x9E, 0x8C, 0x12,
    0x5B, 0x88, 0x03, 0x6C, 0xDA, 0x31, 0x1E, 0x86, 0x69, 0x99, 0x41, 0xC0, 0x34, 0x6D, 0xF3, 0x7A,
    0xDA, 0x39, 0x4C, 0x01, 0x2B, 0xE6, 0xE0, 0xC3, 0x75, 0xB7, 0x6F, 0x6C, 0x3F, 0xF8, 0x4F, 0x45,
    0xBC, 0x8B, 0xEF, 0xF2, 0x3A, 0xF8, 0xC8, 0x5E, 0x6B, 0xE6, 0x03, 0x43, 0x9E, 0x74, 0xCB, 0x30,
    0x3C, 0x31, 0x0F, 0x68, 0xD5, 0xFA, 0x4C, 0x66, 0xED, 0x94, 0xB5, 0xE6, 0x89, 0xAF, 0x71, 0xD8,
    0xEE, 0x26, 0x06, 0xDE, 0xF0, 0xA5, 0x56, 0xAB, 0x3C, 0x7F, 0x9E, 0xB4, 0xA3, 0x56, 0xEF, 0x54,
    0x14, 0x77, 0x9B, 0x61, 0x85, 0x42, 0x2F, 0x8A, 0x5A, 0x43, 0x05, 0x19, 0x3C, 0x15, 0x0B, 0x07,
    0x85, 0xE5, 0xAE, 0x98, 0x39, 0x28, 0xA6, 0x7B, 0x52, 0x33, 0x07, 0xDD, 0x6D, 0x52, 0xC1, 0x8D,
    0xB4, 0xFD, 0x50, 0xE1, 0xE9, 0x4E, 0x14, 0x8D, 0x22, 0x86, 0x7A, 0xB5, 0xD7, 0x7B, 0xAB, 0x9C,
    0x9B, 0xAD, 0x02, 0xEB, 0xC9, 0x72, 0xCE, 0xC1, 0x37, 0x5C, 0xBE, 0x5B, 0x3F, 0x5E, 0xDD, 0x57,
    0x24, 0xEA, 0x3C, 0x43, 0x7C, 0xB9, 0x78, 0x77, 0xA3, 0x1E, 0x5A, 0x9E, 0x2B, 0xCE, 0x0D, 0x36,
    0x6E, 0x60, 0xA4, 0xC6, 0x66, 0x37, 0x92, 0xD2, 0x7A, 0xD5, 0xCE, 0xAC, 0xFD, 0x9F, 0x09, 0xD2,
    0x13, 0xF2, 0x43, 0x08, 0x52, 0x44, 0x6E, 0xDF, 0xF8, 0x79, 0x3A, 0x78, 0xE1, 0x63, 0x32, 0xE0,
    0xA3, 0x46, 0xF0, 0x78, 0xA4, 0xE2, 0x27, 0x3E, 0x48, 0x51, 0xB9, 0x8E, 0x25, 0xD0, 0x7B, 0xF1,
    0x51, 0xBB, 0xCE, 0x5D, 0x31, 0x88, 0x23, 0x92, 0xB6, 0x67, 0xCB, 0x54, 0x78, 0x82, 0x02, 0x3F,
    0xB9, 0x32, 0x32, 0xAE, 0x03, 0x17, 0x8F, 0x2B, 0xD7, 0xA7, 0x49, 0x1B, 0x7D, 0x82, 0x02, 0x23,
    0xB5, 0xAC, 0x35, 0x7C, 0x4E, 0x60, 0xA3, 0x5F, 0xB5, 0x10, 0x70, 0xE1, 0xDA, 0x6E, 0xD2, 0xB1,
    0xA7, 0x95, 0xCC, 0xDE, 0x7A, 0xA7, 0x93, 0x4B, 0xD6, 0xBA, 0xCF, 0x22, 0xCC, 0x4C, 0xB1, 0x1C,
    0x94, 0xE6, 0xED, 0x2E, 0xB4, 0xF6, 0xD8, 0x9E, 0xEC, 0xBB, 0xDB, 0xE7, 0x98, 0x37, 0xE6, 0xC3,
    0x7A, 0x31, 0x52, 0x9E, 0x4A, 0xFE, 0xC6, 0x0A, 0x0B, 0xE6, 0x6D, 0x4E, 0x22, 0x2F, 0x30, 0xD6,
    0x0C, 0x39, 0x3D, 0x4E, 0x2C, 0xBE, 0xE6, 0xDC, 0x72, 0x35, 0x4C, 0x07, 0xA9, 0xB0, 0x80, 0x29,
    0xE6, 0xEC, 0x61, 0x27, 0xB8, 0xC1, 0x54, 0xB3, 0xA3, 0x1F, 0xE3, 0x6A, 0x30, 0xE8, 0x8B, 0xD5,
    0xFE, 0x63, 0x92, 0xB5, 0x17, 0x3E, 0x8A, 0x1E, 0x18, 0x27, 0x43, 0x71, 0xAA, 0x36, 0x83, 0x8B,
    0xEB, 0x62, 0xF0, 0x72, 0x49, 0x2F, 0xC6, 0xF9, 0x2B, 0x2B, 0xC6, 0x1C, 0xAD, 0xB7, 0xE5, 0x46,
    0xA7, 0x58, 0x1F, 0xF9, 0x05, 0x8B, 0x3A, 0x5D, 0xE1, 0x4B, 0xDE, 0xE1, 0x4E, 0x01, 0x40, 0xAF,
    0x18, 0x6E, 0x6E, 0x0A, 0x03, 0xB7, 0x8C, 0x44, 0x6F, 0x0D, 0x83, 0x81, 0x01, 0xC5, 0x63, 0x9E,
    0x14, 0x92, 0x0C, 0x23, 0xAA, 0xC2, 0x3B, 0x05, 0x76, 0x71, 0x53, 0x6C, 0xF6, 0xEB, 0xFF, 0x0A,
    0xAF, 0x18, 0x18, 0x54, 0x9F, 0x4C, 0x25, 0x11, 0xBC, 0xC0, 0x45, 0x70, 0xBA, 0x80, 0xBB, 0xFC,
    0xDA, 0x4C, 0x7C, 0xCC, 0xEA, 0x26, 0xD9, 0xB5, 0xFB, 0x70, 0x62, 0x65, 0x79, 0x6E, 0x8B, 0xE7,
    0x7C, 0x6B, 0x7C, 0x66, 0x00, 0xCC, 0x63, 0x82, 0x9D, 0xC2, 0x13, 0x4D, 0xF9, 0x4C, 0x6B, 0xFD,
    0x9A, 0x63, 0xDE, 0x8C, 0xA9, 0x31, 0xA3, 0x41, 0x85, 0xC3, 0xD5, 0x3B, 0x4D, 0xA6, 0x7D, 0xF4,
    0x70, 0x11, 0x07, 0x7A, 0xF9, 0x91, 0x1D, 0xED, 0xD1, 0xDD, 0x0F, 0x0F, 0x8F, 0xC5, 0x66, 0x9A,
    0xC7, 0xD3, 0xCA, 0x67, 0xD9, 0xA3, 0x6B, 0x71, 0x49, 0xEF, 0x64, 0x51, 0x01, 0x5C, 0x7D, 0x54,
    0x0C, 0x60, 0x54, 0x61, 0x90, 0x3A, 0x45, 0xD2, 0x2F, 0x0A, 0x86, 0x04, 0x2A, 0x9E, 0xDB, 0x69,
    0xDA, 0x4D, 0x51, 0x95, 0x6E, 0x0A, 0x0C, 0x3C, 0x1E, 0xB1, 0xFD, 0xE1, 0xA5, 0x35, 0x66, 0x8B,
    0x2D, 0x3A, 0x7D, 0x7A, 0x57, 0x9F, 0xF3, 0xD6, 0xB8, 0x51, 0xFD, 0x2F, 0x6F, 0xA1, 0xFE, 0xAB,
    0x8F, 0x50, 0xB7, 0x7D, 0x2E, 0xFD, 0xC2, 0xC6, 0xED, 0x4F, 0x9F, 0xD8, 0xA4, 0xCA, 0xC0, 0x57,
    0x3C, 0x9E, 0x2C, 0x90, 0x15, 0xB2, 0xC4, 0x95, 0xD6, 0x6D, 0xE3, 0xA6, 0x8B, 0x24, 0x65, 0x2B,
    0xC9, 0x58, 0xF5, 0x22, 0x55, 0xFA, 0xA0, 0x37, 0xCB, 0x61, 0x7D, 0x79, 0x7C, 0x5C, 0x9E, 0xF4,
    0x8C, 0x93, 0x6A, 0x28, 0x2A, 0x28, 0x68, 0xB0, 0x70, 0x28, 0x9D, 0x59, 0xCF, 0x56, 0x73, 0x89,
    0x60, 0xDC, 0x37, 0xDD, 0x8A, 0x30, 0x7E, 0x4F, 0x56, 0xC1, 0xC4, 0xF7, 0xB4, 0x75, 0x77, 0x41,
    0x07, 0xF5, 0x14, 0x47, 0xAB, 0xF1, 0x5B, 0x40, 0x4A, 0xFE, 0xD5, 0x2B, 0x13, 0x20, 0x3F, 0x40,
    0x74, 0x10, 0xB3, 0x92, 0x8F, 0x46, 0x8C, 0x30, 0xCA, 0x8C, 0x05, 0xCF, 0x0A, 0xD7, 0xFE, 0xA5,
    0xBA, 0x28, 0x4E, 0x61, 0x56, 0x11, 0xC6, 0x53, 0xB6, 0xC0, 0x0A, 0x79, 0xFB, 0x95, 0xD5, 0x58,
    0x17, 0xFC, 0x48, 0x7C, 0xD4, 0x92, 0x0A, 0x9F, 0xF5, 0x05, 0x6E, 0xDC, 0xBE, 0x32, 0x43, 0x0C,
    0x2C, 0x75, 0xE8, 0x28, 0x24, 0xD9, 0xA5, 0x2B, 0x38, 0x51, 0x2D, 0x53, 0xD1, 0x6F, 0xC7, 0xEA,
    0x8E, 0xAE, 0x70, 0x8D, 0xF5, 0x08, 0xF9, 0xC2, 0x6D, 0xFB, 0xBA, 0x71, 0x4C, 0x5C, 0x30, 0x56,
    0xF1, 0xF7, 0xC3, 0x73, 0x3E, 0x71, 0x50, 0x7E, 0xC1, 0x94, 0xEF, 0x73, 0xFE, 0x79, 0x6D, 0x9E,
    0xBC, 0xCD, 0xBC, 0x05, 0x37, 0xCB, 0x15, 0x39, 0xB0, 0xF2, 0x89, 0xDC, 0x71, 0x41, 0x2E, 0xCE,
    0x75, 0x40, 0x8C, 0x18, 0xC2, 0x05, 0x23, 0x9F, 0x3C, 0xAC, 0x39, 0x14, 0x98, 0x97, 0x95, 0xE4,
    0x56, 0x7C, 0x35, 0x62, 0xFE, 0x0E, 0xF2, 0xFA, 0xD4, 0xC4, 0x1E, 0x28, 0xF3, 0xC0, 0x63, 0x4B,
    0x7E, 0xC6, 0x9D, 0x38, 0x59, 0xD8, 0xF4, 0x5A, 0x85, 0x55, 0xEB, 0xDB, 0x00, 0x0B, 0xE2, 0x42,
    0xEC, 0xB8, 0x66, 0xC0, 0x96, 0x89, 0x90, 0xEE, 0x3B, 0x4E, 0xC0, 0x9D, 0x14, 0x00, 0x37, 0xE0,
    0xF0, 0x01, 0xFE, 0xCD, 0xEC, 0x8F, 0xCC, 0x10, 0x57, 0x6B, 0xF7, 0xC6, 0xA2, 0xE6, 0x33, 0xB2,
    0xBC, 0x65, 0x57, 0x0C, 0x9F, 0x9F, 0x34, 0x53, 0xAE, 0x88, 0x3D, 0xA8, 0xCB, 0xB8, 0x33, 0xF3,
    0x7B, 0x1A, 0xCD, 0xAC, 0xB7, 0x90, 0x65, 0xC8, 0xDB, 0x8F, 0xFB, 0xBB, 0x17, 0x7D, 0xE9, 0x7D,
    0x75, 0xFE, 0x20, 0xCC, 0xF6, 0xD0, 0xCA, 0x56, 0x58, 0x4D, 0xC2, 0xDB, 0x2A, 0x6C, 0x0E, 0xEC,
    0x35, 0x5E, 0xA7, 0x67, 0x2E, 0x29, 0x34, 0xDC, 0x8F, 0xE1, 0x9B, 0x90, 0x14, 0x9D, 0xC5, 0xB5,
    0xD8, 0x3B, 0x0B, 0x4F, 0xD5, 0x19, 0x8F, 0xD6, 0x93, 0xD0, 0xC7, 0x63, 0x78, 0x77, 0x0C, 0x37,
    0x0D, 0x5F, 0x85, 0x61, 0x16, 0xC6, 0x49, 0x78, 0x5A, 0x3D, 0x62, 0xFE, 0x76, 0xAB, 0x85, 0x86,
    0x8B, 0x2F, 0x51, 0xFD, 0x98, 0xDA, 0x73, 0xAC, 0xE3, 0x43, 0x6A, 0xB5, 0x1F, 0xCE, 0xB7, 0x03,
    0x57, 0xE1, 0x35, 0x09, 0x6D, 0xB4, 0xC7, 0xF6, 0x6E, 0x11, 0x3F, 0x57, 0xF7, 0x2E, 0x6F, 0x45,
    0xB5, 0x73, 0x73, 0xC6, 0x5D, 0x50, 0xDD, 0xCB, 0xA2, 0xD6, 0x57, 0x0A, 0x09, 0xC2, 0x46, 0x61,
    0x86, 0xB0, 0x53, 0x58, 0xC2, 0x18, 0xDC, 0xF6, 0xB6, 0x5F, 0x3E, 0xA7, 0xE7, 0x5F, 0x82, 0x49,
    0xD1, 0x25, 0x61, 0x53, 0x81, 0x25, 0x46, 0x62, 0xCA, 0x37, 0xE2, 0xC1, 0xA7, 0x4C, 0x2F, 0xAE,
    0x8E, 0x13, 0xCE, 0x49, 0xBC, 0x94, 0x14, 0x2F, 0xEE, 0x84, 0xBC, 0xB4, 0x52, 0x32, 0x97, 0x78,
    0xC9, 0x0A, 0x4D, 0x8A, 0xFD, 0x1E, 0x01, 0x16, 0x8C, 0xBB, 0xF7, 0x85, 0xC2, 0x68, 0xD1, 0x13,
    0x85, 0xC1, 0x1A, 0xDA, 0x71, 0x17, 0xDF, 0x5C, 0x93, 0x17, 0x5A, 0xAE, 0xB6, 0x5F, 0xD1, 0xCD,
    0x19, 0xE8, 0x46, 0xCB, 0x73, 0x7E, 0x83, 0xAD, 0xA4, 0xE0, 0xDB, 0xB3, 0xB0, 0x52, 0x48, 0xF9,
    0x5B, 0x3C, 0xDE, 0xFA, 0xE9, 0x08, 0xE3, 0x15, 0x8D, 0x7D, 0x7A, 0x9A, 0x0D, 0x0B, 0xD9, 0xE5,
    0x40, 0x92, 0xAB, 0xD3, 0x3A, 0x33, 0x9D, 0x32, 0xB5, 0xB5, 0x98, 0x05, 0x0E, 0x99, 0xD8, 0x5B,
    0x46, 0x1E, 0xAD, 0x6D, 0xA6, 0xB5, 0x71, 0x23, 0xAB, 0xC4, 0xCC, 0x0F, 0x63, 0x22, 0x09, 0x71,
    0x25, 0xAE, 0xD6, 0x13, 0x55, 0xD9, 0x64, 0x42, 0x19, 0x1C, 0xF9, 0xF4, 0x24, 0x3A, 0x89, 0x64,
    0xD3, 0xA7, 0x93, 0x50, 0x70, 0x09, 0x1C, 0x68, 0x45, 0x7B, 0x42, 0x22, 0xB6, 0x16, 0x85, 0x99,
    0xC7, 0xD2, 0x2D, 0xD3, 0x48, 0x24, 0x8B, 0xDC, 0x1B, 0x48, 0x62, 0xB9, 0x89, 0x43, 0xEE, 0x09,
    0x2F, 0x12, 0x88, 0x8B, 0xFC, 0x55, 0x9B, 0xE8, 0x0B, 0xB4, 0x93, 0xE7, 0x8A, 0xBC, 0x48, 0x5C,
    0x81, 0xBB, 0xA8, 0x8B, 0x94, 0x27, 0x66, 0x20, 0xE2, 0xC8, 0x3F, 0x39, 0x63, 0x2F, 0xF2, 0xC3,
    0x7B, 0xCB, 0x54, 0x73, 0x1D, 0xF3, 0x56, 0x5A, 0x39, 0xB4, 0xE4, 0xAD, 0xF6, 0x63, 0x33, 0x65,
    0x01, 0x4D, 0x57, 0x7C, 0x59, 0x9D, 0xBE, 0xDA, 0xDB, 0x21, 0x58, 0x3D, 0xDD, 0xBC, 0xE5, 0x86,
    0xFA, 0x49, 0x4E, 0x3B, 0x6E, 0xD9, 0x98, 0xFC, 0x42, 0x63, 0xE2, 0x8F, 0xD1, 0xEA, 0x14, 0x5E,
    0xC5, 0x18, 0xB8, 0x90, 0x40, 0xBE, 0xC8, 0x5D, 0x9E, 0xCD, 0x9B, 0x73, 0x67, 0xB5, 0x3E, 0xD3,
    0x35, 0xF0, 0x12, 0x8F, 0xE0, 0x45, 0x04, 0xD6, 0x8B, 0xBC, 0xE8, 0x45, 0xA3, 0xD0, 0x30, 0x77,
    0x71, 0xB8, 0x42, 0xD8, 0x28, 0x2C, 0x12, 0x6E, 0x74, 0x53, 0xC2, 0xC3, 0xD3, 0xDE, 0xDA, 0x4B,
    0xED, 0x60, 0xD5, 0x6A, 0x51, 0xCF, 0xA9, 0xE2, 0xD5, 0xA2, 0x72, 0xE4, 0x4A, 0xE9, 0x06, 0x54,
    0x4B, 0x10, 0xAF, 0xFA, 0xF2, 0x74, 0x81, 0x59, 0x5D, 0xF7, 0xF6, 0x9A, 0x15, 0xF5, 0x17, 0x66,
    0x2A, 0xC0, 0xDB, 0xAB, 0x3B, 0x6B, 0xA0, 0xA1, 0xF6, 0xDC, 0x86, 0x46, 0x68, 0xF1, 0xFD, 0x05,
    0xB0, 0x59, 0x33, 0x82, 0x7D, 0x16, 0x44, 0x9D, 0xD9, 0xBB, 0x1D, 0x6C, 0xD8, 0x37, 0x17, 0xB0,
    0x9F, 0xB4, 0x67, 0x09, 0x5B, 0xA7, 0xB3, 0x88, 0xBD, 0xAD, 0x67, 0x19, 0xDB, 0x6C, 0x67, 0x21,
    0x1B, 0xD7, 0xB3, 0x94, 0xED, 0xD7, 0xB3, 0x98, 0xCD, 0x4F, 0x6F, 0x7E, 0x96, 0x68, 0x52, 0x71,
    0xAE, 0x4A, 0x5A, 0x04, 0xFA, 0x5C, 0xD4, 0x66, 0x95, 0xCA, 0xDA, 0x7A, 0x3F, 0x0B, 0xDB, 0xB0,
    0x9E, 0xA5, 0x6D, 0x33, 0x9F, 0xC5, 0x6D, 0x98, 0xCE, 0xF2, 0xF6, 0x3A, 0xD8, 0x07, 0xED, 0xDF,
    0xA5, 0x54, 0x21, 0x8C, 0xE5, 0x36, 0x14, 0x1C, 0xE7, 0x77, 0x2F, 0x20, 0x20, 0x47, 0x0E, 0x15,
    0x04, 0xB7, 0x24, 0x1C, 0x39, 0x1C, 0x1D, 0x68, 0xCB, 0x79, 0xC1, 0x71, 0xA9, 0x92, 0xC3, 0xD1,
    0x72, 0x7E, 0xF8, 0x38, 0x72, 0x38, 0x32, 0x27, 0x17, 0x50, 0x95, 0xD6, 0x20, 0x20, 0x95, 0x1C,
    0x4F, 0x3D, 0xB1, 0xB2, 0xE9, 0x4A, 0x2B, 0xB5, 0xA7, 0x46, 0xDA, 0x59, 0xEF, 0xBE, 0xE4, 0xBD,
    0x79, 0x23, 0xCF, 0x00, 0x4F, 0x3F, 0x01, 0xF0, 0x9C, 0xD1, 0x92, 0x11, 0x23, 0x99, 0xE0, 0x0F,
    0x7F, 0x18, 0xAE, 0x43, 0x7E, 0x70, 0xEE, 0xD9, 0x11, 0x3D, 0xFB, 0x5C, 0x60, 0x48, 0x05, 0xEC,
    0x09, 0x3B, 0xFA, 0xEC, 0x36, 0x0C, 0x47, 0x81, 0x31, 0xF9, 0x08, 0x2B, 0x70, 0x5B, 0x01, 0x46,
    0xBF, 0x19, 0x06, 0x97, 0xCA, 0xD7, 0x96, 0x9F, 0x58, 0x7B, 0xF6, 0xE4, 0x8A, 0x86, 0x9C, 0x80,
    0x0F, 0x1F, 0xA1, 0xC7, 0xE8, 0x57, 0x9F, 0x0A, 0x58, 0x01, 0x77, 0xA0, 0xE5, 0x06, 0x0C, 0x8C,
    0x80, 0xFB, 0x33, 0xC2, 0xD0, 0x46, 0xB4, 0xC9, 0xAE, 0x18, 0xA2, 0x0B, 0x70, 0x8B, 0x5F, 0x0C,
    0x27, 0x2E, 0xED, 0x01, 0xCE, 0xC3, 0x56, 0xCE, 0x96, 0x24, 0x3D, 0xC9, 0x2C, 0x38, 0x46, 0x6A,
    0x12, 0x4A, 0x1D, 0xE8, 0xD2, 0xD5, 0xBD, 0xDF, 0x0B, 0x0C, 0x1B, 0xF0, 0x20, 0x29, 0xC8, 0x5A,
    0xF5, 0x10, 0xA3, 0x74, 0x17, 0x31, 0x46, 0x31, 0xE1, 0x0C, 0x38, 0x51, 0xF1, 0x24, 0x60, 0x3E,
    0x71, 0xD6, 0x77, 0x0B, 0x60, 0x5E, 0xA0, 0x11, 0x3C, 0x54, 0xE8, 0x29, 0xE9, 0x0E, 0x7C, 0xF8,
    0xC2, 0x1D, 0x4E, 0x0B, 0x5A, 0x72, 0x2A, 0xF0, 0x7B, 0x95, 0x55, 0xCF, 0x53, 0xD9, 0xF2, 0x9D,
    0x58, 0x8D, 0xCC, 0xDA, 0x5F, 0x3A, 0xF2, 0x33, 0xAC, 0x84, 0xE0, 0x56, 0x1B, 0x89, 0xCF, 0x73,
    0xE5, 0xA3, 0x15, 0xD4, 0x85, 0xB3, 0x8B, 0x2D, 0x17, 0xB7, 0x1A, 0x2E, 0x3E, 0x80, 0x41, 0xB0,
    0x54, 0xD0, 0xFF, 0x5C, 0x7C, 0x70, 0xB2, 0xF9, 0x52, 0xB7, 0x23, 0xA5, 0x17, 0xA7, 0x3A, 0xB0,
    0x27, 0x19, 0x06, 0x92, 0x51, 0xAD, 0x56, 0x41, 0x70, 0x4B, 0xC3, 0xD9, 0x4F, 0x5D, 0x86, 0xC7,
    0x90, 0xF0, 0x03, 0x9C, 0x16, 0x66, 0x40, 0xA5, 0xD0, 0x51, 0x42, 0x48, 0x2F, 0x2B, 0x49, 0x7C,
    0x04, 0xCC, 0xEB, 0x62, 0x9F, 0xA5, 0x52, 0x7D, 0x43, 0x10, 0x2F, 0xD1, 0x9E, 0x66, 0xE8, 0x31,
    0xF5, 0x22, 0x2D, 0x22, 0xB3, 0x61, 0xCC, 0x3E, 0xC1, 0xC5, 0xFE, 0x00, 0x97, 0x3E, 0x0B, 0x74,
    0x2A, 0x03, 0xB8, 0xBA, 0x0D, 0x2E, 0x33, 0x60, 0x14, 0xDF, 0x5E, 0xDA, 0xB8, 0x53, 0x9B, 0xAF,
    0x9C, 0xBB, 0xFC, 0x60, 0x38, 0x5F, 0xB2, 0x1B, 0x18, 0x6D, 0x84, 0x5F, 0x0B, 0x30, 0xD8, 0xBD,
    0xC8, 0x3E, 0xF2, 0x0B, 0xAB, 0x4C, 0x0D, 0x19, 0xAA, 0xC6, 0x17, 0xFA, 0xAA, 0x63, 0xBD, 0x40,
    0xEA, 0x59, 0xC4, 0xC9, 0xDA, 0xA3, 0x25, 0xC0, 0xA5, 0xA8, 0x55, 0xD1, 0x70, 0x6E, 0x84, 0x3A,
    0x0B, 0x55, 0xDD, 0x5A, 0x21, 0x99, 0xC5, 0x84, 0xC7, 0xD5, 0xC1, 0x78, 0xC6, 0xB3, 0xF5, 0x5A,
    0xA0, 0x88, 0x07, 0x15, 0xCE, 0xE3, 0x0E, 0xFC, 0x78, 0x32, 0xB0, 0x3C, 0x45, 0xE1, 0x7A, 0xED,
    0x8F, 0x77, 0x19, 0x7E, 0x72, 0xEC, 0xB8, 0x78, 0x8E, 0x0C, 0xBF, 0x64, 0xC7, 0xD0, 0xE4, 0xDD,
    0x85, 0x86, 0xAB, 0x2B, 0xE3, 0x16, 0xAF, 0xC9, 0x9C, 0x5B, 0x82, 0xE8, 0x0E, 0x43, 0xF4, 0xA9,
    0xC9, 0xE8, 0xB7, 0xC7, 0xF1, 0xDD, 0x10, 0x1F, 0xE9, 0xB7, 0x31, 0xB6, 0x4C, 0x76, 0xED, 0xB8,
    0xDB, 0xD0, 0xE9, 0x1B, 0x91, 0x03, 0x3E, 0xE2, 0xB6, 0x6A, 0x55, 0xD8, 0x8A, 0x24, 0x8B, 0x55,
    0x1B, 0x86, 0x81, 0xA7, 0x55, 0x7B, 0xCA, 0xA5, 0x47, 0x81, 0xF1, 0xB2, 0x6A, 0xBE, 0xAD, 0x7A,
    0xB9, 0xD4, 0xEE, 0x05, 0xFC, 0xE9, 0xD2, 0x55, 0x2E, 0x5D, 0x5E, 0xB9, 0x34, 0xBE, 0x72, 0xA9,
    0x99, 0x81, 0x71, 0xC3, 0xF7, 0xDC, 0x0D, 0xB9, 0x19, 0x95, 0x4F, 0x55, 0xB4, 0x31, 0x83, 0x94,
    0x3D, 0x4D, 0x21, 0x4F, 0xE8, 0xA6, 0x48, 0x66, 0x49, 0x2A, 0xCE, 0x5D, 0x06, 0xFA, 0x03, 0xF5,
    0x27, 0xC1, 0xF8, 0xFC, 0x3C, 0x90, 0xDB, 0x58, 0x6F, 0x65, 0xAC, 0xEB, 0x18, 0x72, 0xAE, 0x53,
    0x1D, 0xB9, 0x83, 0x7F, 0xF9, 0x54, 0x94, 0x1E, 0x0E, 0x49, 0x92, 0x90, 0x74, 0x23, 0xDF, 0xC3,
    0x6E, 0xF5, 0x46, 0x56, 0xEB, 0xF5, 0xAC, 0x57, 0x10, 0x46, 0x24, 0x3A, 0x4E, 0xD7, 0x5F, 0xA1,
    0xCE, 0x94, 0x30, 0x8C, 0xEE, 0x82, 0x30, 0xF2, 0x65, 0x9F, 0x96, 0x19, 0x18, 0x35, 0x52, 0x05,
    0xC3, 0x3F, 0xB8, 0x9A, 0x0C, 0xB7, 0x62, 0x83, 0x0B, 0x65, 0x10, 0x97, 0x4A, 0x1D, 0xEE, 0x34,
    0x6C, 0x54, 0xAF, 0x24, 0x20, 0xF0, 0x5E, 0x7B, 0x69, 0x41, 0x01, 0x6E, 0xF3, 0xFF, 0x2C, 0xF3,
    0x93, 0x5C, 0x05, 0x13, 0xDC, 0x6D, 0xFE, 0x1A, 0x71, 0x5A, 0xA1, 0x36, 0x34, 0x2F, 0x11, 0x37,
    0x96, 0x74, 0x83, 0xB7, 0x45, 0x6A, 0xA5, 0x5B, 0xA7, 0x74, 0x1B, 0x17, 0xBF, 0x40, 0xE9, 0xF6,
    0x50, 0xBA, 0xF5, 0xAF, 0xD3, 0x4D, 0x87, 0xC3, 0xFE, 0x9F, 0x74, 0xB3, 0x27, 0x48, 0x22, 0xA7,
    0x26, 0xBF, 0x92, 0xEA, 0xC2, 0x59, 0x9A, 0xDE, 0xE9, 0x76, 0x07, 0xDB, 0x04, 0xB8, 0xAC, 0x60,
    0x4B, 0x77, 0xB0, 0x61, 0xE4, 0xF6, 0x46, 0xB0, 0xB9, 0x2B, 0xD8, 0x06, 0xE6, 0xCF, 0x70, 0xA2,
    0x57, 0x1B, 0xF1, 0x19, 0x9D, 0x58, 0x0C, 0x24, 0xA5, 0x3A, 0x67, 0xBB, 0x7D, 0x43, 0xA6, 0xF5,
    0xFF, 0x21, 0xD3, 0xE4, 0xA5, 0x33, 0xD3, 0x1C, 0xC6, 0x1D, 0x1F, 0x94, 0x69, 0xD7, 0xF4, 0xE9,
    0x9F, 0x89, 0x75, 0x67, 0x9D, 0x8A, 0xED, 0x9B, 0x71, 0x76, 0xC1, 0xD3, 0x33, 0x70, 0x9B, 0x2D,
    0xFC, 0x7B, 0x9C, 0x45, 0xD8, 0xCC, 0x05, 0x7D, 0xBD, 0x5C, 0x09, 0x86, 0x5F, 0x39, 0xB5, 0xB9,
    0x8C, 0x7A, 0x49, 0xB2, 0xF5, 0x8D, 0x24, 0x9B, 0xBE, 0x21, 0xC9, 0xA8, 0x14, 0x12, 0xED, 0x3B,
    0xC3, 0x84, 0x8F, 0x3B, 0xC9, 0xAE, 0x0C, 0xE3, 0xEB, 0x0C, 0x6B, 0xBC, 0xFA, 0x54, 0xF7, 0xA0,
    0x0C, 0xBE, 0x33, 0x2C, 0x9D, 0x19, 0xB6, 0xBE, 0x95, 0x61, 0x7F, 0x03, 0x65, 0x53, 0x21, 0xAC,
    0xD4, 0x40, 0x14, 0x7C, 0xDB, 0x26, 0xD7, 0x84, 0x8A, 0xE2, 0x09, 0x39, 0xAF, 0xEA, 0x55, 0x8B,
    0x37, 0x08, 0xCE, 0xFB, 0x20, 0xBE, 0xC5, 0x5D, 0xC1, 0x8B, 0xEF, 0x35, 0xEA, 0x14, 0xDE, 0xF4,
    0xBC, 0x6A, 0x10, 0xE8, 0x42, 0x70, 0x08, 0x1A, 0xB2, 0xE2, 0xF8, 0x69, 0x3B, 0x74, 0x32, 0xFB,
    0x7E, 0xE1, 0xF3, 0xCC, 0x9B, 0xCC, 0x5D, 0xDF, 0xBC, 0x9D, 0x9D, 0x35, 0xEB, 0xC1, 0x6A, 0xCD,
    0x90, 0x40, 0x10, 0xB0, 0xC4, 0x10, 0xBC, 0x70, 0x90, 0xE1, 0x66, 0x05, 0x41, 0x8E, 0x68, 0xC5,
    0xEA, 0x60, 0x31, 0xDB, 0xE8, 0xC9, 0x8A, 0xD9, 0x41, 0xDC, 0x40, 0x89, 0xD1, 0xB2, 0x76, 0x03,
    0x15, 0x06, 0x63, 0x6D, 0xE0, 0x2A, 0x70, 0xFC, 0x0F, 0xD4, 0x00, 0x66, 0x82, 0xE6, 0x6F, 0x70,
    0x23, 0x38, 0x03, 0x98, 0x1C, 0x8C, 0x04, 0xFD, 0x6A, 0x2A, 0x2C, 0x0E, 0x66, 0xF5, 0xE0, 0x20,
    0x1D, 0x4A, 0xA7, 0x21, 0x91, 0x39, 0xB0, 0x5C, 0xD3, 0xB4, 0x29, 0x8B, 0x9B, 0xFA, 0x3A, 0xBF,
    0x8D, 0x75, 0x90, 0x24, 0x09, 0x20, 0x12, 0xD4, 0xCE, 0x34, 0x5A, 0x22, 0xD5, 0xDD, 0xDA, 0x6A,
    0x92, 0x7E, 0xAC, 0x21, 0x7D, 0x00, 0x0B, 0x95, 0x00, 0xAC, 0x9A, 0xDF, 0x80, 0xD3, 0xD0, 0x56,
    0xEC, 0xCD, 0x6A, 0x15, 0xF9, 0x7E, 0xB6, 0x8A, 0xFF, 0xC3, 0xCD, 0xAA, 0x1B, 0x57, 0x9C, 0xEC,
    0xD9, 0x3D, 0x3F, 0x93, 0x40, 0x91, 0x7C, 0x2B, 0x65, 0x52, 0x05, 0xED, 0x50, 0xB3, 0x0F, 0xDA,
    0x04, 0x57, 0xD9, 0x82, 0xCE, 0x48, 0x68, 0xA9, 0xB3, 0x5C, 0x01, 0x2B, 0x39, 0xB0, 0x72, 0xAA,
    0x9C, 0x4D, 0x5D, 0x72, 0x2C, 0xCA, 0xA9, 0x5F, 0x93, 0xAC, 0x7A, 0x49, 0x03, 0x43, 0xDB, 0xFC,
    0xC4, 0xE5, 0x72, 0xC1, 0x95, 0x32, 0x14, 0xEC, 0xD5, 0x3B, 0xA8, 0xAC, 0xC7, 0x17, 0x50, 0xE0,
    0xBC, 0xD2, 0xB6, 0x68, 0xF5, 0x68, 0x16, 0x4E, 0xB4, 0x25, 0xBC, 0xC5, 0x03, 0xFB, 0xEE, 0x56,
    0xBA, 0x52, 0xAF, 0xD2, 0xB3, 0xA7, 0x92, 0xDD, 0xF0, 0xB4, 0xB8, 0xED, 0xF2, 0xD6, 0x89, 0x1F,
    0x98, 0xEE, 0x9E, 0x0C, 0x19, 0x0B, 0xCC, 0xFF, 0x10, 0x43, 0x06, 0x59, 0xB0, 0xC7, 0x6E, 0x23,
    0xC2, 0x9B, 0x27, 0x44, 0x35, 0xEF, 0xBA, 0x1D, 0x89, 0xE6, 0x71, 0x6E, 0x2D, 0xE2, 0x1C, 0x9D,
    0x68, 0xD0, 0x32, 0x5B, 0x98, 0x76, 0xC2, 0x32, 0x27, 0xFA, 0x28, 0x22, 0x47, 0x3C, 0xF0, 0xE6,
    0x4B, 0xFA, 0x4D, 0x43, 0x2A, 0x4C, 0x3D, 0x38, 0x07, 0xE0, 0xDF, 0x36, 0x05, 0x7C, 0xA6, 0xFB,
    0x01, 0x20, 0x81, 0xE5, 0x00, 0x7C, 0x00, 0x10, 0x73, 0xBC, 0x22, 0xA1, 0xAB, 0xE2, 0x05, 0x14,
    0xB0, 0x97, 0xE9, 0xEE, 0xA2, 0x13, 0x96, 0x88, 0xCE, 0x4A, 0x74, 0x29, 0x15, 0x99, 0x2C, 0xAD,
    0xD0, 0x5A, 0x81, 0xA8, 0xCC, 0xD1, 0xF4, 0x0A, 0x84, 0x0A, 0xA1, 0x92, 0xAC, 0xF9, 0xDD, 0x63,
    0xEC, 0x6B, 0x12, 0x0D, 0x46, 0xC5, 0x9F, 0xC4, 0x4A, 0x6B, 0x10, 0x49, 0x0C, 0x24, 0x1A, 0x7D,
    0x3E, 0xCB, 0x30, 0x12, 0x0A, 0xF7, 0x4E, 0x9C, 0xE7, 0x70, 0x7D, 0x67, 0xA4, 0x8F, 0x4E, 0x94,
    0x5F, 0x57, 0xAB, 0x37, 0xA2, 0xD6, 0x8C, 0x1E, 0xF8, 0x85, 0x76, 0x33, 0xB6, 0xE4, 0xE2, 0x22,
    0xBE, 0xE1, 0x01, 0x13, 0xE3, 0x8B, 0x41, 0xC4, 0x7B, 0x42, 0x12, 0x1C, 0xB2, 0xF5, 0x85, 0x64,
    0x6B, 0x7D, 0xFA, 0xE4, 0x88, 0xD1, 0x8E, 0xD8, 0xEF, 0x5C, 0x37, 0x79, 0xDA, 0x53, 0xF5, 0x91,
    0x4D, 0x0A, 0x49, 0x13, 0xA3, 0x5E, 0xA5, 0x24, 0x8E, 0x48, 0xA3, 0x7B, 0x7C, 0x0F, 0x04, 0x81,
    0x17, 0x44, 0x40, 0xCF, 0x02, 0x5A, 0x1D, 0x28, 0x20, 0xD9, 0x12, 0x16, 0x7F, 0x45, 0xAF, 0xF5,
    0x4A, 0x55, 0x88, 0xA9, 0x43, 0x02, 0x01, 0x69, 0x6E, 0x06, 0x48, 0x3B, 0xF7, 0x40, 0x27, 0x0B,
    0xFD, 0xF1, 0xFA, 0xEB, 0x5D, 0x7C, 0x99, 0xD9, 0xB3, 0xCD, 0x53, 0x35, 0x9E, 0x71, 0xD9, 0x2A,
    0x30, 0x38, 0x18, 0x7D, 0xCE, 0x24, 0x90, 0x83, 0xDF, 0x3C, 0xF7, 0xEB, 0xFD, 0xC4, 0x3D, 0x18,
    0x07, 0x2E, 0x07, 0xAC, 0x17, 0x4C, 0x3E, 0x72, 0x94, 0xAC, 0x5C, 0xC9, 0x24, 0x2F, 0xDD, 0x7B,
    0x8D, 0x3A, 0xF1, 0x78, 0x7F, 0x00, 0xAD, 0x96, 0x31, 0x8C, 0xDD, 0x44, 0x10, 0x86, 0xC7, 0xCF,
    0x01, 0x17, 0x46, 0xDA, 0x2B, 0x72, 0x12, 0x55, 0xDC, 0x23, 0x81, 0xE9, 0x15, 0xB1, 0xBE, 0x82,
    0x1E, 0x24, 0x5E, 0x43, 0xDF, 0x90, 0x86, 0x26, 0x25, 0xC2, 0x16, 0x7D, 0x91, 0xBE, 0x47, 0x22,
    0xA1, 0xEF, 0x10, 0xB6, 0x48, 0x41, 0x41, 0x81, 0xFB, 0x06, 0xD7, 0xD0, 0xB8, 0x58, 0x88, 0x11,
    0x6B, 0xFF, 0xCC, 0xCE, 0x8C, 0xCE, 0xF7, 0x4E, 0xF7, 0xA4, 0xE8, 0x74, 0x5B, 0xFC, 0x9F, 0x6E,
    0xC7, 0x9E, 0xB5, 0xFF, 0x99, 0x39, 0x3F, 0xBA, 0x5E, 0x1F, 0x1A, 0xDB, 0x46, 0x90, 0x61, 0x14,
    0x16, 0x98, 0x84, 0x15, 0x1A, 0x0D, 0x47, 0x0B, 0x4F, 0x16, 0xD6, 0x6D, 0x07, 0x59, 0xD1, 0x9F,
    0x61, 0x6D, 0x2C, 0xF1, 0xE9, 0xF1, 0x78, 0x7C, 0xF6, 0xC3, 0xC1, 0xD2, 0x53, 0xBF, 0x28, 0x6B,
    0x28, 0x4B, 0x0B, 0x1C, 0xEC, 0x00, 0x42, 0xA7, 0xFC, 0x44, 0x41, 0x8F, 0x8C, 0x4E, 0xAE, 0xF3,
    0x21, 0x29, 0x56, 0x96, 0x1C, 0xE9, 0x52, 0x87, 0x74, 0xA3, 0x07, 0x38, 0x2F, 0x80, 0x8D, 0x0A,
    0xF4, 0x6F, 0xD0, 0x55, 0xF0, 0x7F, 0x63, 0xF2, 0xD1, 0x87, 0x7E, 0xA9, 0x82, 0x0F, 0x7E, 0x2E,
    0x26, 0x1F, 0xDC, 0x90, 0x0D, 0x3E, 0x14, 0x96, 0xE7, 0x1E, 0xBA, 0xDC, 0x47, 0x2F, 0xBF, 0xA0,
    0xD3, 0xF5, 0x5C, 0x91, 0xAD, 0x02, 0xF3, 0x74, 0xB7, 0x22, 0x43, 0xB0, 0xD2, 0xAC, 0x64, 0x81,
    0xC6, 0x02, 0x83, 0xF9, 0x3B, 0x1B, 0xE3, 0x19, 0x86, 0x0F, 0x5E, 0xB2, 0xED, 0x9F, 0xC3, 0x8A,
    0x66, 0x9E, 0xD6, 0x9B, 0x59, 0xBC, 0x9C, 0x94, 0xBA, 0xB4, 0xF0, 0xC1, 0xC2, 0xF4, 0x93, 0xF1,
    0xE2, 0x9E, 0xEF, 0x7C, 0x5F, 0x7F, 0x1B, 0x1F, 0x32, 0xCA, 0x47, 0xAE, 0x53, 0xE3, 0x66, 0x1F,
    0xEA, 0x31, 0xD5, 0xAF, 0x0D, 0xF5, 0xE6, 0x03, 0xE6, 0x12, 0xED, 0x1B, 0x0C, 0x07, 0xF0, 0x22,
    0xEA, 0x81, 0x98, 0x7A, 0x08, 0x73, 0x7A, 0x0D, 0x0C, 0xC9, 0x1B, 0xEC, 0xED, 0x5A, 0xCD, 0x49,
    0xDF, 0x11, 0xD7, 0x3E, 0x23, 0x7A, 0x9F, 0x91, 0x05, 0xA2, 0x6F, 0x99, 0xC5, 0x4A, 0x19, 0x3A,
    0xE9, 0xEF, 0x1C, 0x63, 0xF2, 0x58, 0xFC, 0xCE, 0x52, 0x26, 0xBF, 0x26, 0xAB, 0xC4, 0x6F, 0xB7,
    0xEA, 0x4C, 0x78, 0xF3, 0x53, 0x81, 0x78, 0x9B, 0xAD, 0xC5, 0x2B, 0xBB, 0x9E, 0xEF, 0x97, 0x82,
    0x4A, 0xBE, 0x7A, 0xB5, 0xFC, 0x8B, 0x9D, 0x37, 0xED, 0xE7, 0xDB, 0xF3, 0x10, 0xBD, 0xD0, 0xE7,
    0xA3, 0x4B, 0x1D, 0x8F, 0xEE, 0x7A, 0x16, 0x4A, 0x29, 0x53, 0x8D, 0x8D, 0xE4, 0x7D, 0x3B, 0xDE,
    0x06, 0x07, 0x4A, 0xD6, 0x48, 0x3E, 0xE2, 0x77, 0x50, 0x1F, 0xF0, 0x2B, 0x3A, 0x3F, 0xE1, 0x17,
    0x90, 0x1B, 0x30, 0x44, 0xCA, 0x09, 0xC3, 0xC7, 0x44, 0xAC, 0xF4, 0x56, 0x9A, 0xB1, 0x5E, 0x50,
    0xD1, 0x60, 0x78, 0x4E, 0x15, 0x67, 0x58, 0xA9, 0x9D, 0xF1, 0x1A, 0x4D, 0xBB, 0xE0, 0x37, 0x34,
    0xD5, 0x8A, 0x3F, 0x92, 0x27, 0x10, 0x87, 0x20, 0x7E, 0x01, 0x0D, 0x51, 0x65, 0x13, 0x18, 0xF6,
    0x6C, 0x3E, 0x09, 0xBD, 0xDB, 0xEC, 0xFE, 0xF7, 0x51, 0xDE, 0x05, 0xAC, 0xA5, 0xDC, 0xEB, 0x53,
    0x1E, 0x02, 0xB0, 0x52, 0x0E, 0xFC, 0x27, 0x53, 0xFA, 0x0F, 0x26, 0xB7, 0xFA, 0x80, 0x29, 0x5F,
    0x7C, 0xF0, 0x1D, 0x4D, 0x3E, 0x3C, 0x91, 0x7E, 0x78, 0x74, 0xBE, 0x4F, 0x5E, 0xF8, 0xF0, 0x1E,
    0x1D, 0x52, 0x87, 0x50, 0x99, 0x26, 0x7C, 0xA8, 0x36, 0x9E, 0xF6, 0xB9, 0x44, 0xBF, 0x77, 0x48,
    0x2B, 0x1D, 0x52, 0x41, 0x3C, 0x87, 0x74, 0x38, 0xB6, 0x3D, 0x8F, 0x1B, 0xC5, 0x54, 0x20, 0x9E,
    0xD3, 0xCB, 0x23, 0xAF, 0x1B, 0x93, 0x8B, 0xE9, 0x21, 0xF4, 0x29, 0x25, 0x23, 0x90, 0x34, 0xC7,
    0xC0, 0xEA, 0x44, 0xFD, 0x46, 0xAC, 0x08, 0xAC, 0xBC, 0xCD, 0x5A, 0x6E, 0xC4, 0x5A, 0x23, 0x99,
    0xDE, 0xDF, 0xD0, 0x36, 0xA9, 0xEC, 0xCB, 0x35, 0x62, 0xF0, 0xB8, 0xCF, 0xB4, 0x47, 0x52, 0x27,
    0x5B, 0xB9, 0x55, 0x39, 0x09, 0x9F, 0x7B, 0xBA, 0xFA, 0xF9, 0xFE, 0xDA, 0x9E, 0x68, 0x3E, 0x24,
    0x75, 0x73, 0x52, 0x1F, 0x45, 0x91, 0xB4, 0xC4, 0xC0, 0x9A, 0x61, 0x66, 0x25, 0x1F, 0x93, 0x96,
    0x20, 0x79, 0xFE, 0x4E, 0x74, 0xBA, 0xAD, 0x52, 0x24, 0x7D, 0xA9, 0x94, 0x48, 0x67, 0x92, 0x38,
    0x8F, 0xBD, 0x98, 0x6D, 0x93, 0x93, 0x93, 0xF9, 0xDC, 0x3B, 0x96, 0xDB, 0xCE, 0xE0, 0xA9, 0x02,
    0x09, 0x62, 0x0D, 0xC3, 0x29, 0x3C, 0xEF, 0xBB, 0x95, 0x10, 0x12, 0x52, 0x88, 0xC1, 0xDB, 0x09,
    0x3A, 0xFE, 0x6B, 0xAF, 0xC0, 0xC9, 0x5F, 0x16, 0xB3, 0x33, 0xCC, 0x6D, 0x42, 0x10, 0x78, 0x3B,
    0x19, 0xC3, 0x49, 0x50, 0x94, 0xBE, 0x51, 0x5C, 0x28, 0xA8, 0x53, 0xE4, 0x93, 0xB2, 0x5C, 0x94,
    0xF5, 0xAA, 0xEC, 0x03, 0x59, 0x9D, 0x4F, 0x3E, 0x06, 0x75, 0x24, 0x3A, 0x7E, 0xF9, 0x52, 0x1D,
    0xC5, 0x9A, 0x41, 0x59, 0x18, 0x2B, 0xA3, 0x96, 0x89, 0xA8, 0x1D, 0x8C, 0xA3, 0xD2, 0xFF, 0x7B,
    0x94, 0x06, 0x77, 0x76, 0x5D, 0x6E, 0x24, 0x18, 0xFD, 0xF6, 0x63, 0xA2, 0x79, 0xF8, 0xF8, 0xFA,
    0x23, 0x92, 0x61, 0xB2, 0x4C, 0x8B, 0xB2, 0x5A, 0x95, 0x45, 0x50, 0x66, 0x23, 0x9D, 0xAE, 0xAF,
    0xEC, 0xBE, 0x26, 0xA1, 0x80, 0x84, 0x2B, 0xF5, 0xA9, 0xC7, 0x26, 0xAF, 0xF6, 0x5A, 0xFF, 0xED,
    0x5E, 0xA5, 0xDC, 0x35, 0x63, 0xE1, 0x10, 0x63, 0xE3, 0x10, 0x03, 0x5D, 0x29, 0x98, 0x7C, 0xEC,
    0xAF, 0xB6, 0x36, 0xFA, 0x99, 0x51, 0x45, 0x37, 0xE2, 0x6A, 0x2B, 0xE6, 0xBC, 0xE1, 0x58, 0x36,
    0x10, 0x31, 0x88, 0x1E, 0x16, 0x19, 0xA3, 0x39, 0x83, 0x7D, 0x1D, 0x8C, 0xE5, 0xA0, 0xAC, 0x6F,
    0x3B, 0xB4, 0x09, 0x4E, 0x2C, 0x7C, 0xF6, 0xFD, 0x51, 0xBE, 0x95, 0x56, 0x3E, 0x23, 0x1A, 0xE3,
    0x68, 0x34, 0x4F, 0xDD, 0xAA, 0xCC, 0x8D, 0xC5, 0x7A, 0x29, 0xE5, 0xFB, 0x3A, 0xDA, 0x75, 0xB3,
    0x71, 0x30, 0x52, 0xE2, 0x9F, 0x7D, 0xA4, 0xC7, 0x36, 0xB7, 0x77, 0xB6, 0x90, 0x65, 0x6B, 0x83,
    0xB2, 0x1A, 0x2D, 0xBB, 0x84, 0x6D, 0x65, 0xAF, 0xE8, 0xD5, 0x39, 0x0B, 0xB2, 0x87, 0xB7, 0xFC,
    0x20, 0xE8, 0xCA, 0x81, 0x6B, 0x9B, 0x4F, 0xF5, 0xCC, 0x70, 0x8B, 0xD4, 0xDD, 0x47, 0xB7, 0x31,
    0x30, 0xE7, 0xD2, 0x0C, 0x03, 0x09, 0x88, 0x3C, 0x23, 0x12, 0x39, 0xC6, 0x9C, 0x46, 0xED, 0x3B,
    0x19, 0x36, 0xFC, 0x25, 0x39, 0x7D, 0x0A, 0xA5, 0xE0, 0x7C, 0x73, 0x0E, 0x7F, 0xA6, 0x3B, 0xD6,
    0x13, 0xCA, 0xA6, 0xC4, 0xB6, 0x2B, 0x82, 0x7E, 0xCC, 0xDD, 0xAA, 0x45, 0x2B, 0xD0, 0x48, 0x11,
    0x79, 0x4B, 0x6A, 0x26, 0x86, 0x59, 0xDD, 0x72, 0xAB, 0x9B, 0x13, 0xEC, 0x3F, 0xD0, 0xAC, 0xCD,
    0xA3, 0x96, 0xBC, 0x88, 0xFA, 0xB7, 0xDB, 0x7F, 0x30, 0x28, 0xC7, 0x42, 0xD9, 0x64, 0x82, 0x55,
    0x72, 0x4B, 0xE3, 0x54, 0xAB, 0x8E, 0x1A, 0x1F, 0x5E, 0xA0, 0xD3, 0xE7, 0xD9, 0xA4, 0x98, 0x5D,
    0xB9, 0x24, 0x7E, 0x44, 0x87, 0xC9, 0x7E, 0x20, 0x37, 0x44, 0xFF, 0x03, 0xED, 0x52, 0xB1, 0x8E,
    0xE5, 0xD8, 0x71, 0xBD, 0x24, 0xB5, 0x4D, 0x40, 0x0C, 0x98, 0x58, 0x86, 0xB0, 0x23, 0x80, 0xA9,
    0xB1, 0x80, 0xC1, 0xC4, 0xA1, 0xAD, 0x4B, 0xC5, 0x0A, 0xA4, 0x40, 0xFB, 0x13, 0xB3, 0xC1, 0x7C,
    0x81, 0xCD, 0xA7, 0x2F, 0xD0, 0x4B, 0x1C, 0x6B, 0x82, 0x31, 0xB0, 0xDB, 0x0A, 0x94, 0x28, 0x95,
    0x48, 0x43, 0x3F, 0x40, 0x48, 0x1F, 0x20, 0x42, 0x98, 0x44, 0xAB, 0x60, 0xB9, 0x10, 0x61, 0xB0,
    0xBD, 0xE4, 0x2D, 0x57, 0x9D, 0xAA, 0xCB, 0xD7, 0xEF, 0x75, 0xF7, 0x74, 0xEF, 0x8C, 0xB4, 0x16,
    0x56, 0xE2, 0xF4, 0xDC, 0xAA, 0x47, 0xDE, 0x3A, 0x55, 0x75, 0xCE, 0xF9, 0xE0, 0xFA, 0xA5, 0xE3,
    0xE7, 0xFA, 0xE3, 0x9A, 0x26, 0x49, 0x68, 0xA9, 0x68, 0xE6, 0x98, 0xD2, 0x54, 0xD2, 0xCA, 0x49,
    0x46, 0x63, 0x81, 0x24, 0xA7, 0x3E, 0xA3, 0x8D, 0x93, 0x42, 0x12, 0xE2, 0xA4, 0xA4, 0x26, 0x41,
    0x52, 0xF1, 0x41, 0xD4, 0x38, 0x57, 0x07, 0xE7, 0x3A, 0x3A, 0x38, 0xE7, 0xB9, 0xA2, 0x25, 0x79,
    0x16, 0xFE, 0x81, 0x84, 0x51, 0x6B, 0x24, 0x93, 0x54, 0xCA, 0x33, 0xC4, 0xA4, 0x17, 0xF4, 0x85,
    0xFF, 0x1F, 0xA4, 0xDF, 0xCA, 0x1D, 0x30, 0xC1, 0xC6, 0x9F, 0x39, 0x49, 0x28, 0xB8, 0x6A, 0xC3,
    0x70, 0xE4, 0x6A, 0x19, 0x85, 0x7B, 0x34, 0x7E, 0x91, 0xC4, 0xD3, 0xA1, 0x9D, 0x34, 0xE9, 0x69,
    0x74, 0x98, 0x65, 0x10, 0x3C, 0x81, 0xFE, 0x7D, 0x4C, 0xFE, 0x24, 0xB3, 0x49, 0x8F, 0x2F, 0x04,
    0x4F, 0x7A, 0x30, 0xA4, 0x43, 0x0F, 0xAC, 0x26, 0x3D, 0x08, 0x78, 0xD2, 0x63, 0xD6, 0xA4, 0x53,
    0x42, 0x04, 0x7A, 0x88, 0x49, 0xAF, 0x49, 0xA5, 0x30, 0x0C, 0x7D, 0xD4, 0xF8, 0x4D, 0x3A, 0x2A,
    0x48, 0x00, 0x3F, 0xD8, 0xA8, 0xD6, 0x55, 0xDB, 0xD0, 0x09, 0x74, 0x7B, 0x00, 0x79, 0xFF, 0xCA,
    0x0D, 0xB4, 0x75, 0x4B, 0x86, 0x89, 0xD1, 0x6A, 0x59, 0x5D, 0x80, 0x0F, 0x3A, 0x71, 0xBF, 0x87,
    0x2B, 0xFA, 0x89, 0x84, 0x16, 0xA0, 0x99, 0xB2, 0x55, 0x69, 0x68, 0x79, 0x1F, 0x0E, 0x8C, 0xDB,
    0x8A, 0x24, 0x93, 0x94, 0xE7, 0x3C, 0x2C, 0x87, 0x92, 0x81, 0x2A, 0x6A, 0x64, 0xD0, 0x9A, 0xB9,
    0x42, 0x70, 0x3E, 0x48, 0x3F, 0xD7, 0xF2, 0x1C, 0x9C, 0x76, 0x22, 0xD1, 0xE6, 0x84, 0x00, 0x4E,
    0x25, 0xF0, 0x9C, 0x1C, 0x12, 0x06, 0xE2, 0xC0, 0xBA, 0x4B, 0xC8, 0xB5, 0x81, 0xE0, 0x75, 0x41,
    0xAA, 0xB9, 0xD7, 0x8F, 0x65, 0x13, 0xAF, 0x92, 0x56, 0xAA, 0xA3, 0xEC, 0xDC, 0x9C, 0x68, 0x7C,
    0x16, 0x64, 0xAB, 0xE7, 0xD7, 0xFC, 0xBC, 0xEA, 0x64, 0xD8, 0x80, 0x93, 0x2E, 0xCE, 0x00, 0xF7,
    0xB8, 0x2F, 0x73, 0xFE, 0x03, 0x4E, 0x75, 0xD4, 0x43, 0xE7, 0x97, 0xC5, 0xD4, 0xF3, 0xFA, 0x93,
    0x0F, 0x7F, 0x44, 0x0F, 0x3D, 0x21, 0x7A, 0xF9, 0xF6, 0xF3, 0xAD, 0x0F, 0x79, 0x71, 0x59, 0xF4,
    0x99, 0x50, 0x51, 0x0F, 0xD8, 0x9F, 0xE8, 0xD0, 0x8D, 0xCA, 0x0B, 0xFD, 0x8F, 0xC8, 0xA9, 0xDB,
    0x06, 0x98, 0x4D, 0x9E, 0x15, 0x6C, 0x1D, 0x13, 0xB8, 0xA3, 0x12, 0xCC, 0x4A, 0x32, 0x98, 0x2B,
    0x97, 0x9F, 0x1D, 0xC1, 0x09, 0x22, 0xC8, 0x06, 0x87, 0x04, 0xC6, 0x5D, 0x31, 0x23, 0xB1, 0x2C,
    0xB3, 0xF8, 0xD7, 0x4B, 0xC6, 0x55, 0xE5, 0xCA, 0x2A, 0xE7, 0x2C, 0x95, 0xF3, 0x13, 0xCB, 0x5E,
    0x88, 0x16, 0x34, 0xB0, 0x71, 0x4A, 0xB8, 0xA5, 0xB1, 0xAC, 0x14, 0x05, 0x91, 0xF9, 0x39, 0x66,
    0x7C, 0x55, 0xB3, 0x94, 0x95, 0x2B, 0xC5, 0x32, 0x7D, 0xB1, 0x39, 0x35, 0x4F, 0x5F, 0x2F, 0x30,
    0x0E, 0xE3, 0xC9, 0x32, 0xDC, 0x2D, 0xA7, 0xDF, 0xC8, 0x32, 0xE8, 0xFB, 0x85, 0x38, 0x98, 0xDD,
    0x90, 0x29, 0x23, 0x3C, 0x1B, 0xAF, 0x36, 0xCA, 0x58, 0x8B, 0x0C, 0x79, 0x90, 0x05, 0x27, 0xD9,
    0x03, 0x05, 0xA8, 0x9F, 0xE5, 0x8A, 0xDA, 0xF8, 0xBA, 0x03, 0xE3, 0x3B, 0x19, 0x99, 0x66, 0xA3,
    0x2C, 0x53, 0x93, 0xFA, 0xC8, 0x4F, 0xA9, 0xDA, 0xCB, 0x55, 0x03, 0xB3, 0x7B, 0x23, 0x6C, 0xE7,
    0x8D, 0xBB, 0xF7, 0x79, 0x5F, 0x43, 0x41, 0xFA, 0x1D, 0x3C, 0xCA, 0x7C, 0x16, 0x61, 0x4F, 0x28,
    0x33, 0x49, 0xCC, 0x2C, 0xE6, 0xA6, 0x66, 0x89, 0x19, 0x38, 0x06, 0x90, 0xED, 0xEA, 0x45, 0xA4,
    0x62, 0x98, 0x59, 0x7D, 0xD1, 0x4E, 0x2D, 0x80, 0x69, 0x04, 0x70, 0x42, 0x3D, 0x62, 0x4A, 0x7D,
    0xA5, 0x2B, 0x33, 0xC5, 0x93, 0x74, 0x67, 0xA4, 0x59, 0x60, 0x54, 0xC3, 0x6A, 0xE3, 0x4F, 0x0C,
    0xEC, 0x57, 0x8E, 0x0C, 0xEC, 0x17, 0x99, 0x80, 0xA7, 0x9A, 0xD4, 0x70, 0x84, 0xD8, 0xA4, 0x32,
    0x5C, 0x4B, 0x7D, 0x26, 0x98, 0x0C, 0x9C, 0x1B, 0x65, 0xA5, 0xF4, 0x64, 0x5B, 0x94, 0x84, 0x11,
    0xE7, 0x3A, 0x20, 0x2E, 0x7E, 0xC3, 0xE8, 0x6B, 0x1B, 0xFE, 0xF3, 0xC3, 0x0F, 0x3F, 0xA2, 0x8D,
    0x1E, 0x79, 0x6A, 0x0D, 0xB3, 0x7A, 0x70, 0xBF, 0x1F, 0x2C, 0x6E, 0xF6, 0x7E, 0x85, 0x4A, 0x8E,
    0xF1, 0x25, 0x26, 0x34, 0xD5, 0x32, 0x5F, 0x2A, 0xFD, 0xE1, 0x36, 0x36, 0xD4, 0x22, 0x7D, 0x79,
    0x3E, 0xB8, 0xB7, 0xC1, 0x4E, 0x3C, 0x5C, 0x2A, 0x64, 0x55, 0x41, 0x77, 0xF3, 0x2B, 0x76, 0x42,
    0x14, 0xED, 0xBB, 0x59, 0xD5, 0x50, 0x77, 0x0F, 0x89, 0x60, 0x33, 0x69, 0xA9, 0xEC, 0xCA, 0xA4,
    0x65, 0x6A, 0x94, 0x39, 0x97, 0x5D, 0x99, 0xB4, 0x82, 0x20, 0xCF, 0x5A, 0xCA, 0x8E, 0x29, 0x6D,
    0x15, 0x74, 0xA1, 0xE0, 0x17, 0x95, 0xD1, 0x43, 0xB7, 0x16, 0x4E, 0x11, 0x40, 0xD5, 0xB5, 0x26,
    0xD5, 0xB9, 0x22, 0xD5, 0xBF, 0x54, 0xD9, 0x18, 0x18, 0x32, 0xAA, 0x0A, 0xCE, 0xBC, 0x09, 0x1F,
    0x0C, 0xEA, 0x97, 0x57, 0xD1, 0x3E, 0x3F, 0x27, 0x40, 0x14, 0x60, 0xA2, 0x97, 0xD1, 0x35, 0xC9,
    0xC9, 0x92, 0x3A, 0x26, 0xC6, 0x56, 0xCF, 0xDE, 0x7C, 0x6D, 0xA0, 0xDA, 0x44, 0xB5, 0xD7, 0x31,
    0x0C, 0x3E, 0xDA, 0x90, 0x13, 0x6B, 0xD4, 0xC6, 0xA4, 0xB3, 0x22, 0xA7, 0x8E, 0xC3, 0x72, 0x86,
    0xFC, 0xA4, 0x24, 0x5C, 0xE3, 0x39, 0x74, 0xB1, 0xBC, 0x8D, 0x80, 0x7B, 0x2F, 0xAF, 0x64, 0xC8,
    0x3C, 0x7D, 0x9C, 0x70, 0xD2, 0x24, 0x37, 0x42, 0x98, 0x62, 0x3A, 0x9E, 0xB5, 0xEF, 0x85, 0x54,
    0x4D, 0x8A, 0x98, 0x24, 0x31, 0x11, 0x82, 0x35, 0x71, 0x2F, 0x62, 0xE2, 0xD4, 0xCF, 0x8A, 0x31,
    0x45, 0xD4, 0xD1, 0x19, 0x37, 0xFD, 0xBB, 0xD0, 0xDB, 0x2E, 0x46, 0xAF, 0x30, 0x0B, 0x7A, 0xA5,
    0x83, 0xD0, 0x8B, 0x0E, 0x42, 0x2F, 0x3A, 0xC8, 0xA6, 0x48, 0x84, 0xDE, 0x42, 0x2C, 0x25, 0xF4,
    0x96, 0x64, 0xF4, 0x56, 0xF4, 0x16, 0xF4, 0xFE, 0x8C, 0xFE, 0x57, 0xE9, 0xCD, 0xA0, 0x26, 0xD3,
    0xAB, 0xCB, 0x30, 0xBD, 0xE8, 0x20, 0x4D, 0xD1, 0x41, 0xE8, 0x45, 0x07, 0xA1, 0xB7, 0xDE, 0x94,
    0xDE, 0xCD, 0xAF, 0x46, 0xAF, 0x59, 0xEE, 0xCB, 0xD1, 0xBB, 0x13, 0x55, 0x46, 0x31, 0xAB, 0x28,
    0x6F, 0x1D, 0x05, 0xF7, 0x26, 0xE1, 0xAD, 0xE7, 0x79, 0xA7, 0x55, 0x2F, 0x1E, 0xA4, 0x37, 0x8E,
    0x91, 0xC5, 0x84, 0x3B, 0x35, 0xE7, 0xEE, 0xBD, 0x65, 0xDA, 0xE6, 0xD2, 0xB4, 0xEF, 0xE8, 0xD5,
    0xB8, 0x43, 0x7B, 0xB2, 0x68, 0x1F, 0x2D, 0x3A, 0x46, 0x8B, 0x86, 0x68, 0x9D, 0xCB, 0x99, 0xEF,
    0xA1, 0x6E, 0x37, 0x92, 0x4B, 0x90, 0xF5, 0x72, 0xE5, 0x93, 0x06, 0xC8, 0xFC, 0x84, 0x98, 0xA8,
    0x5B, 0xE4, 0xD9, 0x62, 0xC2, 0x1A, 0x5A, 0xA2, 0x9D, 0x19, 0x40, 0x95, 0x62, 0x74, 0x63, 0x96,
    0x85, 0xD9, 0x07, 0x6E, 0x2E, 0x06, 0x2E, 0x4F, 0xC9, 0x10, 0xCB, 0x6C, 0x85, 0x9C, 0x26, 0x43,
    0x7E, 0x5A, 0xF2, 0x01, 0xD8, 0xF9, 0x99, 0x58, 0x5B, 0xCB, 0xC7, 0x08, 0x38, 0x5C, 0xF4, 0xAA,
    0xEE, 0x48, 0x13, 0x27, 0xCC, 0xC8, 0xA4, 0x79, 0xC1, 0x5B, 0x18, 0xF2, 0x74, 0x22, 0x4C, 0x93,
    0x10, 0x77, 0x9F, 0x63, 0xD2, 0x58, 0x72, 0x04, 0xD6, 0x18, 0xD5, 0x9D, 0xA2, 0xDE, 0xCB, 0x85,
    0xD7, 0xDE, 0x92, 0xDE, 0x94, 0x06, 0xA5, 0x37, 0x61, 0x68, 0xA5, 0x97, 0x13, 0xA5, 0x57, 0x7A,
    0x80, 0x5E, 0xE9, 0x01, 0x7A, 0x25, 0xC1, 0xA6, 0x75, 0x30, 0x7A, 0x4B, 0x32, 0x7A, 0x4B, 0xBE,
    0xF8, 0x16, 0xF4, 0xB2, 0x03, 0x95, 0xDE, 0x76, 0x35, 0x7A, 0xB9, 0x87, 0xD2, 0xCB, 0x3D, 0x94,
    0x5E, 0xEE, 0x51, 0x59, 0xD2, 0x28, 0xBD, 0x39, 0x1D, 0x3A, 0x52, 0x72, 0x7F, 0xAD, 0xF4, 0xA6,
    0xF4, 0xD9, 0x5B, 0xD1, 0x1B, 0x7D, 0x5F, 0x46, 0x3F, 0x15, 0x51, 0x3F, 0xEE, 0x11, 0x05, 0x34,
    0x69, 0x77, 0x9E, 0x3F, 0x3D, 0xEE, 0xF4, 0x1E, 0xDF, 0x40, 0xEF, 0x3E, 0xC6, 0x1A, 0x3D, 0x12,
    0x2E, 0xDD, 0xEB, 0xEF, 0xF8, 0x67, 0x37, 0x2D, 0xB3, 0xF1, 0x56, 0x5E, 0x1D, 0x2F, 0x3C, 0x5F,
    0x9E, 0x9C, 0x69, 0x49, 0x67, 0x2B, 0x16, 0x3C, 0xC6, 0x3E, 0xE1, 0xA3, 0xD4, 0x45, 0x23, 0xBD,
    0x16, 0xB1, 0xAC, 0x29, 0xCD, 0xA7, 0xAC, 0xBB, 0xFB, 0x6E, 0xBC, 0xB2, 0xE4, 0xC6, 0xBA, 0x57,
    0x22, 0x35, 0xB2, 0xF2, 0xEF, 0xD9, 0x5B, 0x66, 0xCC, 0x69, 0x68, 0x12, 0x66, 0xFB, 0x28, 0x72,
    0x0C, 0x25, 0x1F, 0x8B, 0x30, 0x3E, 0x54, 0x67, 0xD9, 0xFC, 0x9C, 0xDD, 0x70, 0x78, 0x9F, 0x8F,
    0x97, 0x99, 0x29, 0x5A, 0x9E, 0x47, 0x5C, 0xBB, 0x15, 0xC7, 0x52, 0x8C, 0x9A, 0xD0, 0x98, 0xC1,
    0xA7, 0x34, 0xA6, 0x24, 0x46, 0x69, 0x47, 0x27, 0x6E, 0x70, 0x7E, 0xE4, 0x19, 0xC4, 0x04, 0x83,
    0xAB, 0x65, 0xA0, 0xF7, 0x65, 0x1C, 0x75, 0x76, 0x46, 0xDB, 0xB9, 0xAF, 0x89, 0x0E, 0x66, 0xB9,
    0xC1, 0xDC, 0x3D, 0x99, 0x17, 0x17, 0x2B, 0x58, 0x2F, 0x0B, 0xA2, 0x47, 0xCD, 0xA2, 0xC1, 0xBE,
    0xC7, 0x06, 0xB1, 0x5E, 0xF1, 0x6A, 0xC3, 0x6F, 0x63, 0x79, 0xBC, 0x36, 0x9B, 0xB1, 0x79, 0xCE,
    0xAB, 0x23, 0xB7, 0x15, 0xCE, 0x66, 0x45, 0x2D, 0x57, 0x87, 0x31, 0xEB, 0x35, 0xC5, 0x14, 0x7E,
    0xCD, 0x81, 0xDA, 0x2D, 0xA5, 0x5C, 0x73, 0xB4, 0x78, 0xF3, 0xAF, 0xC5, 0xE9, 0x22, 0x8E, 0xB5,
    0xF1, 0x55, 0x18, 0x8F, 0xDA, 0x3B, 0x69, 0xF0, 0x7D, 0x7D, 0xE8, 0xB4, 0xC9, 0x7A, 0x9B, 0xAC,
    0xB1, 0x45, 0x6C, 0x5F, 0x25, 0xCE, 0xB5, 0x8B, 0x2D, 0xA2, 0x7B, 0xA6, 0xB6, 0x67, 0x2C, 0x2B,
    0xAD, 0xAC, 0x0A, 0x56, 0xB6, 0x1A, 0x4D, 0xF3, 0x59, 0x59, 0x66, 0x65, 0xB9, 0xD1, 0x13, 0xBB,
    0xD4, 0xDB, 0x79, 0x99, 0xD1, 0x94, 0x08, 0x4D, 0x67, 0xC3, 0x1D, 0x9E, 0x36, 0xDC, 0xF8, 0xB4,
    0xE1, 0xEE, 0xDF, 0x29, 0xDF, 0xCB, 0x6C, 0xB8, 0x8B, 0xB2, 0xF8, 0x68, 0x77, 0x35, 0x44, 0x45,
    0x5A, 0x71, 0xD8, 0xEB, 0x33, 0x0C, 0x91, 0x2A, 0xB6, 0xEE, 0xD3, 0x01, 0xA0, 0xD5, 0xB2, 0x70,
    0x59, 0x56, 0x58, 0xD9, 0x70, 0x59, 0xA6, 0x0A, 0xB5, 0xEB, 0xDD, 0xB2, 0xE6, 0xA2, 0x4C, 0x5D,
    0x98, 0x58, 0xF1, 0x72, 0x59, 0x56, 0xDF, 0x29, 0xCB, 0xAD, 0x6C, 0xBC, 0x2C, 0xD3, 0x51, 0x23,
    0xBF, 0xFB, 0xC6, 0xD3, 0xE5, 0x59, 0xF3, 0x59, 0x1C, 0xEA, 0x29, 0xEF, 0xAB, 0xA9, 0x9E, 0xEA,
    0xD1, 0x87, 0xFA, 0x73, 0x9A, 0x5A, 0xFA, 0xEC, 0x0B, 0x5A, 0x2A, 0x78, 0x32, 0xE1, 0x23, 0xC8,
    0xC8, 0xD2, 0x24, 0x23, 0x69, 0x5E, 0x4B, 0x9E, 0xE2, 0x3D, 0x1C, 0x3B, 0xEA, 0x7D, 0xBF, 0x49,
    0x6D, 0x29, 0x38, 0x43, 0xD1, 0xD4, 0x53, 0xD6, 0x2B, 0xFE, 0x3D, 0x7D, 0x93, 0x6B, 0xC0, 0xF0,
    0x90, 0x5C, 0xDE, 0x64, 0xD1, 0xF3, 0x53, 0x15, 0x12, 0x9A, 0xEB, 0xC5, 0xF9, 0xC5, 0xCF, 0xAE,
    0x5A, 0xF9, 0x6E, 0xB9, 0x1F, 0xFC, 0x73, 0x71, 0xF5, 0xC2, 0x56, 0x6B, 0xE7, 0x8A, 0xFE, 0x48,
    0x93, 0x54, 0xF4, 0x52, 0xDB, 0xB8, 0x4E, 0xA0, 0x0A, 0x3A, 0xBA, 0xE2, 0x86, 0x05, 0x6D, 0x3A,
    0xEA, 0x29, 0xFE, 0xB5, 0xE4, 0x2A, 0xF3, 0xC9, 0xEE, 0x88, 0xD2, 0x78, 0xA9, 0xCC, 0x11, 0xB5,
    0x45, 0x6F, 0x17, 0xDB, 0xC9, 0x0C, 0x66, 0xD1, 0xFC, 0xE8, 0xCC, 0x60, 0x89, 0x19, 0x2C, 0x33,
    0x3B, 0x67, 0xE6, 0xCF, 0xDC, 0xE0, 0x8B, 0x70, 0xDE, 0xA6, 0xBC, 0x6C, 0x33, 0xEF, 0x72, 0x74,
    0x22, 0x57, 0x3B, 0xE9, 0x02, 0xDD, 0xA8, 0x91, 0xE1, 0x3B, 0xDA, 0xD0, 0xA6, 0x63, 0x8E, 0x53,
    0x69, 0xC3, 0x36, 0xCD, 0x94, 0x7B, 0x8E, 0xB0, 0x50, 0x93, 0x07, 0xF5, 0x1E, 0xDA, 0xB0, 0x1F,
    0xD0, 0x86, 0xCD, 0x8B, 0x75, 0xD9, 0x50, 0xF5, 0x0C, 0x27, 0x8E, 0xDE, 0x4C, 0xA5, 0xFC, 0xD3,
    0xD4, 0x0D, 0xEA, 0x4D, 0xDD, 0xA2, 0x5D, 0x34, 0xFA, 0x4D, 0xB7, 0xF1, 0x41, 0xB7, 0x60, 0x65,
    0x8D, 0xB3, 0x60, 0x51, 0xB7, 0x29, 0xD4, 0xCE, 0xDC, 0x68, 0xB1, 0xE5, 0x75, 0x1B, 0xB3, 0x3C,
    0x37, 0x1A, 0x4F, 0x86, 0x7B, 0xC6, 0x77, 0xEA, 0x44, 0x14, 0xA2, 0x9C, 0x35, 0xCE, 0x89, 0x6D,
    0xC4, 0xE2, 0x79, 0xA2, 0xB5, 0xDD, 0x5A, 0x71, 0xD8, 0xD0, 0x8D, 0x2C, 0xA1, 0xAC, 0xCC, 0xB8,
    0xB2, 0xF0, 0x2C, 0x67, 0xBB, 0xE0, 0xCD, 0xC6, 0xCC, 0x8B, 0xE5, 0xBA, 0x59, 0x6E, 0xB6, 0x44,
    0x0B, 0x6D, 0x5C, 0x3B, 0x7A, 0xC1, 0x39, 0x54, 0x8C, 0x19, 0x84, 0x0D, 0xE6, 0xCD, 0x75, 0xE8,
    0xF7, 0x9E, 0xAB, 0x5F, 0x73, 0x47, 0x71, 0xA7, 0xF0, 0xB6, 0xF1, 0xB4, 0xCC, 0x0B, 0x23, 0xF0,
    0xFD, 0x89, 0x2B, 0x7B, 0xFE, 0x3F, 0x8B, 0xDB, 0xDA, 0x99, 0xF7, 0xFB, 0x31, 0x8D, 0xDD, 0x98,
    0xF3, 0xAD, 0x76, 0xA2, 0x3E, 0xE5, 0x7D, 0xFC, 0x24, 0x5D, 0xA7, 0xB3, 0x98, 0xF0, 0x5C, 0x1C,
    0x07, 0xE9, 0xD5, 0x8E, 0xDD, 0x54, 0x8B, 0xAD, 0x64, 0x96, 0xCF, 0x49, 0xF1, 0x86, 0x0E, 0xB3,
    0x50, 0xC3, 0xB9, 0xCB, 0xD1, 0x53, 0xB5, 0x74, 0x4C, 0xF4, 0x07, 0x1F, 0x9B, 0xD4, 0xEB, 0xD7,
    0x3C, 0x12, 0x9E, 0xF5, 0xA9, 0xD1, 0xFC, 0xD1, 0x44, 0xA3, 0xA4, 0x53, 0xCC, 0xF2, 0x2D, 0x66,
    0x25, 0xC5, 0xCF, 0x5E, 0x2D, 0x2A, 0xAE, 0xA5, 0x58, 0xB0, 0x63, 0xE4, 0x66, 0x40, 0x29, 0x18,
    0xDF, 0xBE, 0xE0, 0xF0, 0xB4, 0x82, 0xE1, 0x2F, 0x54, 0x30, 0xDD, 0x53, 0xA0, 0xCF, 0xE0, 0x28,
    0x66, 0xE9, 0x9E, 0xE5, 0x7B, 0x56, 0xEE, 0x99, 0xDF, 0x33, 0x9A, 0xBE, 0x8A, 0x7F, 0x25, 0xB9,
    0xBF, 0xC9, 0x83, 0x9F, 0xAB, 0xEB, 0x4B, 0x8F, 0x56, 0xD1, 0x71, 0xFE, 0x94, 0x98, 0xB9, 0xBA,
    0x28, 0x2E, 0x99, 0x2D, 0x12, 0x32, 0xE1, 0x33, 0xA2, 0x2D, 0x26, 0x01, 0x49, 0x41, 0xBF, 0x23,
    0x03, 0xFE, 0x81, 0x1A, 0xA6, 0xA2, 0x42, 0x11, 0x7D, 0xC8, 0xD4, 0x1B, 0xED, 0x9A, 0x29, 0x74,
    0xB7, 0x26, 0x0A, 0xCD, 0xB8, 0xB4, 0xC0, 0x50, 0x13, 0xBF, 0x04, 0xDE, 0xE8, 0xFC, 0x06, 0x63,
    0x0D, 0x3C, 0x08, 0x80, 0x7B, 0x86, 0x02, 0xF0, 0x01, 0xFF, 0x5D, 0x4D, 0xFA, 0x96, 0x81, 0xF5,
    0x9E, 0x6B, 0x37, 0xA9, 0x64, 0x44, 0x19, 0x0F, 0xD0, 0x40, 0xE5, 0x23, 0x45, 0x1F, 0x86, 0xC6,
    0x67, 0xB9, 0x88, 0x02, 0x81, 0x2E, 0x31, 0x5D, 0x4D, 0x0D, 0x40, 0x05, 0xBA, 0x26, 0x5D, 0xA0,
    0x47, 0x63, 0xB9, 0xD9, 0x6E, 0xBA, 0xE4, 0xF4, 0xFC, 0x63, 0xF8, 0xFE, 0xFA, 0xA5, 0x0F, 0xFA,
    0x66, 0xD4, 0x3B, 0x3C, 0x47, 0x05, 0x26, 0xB9, 0x4A, 0x01, 0xF9, 0x67, 0x11, 0x5B, 0xE8, 0xBA,
    0x5C, 0xB2, 0x8F, 0x91, 0x80, 0x49, 0x19, 0x53, 0x47, 0x9D, 0xF1, 0x56, 0xBF, 0x0B, 0x34, 0x2A,
    0xF6, 0x05, 0x05, 0x1A, 0xD3, 0x95, 0x20, 0xA1, 0x91, 0x99, 0x7A, 0x7C, 0x56, 0xA2, 0x82, 0x51,
    0xD7, 0xAE, 0xB7, 0xC9, 0x94, 0x53, 0x05, 0x6B, 0x57, 0x6D, 0xCC, 0x94, 0x9A, 0x04, 0x35, 0xE5,
    0x2A, 0xCA, 0x2E, 0x53, 0x49, 0x3F, 0x51, 0xE1, 0x72, 0xFA, 0x8C, 0xCE, 0xC5, 0x4D, 0xA3, 0xDC,
    0x6C, 0x80, 0xE5, 0xC2, 0x12, 0x6D, 0x4C, 0xBC, 0x02, 0x0B, 0x74, 0x1F, 0xAD, 0x75, 0x70, 0xE6,
    0x09, 0x8D, 0xEF, 0xFF, 0xEA, 0x95, 0xA2, 0xA9, 0x7A, 0x00, 0x23, 0x79, 0xA4, 0x15, 0x3F, 0xCC,
    0x9C, 0x3C, 0x53, 0x45, 0x37, 0xEE, 0x05, 0xCD, 0x9E, 0xAF, 0xA5, 0xB4, 0x62, 0xBB, 0x6E, 0xC5,
    0x6E, 0x7E, 0xEB, 0x64, 0x80, 0x3A, 0x60, 0xAF, 0x8A, 0xD0, 0xBC, 0xFC, 0xEB, 0x0F, 0xD7, 0x2F,
    0x39, 0x7C, 0xF3, 0xFA, 0xAF, 0x7F, 0x5C, 0xA5, 0xD5, 0x48, 0x36, 0xCA, 0x4D, 0x00, 0x93, 0xC3,
    0xC4, 0x31, 0xA9, 0x4C, 0x38, 0x93, 0x31, 0x8A, 0x7A, 0xA5, 0x12, 0x9B, 0xE0, 0xC0, 0x6A, 0xD4,
    0x50, 0xA3, 0xCA, 0xB6, 0xC2, 0x39, 0xB0, 0x17, 0x21, 0xA4, 0xB4, 0xF8, 0x55, 0x6E, 0x4C, 0xE5,
    0x2C, 0x16, 0x9C, 0xB2, 0x5E, 0x7C, 0x33, 0xA9, 0x8F, 0x2C, 0x8C, 0x5F, 0xF3, 0x30, 0xF0, 0xE6,
    0x7D, 0xC9, 0x6C, 0xBA, 0x7A, 0xAC, 0x24, 0xB4, 0x8B, 0x27, 0x26, 0xAE, 0x23, 0x82, 0x04, 0xCA,
    0x9B, 0x57, 0xB1, 0x2A, 0xA5, 0x38, 0xE9, 0x66, 0x67, 0x1C, 0xBF, 0xD6, 0x08, 0x56, 0x85, 0x51,
    0x42, 0xCC, 0x1E, 0x88, 0x09, 0xC0, 0x44, 0x87, 0xD1, 0x7D, 0x75, 0x4F, 0x81, 0xE1, 0xBA, 0x01,
    0x7B, 0x65, 0x34, 0x8B, 0x77, 0x78, 0xF3, 0xF5, 0x6E, 0x3C, 0x48, 0x5C, 0x5A, 0x19, 0x96, 0xED,
    0xF0, 0x6C, 0xC1, 0xAE, 0x87, 0xE2, 0x06, 0xF5, 0xC7, 0x58, 0xDF, 0x11, 0x7C, 0xB2, 0x3E, 0x84,
    0x13, 0xEB, 0x2B, 0xD4, 0x83, 0xB1, 0xAF, 0xEA, 0xA9, 0xE7, 0x33, 0x3D, 0xB2, 0x07, 0xF5, 0x08,
    0xE7, 0x7A, 0xBC, 0x80, 0x1E, 0xD5, 0xE8, 0xBA, 0x85, 0xDF, 0x65, 0xF6, 0x37, 0xA7, 0xEC, 0x92,
    0xFF, 0x68, 0x1E, 0xED, 0x9A, 0x2F, 0xAE, 0x0E, 0x8E, 0xD7, 0x26, 0xFD, 0xDB, 0x18, 0xC6, 0xD5,
    0x47, 0xA7, 0xC4, 0xD5, 0xAF, 0x41, 0x1C, 0xBF, 0x06, 0x71, 0xEC, 0x11, 0x10, 0x95, 0xDD, 0x8D,
    0x20, 0x8E, 0xFB, 0x83, 0xB8, 0xAF, 0xD0, 0x23, 0x6A, 0x90, 0x7A, 0x8E, 0x73, 0x3E, 0x34, 0x1F,
    0x0C, 0xC2, 0xDC, 0xC5, 0x39, 0x61, 0x10, 0xE3, 0x4E, 0xF9, 0xFC, 0x2F, 0x3E, 0xBE, 0xCD, 0xA3,
    0xD3, 0x6B, 0xE7, 0x3C, 0x4A, 0x1A, 0xD7, 0xF5, 0x25, 0xC7, 0x25, 0xA7, 0xBE, 0x26, 0x3C, 0x07,
    0xBF, 0x5D, 0x49, 0x74, 0x7E, 0x74, 0xFC, 0x6A, 0x75, 0x65, 0xCF, 0x68, 0x34, 0xB8, 0x8C, 0xAB,
    0xAF, 0x3E, 0xB9, 0x67, 0xC0, 0xF7, 0x5E, 0xF1, 0xF1, 0x4F, 0xEC, 0x41, 0xD6, 0xC3, 0x7D, 0x57,
    0x70, 0x43, 0xE3, 0xE8, 0x20, 0xB8, 0x33, 0xE3, 0x7A, 0xC5, 0x6D, 0xDA, 0x1B, 0xC1, 0x0D, 0xC2,
    0x1C, 0xE3, 0x2E, 0xAE, 0x3A, 0x08, 0xDB, 0x83, 0xCB, 0x05, 0xF7, 0xD5, 0xE3, 0x3C, 0x44, 0x9C,
    0xC7, 0xE2, 0x9F, 0x1B, 0xE7, 0x05, 0xBB, 0xF6, 0x17, 0x32, 0x2A, 0x2F, 0xE5, 0x78, 0xA9, 0x31,
    0xA1, 0x86, 0x17, 0x08, 0x79, 0xBC, 0xEA, 0xFC, 0x52, 0xEB, 0x62, 0x99, 0xF0, 0xE5, 0x7B, 0x66,
    0x78, 0x72, 0xF9, 0xC1, 0xE5, 0xB7, 0x86, 0xB9, 0x3A, 0x3A, 0xF7, 0x43, 0x91, 0xCF, 0xB9, 0x5F,
    0xF2, 0x07, 0xD6, 0x8C, 0x1A, 0x06, 0x63, 0x13, 0x0B, 0x4A, 0xF8, 0xFE, 0x0E, 0xD6, 0xCE, 0x95,
    0x82, 0xA5, 0x3B, 0xD8, 0xE8, 0xAE, 0x0E, 0xEE, 0x2A, 0xEC, 0x60, 0xFF, 0x82, 0xF3, 0x3B, 0xFE,
    0x0F, 0x7C, 0x7E, 0xB4, 0x6A, 0xDD, 0x45, 0x80, 0x84, 0x74, 0x74, 0xEF, 0x5D, 0xD3, 0xF5, 0x0F,
    0xDF, 0xCC, 0x87, 0x5E, 0xB1, 0x82, 0x7B, 0xC1, 0xFC, 0x1F, 0x1A, 0x97, 0x7C, 0xB4, 0x5A, 0x5B,
    0x39, 0x74, 0x94, 0x59, 0x8E, 0x34, 0xC8, 0x99, 0xE3, 0x2C, 0x57, 0x65, 0x77, 0x7D, 0xE8, 0x8C,
    0x6E, 0xE6, 0x8B, 0xE2, 0xE9, 0x49, 0x4E, 0xF6, 0xC3, 0x63, 0x55, 0x1E, 0x17, 0xBB, 0x41, 0x4E,
    0x71, 0x39, 0x97, 0xEA, 0xE8, 0x78, 0x81, 0x67, 0x7B, 0x53, 0x78, 0xDC, 0x5C, 0xEF, 0x8A, 0xF2,
    0xC4, 0xF2, 0x04, 0xC3, 0x57, 0xB2, 0x48, 0x42, 0xB2, 0x54, 0x45, 0xB3, 0xA4, 0x72, 0x56, 0xAC,
    0xBA, 0xA4, 0xE3, 0x29, 0x1D, 0x24, 0xDD, 0xE0, 0xD9, 0x01, 0xE7, 0x01, 0xE7, 0x22, 0x84, 0x13,
    0x7E, 0xB4, 0xF8, 0x51, 0xE8, 0x8F, 0x2E, 0xFE, 0x38, 0xDE, 0xFA, 0x01, 0x91, 0x3A, 0x10, 0x58,
    0x0E, 0xA7, 0x19, 0xE2, 0xF3, 0x66, 0xE6, 0x13, 0xDC, 0xC9, 0x50, 0x67, 0xCA, 0x61, 0x92, 0x1A,
    0x53, 0x5D, 0xB6, 0x7D, 0xE0, 0x47, 0x2E, 0xBA, 0xF3, 0x3A, 0x2B, 0xF6, 0xE5, 0x33, 0xC5, 0x66,
    0xC0, 0xD0, 0xB4, 0x95, 0x34, 0xB7, 0xB7, 0x37, 0xE8, 0x22, 0xE5, 0xC5, 0x82, 0xEE, 0x87, 0xFB,
    0x29, 0x7F, 0xCC, 0x69, 0x67, 0x4F, 0xDE, 0xF3, 0xF1, 0xCF, 0x48, 0xDB, 0x41, 0xDA, 0xE2, 0xA5,
    0x48, 0x50, 0x23, 0x6D, 0x99, 0xA7, 0x14, 0x43, 0x83, 0x58, 0xDD, 0x4F, 0xC8, 0xBD, 0xC2, 0x54,
    0x78, 0xD9, 0x62, 0xB4, 0x8E, 0x6F, 0x2A, 0xF9, 0xBC, 0x64, 0x63, 0x02, 0x78, 0x7E, 0x99, 0x45,
    0x45, 0x1A, 0x4E, 0x17, 0x05, 0x1D, 0x38, 0x0D, 0xCE, 0x08, 0x53, 0x6D, 0x75, 0xE5, 0x5A, 0x5F,
    0x7B, 0x7E, 0x9D, 0xEA, 0xEB, 0xFC, 0xD6, 0xEB, 0xF6, 0xEC, 0xF5, 0x78, 0x7A, 0x8D, 0x21, 0xFB,
    0x38, 0xBA, 0xE7, 0x56, 0xB6, 0x50, 0x8E, 0x2D, 0x5C, 0x21, 0xDF, 0xFE, 0xFD, 0xB4, 0xF6, 0x37,
    0xCE, 0x38, 0x90, 0xF1, 0xFE, 0x0D, 0x69, 0xB9, 0x58, 0x9D, 0x28, 0xC2, 0xAF, 0xD5, 0x9D, 0x35,
    0x8F, 0xAD, 0xAE, 0xD3, 0x0D, 0x5F, 0xE8, 0x6B, 0x59, 0x31, 0xDD, 0x5F, 0x1F, 0x8D, 0x1C, 0x04,
    0x7B, 0x8D, 0x50, 0xC5, 0x4D, 0x01, 0xD2, 0xE3, 0xF5, 0x2A, 0xF8, 0x03, 0x0C, 0xB1, 0x2A, 0x1F,
    0x0F, 0x10, 0x28, 0x4E, 0xD9, 0x5F, 0x0A, 0xD5, 0xAB, 0xBD, 0x2C, 0xD0, 0x01, 0x2F, 0x3B, 0xF4,
    0xF5, 0xA7, 0x21, 0x6F, 0x8D, 0x5E, 0x6E, 0xFB, 0x42, 0xB9, 0x9C, 0xDF, 0xC5, 0x9A, 0xC9, 0xB9,
    0x5B, 0x3E, 0x3D, 0x46, 0xDB, 0xF0, 0x16, 0x96, 0x6C, 0x31, 0x61, 0x2C, 0x4B, 0xA6, 0x98, 0x98,
    0x89, 0x6C, 0x31, 0xB1, 0x30, 0xED, 0x68, 0x7D, 0xFC, 0x66, 0x49, 0x89, 0x89, 0x40, 0xD1, 0xA8,
    0x49, 0x26, 0x12, 0x3D, 0x35, 0xD9, 0xAB, 0x8A, 0x98, 0x94, 0x11, 0x79, 0xEF, 0x45, 0x2A, 0xB7,
    0x90, 0x71, 0x9A, 0xF0, 0x72, 0xE6, 0xDE, 0x92, 0x10, 0xF7, 0x1A, 0x2D, 0x79, 0xBD, 0x53, 0xD1,
    0x59, 0x4F, 0x17, 0x9B, 0xA7, 0xA7, 0x91, 0xFB, 0x38, 0x4E, 0x1F, 0xC7, 0x69, 0xE2, 0x38, 0x08,
    0xCF, 0x3B, 0xF4, 0x60, 0x6B, 0x68, 0xB3, 0x3C, 0x76, 0xAD, 0x63, 0x42, 0x96, 0x64, 0x31, 0x11,
    0x95, 0xD1, 0xA1, 0x64, 0xE1, 0xD1, 0xC1, 0xA3, 0xB0, 0x57, 0x03, 0xA3, 0x43, 0x4B, 0xD6, 0xA1,
    0x63, 0x3D, 0x2A, 0xA1, 0x5B, 0xC8, 0xF7, 0x5B, 0x4C, 0x56, 0x4B, 0xBA, 0xC5, 0x12, 0x8C, 0x7E,
    0x4A, 0x36, 0xDB, 0xA1, 0x0B, 0xB6, 0x03, 0x03, 0xEA, 0x0E, 0x5E, 0x06, 0x68, 0xA0, 0xD4, 0xA4,
    0x3B, 0x94, 0x14, 0xD0, 0xC1, 0xED, 0x13, 0x26, 0x31, 0xE1, 0x32, 0x4B, 0x8A, 0x98, 0xB8, 0x2E,
    0x26, 0xD9, 0x29, 0x79, 0x8C, 0x25, 0xDB, 0x41, 0x9E, 0x7A, 0x8B, 0x96, 0x59, 0xDD, 0x9D, 0xE7,
    0x1D, 0x90, 0xA0, 0xE9, 0xF2, 0x16, 0x7E, 0x2E, 0xE8, 0xA7, 0xEA, 0xE7, 0x92, 0x12, 0x32, 0x66,
    0xCC, 0x63, 0xDC, 0x41, 0xFD, 0xCC, 0x1D, 0xD4, 0xCF, 0xED, 0x62, 0xCE, 0x84, 0x74, 0x93, 0x7A,
    0x06, 0x89, 0xF0, 0x8D, 0x44, 0x76, 0x38, 0x4F, 0x64, 0x87, 0x5C, 0x05, 0x37, 0x3F, 0x57, 0x90,
    0x77, 0xD0, 0x1D, 0xD0, 0x4B, 0x76, 0x40, 0x77, 0xEE, 0xF0, 0x0E, 0x7E, 0x3E, 0xB1, 0x44, 0x0F,
    0xF2, 0xDD, 0x2E, 0xD1, 0xEE, 0xF3, 0x85, 0xEF, 0x9D, 0x4B, 0xAE, 0x15, 0xBA, 0xD3, 0x16, 0x85,
    0xB5, 0x52, 0x1B, 0x84, 0x54, 0x47, 0x08, 0x66, 0xF2, 0xC0, 0xCE, 0x81, 0x3A, 0x35, 0x28, 0x91,
    0x39, 0x0E, 0x88, 0x9D, 0x35, 0x27, 0xEB, 0x4D, 0xEB, 0x23, 0xD1, 0xEE, 0x75, 0x26, 0x6D, 0x6B,
    0xA2, 0x7B, 0x70, 0x2E, 0xCB, 0xDC, 0x98, 0x19, 0xCE, 0xE7, 0x30, 0x2F, 0x06, 0xBE, 0xA0, 0x31,
    0x89, 0xD4, 0x5C, 0x59, 0xBC, 0xFF, 0xA9, 0xAC, 0xBE, 0x7E, 0x62, 0x94, 0xFF, 0x9F, 0x34, 0x22,
    0x90, 0x1A, 0x8A, 0x8C, 0xF8, 0xA8, 0x91, 0x46, 0x8A, 0x11, 0xD6, 0x4D, 0x3A, 0x63, 0xB5, 0x34,
    0x9A, 0xB3, 0xCB, 0xAD, 0x3B, 0xDB, 0xBA, 0x0D, 0x6F, 0x8E, 0xF1, 0x9E, 0xB1, 0x94, 0x5A, 0x7D,
    0x41, 0x8B, 0x91, 0x35, 0x59, 0xDF, 0xC1, 0x62, 0x43, 0x36, 0x68, 0xB4, 0x8E, 0x6E, 0xD1, 0x20,
    0x86, 0xA3, 0x7B, 0xF0, 0xB1, 0xFA, 0x88, 0x37, 0x3F, 0x16, 0xCF, 0x8A, 0x9F, 0x99, 0x19, 0x9C,
    0xA8, 0xA3, 0xA3, 0x81, 0x3F, 0xB1, 0x44, 0xB2, 0xDF, 0xCF, 0x69, 0xF4, 0x3D, 0x36, 0xAA, 0x82,
    0xF3, 0x7D, 0x01, 0xCB, 0xB3, 0xB9, 0x7B, 0x27, 0x5A, 0x8B, 0xBB, 0xF9, 0x6F, 0x62, 0x0C, 0x27,
    0x59, 0xB9, 0xB8, 0x6C, 0x43, 0x96, 0xAF, 0xAE, 0x58, 0x91, 0x65, 0xC1, 0x95, 0x33, 0xB2, 0x84,
    0x5C, 0x35, 0x21, 0x73, 0xD4, 0xD4, 0xA3, 0x66, 0xDD, 0xC1, 0x0F, 0x9A, 0xB5, 0xBD, 0x9C, 0x96,
    0x51, 0xD4, 0xE6, 0x91, 0x6C, 0xAF, 0xAD, 0x63, 0x76, 0x38, 0x21, 0x9F, 0xBA, 0x9D, 0x26, 0x38,
    0x4D, 0x65, 0x93, 0xF2, 0x0B, 0x9B, 0xBE, 0x5A, 0x6E, 0x6D, 0xE4, 0xFC, 0xCC, 0x59, 0x22, 0xE6,
    0x38, 0x6D, 0x9E, 0xD3, 0x6B, 0xFF, 0xDF, 0xAA, 0xAF, 0x49, 0x75, 0x9B, 0xB5, 0x5B, 0x4C, 0xBA,
    0x7F, 0xA4, 0x1B, 0xE3, 0xF9, 0x2A, 0x66, 0xF7, 0xF0, 0xCC, 0x28, 0x9F, 0xAA, 0xEF, 0x18, 0x99,
    0x2D, 0x68, 0x3C, 0x8B, 0x59, 0x1A, 0x4C, 0x20, 0x52, 0xF4, 0x98, 0x8A, 0x1F, 0xE3, 0x59, 0x3C,
    0xAA, 0x3C, 0xCB, 0x45, 0xE5, 0x59, 0xFC, 0xAA, 0x3C, 0xA3, 0x04, 0x3C, 0x03, 0x1F, 0x3C, 0xC3,
    0x95, 0x07, 0x61, 0x08, 0x06, 0x04, 0xE3, 0xC8, 0xBE, 0x14, 0xCF, 0x5A, 0x71, 0x42, 0x39, 0x21,
    0x9F, 0xBA, 0x9D, 0x26, 0x38, 0x4D, 0x95, 0x85, 0x38, 0x69, 0x4A, 0x70, 0x9C, 0xF1, 0xAC, 0x1B,
    0xDD, 0xDA, 0xF2, 0xB4, 0xF9, 0x89, 0x8D, 0x13, 0x43, 0x7F, 0x61, 0x9E, 0x53, 0xF0, 0xBC, 0xE2,
    0x8A, 0xF0, 0x2C, 0x44, 0x57, 0x8C, 0x93, 0x05, 0xF9, 0xD0, 0x7E, 0x21, 0x3C, 0xB3, 0xF1, 0x13,
    0xFA, 0xAD, 0xF0, 0x5C, 0xAD, 0x7C, 0xED, 0x7B, 0xC2, 0x73, 0xCE, 0xC7, 0x06, 0x9E, 0x79, 0x87,
    0x76, 0x56, 0x9E, 0xDB, 0xCF, 0x69, 0x10, 0x9E, 0xD9, 0x53, 0xC4, 0x1D, 0xBC, 0x38, 0x3B, 0x27,
    0xF8, 0x0D, 0x2E, 0x9C, 0xEE, 0x64, 0x39, 0xAD, 0x96, 0x55, 0x04, 0x37, 0x2A, 0x4A, 0x0F, 0x9E,
    0x05, 0x79, 0x02, 0xCF, 0xD2, 0x6D, 0x05, 0xCF, 0x98, 0x00, 0x3C, 0x63, 0xAA, 0x5F, 0x87, 0x5B,
    0x93, 0x9E, 0xA6, 0x3F, 0x6D, 0x74, 0x6B, 0xCB, 0xDB, 0x3C, 0x8F, 0xFF, 0x3F, 0x3C, 0xF7, 0x3B,
    0xCF, 0x4D, 0xE4, 0x19, 0x53, 0x28, 0xCF, 0x30, 0xC4, 0x6F, 0xCD, 0xCF, 0xC6, 0xB3, 0x5C, 0xDB,
    0xA2, 0x9F, 0x23, 0xCF, 0x7C, 0xCD, 0x78, 0xE6, 0x6B, 0xC6, 0xB3, 0x5C, 0xB3, 0x8C, 0xAF, 0x45,
    0x9E, 0xFB, 0x9D, 0x67, 0x17, 0x79, 0x5E, 0x5D, 0xE4, 0x79, 0x32, 0x3F, 0xE3, 0x5A, 0xE4, 0xD9,
    0xFC, 0x5C, 0xAD, 0xD1, 0xCF, 0xB8, 0x96, 0x45, 0x9E, 0x5D, 0x1E, 0x79, 0x56, 0x3F, 0xAF, 0x7F,
    0x6E, 0x3F, 0x5F, 0xBF, 0xD4, 0xA8, 0x97, 0xBF, 0xA6, 0xD1, 0x13, 0x9E, 0xFE, 0xA9, 0xB1, 0xB8,
    0xE1, 0x92, 0xA6, 0xA3, 0x9E, 0xE2, 0x5F, 0x4B, 0xC2, 0x3F, 0xBF, 0x77, 0x69, 0x60, 0xA6, 0xBB,
    0x23, 0x7F, 0x77, 0x25, 0xDB, 0x22, 0xA3, 0x99, 0xEF, 0x31, 0xCB, 0x13, 0x6B, 0xB0, 0xF2, 0x4D,
    0xAE, 0x9C, 0xF8, 0xCB, 0x03, 0x29, 0xE3, 0xB0, 0x0F, 0xC5, 0x20, 0x93, 0xE8, 0x99, 0x07, 0x11,
    0xF1, 0xF0, 0x7F, 0xD5, 0x56, 0x21, 0x8C, 0xE3, 0x56, 0x14, 0xFC, 0xD9, 0x55, 0xD7, 0xAA, 0x02,
    0x5C, 0x52, 0xA9, 0x52, 0x80, 0x39, 0x32, 0x27, 0x8D, 0x55, 0x0E, 0x0A, 0xEE, 0x48, 0x39, 0x3F,
    0x52, 0x50, 0x16, 0xAB, 0x1C, 0x1C, 0x47, 0xE5, 0xE4, 0x38, 0xFA, 0xE1, 0xC8, 0x2A, 0x07, 0x06,
    0x65, 0x05, 0x0D, 0x30, 0x70, 0x4F, 0xB6, 0xA7, 0x9E, 0x9F, 0xD9, 0xF7, 0xDE, 0x45, 0x4B, 0xCA,
    0x5A, 0x4B, 0x5E, 0xCF, 0x28, 0x59, 0xBF, 0x3F, 0xEF, 0x4F, 0xE6, 0xFD, 0x54, 0xAE, 0x43, 0xFE,
    0x3B, 0xBD, 0x60, 0xBC, 0x93, 0xD4, 0x02, 0x43, 0xC6, 0xA6, 0x8F, 0x70, 0xBF, 0xFA, 0xC2, 0x2A,
    0xB1, 0x6B, 0x61, 0x0D, 0xE2, 0x67, 0x67, 0xF4, 0x27, 0xAC, 0x15, 0x0A, 0x49, 0x58, 0xD2, 0x01,
    0x73, 0xFA, 0x85, 0xB8, 0xA0, 0x27, 0xDC, 0xF4, 0x7E, 0xA2, 0x67, 0x63, 0xCF, 0x18, 0x53, 0x65,
    0xB5, 0x2B, 0x0C, 0xE9, 0x88, 0xAB, 0x18, 0x51, 0x6D, 0x4C, 0xE5, 0x36, 0x7D, 0x14, 0x59, 0x16,
    0x5B, 0x0B, 0x13, 0xC1, 0x12, 0x05, 0x60, 0x4A, 0x5A, 0xE6, 0x7E, 0x4B, 0xDC, 0x1D, 0x5D, 0x8C,
    0x11, 0xE5, 0x55, 0xA4, 0x20, 0x2C, 0x22, 0x44, 0x8F, 0x6C, 0x16, 0x21, 0x3A, 0x90, 0x05, 0xB1,
    0xAA, 0x46, 0x14, 0xC4, 0x12, 0x3D, 0xB2, 0x31, 0x36, 0x02, 0x43, 0x6C, 0x84, 0x31, 0x22, 0x6F,
    0x04, 0xD1, 0x23, 0xEB, 0xAD, 0x49, 0xFD, 0x7E, 0x77, 0x62, 0x44, 0xAD, 0x31, 0x22, 0xCA, 0xF7,
    0x46, 0x44, 0xF6, 0xAF, 0x1A, 0xE1, 0xD2, 0xA3, 0xD8, 0x43, 0x90, 0xF7, 0xDC, 0x3F, 0x63, 0xB2,
    0x65, 0xD6, 0x53, 0x85, 0xAD, 0xBB, 0xA0, 0xD3, 0x42, 0x3E, 0xD9, 0xDE, 0xB1, 0x74, 0xB9, 0xE6,
    0xC8, 0x30, 0x98, 0x17, 0x7F, 0xB7, 0x2F, 0xA6, 0xE3, 0x8E, 0x4E, 0xF8, 0x28, 0x96, 0xDE, 0x4B,
    0x58, 0xBC, 0x4E, 0xF8, 0x43, 0x88, 0x5E, 0x15, 0xBC, 0x98, 0x65, 0x9F, 0xFC, 0xDD, 0x47, 0xC2,
    0x51, 0x55, 0x06, 0xF5, 0xBA, 0x28, 0xC7, 0xD5, 0x84, 0x9E, 0x4D, 0x57, 0xFA, 0xCE, 0xF6, 0x2C,
    0x6C, 0x51, 0x30, 0xAA, 0xAE, 0xDA, 0xB4, 0xBC, 0xB8, 0x25, 0xB3, 0x43, 0x18, 0x94, 0x33, 0x17,
    0xEF, 0xBF, 0x20, 0x9B, 0xBF, 0xF8, 0x6A, 0xE6, 0xD7, 0x4D, 0x38, 0x60, 0xD2, 0xC2, 0xF8, 0x1B,
    0x12, 0x34, 0x07, 0x61, 0xDE, 0xE1, 0x40, 0xC4, 0xEF, 0x55, 0xB8, 0xCA, 0x7E, 0x5A, 0x1C, 0x57,
    0x2E, 0x9F, 0x08, 0x76, 0xAF, 0xAE, 0x6B, 0x61, 0x7A, 0x64, 0x88, 0x23, 0xE1, 0x66, 0xF6, 0xBA,
    0xAC, 0x4F, 0x06, 0x97, 0xBA, 0x93, 0xCD, 0xF2, 0x96, 0x7B, 0x79, 0x4C, 0x21, 0xD0, 0x22, 0x11,
    0xBE, 0xEA, 0x91, 0x62, 0xC2, 0x8C, 0x9B, 0xF4, 0xEC, 0xB4, 0x93, 0x9E, 0xF4, 0xD5, 0x8F, 0x44,
    0xEE, 0x2D, 0x13, 0x2B, 0x11, 0x66, 0xA4, 0x5B, 0x32, 0x17, 0x0D, 0xC9, 0x2C, 0x74, 0x75, 0xC7,
    0x24, 0x83, 0x8B, 0xA7, 0xD8, 0xCD, 0x6D, 0xD3, 0x99, 0x67, 0x58, 0x52, 0x97, 0xA2, 0xAF, 0x9A,
    0xEC, 0x3F, 0xB0, 0xA8, 0xB6, 0xC1, 0xA3, 0xC3, 0x26, 0xEE, 0xD6, 0xC7, 0x93, 0x96, 0x8A, 0x4D,
    0x4B, 0x8D, 0x29, 0xC7, 0x87, 0x20, 0x1B, 0x2C, 0x01, 0x15, 0x06, 0x52, 0x19, 0x86, 0x54, 0xAF,
    0x9D, 0x77, 0xAA, 0x5A, 0x4B, 0x5D, 0x60, 0xA6, 0x89, 0x6A, 0xF4, 0x32, 0xCC, 0xAD, 0x41, 0xA7,
    0x65, 0x0D, 0x2D, 0xFC, 0xE7, 0x2B, 0xB8, 0x59, 0xA4, 0x5D, 0x04, 0xD5, 0xE0, 0xCB, 0x6A, 0x0D,
    0xCE, 0x8B, 0x41, 0x08, 0xCE, 0xBC, 0xD5, 0x6B, 0xDE, 0x32, 0x8C, 0x56, 0x1E, 0xC2, 0x4A, 0x70,
    0x74, 0x3D, 0x83, 0xF4, 0xBC, 0xFA, 0xEC, 0xE8, 0xB9, 0xAD, 0x74, 0xEA, 0x0C, 0xFE, 0x7A, 0xB3,
    0x5C, 0xFA, 0xEB, 0x0E, 0x3B, 0x8A, 0x26, 0x6C, 0x41, 0x8A, 0x51, 0x7A, 0x76, 0xD8, 0x0B, 0xD6,
    0x58, 0xA5, 0x47, 0xD3, 0xE1, 0x9E, 0x47, 0xEF, 0xFE, 0x0B, 0x86, 0x49, 0xE9, 0x03, 0x7E, 0xF3,
    0xFF, 0x1A, 0x8F, 0x88, 0xD3, 0x72, 0xF5, 0xB4, 0xA9, 0x80, 0x98, 0x66, 0x8D, 0x53, 0x0D, 0xCC,
    0x06, 0xF8, 0x78, 0xF4, 0xB8, 0x39, 0x50, 0x34, 0x7A, 0x99, 0xA9, 0xDC, 0xE9, 0xFB, 0x2F, 0x67,
    0xE6, 0x37, 0x8F, 0x43, 0x33, 0x4E, 0xCD, 0x37, 0xC7, 0xA6, 0x97, 0x9D, 0xE2, 0xE0, 0x94, 0xF0,
    0xFC, 0x25, 0x85, 0x53, 0x4F, 0xA8, 0xE8, 0xFB, 0x18, 0x4F, 0x84, 0x1E, 0x51, 0x3E, 0x35, 0x4A,
    0x21, 0x42, 0x89, 0xBA, 0x45, 0xE7, 0x3D, 0x47, 0x3A, 0x5B, 0x7A, 0x49, 0xAE, 0xB6, 0x8B, 0xD0,
    0xA3, 0x8B, 0xF0, 0x21, 0xBE, 0x44, 0xBB, 0x68, 0xCE, 0x06, 0x71, 0x8E, 0xC6, 0x54, 0x53, 0x9C,
    0xC5, 0x49, 0x7A, 0x5E, 0xC9, 0x08, 0x15, 0x6B, 0x87, 0x38, 0x4B, 0xF3, 0xD2, 0xC4, 0x61, 0x8A,
    0x0D, 0x7D, 0x98, 0xA6, 0x00, 0x3A, 0x1F, 0xA7, 0x21, 0xF1, 0x44, 0x97, 0x38, 0x50, 0x33, 0xC6,
    0xD8, 0x9B, 0xF3, 0xD6, 0x79, 0x6F, 0x62, 0x02, 0xBA, 0x93, 0xE3, 0x50, 0x8D, 0x53, 0xD5, 0xCD,
    0xED, 0xBB, 0x1B, 0xE7, 0x6A, 0x1C, 0xAC, 0x6F, 0x4D, 0xD6, 0x38, 0x5A, 0xE3, 0x6C, 0x7D, 0x7B,
    0xB8, 0xC6, 0xE9, 0x1A, 0xCC, 0xFF, 0xB9, 0x24, 0xE6, 0xCD, 0x7F, 0x32, 0xAD, 0x15, 0x38, 0xB0,
    0xB2, 0x7B, 0x45, 0xE6, 0x17, 0x75, 0x17, 0xCE, 0x7E, 0x5A, 0xE4, 0x3D, 0x79, 0x03, 0x56, 0xA9,
    0x96, 0xF9, 0x63, 0x9A, 0x7A, 0x18, 0xB9, 0xF9, 0xF9, 0x74, 0xF3, 0xF3, 0x19, 0xCD, 0xCF, 0xA7,
    0x97, 0x9D, 0x6A, 0x4B, 0x58, 0x78, 0xB4, 0x66, 0xD1, 0xE9, 0x7E, 0x62, 0x12, 0xA3, 0xA6, 0x68,
    0xFE, 0x2B, 0xA9, 0x9B, 0x3F, 0xA6, 0xAE, 0xC7, 0x2D, 0xA1, 0x47, 0x2E, 0xE1, 0x9B, 0xB1, 0x0B,
    0xA7, 0x8A, 0x5F, 0x37, 0x7F, 0x9C, 0x23, 0x1E, 0xC3, 0x84, 0x51, 0xBD, 0xA0, 0xD4, 0x0B, 0x2A,
    0x92, 0xDD, 0xFC, 0x95, 0x27, 0xB4, 0x47, 0x33, 0x61, 0x3C, 0x3C, 0x0A, 0xD2, 0xF1, 0xBD, 0x51,
    0x3A, 0xFE, 0x87, 0xD1, 0xCD, 0x6F, 0xA9, 0x2D, 0xF3, 0x2B, 0x26, 0x65, 0x7E, 0xD2, 0x41, 0xBD,
    0x11, 0xED, 0x83, 0xF9, 0x1B, 0xAC, 0xB1, 0x37, 0xAC, 0x1F, 0xCF, 0x93, 0xEF, 0xFE, 0x57, 0xE6,
    0x7F, 0xC1, 0x60, 0xF8, 0x52, 0x84, 0xD9, 0x91, 0xD2, 0x5F, 0xE3, 0xB8, 0x0D, 0xF8, 0x8C, 0xA7,
    0x35, 0x9C, 0x9F, 0x7F, 0x16, 0x2C, 0x01, 0x7F, 0x1A, 0x2D, 0xE1, 0x13, 0x88, 0x7D, 0xC6, 0xC6,
    0x21, 0xFB, 0x18, 0xEC, 0xB5, 0x1F, 0x24, 0x5F, 0x08, 0xA4, 0x3C, 0x0B, 0xAF, 0xC1, 0xCF, 0x4B,
    0x30, 0xF3, 0x14, 0xB3, 0xA9, 0x60, 0xED, 0x8D, 0xF6, 0x49, 0x0E, 0xF5, 0x4D, 0x8A, 0xEE, 0x15,
    0xE6, 0xB2, 0x1F, 0xB7, 0xEA, 0x20, 0x97, 0x46, 0xC7, 0xBA, 0x3F, 0x1D, 0x57, 0x41, 0xE2, 0xD1,
    0x25, 0x4A, 0x96, 0x5B, 0xF4, 0xEA, 0xFE, 0xAC, 0x46, 0xE1, 0x06, 0xD7, 0xD6, 0xCF, 0x12, 0x7F,
    0x22, 0x1C, 0x26, 0x30, 0xFA, 0x69, 0xC2, 0xCF, 0x10, 0x6C, 0x89, 0xF0, 0x91, 0xD2, 0x25, 0xF1,
    0x09, 0x1E, 0xC2, 0xE9, 0x5B, 0x42, 0x97, 0x27, 0x59, 0xF1, 0x50, 0x11, 0xBD, 0x17, 0x8F, 0x15,
    0xF1, 0x5C, 0x11, 0x0E, 0x16, 0x8E, 0x17, 0x41, 0x3F, 0x5A, 0x84, 0xB3, 0x45, 0x3C, 0x5C, 0xC4,
    0xEB, 0xA7, 0x5E, 0x95, 0x33, 0xA0, 0xF7, 0x5E, 0xA8, 0x49, 0x5D, 0x03, 0x64, 0xF7, 0xDA, 0x61,
    0xBB, 0x75, 0x15, 0x54, 0xF5, 0x96, 0x6A, 0xC1, 0xCB, 0x90, 0x1A, 0xED, 0x71, 0x1E, 0x52, 0xBB,
    0x16, 0xF4, 0x81, 0x93, 0x90, 0xAB, 0x61, 0xA3, 0x86, 0x97, 0xBB, 0x21, 0xF2, 0x0E, 0xB9, 0x74,
    0xEE, 0xD4, 0x0E, 0x73, 0x69, 0x67, 0x4D, 0x58, 0xE2, 0x8F, 0x7D, 0xCD, 0x7D, 0xF1, 0x27, 0xC7,
    0xE6, 0xD7, 0xDA, 0xCF, 0x33, 0xE5, 0x11, 0xCA, 0x4B, 0x95, 0x8E, 0x71, 0x3D, 0xE1, 0x50, 0xE0,
    0x74, 0xB7, 0xAC, 0x4E, 0x73, 0x75, 0x81, 0x15, 0xD0, 0x0B, 0x1E, 0x58, 0x92, 0x9B, 0x59, 0xBE,
    0x3C, 0x97, 0x4C, 0xD1, 0x97, 0x5B, 0xC8, 0x49, 0x50, 0xDC, 0x5E, 0x53, 0x16, 0xAC, 0xC6, 0xFD,
    0xD9, 0xED, 0x25, 0xAB, 0xD4, 0x4C, 0x1C, 0xFA, 0x3B, 0x6C, 0xBB, 0xF3, 0x4A, 0x98, 0xB7, 0x03,
    0xFA, 0x33, 0xBA, 0xDD, 0xD4, 0x19, 0x9F, 0x08, 0x3F, 0x63, 0xD9, 0x21, 0x5F, 0x43, 0xAD, 0x84,
    0xEB, 0x5D, 0x5A, 0xBA, 0x90, 0x53, 0x30, 0x8B, 0xA3, 0x67, 0x9B, 0x27, 0x16, 0x9F, 0xB9, 0xB2,
    0xF7, 0xAC, 0xC9, 0x3F, 0xFF, 0x00, 0x62, 0x40, 0x07, 0x80, 0xA2, 0xE8, 0x00, 0xB3, 0x62, 0x20,
    0x8A, 0xC2, 0xF0, 0x49, 0x8B, 0x60, 0x90, 0x05, 0x3C, 0xCC, 0x12, 0xBA, 0x84, 0x97, 0x1D, 0x75,
    0x09, 0x9D, 0x95, 0x75, 0xB2, 0x84, 0x80, 0x02, 0xB8, 0x4B, 0x08, 0x82, 0x68, 0x75, 0xCE, 0x9B,
    0xE3, 0x90, 0x19, 0x70, 0xDD, 0x7C, 0xFF, 0x08, 0xF3, 0x56, 0xC6, 0x9C, 0x62, 0xCC, 0x1F, 0xD7,
    0x98, 0x6B, 0x1B, 0x9C, 0x2C, 0x37, 0x27, 0xE3, 0xE6, 0xE4, 0x1D, 0x7C, 0xAF, 0x8F, 0x06, 0x98,
    0x1F, 0x40, 0x2D, 0xE3, 0xF6, 0x1C, 0x30, 0xDF, 0x81, 0x77, 0x07, 0xA8, 0x01, 0x4C, 0xCD, 0x9C,
    0xC7, 0x67, 0xC0, 0x41, 0xE2, 0x1F, 0x1B, 0x9E, 0xE1, 0xDB, 0xFB, 0xD9, 0xFC, 0x4B, 0x55, 0x73,
    0x2C, 0x0D, 0xE2, 0x3A, 0xC7, 0xC2, 0x22, 0xAE, 0x73, 0x2E, 0x0C, 0x98, 0xF3, 0x4A, 0xFA, 0xA5,
    0xEA, 0x7D, 0x62, 0x13, 0x77, 0x4B, 0x16, 0xF3, 0x7F, 0xF4, 0x39, 0xC4, 0xD9, 0x56, 0xE4, 0xDE,
    0x64, 0xCD, 0x05, 0x78, 0xF6, 0x66, 0xD6, 0x1A, 0x00, 0xC9, 0x7D, 0x92, 0x06, 0xB4, 0x5A, 0xF1,
    0xA5, 0x3D, 0xAA, 0x36, 0xC8, 0x9A, 0x1F, 0xEC, 0xDC, 0x5F, 0x41, 0x71, 0x60, 0xF2, 0x2C, 0x0E,
    0x05, 0xAB, 0x2F, 0x80, 0x82, 0x62, 0x0E, 0x05, 0x3F, 0xE6, 0x0E, 0xCC, 0x1D, 0x98, 0x43, 0xC1,
    0x99, 0xCD, 0x15, 0x6C, 0xC9, 0x5C, 0xC1, 0x36, 0x9B, 0x2B, 0xD8, 0x66, 0x73, 0x05, 0xFB, 0x62,
    0xAE, 0xE0, 0xB7, 0xEE, 0xE3, 0xED, 0x6E, 0x0E, 0x54, 0x73, 0xBF, 0xC6, 0x39, 0xE6, 0x64, 0xEE,
    0xC0, 0xFC, 0x05,
};

static const EpdGlyphPacked bookerly_24_bolditalicGlyphs[] = {
    { 0, 0, 0, 0, 0, 0 }, // U+0000
    { 0, 0, 0, 0, 0, 0 }, // U+0008
    { 0, 0, 172, 0, 0, 0 }, // U+0009
    { 0, 0, 172, 0, 0, 0 }, // U+000D
    { 0, 0, 0, 0, 0, 0 }, // U+001D
    { 0, 0, 172, 0, 0, 0 }, // U+0020
    { 15, 39, 268, 2, 38, 0 }, // !
    { 19, 17, 319, 2, 36, 147 }, // "
    { 31, 31, 498, 0, 29, 228 }, // #
    { 27, 51, 498, 2, 41, 469 }, // $
    { 45, 42, 786, 2, 38, 814 }, // %
    { 41, 40, 706, 2, 37, 1287 }, // &
    { 10, 17, 177, 2, 36, 1697 }, // '
    { 22, 51, 335, 1, 41, 1740 }, // (
    { 22, 52, 335, -2, 41, 2021 }, // )
    { 18, 17, 313, 3, 37, 2307 }, // *
    { 23, 22, 498, 4, 28, 2384 }, // +
    { 13, 16, 246, -2, 8, 2511 }, // ,
    { 16, 5, 312, 2, 15, 2563 }, // -
    { 9, 9, 246, 2, 8, 2583 }, // .
    { 30, 39, 413, -2, 37, 2604 }, // /
    { 31, 36, 498, 0, 35, 2897 }, // 0
    { 22, 36, 498, 3, 36, 3176 }, // 1
    { 29, 35, 498, 0, 35, 3374 }, // 2
    { 29, 36, 498, 0, 35, 0 }, // 3
    { 30, 35, 498, 0, 35, 261 }, // 4
    { 30, 35, 498, 1, 34, 524 }, // 5
    { 30, 36, 498, 2, 35, 787 }, // 6
    { 28, 36, 498, 5, 35, 1057 }, // 7
    { 29, 36, 498, 1, 35, 1309 }, // 8
    { 31, 36, 498, -1, 35, 1570 }, // 9
    { 14, 28, 246, 2, 27, 1849 }, // :
    { 18, 35, 246, -2, 26, 1947 }, // ;
    { 23, 24, 498, 4, 29, 2105 }, // <
    { 23, 14, 498, 4, 24, 2243 }, // =
    { 23, 24, 498, 4, 29, 2324 }, // >
    { 16, 38, 326, 4, 37, 2462 }, // ?
    { 45, 45, 798, 3, 35, 2614 }, // @
    { 39, 36, 592, -3, 36, 3121 }, // A
    { 32, 36, 502, -2, 36, 3472 }, // B
    { 32, 37, 525, 1, 36, 0 }, // C
    { 38, 36, 586, -2, 36, 296 }, // D
    { 34, 35, 498, -2, 35, 638 }, // E
    { 32, 35, 462, -2, 35, 936 }, // F
    { 34, 37, 582, 1, 36, 1216 }, // G
    { 44, 35, 642, -2, 35, 1531 }, // H
    { 24, 35, 318, -2, 35, 1916 }, // I
    { 31, 45, 303, -9, 35, 2126 }, // J
    { 40, 36, 571, -2, 35, 2475 }, // K
    { 30, 35, 462, -2, 35, 2835 }, // L
    { 49, 35, 718, -4, 35, 3098 }, // M
    { 44, 36, 618, -2, 35, 3527 }, // N
    { 35, 37, 591, 1, 36, 0 }, // O
    { 33, 36, 491, -2, 36, 324 }, // P
    { 42, 47, 594, 1, 36, 621 }, // Q
    { 35, 37, 544, -2, 36, 1115 }, // R
    { 28, 37, 442, -1, 36, 1439 }, // S
    { 33, 35, 530, 3, 35, 1698 }, // T
    { 38, 36, 627, 4, 35, 1987 }, // U
    { 37, 35, 585, 3, 35, 2329 }, // V
    { 50, 35, 799, 3, 35, 2653 }, // W
    { 41, 35, 533, -4, 35, 3091 }, // X
    { 35, 35, 524, 2, 35, 3450 }, // Y
    { 32, 36, 496, -1, 35, 0 }, // Z
    { 23, 48, 270, -3, 40, 288 }, // [
    { 21, 39, 413, 2, 37, 564 }, // <backslash>
    { 23, 48, 270, -3, 40, 769 }, // ]
    { 25, 23, 498, 3, 32, 1045 }, // ^
    { 25, 5, 400, 0, -2, 1189 }, // _
    { 11, 13, 496, 10, 43, 1221 }, // `
    { 28, 28, 478, 1, 27, 1257 }, // a
    { 27, 40, 446, 0, 39, 1453 }, // b
    { 22, 28, 364, 1, 27, 1723 }, // c
    { 28, 40, 475, 1, 39, 1877 }, // d
    { 22, 28, 379, 1, 27, 2157 }, // e
    { 38, 51, 340, -10, 39, 2311 }, // f
    { 34, 39, 424, -4, 27, 2796 }, // g
    { 29, 40, 478, 0, 39, 3128 }, // h
    { 16, 39, 258, 1, 38, 3418 }, // i
    { 28, 51, 253, -10, 39, 0 }, // j
    { 26, 40, 427, 0, 39, 357 }, // k
    { 15, 40, 258, 1, 39, 617 }, // l
    { 42, 28, 701, 1, 27, 767 }, // m
    { 29, 28, 496, 1, 27, 1061 }, // n
    { 25, 28, 435, 1, 27, 1264 }, // o
    { 32, 38, 458, -4, 27, 1439 }, // p
    { 27, 38, 450, 1, 27, 1743 }, // q
    { 24, 27, 386, 1, 27, 2000 }, // r
    { 22, 28, 347, -1, 27, 2162 }, // s
    { 21, 34, 338, 1, 33, 2316 }, // t
    { 29, 28, 491, 1, 27, 2495 }, // u
    { 26, 28, 422, 0, 27, 2698 }, // v
    { 38, 28, 608, 0, 27, 2880 }, // w
    { 30, 28, 458, -1, 27, 3146 }, // x
    { 33, 39, 422, -7, 27, 3356 }, // y
    { 26, 28, 385, -1, 27, 0 }, // z
    { 21, 49, 333, 2, 41, 182 }, // {
    { 16, 45, 242, -1, 39, 440 }, // |
    { 21, 49, 333, -2, 41, 620 }, // }
    { 25, 11, 498, 3, 22, 878 }, // ~
    { 0, 0, 172, 0, 0, 0 }, // U+00A0
    { 16, 39, 268, -1, 27, 0 }, // U+00A1
    { 26, 49, 498, 3, 39, 156 }, // U+00A2
    { 32, 36, 498, -1, 35, 475 }, // U+00A3
    { 31, 26, 498, 0, 30, 763 }, // U+00A4
    { 34, 35, 498, 2, 35, 965 }, // U+00A5
    { 16, 45, 242, -1, 39, 1263 }, // U+00A6
    { 24, 39, 410, -1, 35, 1443 }, // U+00A7
    { 17, 7, 496, 7, 39, 1677 }, // U+00A8
    { 37, 37, 626, 1, 36, 1707 }, // U+00A9
    { 20, 24, 362, 2, 36, 2050 }, // U+00AA
    { 28, 19, 486, 1, 22, 2170 }, // U+00AB
    { 23, 12, 498, 4, 23, 2303 }, // U+00AC
    { 16, 5, 312, 2, 15, 2372 }, // U+00AD
    { 27, 27, 466, 1, 40, 2392 }, // U+00AE
    { 17, 5, 496, 7, 37, 2575 }, // U+00AF
    { 19, 18, 423, 4, 35, 2597 }, // U+00B0
    { 23, 30, 498, 4, 30, 2683 }, // U+00B1
    { 20, 23, 358, 1, 42, 2856 }, // U+00B2
    { 18, 24, 358, 2, 42, 2971 }, // U+00B3
    { 11, 14, 496, 10, 44, 3079 }, // U+00B4
    { 33, 39, 494, -2, 27, 3118 }, // U+00B5
    { 34, 42, 484, -2, 35, 3440 }, // U+00B6
    { 9, 8, 246, 3, 18, 3797 }, // U+00B7
    { 11, 11, 496, 10, -3, 3815 }, // U+00B8
    { 15, 23, 358, 2, 42, 3846 }, // U+00B9
    { 20, 24, 362, 2, 36, 3933 }, // U+00BA
    { 28, 19, 486, 1, 22, 4053 }, // U+00BB
    { 51, 41, 861, 2, 38, 4186 }, // U+00BC
    { 50, 42, 861, 2, 38, 4709 }, // U+00BD
    { 51, 42, 861, 2, 39, 5234 }, // U+00BE
    { 17, 38, 326, 0, 27, 5770 }, // U+00BF
    { 39, 50, 592, -3, 50, 5932 }, // U+00C0
    { 39, 50, 592, -3, 50, 6420 }, // U+00C1
    { 39, 49, 592, -3, 49, 6908 }, // U+00C2
    { 39, 48, 592, -3, 48, 7386 }, // U+00C3
    { 39, 47, 592, -3, 47, 7854 }, // U+00C4
    { 39, 50, 592, -3, 50, 8313 }, // U+00C5
    { 51, 35, 750, -4, 35, 8801 }, // U+00C6
    { 32, 50, 525, 1, 36, 9248 }, // U+00C7
    { 34, 50, 498, -2, 50, 9648 }, // U+00C8
    { 34, 50, 498, -2, 50, 10073 }, // U+00C9
    { 34, 49, 498, -2, 49, 10498 }, // U+00CA
    { 34, 47, 498, -2, 47, 10915 }, // U+00CB
    { 24, 50, 318, -2, 50, 11315 }, // U+00CC
    { 25, 50, 318, -2, 50, 11615 }, // U+00CD
    { 26, 49, 318, -2, 49, 11928 }, // U+00CE
    { 26, 47, 318, -2, 47, 12247 }, // U+00CF
    { 38, 36, 586, -2, 36, 12553 }, // U+00D0
    { 44, 49, 618, -2, 48, 12895 }, // U+00D1
    { 35, 51, 591, 1, 50, 13434 }, // U+00D2
    { 35, 51, 591, 1, 50, 13881 }, // U+00D3
    { 35, 50, 591, 1, 49, 14328 }, // U+00D4
    { 35, 49, 591, 1, 48, 14766 }, // U+00D5
    { 35, 48, 591, 1, 47, 15195 }, // U+00D6
    { 21, 22, 498, 5, 28, 15615 }, // U+00D7
    { 41, 39, 591, -2, 37, 15731 }, // U+00D8
    { 38, 51, 627, 4, 50, 16131 }, // U+00D9
    { 38, 51, 627, 4, 50, 16616 }, // U+00DA
    { 38, 50, 627, 4, 49, 17101 }, // U+00DB
    { 38, 48, 627, 4, 47, 17576 }, // U+00DC
    { 35, 50, 524, 2, 50, 18032 }, // U+00DD
    { 32, 35, 480, -2, 35, 18470 }, // U+00DE
    { 41, 51, 510, -10, 39, 18750 }, // U+00DF
    { 28, 44, 478, 1, 43, 19273 }, // U+00E0
    { 28, 45, 478, 1, 44, 19581 }, // U+00E1
    { 28, 43, 478, 1, 42, 19896 }, // U+00E2
    { 28, 41, 478, 1, 40, 20197 }, // U+00E3
    { 28, 40, 478, 1, 39, 20484 }, // U+00E4
    { 28, 43, 478, 1, 42, 20764 }, // U+00E5
    { 38, 28, 626, 1, 27, 21065 }, // U+00E6
    { 22, 41, 364, 1, 27, 21331 }, // U+00E7
    { 22, 44, 379, 1, 43, 21557 }, // U+00E8
    { 24, 45, 379, 1, 44, 21799 }, // U+00E9
    { 23, 43, 379, 1, 42, 22069 }, // U+00EA
    { 24, 40, 379, 1, 39, 22317 }, // U+00EB
    { 15, 44, 258, 1, 43, 22557 }, // U+00EC
    { 20, 45, 258, 1, 44, 22722 }, // U+00ED
    { 19, 43, 258, 1, 42, 22947 }, // U+00EE
    { 20, 40, 258, 1, 39, 23152 }, // U+00EF
    { 26, 42, 438, 1, 41, 23352 }, // U+00F0
    { 29, 41, 496, 1, 40, 23625 }, // U+00F1
    { 25, 44, 435, 1, 43, 23923 }, // U+00F2
    { 26, 45, 435, 1, 44, 24198 }, // U+00F3
    { 25, 43, 435, 1, 42, 24491 }, // U+00F4
    { 27, 41, 435, 1, 40, 24760 }, // U+00F5
    { 26, 40, 435, 1, 39, 25037 }, // U+00F6
    { 23, 23, 498, 4, 28, 25297 }, // U+00F7
    { 33, 30, 435, -3, 28, 25430 }, // U+00F8
    { 29, 44, 491, 1, 43, 25678 }, // U+00F9
    { 29, 45, 491, 1, 44, 25997 }, // U+00FA
    { 29, 43, 491, 1, 42, 26324 }, // U+00FB
    { 29, 40, 491, 1, 39, 26636 }, // U+00FC
    { 33, 56, 422, -7, 44, 26926 }, // U+00FD
    { 32, 50, 444, -5, 39, 27388 }, // U+00FE
    { 33, 51, 422, -7, 39, 27788 }, // U+00FF
    { 39, 45, 592, -3, 45, 0 }, // U+0100
    { 28, 37, 478, 1, 36, 439 }, // U+0101
    { 39, 49, 592, -3, 49, 698 }, // U+0102
    { 28, 41, 478, 1, 40, 1176 }, // U+0103
    { 39, 47, 592, -3, 36, 1463 }, // U+0104
    { 28, 38, 478, 1, 27, 1922 }, // U+0105
    { 32, 51, 525, 1, 50, 2188 }, // U+0106
    { 24, 45, 364, 1, 44, 2596 }, // U+0107
    { 32, 50, 525, 1, 49, 2866 }, // U+0108
    { 23, 43, 364, 1, 42, 3266 }, // U+0109
    { 32, 49, 525, 1, 48, 3514 }, // U+010A
    { 22, 40, 364, 1, 39, 3906 }, // U+010B
    { 33, 50, 525, 1, 49, 4126 }, // U+010C
    { 25, 44, 364, 1, 43, 4539 }, // U+010D
    { 38, 49, 586, -2, 49, 4814 }, // U+010E
    { 37, 40, 496, 1, 39, 5280 }, // U+010F
    { 38, 36, 586, -2, 36, 5650 }, // U+0110
    { 32, 40, 475, 1, 39, 5992 }, // U+0111
    { 34, 45, 498, -2, 45, 6312 }, // U+0112
    { 24, 37, 379, 1, 36, 6695 }, // U+0113
    { 34, 49, 498, -2, 49, 6917 }, // U+0114
    { 24, 41, 379, 1, 40, 7334 }, // U+0115
    { 34, 48, 498, -2, 48, 7580 }, // U+0116
    { 22, 40, 379, 1, 39, 7988 }, // U+0117
    { 34, 46, 498, -2, 35, 8208 }, // U+0118
    { 22, 38, 379, 1, 27, 8599 }, // U+0119
    { 34, 49, 498, -2, 49, 8808 }, // U+011A
    { 25, 44, 379, 1, 43, 9225 }, // U+011B
    { 34, 50, 582, 1, 49, 9500 }, // U+011C
    { 34, 54, 424, -4, 42, 9925 }, // U+011D
    { 34, 50, 582, 1, 49, 10384 }, // U+011E
    { 34, 53, 424, -4, 41, 10809 }, // U+011F
    { 34, 49, 582, 1, 48, 11260 }, // U+0120
    { 34, 51, 424, -4, 39, 11677 }, // U+0121
    { 34, 50, 582, 1, 36, 12111 }, // U+0122
    { 34, 56, 424, -4, 44, 12536 }, // U+0123
    { 44, 49, 642, -2, 49, 13012 }, // U+0124
    { 29, 54, 478, 0, 53, 13551 }, // U+0125
    { 44, 35, 642, -2, 35, 13943 }, // U+0126
    { 29, 40, 478, 0, 39, 14328 }, // U+0127
    { 25, 48, 318, -2, 48, 14618 }, // U+0128
    { 20, 41, 258, 1, 40, 14918 }, // U+0129
    { 25, 45, 318, -2, 45, 15123 }, // U+012A
    { 20, 37, 258, 1, 36, 15405 }, // U+012B
    { 25, 49, 318, -2, 49, 15590 }, // U+012C
    { 20, 41, 258, 1, 40, 15897 }, // U+012D
    { 24, 46, 318, -2, 35, 16102 }, // U+012E
    { 16, 49, 258, 1, 38, 16378 }, // U+012F
    { 24, 48, 318, -2, 48, 16574 }, // U+0130
    { 14, 28, 258, 1, 27, 16862 }, // U+0131
    { 44, 45, 622, -2, 35, 16960 }, // U+0132
    { 33, 51, 511, 1, 39, 17455 }, // U+0133
    { 33, 59, 303, -9, 49, 17876 }, // U+0134
    { 31, 54, 253, -10, 42, 18363 }, // U+0135
    { 40, 49, 571, -2, 35, 18782 }, // U+0136
    { 26, 52, 427, 0, 39, 19272 }, // U+0137
    { 27, 28, 460, 1, 27, 19610 }, // U+0138
    { 30, 50, 462, -2, 50, 19799 }, // U+0139
    { 19, 53, 258, 1, 52, 20174 }, // U+013A
    { 30, 49, 462, -2, 35, 20426 }, // U+013B
    { 18, 52, 258, -2, 39, 20794 }, // U+013C
    { 32, 39, 462, -2, 39, 21028 }, // U+013D
    { 23, 40, 280, 1, 39, 21340 }, // U+013E
    { 31, 35, 462, -2, 35, 21570 }, // U+013F
    { 22, 40, 338, 1, 39, 21842 }, // U+0140
    { 30, 35, 462, -2, 35, 22062 }, // U+0141
    { 19, 40, 253, -1, 39, 22325 }, // U+0142
    { 44, 51, 618, -2, 50, 22515 }, // U+0143
    { 29, 45, 496, 1, 44, 23076 }, // U+0144
    { 44, 49, 618, -2, 35, 23403 }, // U+0145
    { 29, 40, 496, 1, 27, 23942 }, // U+0146
    { 44, 50, 618, -2, 49, 24232 }, // U+0147
    { 29, 44, 496, 1, 43, 24782 }, // U+0148
    { 38, 39, 665, 3, 38, 25101 }, // U+0149
    { 44, 45, 618, -2, 35, 25472 }, // U+014A
    { 27, 39, 470, 1, 27, 25967 }, // U+014B
    { 35, 46, 591, 1, 45, 26231 }, // U+014C
    { 26, 37, 435, 1, 36, 26634 }, // U+014D
    { 35, 50, 591, 1, 49, 26875 }, // U+014E
    { 26, 41, 435, 1, 40, 27313 }, // U+014F
    { 37, 51, 591, 1, 50, 27580 }, // U+0150
    { 29, 44, 435, 1, 43, 28052 }, // U+0151
    { 49, 37, 794, 1, 36, 28371 }, // U+0152
    { 39, 28, 654, 1, 27, 28825 }, // U+0153
    { 35, 51, 544, -2, 50, 29098 }, // U+0154
    { 24, 44, 386, 1, 44, 29545 }, // U+0155
    { 35, 50, 544, -2, 36, 29809 }, // U+0156
    { 26, 40, 386, -1, 27, 30247 }, // U+0157
    { 35, 50, 544, -2, 49, 30507 }, // U+0158
    { 25, 43, 386, 1, 43, 30945 }, // U+0159
    { 28, 51, 442, -1, 50, 31214 }, // U+015A
    { 25, 45, 347, -1, 44, 31571 }, // U+015B
    { 28, 50, 442, -1, 49, 31853 }, // U+015C
    { 24, 43, 347, -1, 42, 32203 }, // U+015D
    { 28, 50, 442, -1, 36, 32461 }, // U+015E
    { 22, 41, 347, -1, 27, 32811 }, // U+015F
    { 30, 50, 442, -1, 49, 33037 }, // U+0160
    { 26, 44, 347, -1, 43, 33412 }, // U+0161
    { 33, 49, 530, 3, 35, 33698 }, // U+0162
    { 21, 47, 338, 1, 33, 34103 }, // U+0163
    { 33, 49, 530, 3, 49, 34350 }, // U+0164
    { 24, 41, 338, 1, 40, 34755 }, // U+0165
    { 33, 35, 530, 3, 35, 35001 }, // U+0166
    { 22, 34, 338, 0, 33, 35290 }, // U+0167
    { 38, 49, 627, 4, 48, 35477 }, // U+0168
    { 29, 41, 491, 1, 40, 35943 }, // U+0169
    { 38, 46, 627, 4, 45, 36241 }, // U+016A
    { 29, 37, 491, 1, 36, 36678 }, // U+016B
    { 38, 50, 627, 4, 49, 36947 }, // U+016C
    { 29, 41, 491, 1, 40, 37422 }, // U+016D
    { 38, 51, 627, 4, 50, 37720 }, // U+016E
    { 29, 43, 491, 1, 42, 38205 }, // U+016F
    { 38, 51, 627, 4, 50, 38517 }, // U+0170
    { 29, 44, 491, 1, 43, 39002 }, // U+0171
    { 38, 46, 627, 4, 35, 39321 }, // U+0172
    { 29, 38, 491, 1, 27, 39758 }, // U+0173
    { 50, 49, 799, 3, 49, 40034 }, // U+0174
    { 38, 43, 608, 0, 42, 40647 }, // U+0175
    { 35, 49, 524, 2, 49, 41056 }, // U+0176
    { 33, 54, 422, -7, 42, 41485 }, // U+0177
    { 35, 47, 524, 2, 47, 41931 }, // U+0178
    { 32, 51, 496, -1, 50, 42343 }, // U+0179
    { 26, 45, 385, -1, 44, 42751 }, // U+017A
    { 32, 49, 496, -1, 48, 43044 }, // U+017B
    { 26, 40, 385, -1, 39, 43436 }, // U+017C
    { 32, 50, 496, -1, 49, 43696 }, // U+017D
    { 26, 44, 385, -1, 43, 44096 }, // U+017E
    { 38, 51, 340, -10, 39, 44382 }, // U+017F
    { 40, 43, 591, 1, 42, 0 }, // U+01A0
    { 30, 33, 435, 1, 32, 430 }, // U+01A1
    { 43, 43, 614, 4, 42, 678 }, // U+01AF
    { 34, 33, 491, 1, 32, 1141 }, // U+01B0
    { 71, 50, 1109, -2, 49, 1422 }, // U+01C4
    { 64, 44, 985, -2, 43, 2310 }, // U+01C5
    { 53, 44, 857, 1, 43, 3014 }, // U+01C6
    { 53, 45, 766, -2, 35, 3597 }, // U+01C7
    { 49, 51, 715, -2, 39, 4194 }, // U+01C8
    { 32, 51, 506, 1, 39, 4819 }, // U+01C9
    { 63, 45, 922, -2, 35, 5227 }, // U+01CA
    { 58, 51, 871, -2, 39, 5936 }, // U+01CB
    { 48, 51, 749, 1, 39, 6676 }, // U+01CC
    { 39, 49, 592, -3, 49, 7288 }, // U+01CD
    { 28, 44, 478, 1, 43, 7766 }, // U+01CE
    { 27, 49, 318, -2, 49, 8074 }, // U+01CF
    { 21, 44, 258, 1, 43, 8405 }, // U+01D0
    { 35, 50, 591, 1, 49, 8636 }, // U+01D1
    { 27, 44, 435, 1, 43, 9074 }, // U+01D2
    { 38, 50, 627, 4, 49, 9371 }, // U+01D3
    { 29, 44, 491, 1, 43, 9846 }, // U+01D4
    { 38, 54, 627, 4, 53, 10165 }, // U+01D5
    { 29, 46, 491, 1, 45, 10678 }, // U+01D6
    { 38, 54, 627, 4, 53, 11012 }, // U+01D7
    { 29, 51, 491, 1, 50, 11525 }, // U+01D8
    { 38, 54, 627, 4, 53, 11895 }, // U+01D9
    { 29, 50, 491, 1, 49, 12408 }, // U+01DA
    { 38, 54, 627, 4, 53, 12771 }, // U+01DB
    { 29, 51, 491, 1, 50, 13284 }, // U+01DC
    { 22, 28, 390, 1, 27, 13654 }, // U+01DD
    { 39, 53, 592, -3, 53, 13808 }, // U+01DE
    { 28, 46, 478, 1, 45, 14325 }, // U+01DF
    { 39, 52, 592, -3, 52, 14647 }, // U+01E0
    { 28, 48, 478, 1, 47, 15154 }, // U+01E1
    { 51, 45, 750, -4, 45, 15490 }, // U+01E2
    { 38, 37, 626, 1, 36, 16064 }, // U+01E3
    { 35, 37, 582, 1, 36, 16416 }, // U+01E4
    { 38, 39, 424, -8, 27, 16740 }, // U+01E5
    { 34, 50, 582, 1, 49, 17111 }, // U+01E6
    { 34, 55, 424, -4, 43, 17536 }, // U+01E7
    { 40, 50, 571, -2, 49, 18004 }, // U+01E8
    { 26, 53, 427, 0, 52, 18504 }, // U+01E9
    { 35, 47, 591, 1, 36, 18849 }, // U+01EA
    { 25, 38, 435, 1, 27, 19261 }, // U+01EB
    { 35, 56, 591, 1, 45, 19499 }, // U+01EC
    { 26, 47, 435, 1, 36, 19989 }, // U+01ED
    { 31, 50, 453, -1, 49, 20295 }, // U+01EE
    { 30, 55, 426, -3, 43, 20683 }, // U+01EF
    { 33, 55, 253, -10, 43, 21096 }, // U+01F0
    { 69, 37, 1082, -2, 36, 21550 }, // U+01F1
    { 63, 37, 970, -2, 36, 22189 }, // U+01F2
    { 53, 40, 860, 1, 39, 22772 }, // U+01F3
    { 34, 51, 582, 1, 50, 23302 }, // U+01F4
    { 34, 56, 424, -4, 44, 23736 }, // U+01F5
    { 44, 51, 618, -2, 50, 24212 }, // U+01F8
    { 29, 44, 496, 1, 43, 24773 }, // U+01F9
    { 39, 52, 592, -3, 52, 25092 }, // U+01FA
    { 28, 53, 478, 1, 52, 25599 }, // U+01FB
    { 51, 50, 750, -4, 50, 25970 }, // U+01FC
    { 38, 45, 626, 1, 44, 26608 }, // U+01FD
    { 41, 52, 591, -2, 50, 27036 }, // U+01FE
    { 33, 46, 435, -3, 44, 27569 }, // U+01FF
    { 39, 50, 592, -3, 50, 27949 }, // U+0200
    { 28, 43, 478, 1, 42, 28437 }, // U+0201
    { 39, 48, 592, -3, 48, 28738 }, // U+0202
    { 28, 40, 478, 1, 39, 29206 }, // U+0203
    { 34, 50, 498, -2, 50, 29486 }, // U+0204
    { 22, 43, 379, 1, 42, 29911 }, // U+0205
    { 34, 48, 498, -2, 48, 30148 }, // U+0206
    { 23, 40, 379, 1, 39, 30556 }, // U+0207
    { 24, 50, 318, -2, 50, 30786 }, // U+0208
    { 17, 43, 258, 1, 42, 31086 }, // U+0209
    { 25, 48, 318, -2, 48, 31269 }, // U+020A
    { 19, 40, 258, 1, 39, 31569 }, // U+020B
    { 35, 51, 591, 1, 50, 31759 }, // U+020C
    { 25, 43, 435, 1, 42, 32206 }, // U+020D
    { 35, 49, 591, 1, 48, 32475 }, // U+020E
    { 26, 40, 435, 1, 39, 32904 }, // U+020F
    { 35, 51, 544, -2, 50, 33164 }, // U+0210
    { 24, 42, 386, 1, 42, 33611 }, // U+0211
    { 35, 49, 544, -2, 48, 33863 }, // U+0212
    { 24, 39, 386, 1, 39, 34292 }, // U+0213
    { 38, 51, 627, 4, 50, 34526 }, // U+0214
    { 29, 43, 491, 1, 42, 35011 }, // U+0215
    { 38, 49, 627, 4, 48, 35323 }, // U+0216
    { 29, 40, 491, 1, 39, 35789 }, // U+0217
    { 28, 50, 442, -1, 36, 36079 }, // U+0218
    { 22, 40, 347, -1, 27, 36429 }, // U+0219
    { 33, 49, 530, 3, 35, 36649 }, // U+021A
    { 21, 46, 338, 1, 33, 37054 }, // U+021B
    { 29, 41, 457, -2, 35, 37296 }, // U+021C
    { 27, 39, 379, -4, 27, 37594 }, // U+021D
    { 44, 49, 642, -2, 49, 37858 }, // U+021E
    { 29, 53, 478, 0, 52, 38397 }, // U+021F
    { 11, 13, 0, -8, 43, 0 }, // U+0300
    { 10, 14, 0, -3, 44, 36 }, // U+0301
    { 18, 12, 0, -10, 42, 71 }, // U+0302
    { 18, 8, 0, -9, 40, 125 }, // U+0303
    { 17, 5, 0, -9, 37, 161 }, // U+0304
    { 16, 10, 0, -8, 41, 183 }, // U+0306
    { 8, 8, 0, -4, 40, 223 }, // U+0307
    { 18, 7, 0, -9, 39, 239 }, // U+0308
    { 13, 14, 0, -6, 44, 271 }, // U+0309
    { 14, 13, 0, -7, 42, 317 }, // U+030A
    { 20, 13, 0, -9, 43, 363 }, // U+030B
    { 18, 12, 0, -8, 43, 428 }, // U+030C
    { 15, 13, 0, -10, 42, 482 }, // U+030F
    { 17, 10, 0, -9, 40, 531 }, // U+0311
    { 10, 14, 0, -5, 44, 574 }, // U+0312
    { 11, 14, 0, -5, 45, 609 }, // U+0313
    { 9, 14, 0, -6, 45, 648 }, // U+0314
    { 8, 12, 0, -4, 43, 680 }, // U+0315
    { 10, 12, 0, -5, 32, 704 }, // U+031B
    { 8, 8, 0, -4, -4, 734 }, // U+0323
    { 18, 7, 0, -9, -4, 750 }, // U+0324
    { 12, 11, 0, -6, -2, 782 }, // U+0325
    { 9, 11, 0, -5, -2, 815 }, // U+0326
    { 11, 11, 0, -6, -3, 840 }, // U+0327
    { 11, 13, 0, -6, 2, 871 }, // U+0328
    { 9, 12, 216, -2, -3, 907 }, // U+0329
    { 18, 11, 0, -10, -2, 934 }, // U+032D
    { 16, 10, 0, -8, -2, 984 }, // U+032E
    { 18, 8, 0, -9, -4, 1024 }, // U+0330
    { 17, 5, 0, -9, -5, 1060 }, // U+0331
    { 16, 10, 0, -8, 40, 1082 }, // U+0342
    { 19, 20, 0, -10, 52, 1122 }, // U+0344
    { 9, 9, 0, -3, -3, 1217 }, // U+0345
    { 0, 0, 0, 0, 0, 1238 }, // U+034F
    { 34, 50, 498, -2, 50, 0 }, // U+0400
    { 34, 47, 498, -2, 47, 425 }, // U+0401
    { 33, 45, 618, 3, 35, 825 }, // U+0402
    { 33, 50, 462, -2, 50, 1197 }, // U+0403
    { 32, 36, 521, 1, 36, 1610 }, // U+0404
    { 28, 36, 442, -1, 36, 1898 }, // U+0405
    { 24, 35, 318, -2, 35, 2150 }, // U+0406
    { 26, 47, 318, -2, 47, 2360 }, // U+0407
    { 31, 45, 303, -9, 35, 2666 }, // U+0408
    { 48, 36, 740, -3, 36, 3015 }, // U+0409
    { 48, 35, 766, -2, 35, 3447 }, // U+040A
    { 36, 35, 677, 3, 35, 3867 }, // U+040B
    { 40, 50, 564, -2, 50, 4182 }, // U+040C
    { 45, 50, 644, -2, 50, 4682 }, // U+040D
    { 36, 51, 537, 2, 51, 5245 }, // U+040E
    { 43, 46, 614, -2, 35, 5704 }, // U+040F
    { 39, 36, 592, -3, 36, 6199 }, // U+0410
    { 33, 35, 509, -2, 35, 6550 }, // U+0411
    { 32, 36, 502, -2, 36, 6839 }, // U+0412
    { 33, 35, 462, -2, 35, 7127 }, // U+0413
    { 42, 46, 595, -3, 35, 7416 }, // U+0414
    { 34, 35, 498, -2, 35, 7899 }, // U+0415
    { 55, 36, 778, -4, 36, 8197 }, // U+0416
    { 28, 36, 456, -1, 36, 8692 }, // U+0417
    { 45, 35, 644, -2, 35, 8944 }, // U+0418
    { 45, 51, 644, -2, 51, 9338 }, // U+0419
    { 40, 36, 564, -2, 36, 9912 }, // U+041A
    { 42, 36, 584, -3, 36, 10272 }, // U+041B
    { 49, 35, 718, -4, 35, 10650 }, // U+041C
    { 44, 36, 642, -2, 35, 11079 }, // U+041D
    { 35, 37, 591, 1, 37, 11475 }, // U+041E
    { 43, 35, 621, -2, 35, 11799 }, // U+041F
    { 33, 36, 491, -2, 36, 12176 }, // U+0420
    { 32, 36, 525, 1, 36, 12473 }, // U+0421
    { 33, 35, 530, 3, 35, 12761 }, // U+0422
    { 36, 36, 537, 2, 36, 13050 }, // U+0423
    { 36, 37, 601, 1, 37, 13374 }, // U+0424
    { 41, 35, 533, -4, 35, 13707 }, // U+0425
    { 43, 46, 618, -2, 35, 14066 }, // U+0426
    { 35, 35, 572, 3, 35, 14561 }, // U+0427
    { 55, 35, 808, -2, 35, 14868 }, // U+0428
    { 55, 46, 813, -2, 35, 15350 }, // U+0429
    { 32, 35, 580, 3, 35, 15983 }, // U+042A
    { 52, 35, 758, -2, 35, 16263 }, // U+042B
    { 31, 35, 492, -2, 35, 16718 }, // U+042C
    { 32, 36, 506, -1, 36, 16990 }, // U+042D
    { 53, 37, 827, -2, 37, 17278 }, // U+042E
    { 39, 36, 533, -3, 36, 17769 }, // U+042F
    { 28, 27, 478, 1, 27, 18120 }, // U+0430
    { 29, 42, 438, 1, 42, 18309 }, // U+0431
    { 24, 27, 415, 1, 27, 18614 }, // U+0432
    { 22, 27, 366, 0, 27, 18776 }, // U+0433
    { 26, 40, 435, 1, 40, 18925 }, // U+0434
    { 22, 27, 379, 1, 27, 19185 }, // U+0435
    { 45, 27, 719, 0, 27, 19334 }, // U+0436
    { 23, 27, 370, -1, 27, 19638 }, // U+0437
    { 29, 27, 491, 1, 27, 19794 }, // U+0438
    { 29, 41, 491, 1, 41, 19990 }, // U+0439
    { 27, 27, 458, 1, 27, 20288 }, // U+043A
    { 31, 27, 500, -1, 27, 20471 }, // U+043B
    { 40, 27, 639, -1, 27, 20681 }, // U+043C
    { 29, 27, 500, 1, 27, 20951 }, // U+043D
    { 25, 27, 435, 1, 27, 21147 }, // U+043E
    { 29, 27, 496, 1, 27, 21316 }, // U+043F
    { 32, 38, 458, -4, 27, 21512 }, // U+0440
    { 22, 27, 364, 1, 27, 21816 }, // U+0441
    { 42, 27, 701, 1, 27, 21965 }, // U+0442
    { 33, 39, 422, -7, 27, 22249 }, // U+0443
    { 34, 52, 571, 1, 40, 22571 }, // U+0444
    { 30, 27, 458, -1, 27, 23013 }, // U+0445
    { 30, 36, 498, 1, 27, 23216 }, // U+0446
    { 28, 27, 483, 1, 27, 23486 }, // U+0447
    { 40, 27, 667, 1, 27, 23675 }, // U+0448
    { 41, 36, 674, 1, 27, 23945 }, // U+0449
    { 25, 27, 440, 1, 27, 24314 }, // U+044A
    { 37, 27, 629, 1, 27, 24483 }, // U+044B
    { 23, 27, 406, 1, 27, 24733 }, // U+044C
    { 24, 27, 384, -1, 27, 24889 }, // U+044D
    { 38, 27, 637, 1, 27, 25051 }, // U+044E
    { 29, 27, 481, 0, 27, 25308 }, // U+044F
    { 22, 43, 379, 1, 43, 25504 }, // U+0450
    { 24, 39, 379, 1, 39, 25741 }, // U+0451
    { 27, 52, 458, 0, 40, 25975 }, // U+0452
    { 23, 44, 366, 0, 44, 26326 }, // U+0453
    { 23, 27, 383, 1, 27, 26579 }, // U+0454
    { 22, 27, 347, -1, 27, 26735 }, // U+0455
    { 16, 39, 258, 1, 39, 26884 }, // U+0456
    { 20, 39, 258, 1, 39, 27040 }, // U+0457
    { 28, 51, 253, -10, 39, 27235 }, // U+0458
    { 39, 27, 633, -1, 27, 27592 }, // U+0459
    { 37, 27, 618, 1, 27, 27856 }, // U+045A
    { 29, 40, 478, 0, 40, 28106 }, // U+045B
    { 27, 44, 458, 1, 44, 28396 }, // U+045C
    { 29, 43, 491, 1, 43, 28693 }, // U+045D
    { 33, 54, 422, -7, 42, 29005 }, // U+045E
    { 29, 36, 491, 1, 27, 29451 }, // U+045F
    { 31, 40, 569, 3, 40, 29712 }, // U+0462
    { 37, 27, 628, 1, 27, 30022 }, // U+0463
    { 35, 36, 591, 1, 36, 30272 }, // U+0472
    { 25, 27, 435, 1, 27, 30587 }, // U+0473
    { 38, 36, 610, 3, 36, 30756 }, // U+0474
    { 31, 28, 468, -1, 27, 31098 }, // U+0475
    { 45, 62, 649, -2, 51, 31315 }, // U+048A
    { 29, 51, 490, 1, 42, 32013 }, // U+048B
    { 31, 35, 492, -2, 35, 32383 }, // U+048C
    { 22, 37, 406, 2, 37, 32655 }, // U+048D
    { 33, 36, 493, -2, 36, 32859 }, // U+048E
    { 32, 38, 458, -4, 27, 33156 }, // U+048F
    { 33, 42, 455, -2, 42, 33460 }, // U+0490
    { 26, 34, 379, 0, 34, 33807 }, // U+0491
    { 33, 35, 462, -2, 35, 34028 }, // U+0492
    { 22, 27, 366, 0, 27, 34317 }, // U+0493
    { 33, 46, 530, -2, 36, 34466 }, // U+0494
    { 24, 39, 438, 1, 27, 34846 }, // U+0495
    { 55, 46, 786, -4, 36, 35080 }, // U+0496
    { 45, 37, 719, 0, 27, 35713 }, // U+0497
    { 28, 46, 456, -1, 36, 36130 }, // U+0498
    { 23, 36, 370, -1, 27, 36452 }, // U+0499
    { 39, 47, 562, -2, 36, 36659 }, // U+049A
    { 27, 36, 458, 1, 27, 37118 }, // U+049B
    { 41, 36, 590, -2, 36, 37361 }, // U+049C
    { 31, 27, 513, 1, 27, 37730 }, // U+049D
    { 40, 36, 564, -2, 36, 37940 }, // U+049E
    { 26, 37, 447, 1, 37, 38300 }, // U+049F
    { 41, 36, 658, 3, 36, 38541 }, // U+04A0
    { 31, 27, 523, 1, 27, 38910 }, // U+04A1
    { 44, 46, 646, -2, 35, 39120 }, // U+04A2
    { 30, 36, 514, 1, 27, 39626 }, // U+04A3
    { 51, 36, 747, -2, 35, 39896 }, // U+04A4
    { 37, 27, 607, 1, 27, 40355 }, // U+04A5
    { 51, 45, 822, -2, 35, 40605 }, // U+04A6
    { 39, 39, 670, 1, 27, 41179 }, // U+04A7
    { 40, 37, 666, 1, 37, 41560 }, // U+04A8
    { 31, 27, 518, 1, 27, 41930 }, // U+04A9
    { 32, 46, 525, 1, 36, 42140 }, // U+04AA
    { 22, 36, 364, 1, 27, 42508 }, // U+04AB
    { 33, 46, 530, 3, 35, 42706 }, // U+04AC
    { 43, 37, 706, 1, 27, 43086 }, // U+04AD
    { 35, 35, 524, 2, 35, 43484 }, // U+04AE
    { 26, 38, 422, 0, 27, 43791 }, // U+04AF
    { 35, 36, 524, 2, 36, 44038 }, // U+04B0
    { 26, 38, 422, 0, 27, 44353 }, // U+04B1
    { 41, 46, 533, -4, 35, 44600 }, // U+04B2
    { 30, 37, 458, -1, 27, 45072 }, // U+04B3
    { 45, 46, 736, 3, 35, 45350 }, // U+04B4
    { 30, 46, 498, 1, 37, 45868 }, // U+04B5
    { 35, 45, 577, 3, 35, 46213 }, // U+04B6
    { 29, 37, 490, 1, 27, 46607 }, // U+04B7
    { 35, 35, 579, 3, 35, 46876 }, // U+04B8
    { 29, 27, 491, 1, 27, 47183 }, // U+04B9
    { 35, 36, 578, -2, 36, 47379 }, // U+04BA
    { 29, 40, 478, 0, 40, 47694 }, // U+04BB
    { 39, 36, 657, 1, 36, 47984 }, // U+04BC
    { 29, 27, 475, 0, 27, 48335 }, // U+04BD
    { 39, 47, 657, 1, 36, 48531 }, // U+04BE
    { 29, 37, 475, 0, 27, 48990 }, // U+04BF
    { 24, 35, 318, -2, 35, 49259 }, // U+04C0
    { 56, 51, 775, -5, 51, 49469 }, // U+04C1
    { 45, 42, 719, 0, 42, 50183 }, // U+04C2
    { 40, 46, 578, -2, 36, 50656 }, // U+04C3
    { 27, 39, 458, 1, 27, 51116 }, // U+04C4
    { 42, 46, 589, -3, 36, 51380 }, // U+04C5
    { 32, 36, 506, -1, 27, 51863 }, // U+04C6
    { 44, 46, 642, -2, 36, 52151 }, // U+04C7
    { 28, 39, 472, 1, 27, 52657 }, // U+04C8
    { 44, 46, 646, -2, 35, 52930 }, // U+04C9
    { 30, 36, 509, 1, 27, 53436 }, // U+04CA
    { 35, 46, 572, 3, 35, 53706 }, // U+04CB
    { 27, 37, 469, 1, 27, 54109 }, // U+04CC
    { 49, 46, 734, -4, 35, 54359 }, // U+04CD
    { 40, 36, 639, -1, 27, 54923 }, // U+04CE
    { 24, 39, 306, -2, 39, 55283 }, // U+04CF
    { 39, 51, 592, -3, 51, 55517 }, // U+04D0
    { 28, 42, 478, 1, 42, 56015 }, // U+04D1
    { 39, 47, 592, -3, 47, 56309 }, // U+04D2
    { 28, 39, 478, 1, 39, 56768 }, // U+04D3
    { 51, 35, 750, -4, 35, 57041 }, // U+04D4
    { 38, 27, 626, 1, 27, 57488 }, // U+04D5
    { 34, 51, 498, -2, 51, 57745 }, // U+04D6
    { 24, 42, 379, 1, 42, 58179 }, // U+04D7
    { 32, 36, 532, 0, 36, 58431 }, // U+04D8
    { 22, 27, 390, 1, 27, 58719 }, // U+04D9
    { 32, 47, 532, 0, 47, 58868 }, // U+04DA
    { 23, 39, 390, 1, 39, 59244 }, // U+04DB
    { 55, 47, 778, -4, 47, 59469 }, // U+04DC
    { 45, 39, 719, 0, 39, 60116 }, // U+04DD
    { 28, 47, 456, -1, 47, 60555 }, // U+04DE
    { 25, 39, 370, -1, 39, 60884 }, // U+04DF
    { 31, 36, 453, -1, 36, 61128 }, // U+04E0
    { 30, 39, 426, -3, 27, 61407 }, // U+04E1
    { 45, 45, 644, -2, 45, 61700 }, // U+04E2
    { 29, 37, 491, 1, 37, 62207 }, // U+04E3
    { 45, 47, 644, -2, 47, 0 }, // U+04E4
    { 29, 39, 491, 1, 39, 529 }, // U+04E5
    { 35, 47, 591, 1, 47, 812 }, // U+04E6
    { 26, 39, 435, 1, 39, 1224 }, // U+04E7
    { 35, 36, 591, 1, 36, 1478 }, // U+04E8
    { 25, 27, 435, 1, 27, 1793 }, // U+04E9
    { 35, 47, 591, 1, 47, 1962 }, // U+04EA
    { 26, 39, 435, 1, 39, 2374 }, // U+04EB
    { 32, 47, 506, -1, 47, 2628 }, // U+04EC
    { 24, 39, 384, -1, 39, 3004 }, // U+04ED
    { 36, 46, 537, 2, 46, 3238 }, // U+04EE
    { 33, 49, 422, -7, 37, 3652 }, // U+04EF
    { 36, 47, 537, 2, 47, 4057 }, // U+04F0
    { 33, 51, 422, -7, 39, 4480 }, // U+04F1
    { 36, 51, 537, 2, 51, 4901 }, // U+04F2
    { 33, 55, 422, -7, 43, 5360 }, // U+04F3
    { 35, 47, 572, 3, 47, 5814 }, // U+04F4
    { 28, 39, 483, 1, 39, 6226 }, // U+04F5
    { 33, 46, 462, -2, 35, 6499 }, // U+04F6
    { 22, 37, 366, 0, 27, 6879 }, // U+04F7
    { 52, 47, 758, -2, 47, 7083 }, // U+04F8
    { 37, 39, 629, 1, 39, 7694 }, // U+04F9
    { 33, 45, 462, -2, 35, 8055 }, // U+04FA
    { 22, 36, 366, 0, 27, 8427 }, // U+04FB
    { 41, 45, 533, -4, 35, 8625 }, // U+04FC
    { 30, 39, 458, -1, 27, 9087 }, // U+04FD
    { 41, 36, 533, -4, 36, 9380 }, // U+04FE
    { 30, 27, 458, -1, 27, 9749 }, // U+04FF
    { 39, 48, 592, -3, 36, 0 }, // U+1EA0
    { 28, 39, 478, 1, 27, 468 }, // U+1EA1
    { 39, 51, 592, -3, 51, 741 }, // U+1EA2
    { 28, 45, 478, 1, 44, 1239 }, // U+1EA3
    { 41, 53, 592, -3, 53, 1554 }, // U+1EA4
    { 32, 51, 478, 1, 50, 2098 }, // U+1EA5
    { 39, 53, 592, -3, 53, 2506 }, // U+1EA6
    { 28, 51, 478, 1, 50, 3023 }, // U+1EA7
    { 41, 53, 592, -3, 53, 3380 }, // U+1EA8
    { 33, 50, 478, 1, 49, 3924 }, // U+1EA9
    { 39, 53, 592, -3, 53, 4337 }, // U+1EAA
    { 28, 49, 478, 1, 48, 4854 }, // U+1EAB
    { 39, 62, 592, -3, 50, 5197 }, // U+1EAC
    { 28, 54, 478, 1, 42, 5802 }, // U+1EAD
    { 39, 53, 592, -3, 53, 6180 }, // U+1EAE
    { 28, 51, 478, 1, 50, 6697 }, // U+1EAF
    { 39, 53, 592, -3, 53, 7054 }, // U+1EB0
    { 28, 50, 478, 1, 49, 7571 }, // U+1EB1
    { 39, 53, 592, -3, 53, 7921 }, // U+1EB2
    { 28, 51, 478, 1, 50, 8438 }, // U+1EB3
    { 39, 53, 592, -3, 53, 8795 }, // U+1EB4
    { 28, 48, 478, 1, 47, 9312 }, // U+1EB5
    { 39, 61, 592, -3, 49, 9648 }, // U+1EB6
    { 28, 53, 478, 1, 41, 10243 }, // U+1EB7
    { 34, 47, 498, -2, 35, 10614 }, // U+1EB8
    { 22, 39, 379, 1, 27, 11014 }, // U+1EB9
    { 34, 51, 498, -2, 51, 11229 }, // U+1EBA
    { 23, 45, 379, 1, 44, 11663 }, // U+1EBB
    { 34, 48, 498, -2, 48, 11922 }, // U+1EBC
    { 24, 41, 379, 1, 40, 12330 }, // U+1EBD
    { 38, 53, 498, -2, 53, 12576 }, // U+1EBE
    { 30, 51, 379, 1, 50, 13080 }, // U+1EBF
    { 34, 53, 498, -2, 53, 13463 }, // U+1EC0
    { 25, 51, 379, 1, 50, 13914 }, // U+1EC1
    { 38, 53, 498, -2, 53, 14233 }, // U+1EC2
    { 31, 50, 379, 1, 49, 14737 }, // U+1EC3
    { 34, 53, 498, -2, 53, 15125 }, // U+1EC4
    { 24, 49, 379, 1, 48, 15576 }, // U+1EC5
    { 34, 62, 498, -2, 50, 15870 }, // U+1EC6
    { 23, 54, 379, 1, 42, 16397 }, // U+1EC7
    { 24, 51, 318, -2, 51, 16708 }, // U+1EC8
    { 19, 45, 258, 1, 44, 17014 }, // U+1EC9
    { 24, 47, 318, -2, 35, 17228 }, // U+1ECA
    { 17, 51, 258, 0, 39, 17510 }, // U+1ECB
    { 35, 48, 591, 1, 36, 17727 }, // U+1ECC
    { 25, 39, 435, 1, 27, 18147 }, // U+1ECD
    { 35, 52, 591, 1, 51, 18391 }, // U+1ECE
    { 25, 45, 435, 1, 44, 18846 }, // U+1ECF
    { 37, 54, 591, 1, 53, 19128 }, // U+1ED0
    { 32, 51, 435, 1, 50, 19628 }, // U+1ED1
    { 35, 54, 591, 1, 53, 20036 }, // U+1ED2
    { 27, 51, 435, 1, 50, 20509 }, // U+1ED3
    { 37, 54, 591, 1, 53, 20854 }, // U+1ED4
    { 33, 50, 435, 1, 49, 21354 }, // U+1ED5
    { 35, 54, 591, 1, 53, 21767 }, // U+1ED6
    { 27, 49, 435, 1, 48, 22240 }, // U+1ED7
    { 35, 62, 591, 1, 50, 22571 }, // U+1ED8
    { 25, 54, 435, 1, 42, 23114 }, // U+1ED9
    { 40, 50, 591, 1, 49, 23452 }, // U+1EDA
    { 30, 45, 435, 1, 44, 23952 }, // U+1EDB
    { 40, 50, 591, 1, 49, 24290 }, // U+1EDC
    { 30, 44, 435, 1, 43, 24790 }, // U+1EDD
    { 40, 52, 591, 1, 51, 25120 }, // U+1EDE
    { 30, 45, 435, 1, 44, 25640 }, // U+1EDF
    { 40, 49, 591, 1, 48, 25978 }, // U+1EE0
    { 30, 41, 435, 1, 40, 26468 }, // U+1EE1
    { 40, 54, 591, 1, 42, 26776 }, // U+1EE2
    { 30, 45, 435, 1, 33, 27316 }, // U+1EE3
    { 38, 48, 627, 4, 36, 27654 }, // U+1EE4
    { 29, 39, 491, 1, 27, 28110 }, // U+1EE5
    { 38, 52, 627, 4, 51, 28393 }, // U+1EE6
    { 29, 45, 491, 1, 44, 28887 }, // U+1EE7
    { 43, 51, 614, 4, 50, 29214 }, // U+1EE8
    { 34, 45, 491, 1, 44, 29763 }, // U+1EE9
    { 43, 51, 614, 4, 50, 30146 }, // U+1EEA
    { 34, 44, 491, 1, 43, 30695 }, // U+1EEB
    { 43, 52, 614, 4, 51, 31069 }, // U+1EEC
    { 34, 45, 491, 1, 44, 31628 }, // U+1EED
    { 43, 49, 614, 4, 48, 32011 }, // U+1EEE
    { 34, 41, 491, 1, 40, 32538 }, // U+1EEF
    { 43, 54, 614, 4, 42, 32887 }, // U+1EF0
    { 34, 45, 491, 1, 33, 33468 }, // U+1EF1
    { 35, 50, 524, 2, 50, 33851 }, // U+1EF2
    { 33, 55, 422, -7, 43, 34289 }, // U+1EF3
    { 35, 47, 524, 2, 35, 34743 }, // U+1EF4
    { 33, 39, 422, -7, 27, 35155 }, // U+1EF5
    { 35, 51, 524, 2, 51, 35477 }, // U+1EF6
    { 33, 57, 422, -7, 45, 35924 }, // U+1EF7
    { 35, 48, 524, 2, 48, 36395 }, // U+1EF8
    { 33, 52, 422, -7, 40, 36815 }, // U+1EF9
    { 0, 0, 400, 0, 0, 0 }, // U+2000
    { 0, 0, 800, 0, 0, 0 }, // U+2001
    { 0, 0, 400, 0, 0, 0 }, // U+2002
    { 0, 0, 800, 0, 0, 0 }, // U+2003
    { 0, 0, 266, 0, 0, 0 }, // U+2004
    { 0, 0, 200, 0, 0, 0 }, // U+2005
    { 0, 0, 133, 0, 0, 0 }, // U+2006
    { 0, 0, 498, 0, 0, 0 }, // U+2007
    { 0, 0, 246, 0, 0, 0 }, // U+2008
    { 0, 0, 160, 0, 0, 0 }, // U+2009
    { 0, 0, 40, 0, 0, 0 }, // U+200A
    { 0, 0, 0, 0, 0, 0 }, // U+200B
    { 0, 0, 0, 0, 0, 0 }, // U+200C
    { 0, 0, 0, 0, 0, 0 }, // U+200D
    { 0, 0, 0, 0, 0, 0 }, // U+200E
    { 0, 0, 0, 0, 0, 0 }, // U+200F
    { 16, 5, 312, 2, 15, 0 }, // U+2010
    { 16, 5, 312, 2, 15, 20 }, // U+2011
    { 25, 5, 498, 3, 19, 40 }, // U+2012
    { 25, 5, 400, 0, 16, 72 }, // U+2013
    { 50, 5, 800, 0, 16, 104 }, // U+2014
    { 50, 5, 800, 0, 16, 167 }, // U+2015
    { 17, 50, 400, 4, 39, 230 }, // U+2016
    { 25, 13, 400, 0, -2, 443 }, // U+2017
    { 11, 16, 240, 4, 38, 525 }, // U+2018
    { 11, 16, 240, 3, 38, 569 }, // U+2019
    { 11, 16, 240, 0, 7, 613 }, // U+201A
    { 11, 17, 240, 2, 38, 657 }, // U+201B
    { 22, 16, 408, 4, 38, 704 }, // U+201C
    { 22, 16, 408, 3, 37, 792 }, // U+201D
    { 21, 16, 400, 0, 7, 880 }, // U+201E
    { 21, 17, 400, 2, 38, 964 }, // U+201F
    { 22, 32, 374, 2, 36, 1054 }, // U+2020
    { 25, 38, 374, -1, 35, 1230 }, // U+2021
    { 13, 11, 240, 1, 19, 1468 }, // U+2022
    { 17, 17, 498, 7, 26, 1504 }, // U+2023
    { 10, 9, 232, 2, 8, 1577 }, // U+2024
    { 21, 9, 400, 2, 8, 1600 }, // U+2025
    { 42, 9, 800, 4, 8, 1648 }, // U+2026
    { 10, 8, 232, 2, 18, 1743 }, // U+2027
    { 0, 0, 0, 0, 0, 1763 }, // U+2028
    { 0, 0, 0, 0, 0, 1763 }, // U+2029
    { 0, 0, 0, 0, 0, 1763 }, // U+202A
    { 0, 0, 0, 0, 0, 1763 }, // U+202B
    { 0, 0, 0, 0, 0, 1763 }, // U+202C
    { 0, 0, 0, 0, 0, 1763 }, // U+202D
    { 0, 0, 0, 0, 0, 1763 }, // U+202E
    { 0, 0, 86, 0, 0, 1763 }, // U+202F
    { 66, 42, 1126, 2, 38, 1763 }, // U+2030
    { 11, 18, 204, 1, 36, 2456 }, // U+2032
    { 21, 18, 360, 1, 36, 2506 }, // U+2033
    { 33, 18, 553, 1, 36, 2601 }, // U+2034
    { 11, 18, 204, 1, 36, 2750 }, // U+2035
    { 22, 18, 378, 1, 36, 2800 }, // U+2036
    { 33, 18, 553, 1, 36, 2899 }, // U+2037
    { 21, 11, 399, 2, 1, 3048 }, // U+2038
    { 16, 19, 284, 1, 22, 3106 }, // U+2039
    { 15, 19, 284, 1, 22, 3182 }, // U+203A
    { 31, 33, 498, 0, 33, 3254 }, // U+203B
    { 29, 39, 486, 2, 38, 3510 }, // U+203C
    { 25, 5, 400, 0, 42, 3793 }, // U+203E
    { 11, 5, 240, 2, 15, 3825 }, // U+2043
    { 32, 42, 230, -9, 38, 3839 }, // U+2044
    { 35, 38, 628, 4, 37, 4175 }, // U+2047
    { 32, 39, 558, 4, 38, 4508 }, // U+2048
    { 33, 39, 558, 2, 38, 4820 }, // U+2049
    { 30, 10, 800, 10, 19, 5142 }, // U+2053
    { 44, 18, 727, 1, 36, 5217 }, // U+2057
    { 0, 0, 178, 0, 0, 5415 }, // U+205F
    { 0, 0, 0, 0, 0, 5415 }, // U+2060
    { 0, 0, 0, 0, 0, 5415 }, // U+2061
    { 0, 0, 0, 0, 0, 5415 }, // U+2062
    { 0, 0, 0, 0, 0, 5415 }, // U+2063
    { 0, 0, 0, 0, 0, 5415 }, // U+2064
    { 0, 0, 0, 0, 0, 5415 }, // U+2065
    { 0, 0, 0, 0, 0, 5415 }, // U+206A
    { 0, 0, 0, 0, 0, 5415 }, // U+206B
    { 0, 0, 0, 0, 0, 5415 }, // U+206C
    { 0, 0, 0, 0, 0, 5415 }, // U+206D
    { 0, 0, 0, 0, 0, 5415 }, // U+206E
    { 0, 0, 0, 0, 0, 5415 }, // U+206F
    { 20, 24, 358, 1, 42, 0 }, // U+2070
    { 20, 23, 358, 1, 42, 120 }, // U+2074
    { 20, 23, 358, 1, 41, 235 }, // U+2075
    { 20, 24, 358, 2, 42, 350 }, // U+2076
    { 18, 23, 358, 4, 41, 470 }, // U+2077
    { 20, 24, 358, 1, 42, 574 }, // U+2078
    { 21, 24, 358, 0, 42, 694 }, // U+2079
    { 20, 18, 453, 5, 36, 820 }, // U+207F
    { 20, 23, 358, 1, 16, 910 }, // U+2080
    { 15, 23, 358, 2, 17, 1025 }, // U+2081
    { 20, 22, 358, 1, 16, 1112 }, // U+2082
    { 18, 23, 358, 2, 16, 1222 }, // U+2083
    { 20, 22, 358, 1, 16, 1326 }, // U+2084
    { 20, 22, 358, 1, 15, 1436 }, // U+2085
    { 20, 23, 358, 2, 16, 1546 }, // U+2086
    { 18, 22, 358, 4, 15, 1661 }, // U+2087
    { 20, 23, 358, 1, 16, 1760 }, // U+2088
    { 21, 23, 358, 0, 16, 1875 }, // U+2089
    { 33, 35, 498, -1, 35, 0 }, // U+20A3
    { 32, 36, 498, -1, 35, 289 }, // U+20A4
    { 65, 36, 1062, 0, 35, 577 }, // U+20A7
    { 34, 36, 498, -1, 35, 1162 }, // U+20AC
    { 32, 23, 800, 9, 29, 0 }, // U+2190
    { 23, 32, 800, 13, 33, 184 }, // U+2191
    { 32, 23, 800, 9, 29, 368 }, // U+2192
    { 23, 32, 800, 13, 33, 552 }, // U+2193
    { 32, 21, 800, 9, 28, 736 }, // U+2194
    { 21, 33, 800, 14, 34, 904 }, // U+2195
    { 23, 35, 800, 13, 35, 1078 }, // U+21A8
    { 22, 35, 800, 14, 35, 1280 }, // U+21B2
    { 22, 35, 800, 14, 35, 1473 }, // U+21B3
    { 28, 27, 800, 11, 31, 1666 }, // U+21B5
    { 32, 28, 800, 9, 31, 1855 }, // U+21D0
    { 28, 32, 800, 11, 33, 2079 }, // U+21D1
    { 32, 28, 800, 9, 31, 2303 }, // U+21D2
    { 28, 32, 800, 11, 33, 2527 }, // U+21D3
    { 32, 25, 800, 9, 30, 2751 }, // U+21D4
    { 35, 36, 800, 7, 35, 0 }, // U+2200
    { 25, 40, 498, 3, 39, 315 }, // U+2202
    { 24, 35, 800, 13, 35, 565 }, // U+2203
    { 39, 40, 800, 6, 37, 775 }, // U+2205
    { 32, 36, 546, 1, 36, 1165 }, // U+2206
    { 32, 36, 800, 9, 35, 1453 }, // U+2207
    { 34, 35, 800, 8, 35, 1741 }, // U+2208
    { 34, 44, 800, 8, 39, 2039 }, // U+2209
    { 34, 29, 800, 8, 32, 2413 }, // U+220A
    { 34, 35, 800, 8, 35, 2660 }, // U+220B
    { 34, 44, 800, 8, 39, 2958 }, // U+220C
    { 34, 29, 800, 8, 32, 3332 }, // U+220D
    { 39, 43, 670, 1, 35, 3579 }, // U+220F
    { 31, 44, 532, 1, 35, 3999 }, // U+2211
    { 23, 5, 498, 4, 19, 4340 }, // U+2212
    { 30, 39, 422, -2, 36, 4369 }, // U+2215
    { 24, 39, 422, 1, 36, 4662 }, // U+2216
    { 23, 24, 498, 4, 29, 4896 }, // U+2217
    { 19, 18, 498, 6, 26, 5034 }, // U+2218
    { 9, 8, 498, 11, 18, 5120 }, // U+2219
    { 32, 46, 498, -1, 40, 5138 }, // U+221A
    { 24, 20, 498, 4, 26, 5506 }, // U+221D
    { 30, 18, 498, 1, 25, 5626 }, // U+221E
    { 32, 35, 800, 9, 35, 5761 }, // U+221F
    { 38, 35, 800, 6, 35, 6041 }, // U+2220
    { 7, 50, 400, 9, 39, 6374 }, // U+2223
    { 17, 50, 400, 4, 39, 6462 }, // U+2225
    { 35, 35, 800, 8, 35, 6675 }, // U+2227
    { 35, 35, 800, 8, 35, 6982 }, // U+2228
    { 28, 36, 800, 11, 36, 7289 }, // U+2229
    { 28, 36, 800, 11, 35, 7541 }, // U+222A
    { 28, 51, 498, 2, 39, 7793 }, // U+222B
    { 31, 29, 800, 9, 28, 8150 }, // U+2234
    { 31, 29, 800, 9, 28, 8375 }, // U+2235
    { 12, 27, 250, 2, 30, 8600 }, // U+2236
    { 32, 29, 800, 9, 28, 8681 }, // U+2237
    { 30, 11, 800, 10, 20, 8913 }, // U+223C
    { 30, 28, 800, 10, 31, 8996 }, // U+2245
    { 25, 22, 498, 3, 28, 9206 }, // U+2248
    { 28, 18, 800, 11, 23, 9344 }, // U+224D
    { 23, 24, 498, 4, 29, 9470 }, // U+2260
    { 28, 24, 800, 11, 27, 9608 }, // U+2261
    { 23, 30, 498, 4, 30, 9776 }, // U+2264
    { 23, 31, 498, 4, 31, 9949 }, // U+2265
    { 42, 24, 800, 4, 29, 10128 }, // U+226A
    { 42, 24, 800, 4, 29, 10380 }, // U+226B
    { 34, 29, 800, 8, 32, 10632 }, // U+2283
    { 34, 44, 800, 8, 39, 10879 }, // U+2284
    { 34, 43, 800, 8, 39, 11253 }, // U+2285
    { 32, 35, 800, 9, 35, 11619 }, // U+2286
    { 32, 35, 800, 9, 35, 11899 }, // U+2287
    { 38, 37, 800, 6, 36, 12179 }, // U+2295
    { 38, 36, 800, 6, 35, 12531 }, // U+2296
    { 38, 36, 800, 6, 35, 12873 }, // U+2297
    { 38, 36, 800, 6, 35, 13215 }, // U+2298
    { 30, 35, 800, 10, 35, 13557 }, // U+22A5
    { 9, 8, 498, 11, 18, 13820 }, // U+22C5
    { 43, 8, 800, 4, 18, 13838 }, // U+22EF
    { 53, 51, 593, -10, 39, 0 }, // U+FB00
    { 42, 51, 514, -10, 39, 676 }, // U+FB01
    { 44, 51, 538, -10, 39, 1212 }, // U+FB02
    { 58, 51, 767, -10, 39, 1773 }, // U+FB03
    { 59, 51, 790, -10, 39, 2513 }, // U+FB04
    { 48, 51, 602, -10, 39, 3266 }, // U+FB05
    { 43, 37, 660, -1, 36, 3878 }, // U+FB06
    { 48, 47, 800, 1, 42, 0 }, // U+FFFD
};


static const EpdFontGroup bookerly_24_bolditalicGroups[] = {
    { 0, 1420, 3883, 24, 1428, 0 },
    { 1420, 1399, 3963, 16, 3659, 24 },
    { 2819, 1297, 4030, 12, 1867, 40 },
    { 4116, 1374, 3946, 11, 2748, 52 },
    { 5490, 1268, 3762, 16, 1994, 63 },
    { 6758, 1571, 3904, 16, 2859, 79 },
    { 8329, 386, 1041, 5, 712, 95 },
    { 8715, 7648, 29480, 96, 3833, 100 },
    { 16363, 10434, 47087, 128, 3827, 196 },
    { 26797, 11785, 40533, 94, 3827, 324 },
    { 38582, 694, 1370, 34, 997, 418 },
    { 39276, 22608, 65091, 192, 3833, 452 },
    { 61884, 3061, 10455, 28, 1782, 644 },
    { 64945, 6601, 38762, 90, 3834, 672 },
    { 71546, 2134, 5782, 81, 3567, 762 },
    { 73680, 860, 2069, 18, 1260, 843 },
    { 74540, 586, 1539, 4, 958, 861 },
    { 75126, 982, 3033, 15, 2849, 865 },
    { 76108, 3815, 14474, 58, 761, 880 },
    { 79923, 1155, 4385, 7, 2880, 938 },
    { 81078, 221, 564, 1, 444, 945 },
};







static const int8_t bookerly_24_bolditalicKernSparseValues[] = {
     -20,   80,  -16,   56,  120,   56,  120,   72,  -16,  -16,   56,  -16,   56,   56,  -20,   80,
      24,  -16,  -16,  -24,   64,   56,  120,   56,   64,  -32,  -72,  -32,  -72,   22,   16,  -24,
      24,   88,  -40,  -32,  -80,   32,  -48,   24,   16,  -16,   84,  -16,  -16,  -40,  -40,  -32,
      24,  -16,   16,   24,  -40,  -24,   88,   32,   22,   16,   24,   32,   32,  -16,   32,  -68,
      40,  -16,  -16,  -40,  -48,  -60,  -16,   84,  -80,  -40,  -24,  -48,  -96,  -24,   24,  -80,
     -80,  -24,  -24,  -72,  -16,  -40,  -80,   24,  -40,  -80,   24,  -16,  -72,  -24,  -32,  -40,
     -48, -104,  -80,  -80,   24,  -80,   24,   24,  -72,  -48,  -80,  -40,  -32,  -16,  -24,  -72,
     -48,  -24,  -40,  -16,  -32,  -80,  -24,  -24,  -96,  -48,  -48,  -32,  -16,  -84,  -60,  -16,
     -40,  -24,  -72,   24,  -72,   24,  -48,  -40, -104,  -48,  -40,   24,   24,   24,   24,  -40,
     -24,   28,    8,  -32,   16,   32,  -48,  -40,  -96,   52,  -56, -128,   16,  -16,  -16,  -16,
     -11,  -48,  -48,  -24,   40,  -16,  -16,   24,   16,  -16,  -16,  -24,  -80,  -64,  -32,  -32,
     -24,  -24,  -16,   11,  -24,  -24,  -40,  -36,  -32,   -8,  -16,   -8,   -8,  -16,   -8,   -8,
      -8,   -8,  -16,  -24,  -24,   -8,   -8,  -24,  -24,  -12,   -8,   -8,    8,   -8,   -8,   -8,
      -8,  -24,  -40,  -40,  -16,  -16,  -16,  -32,   12,   -8,  -20,  -12,  -16,  -16,  -32,   -8,
     -28,  -40,  -24,  -16,  -16,  -24,   24,  -24,  -24,   -8,   -8,   -8,   -8,   -8,   -8,   -8,
      -8,  -64,  -64,  -40,  -40,  -40,  -72,  -12,    8,   12,    8,  -19,   16,  -11,  -24,   16,
     -16,  -16,  -76,  -19,   16,  -19,   16,  -19,   16,   16,  -16,  -24,   36,  -24,  -24,  -16,
     -24,  -24,  -32,  -16,  -24,  -16,  -24,  -24,  -24,  -32,  -32,   -8,  -12,  -16,   24,   24,
      -8,   -8,  -16,   -8,  -11,  -32,  -16,  -16,  -16,   24,  -16,   24,   24,   -8,  -16,  -16,
      40,  -48,  -48,  -24,  -40,  -40,  -24,   20,   -8,   24,   16,   24,  -12,   32,   32,  -16,
     -12,   16,  -12,   32,  -12,   32,   32,  -24,   24,  -24,   24,    8,  -28,   24,   36,   16,
     -16,   32,   32,  -16,  -16,   -8,  -24,  -16,  -16,  -32,   28,  -16,  -16,   32,  -16,   32,
      32,  -16,  -32,  -40,  -44,  -36,  -24,  -56,   24,  -48,  -48,  -16,  -16,  -16,  -48,  -16,
      16,  -12,   16,   -8,  -16,  -26,   40,   -8,  -24,   -8,   -8,  -16,   24,  -16,  -16,  -24,
     -40,  -40,  -48,  -32,  -12,   16,   24,  -16,   20,  -16,   20,  -16,   -8,  -16,  -11,  -16,
     -16,  -32,  -16,  -16,   20,  -16,   20,   20,  -16,  -11,  -16,  -16,   -8,  -64,  -64,  -56,
     -40,  -40,  -84,   -8,  -20,   -8,  -28,  -16,  -16,   -8,  -16,  -24,  -16,   -8,  -19,   -8,
     -16,   16,   16, -116,  -16,  -16,   -8,  -16,   -8,   -8,  -16,  -19,   -8,  -16,  127,  110,
     -40,  -16,  -16,  127,  -32,   12,   -8,   63,  -12,  -16,  -16,  -32,   -8,  -28,  -40,  127,
      34,   50,  127,  -24,  -16,   34,   24,  -24,  -24,  -32,   40,   24,  -24,   16,   32,  -48,
     -48,  -56,   48,  -48,  -76,   -8,  -16,  -16,  -16,  -16,  -32,   48,   -8,   -8,   -8,  -40,
     -24,  -44,  -24,  -24,  -24,  -32,  -32,  -14,   -8,   -8,  -16,  -16,  -16,  -16,   72,  -80,
     -80,  -56,  -40,  -40,  -64,   16,   -8,    8,   16,   16,  -32,   16,  -16,   16,  -24,   24,
      24,  -24,  -72,  -32,  -32,   16,  -32,   48,   16,  -24,  -24,  -16,  -24,   24,   24,  -64,
     -64,  -56,  -24,  -24,  -48,  -16,   -8,   -8,   24,  -32,   32,  -32,   32,  -24,  -16,   -8,
     -64,  -40,  -32,  -32,   32,  -32,   32,   32,  -24,   -8,  -16,  -32,  -16,   -8,   16, -104,
     -24, -104,  -72,  -56,  -56,  -88,   24,  -16,  -16,    8,    8,    8,   24,   40,  -48,   40,
     -48,   40,  -40,   -8,  -16,   -8,  -24,  -24, -112,  -48,   16,  -48,   40,  -48,   40,   24,
      40,  -40,   -8,  -24,  -48,  -16,  -16,   16, -104,  -24, -104,  -72,  -56,  -56,  -88,   24,
     -16,  -16,    8,    8,    8,   24,   40,  -48,   40,  -48,   40,  -40,   -8,  -16,   -8,  -24,
     -24, -112,  -48,   48,  -48,   40,  -48,   40,   24,   40,  -40,   -8,  -24,  -48,  -16,  -16,
      24,  -32,  -32,  -16,  -16,   22,   16,  -24,   20,   40,   24,   24,  -16,   24,   24,  -16,
      -8,   -8,  -16,   16,  -16,   32,   24,  -16,   24,   24,   24,  -32,  -24,   16,   52,  -72,
     -32,  -72,  -48,  -56,  -56,  -76,   24,  -20,   -8,   16,   16,   40,   24,   40,  -32,   40,
     -14,  -40,   40,  -16,  -40,  -16,  -32,   -8,  -24,  -24,  -80,  -32,   40,  -32,   40,  -32,
      40,   40,  -40,   -8,  -40,  -40,  -32,  -24,  -16,  -16,  -12,  -24,  -32,  -16,  -24,  -16,
      48,   56,   56,   56,   72,   48,   56,   56,   56,   48,   56,   72,   56,   48,   24,  -16,
      24,  103,   24,  -44,  -40,  -80,   48,  -69,   24,   48,   64,   24,   32,  -40,   24,  -40,
      16,   24,   24,   24,   24,   16,   64,   24,  -44,  -16,  103,   48,   48,   24,   64,   36,
      48,   24,  -16,   48,  -64,   52,  -40,   24,  -56,  -24,   24,   32,   24,  -80,  -40,  -69,
     -56,   24,  -24,   24,  -48,    8,    8,  -16,  -24,  -24,  -40,  -40,  -16,  -16,  -48,   -8,
      28,  -16,  -24,  -32,   -8,   16,   16,   -8,   -8,   -8,   16,   24,   16,   16,   16,  -48,
      -8,   -8,  -24,   -8,   -8,   -8,   -8,   -8,   -8,   -8,  -24,   32,   80,  -48,  -48,  -24,
      32,   88,   40,  -16,   68,  -24,   68,   -8,   -8,    8,   16,   16,   40,  -16,   56,   64,
     -16,   68,  -16,   68,   24,   68,   -8,  -24,   24,   56,   24,   32,  -16,  -24,   24,   72,
      24,   24,   84,   24,   24,   40,   40,   16,   86,   24,   16,   24,   32,   16,   24,   24,
      40,   48,  -32,   16,  -72,   16,  -13,  -13,   16,  -16,  -24,   16,   32,   16,   16,  -16,
     -16,   32,   32,   16,  -24,   32,    8,   32,    8,   32,   16,   16,   16,   48,  -24,  -24,
     -40,   -8,   64,   16,   96,   -8,   40,   -8,   16,  -64,  -64,  -40,  -24,  -16,  -24,   16,
      -8,   24,   24,  -16,  -16,  -16,   -8,  -24,   40,  -16,  -16,   16,  -16,  -16,  -32,  -24,
      16,  -16,  -16,  -16,  -16,   16,  -48,  -48,  -24,  -24,  -24,  -24,   -8,  -18,   -8,   -8,
      -8,   -8,   -8,  -18,   -8,  -50,   16,   16,   24,   24,   24,  -16,   24,  -24,  -48,   -8,
      16,   16,   24,   -8,  -26,   16,   48,  -32,   48,   56,   48,   84,  -16,   32,  -32,  -32,
      48,  -32,   48,   48,  -16,   24,   48,  -32,  -32,   32,   48,  -16,   84,   48,   32,   80,
     -36,  -20,  -24,   40,  -24,   48,   40,  -24,  -24,  -24,   80,  -24,   48,  -24,  -36,  -20,
     -32,  -32,  -24,  -16,  -16,  -24,   24,  -32,  -16,  -16,   32,  104,  -24,  -32,  -32,  -24,
     -24,   96,   16,  -24,   96,   96,  -24,  -24,  -24,  -24,  -24,  -24,   16,  104,  -24,  -24,
     -24,   96,  -24,  -32,  -32,  -44,  -64,  -64,  -32,  -48,  -16,  -24,  -16,  -24,  -24,  -16,
     -32,  -32,  -48,  -82,  -48,   -8,  -24,  -32,   -8,   32,   32,   16,   16,   -8,   -8,   -8,
      16,   16,   32,   32,   32,   16,   32,   32,   32,   16,   32,   46,   32,   72,    8,   64,
      64,   24,   48,   64,   64,   64,   24,  -24,  -40,  -40,  -16,  -16,  -48,   32,   16,   32,
      32,   -8,   32,   28,  -16,  -24,  -40,  -24,   28,    8,  -32,   16,  112,   32,  -48,  -40,
     -96,   52,  -56, -128,   96,   64,  -16,  120,  -16,  -16,  -11,  -48,  -48,  -24,   40,  -16,
     -16,   24,   64,  -16,  -16,  -24,  -80,  -64,  -24,   24,  -48,  112,   32,  127,    8,    8,
      32,  -16,  -24,   72,  104,   72,  104,   48,  104,   32,   24,  104,   40,   40,   48,   32,
      32,   40,   24,   40,   24,   64,   24,   40,  104,   32,  104,  104,   32,   64,   24,   48,
      80,   24,  -24,  -24,   -8,   -8,   80,   -8,   -8,   80,  100,   -8,   -8,   -8,   -8,  -48,
      -8,   -8,   72,  -24,   -8,   76,   -8,   -8,   -8,   -8,   -8,   -8,  -24,  -24,  -24,  -32,
     -32,   -8,  -12,  -16,   24,   24,    8,   -8,   -8,   16,   40,  -11,   40,  -32,  -16,  -16,
     -16,   24,  -16,   24,   24,   -8,  -16,  -16,  -24,  -24,  -32,  -32,   -8,  -12,   92,  -16,
      24,   92,   24,  108,   -8,   -8,  -16,   -8,  -11,  -32,  -16,  -16,  -16,   24,  -16,   24,
      24,   -8,  -16,  -16,   16,   32,   88,   16,  104,   16,   16,   16,   36,   56,   56,   56,
      56,   56,   40,   16,   16,  -44,   16,   16,   16,   40,   48,   16,   16,   24,   16,   32,
      32,   32,   40,   16,   40,  -16,  -16,   16,  -16,  -16,  -32,   32,   32,  -24,   16,  -16,
     -16,  -16,   32,   32,  -16,   16,  -24,   24,  -48,  116,   32,  127,    8,    8,   32,  -16,
     -24,   16,  -40,  -40,  -16,  -16,  -16,  -32,   12,   20,   20,   24,   44,   24,   24,   24,
      24,   24,   24,   32,  -24,  -24,   16,   24,   32,   24,   16,   16,   16,   24,   88,   80,
     -64,  -64,  -56,  -24,  -24,   62,  -48,   64,   32,   16,   72,   64,   80,   88,   88,  120,
      56,  -32,  104,  -32,  104,   16,  -24,  -16,   -8,   64,  -32,   16,  -32,  104,  -32,  104,
     104,  -24,   -8,  -32,   48,   68,   32,   48,   24,   16,   24,   24,   24,   24,   24,   32,
       8,  -24,   24,   72,   24,   24,   84,   24,   24,   40,   40,   16,   86,   24,   16,   24,
      32,   16,   24,   24,   40,   48,  -24,  -40,  -40,  -16,  -16,  -48,   24,   48,   -8,   28,
     -16,  -24,  -24,  -24,  -16,  -16,  -16,  -16,  -24,   -8,   64,   80,   40,   40,   48,   16,
     -16,  -16,  -16,   16,  -16,   16,  -32,   56,   96,   16,   16,   24,  -24,  -24,   -8,   -8,
      -8,   -8,   -8,   -8,  -16,  -48,  -32,   40,   16,  -20,   16,   32,   24,   16,   32,  -56,
      16,  -16,   -8,   60,  -60,  -16,  -32,  -32,  -32,  -16,  -24,  -24,  -32,  -32,  -16,  -14,
      -8,  -16,   -8,  -16,  -16,  -24,  -24,  -32,  -32,  -32,  -16,  -12,  -16,  -16,  -16,   -8,
     -16,  -16,   -8,   -8,   -8,  -16,  -16,   -8,  -11,  -24,   -8,   24,   -8,   24,  -16,  -16,
     -16,  -16,  -16,   40,  -48,  -48,  -24,  -40,  -40,   24,   -8,  -16,   16,  -24,   20,  -16,
     -16,   24,  -16,  -12,  -12,  -16,  -24,  -24,   -8,   32,   16,   32,  -16,  -16,  -16,  -24,
     -40,  -48,  -72,  -56,  -24,  -72,   16,  -16,  -16,  -72,  -16,  -56,  -56,  -32,  -48,  -44,
     -32,  -68,  -88,  -24,  -32,  -40,   24,  -88,  -16,  -24,  -16,  -16,  -16,  -16,  -40,  -72,
     -24, -104,  -40,  -72,  -72,  -40,  -40,  -64,  -56,   24,  -24,   16,  -32,  -20,   24,   16,
       8,   40,   32,   24,   24,  -32,   36,  -16,   32,  -16,  -24,  -16,  -16,  -24,  -16,  -16,
     -16,  -32,  -24,   32,  -16,   32,  -16,  -67,   28,  -16,  -32,   68,  -96,  -96,  -72,  -40,
     -40,   44,  -24,   16,  -12,  -68,   11, -104,   24,  -64,   12,  -68,  -16,   32,   32,  -40,
     -60,   -8,   -8,  -68,  -48,  -40,  -16,  -16, -120,  -32,  -16,  -24,  -16,  -16,  -80,   56,
     -48,   16,   56,   32,  -16,   32,  -64, -128,  -24,  -24,   40,  -40,  -24, -128,  -24,   16,
     -48,  -32,   32,  -24,   28,    8,   32,   40,   32,   32,  -24,   52, -104,   32,  -24,  -11,
     -16,  -16,  -48,  -64,  -40,  -16,  -16,  -96,  -48,  -64,  -84,  -48,   40,   -8,  -16,  -80,
     -64,  -16,  -16,  -16,  -16,  -24,  -32,  -32,  -24,  -24,  -32,  -24,   11,  -32,  -16,  -16,
     -32,  -16,   -8,   -8,   -8,  -40,  -36,  -24,  -16,  -24,   -8,   72,  -80,  -80,  -56,  -40,
     -40,  -24,  -40,    8,  -80,   16,  -40,  -40,   -8,   -8,   12,  -24,  -32,   -8,  -16,  -32,
     -24,  -24,  -96,  -32,   24,  -56,   16,  -24,   16,   16,    8,   24,   16,  -72,  -72,  -24,
     -24,   24,   24,  -12,   64,   16,   40,   24,   40,   80,   40,  -24,  -16,  -16,  -12,   24,
      16,   24,   40,   24,   16,  -16,   32,  -16,   24,   -8,  -16,  -24,  -24,   -8,  -24,  -16,
      24,  -16,  -24,  -40,  -40,  -16,  -16,  -16,  -40,   -8,  -16,   12,  -20,  -16,  -32,  -16,
      -8,  -12,   -8,  -24,  -16,  -16,  -16,  -24,   -8,  -24,  -32,  -36,  -24,  -16,  -64,  -64,
     -56,  -40,  -40,  -24,  -20,   -8,  -48,  -24,  -76,  -56,  -16,  -12,  -48,  -28,   -8,  -12,
     -32,  -16,  -16,   -8,   -8,  -92,  -24,   16,  -48,   -8,  -16,   -8,  -16,   16,  -16,  -16,
      -8, -116,   -8,   -8,  -24,  -24,  -12,  -16,   -8,   -8,   -8,  -16,  -24,  -24,   72,  -80,
     -80,  -56,  -40,  -40,  -24,  -40,    8, -128,   16,  -40,  -40,   -8,   -8,   12,  -24,  -32,
      -8,  -16,  -32,  -24,  -24,  -96,  -32,   24,  -56,   16,  -24,   16,   16,    8,   24,   16,
     -72,  -72,  -24,  -24,   24,   24,  -48,  -48,  -24,  -32,  -32,  -56,  -24,  -24,  -16,  -16,
     -24,  -28,  -16,  -24,  -24,  -16,  -16,  -24,  -24,  -16,  -16,  -16,  -32,  -32,   -8,  -32,
     -16,  -32,   -8,   24,  -32,  -32,  -16,  -16,   24,  -16,  -24,   32,    8,   22,   16,   24,
      32,   -8,   32,   40,  -24,   40,   16,   24,  -16,  -16,  -16,   -8,  -32,   -8,   24,   32,
      24,   -8,   24,  -32,  -43,   16,  -32,  -24,   24,  -48,  -16,  -16,    8,  -24,  -16,  -24,
     -40,  -40,  -16,  -16,   -4,   -8,  -16,  -16,   -8,   -8,   -8,    8,    8,   16,  -16,  -24,
     -92,  -16,  -24,  -32,   16,  -24,  -40,  -40,  -16,  -16,  -72,   -8,  -16,  -16,   -8,   -8,
      -8,   16,  -16,  -24,  -48,   -8,   -8,   -8,   -8,   16,  -68,   -8,   -8,   28,   16,   16,
     -44,   16,   40,   -8,  -24,  -40,  -40,  -16,  -16,  -48,   -8,  -16,  -16,   -8,   -8,   -8,
      16,  -16,  -24,  -32,   16,  -72,   16,  -13,  -16,   -8,   16,  -13,  -16,  -24,  -32,   -8,
      -8,   -8,   16,   16,   16,  -48,  -48,  -24,  -24,  -24,  -24,   -8,   -8,   -8,  -32,  -16,
     -32,   -8,   24,  -16,   -8,  -50,   16,   16,   16,   24,   16,   72,   24,  -16,   24,   44,
      24,  -65,   24,   24,   24,   88,  -20,   -8,  127,   88,  -24,   32,  -32,  -16,  -16, -128,
     -16,  -60,  -24,  -16,  -16,  -24,  -56,  -32,  -32,  -16,  -16, -108,  -16,  -36,  -24,  -16,
     -16,  -24,  -40,  -32,  -32,   16,  -72,   16,   -8,  -13,  -16,   -8,   16,   32,  -13,  -16,
     -24,  -16,  -16,   16,  -16,  -16,  -32,   24,  -16,  -24,   16,   32,   16,   32,   46,   32,
      72,    8,   24,   64,   48,   64,   24,  -16,  -16,   32,  -24,   -8,   32,  -40,  -40,   24,
     -32,   24,  -32,  -52,  -40,  -24,  -76,  -76,  -80,  -56,  -56,  -32,   -8,  -24,  -48,   16,
     -88,  -56,  -48,  -16,  -32,   16,  -32,  -56,  -24,  -27,  -40,  -24,  -32,  -96,  -40,  -20,
     -80,  -40,  -24,  -72, -112,  -32,  -16,  -56,  -56,  -48,  -16,  -16,  -24,    8,   16,  -88,
     -16,   16,   24,  -40,  -24,   24,   32,  -64,  -64,  -56,  -32,  -32,  -40,  -48,   32,  -64,
     -56,  -48,  -40,   16,  -40,  -52,  -24,  -32,  -11,  -66,  -66,  -25,  -25, -108,  -42,  -25,
     -33,  -42,  -33,  -32,  -58,  -83, -104,  -33,  -24,   32,   24,  -44,  -44,  -24,  -32,  -32,
     -16,  -16,  -72,  -16,   24,  -48,  -24,   24,  -16,  -24,  -16,  -16,   44,  -40,  -40,  -40,
     -24,  -24,  -16,  -11,  -32,  -72,  -40,  -32,  -32,  -19,  -19,  -68,  -24,  -56,   32,  -16,
      16,   32,   40,  -40,  -76,   36,   24,   96,   24,   32,   16,   32,   48,   24,   32,  -24,
      40,   32,   56,   56,   16,   40,   32,   32,   32,   24,   16,   88,  127,   88,   24,   32,
      24,   96,   24,   32,   16,   32,   48,   24,   32,  -24,   40,   32,   56,   96,   56,   16,
      40,  -40,   16,  -32,   40,   40,   40,   24,   40,   32,   48,  -24,   48,  -56,   16,  -56,
      40,  -84,  -16,  -16,   -8,  -24,   16,   52,  -72,  -32,  -72,  -48,  -32,  -32,   40,  -24,
     -24,   16,  -20,   -8,  -48,   32,  -68,   24,  -40,  -48,  -24,   40,   24,  -32,  -32,  -16,
     -32,  -40,  -28,  -32,  -16,  -16,  -80,  -40,  -16,  -32,  -16,  -16,  -68,   72,  -32,   40,
      40,   16,  -32,   24,  -72,  -80,  -36,  -32,  -48,  -48,  -24,  -24,  -24,  -24,   -8,   -8,
      -8,  -32,  -16,  -32,   -8,   24,   16,  -16,   -8,  -48,  -48,  -24,  -24,  -24,  -24,   -8,
      -8,   -8,  -32,  -16,  -32,   -8,   24,   24,  -16,   -8,   24,  -24,  -32,  -16,   -8,   24,
      32,  -16,   40,  -24,  112,   80,    8,   59,   48,   80,   96,   -8,   88,   96,  -24,  104,
      16,   72,  -16,  -16,  -16,   72,  -32,   -8,   24,   32,  120,   24,   72,   32,   24,  -32,
     -43,   24,   64,   -8,   32,   32,  -50,   32,   24,   16,   16,   16,  120,   16,  127,   64,
      24,   24,   24,  -84,  -88,  -88,  -16,  -40,  -24,   16, -104,   -8,   -8,  -16,  -16,  -16,
     -24,  -48,  -24, -108,  -24,  -24,  -72,  -72,  -24,  -48,  -52,  -16,  -16,  -16,  -16,  -24,
     -40,  -40,  -24,  -24,  -16,  -40,  -32,  -32,  -16,    8,  -32,  -32,  -40,  -16,  -24,  -48,
     -32,  -32,  -48,  -32,  -24,  -32,  -40,  -32,  -32,  -40,  -32,  -32,  -40,  -24,  -40,  -40,
     -32,  -40,  -32,  -48,  -24,  -40,  -32,  -16,  -40,  -60,   32,   76,   32,   -8,  -24,  -16,
     -16,  -24,  -24,  -24,   -8,  -16,  -32,  -24,  -24,  -24,  -16,  -16,  -24,  -20,  -24,  -16,
     -16,   40,   80,   40,  -32,   24,  -32,  -32,  -16,  -16,   24,  -16,  -24,   72,   16,    8,
       6,   16,   24,   32,   -8,   16,   40,  -24,   40,   16,  -64,  -48,  -64,  -40,  -16,  -40,
     -32,  -40,  -40,   -8,  -32,   -8,  -48,   24,  -32,   32,   48,   24,   -8,  -24,   24,  -32,
     -43,   16,  -48,  -32,  -50,  -20,  -20,   16,   16,  -24,  -32,   16,   56,   16,  -24,   88,
      64,   16,  -16,   24,  -16,  -80,  -80,  -88,  -16,  -32,  -32,  -24,  -24,  -24,  -64,  -24,
     -68,   -8,  -56,  -16,  -24,  -40,  -80,  -88,  -64,  -64,  -64,  -56,  -24,  -68,  -32,  -16,
     -24,  -75,  -88,  -64,  -75,  -32,  -56,  -64,  -32,  -64,  -32,  -16,   -8, -124,  -40,   -8,
     -16,  -51,  -56,  -24,  -44,  -88,  -24,  -32, -128, -128,  -24, -120,  -48,  -40,  -32,  -40,
     -32,  -24,  -40,  -24,  -24,  -16,  -16,  -80,  -16,  -40,  -92,  -16,  -24,  -16,  -64,  -24,
     -24,  -24, -120,  -80,  -24,  -80,  -16,  -80,  -16,  -16,  -64,  -24,  -92,  -20,  -40,  -24,
     -48,  -32,  -32, -100, -120,  -92,  -24,  -64, -100,  -40,  -40,  -24,  -32,  -64,  -80,  -56,
     -32,  -80,  -56,  -48,  -24,  -16, -128,  -64,  -16,  -24,  -88,  -16,  -64,  -24,  -16,  -24,
     -60,  -16,  -48,  -32, -120,  -20,   22,   16,  -24,   24,   88,  -40,  -32,  -80,   32,  -48,
      80,   16,  -16,   84,  -16,  -16,  -40,   -8,  -32,   24,  -16,   56,   24,  -40,  -24,   88,
      32,   22,   16,   24,   32,   32,  -16,   32,  -68,   40,  -16,  -16,  -32,  -48,  -60,  -16,
      84,  -80,  -32,  -24,  -48,  -96,  -24,   24,  -80,  -80,
};


static const EpdFontData bookerly_24_bolditalic = {
    bookerly_24_bolditalicBitmaps,
    nullptr,  // glyph: the 16-byte EpdGlyph array is the .cpfont form, SD-card fonts only
    bookerly_24_bolditalicGlyphs,
    epdSharedFontIntervals_428f867c6270,
    72,
    66,
    53,
    -14,
    true,
    bookerly_24_bolditalicGroups,
    21,
    nullptr,
    nullptr,  // kernLeftClasses: built-in fonts use the split arrays below
    nullptr,  // kernRightClasses
    epdSharedFontKernLeftCodepoints_1c1b7d023a61,
    epdSharedFontKernLeftClassIds_2aaac0592e24,
    epdSharedFontKernRightCodepoints_9d882a3d450b,
    epdSharedFontKernRightClassIds_750bb161ac92,
    nullptr,  // kernMatrix: built-in fonts use the sparse form below
    epdSharedFontKernRowOffsets_d112049513f0,
    epdSharedFontKernSparseCols_719eef19b72a,
    bookerly_24_bolditalicKernSparseValues,
    670,
    684,
    157,
    122,
    epdSharedFontLigaturePairs_607bf6e70845,
    5,
};
