/**
 * generated by fontconvert.py
 * name: inter_ui_10_bold
 * size: 10
 * mode: 1-bit
 * hinting: auto (FT_LOAD_FORCE_AUTOHINT — grid-fits stems to whole pixels)
 * Command used: fontconvert.py inter_ui_10_bold 10 ../builtinFonts/source/Inter/Inter-Bold.ttf --additional-intervals 0x0000,0x007F --additional-intervals 0x0080,0x00FF --additional-intervals 0x0100,0x017F --additional-intervals 0x01A0,0x01A1 --additional-intervals 0x01AF,0x01B0 --additional-intervals 0x01C4,0x021F --additional-intervals 0x0300,0x036F --additional-intervals 0x0400,0x04FF --additional-intervals 0x1EA0,0x1EF9 --additional-intervals 0x2010,0x206F --additional-intervals 0x20A0,0x20CF --additional-intervals 0xFB00,0xFB06 --additional-intervals 0xFFFD,0xFFFD
 */
#pragma once
#include "EpdFontData.h"
#include "shared_tables.h"

static const uint8_t inter_ui_10_boldBitmaps[24895] = {
    0xEE, 0xEE, 0xEE, 0xEE, 0xEE, 0xE0, 0xEE, 0xEE, 0xEE, 0xEE, 0xEE, 0xEE, 0xEE, 0xEE, 0xEE, 0x0E,
    0x70, 0x31, 0xC0, 0xC7, 0x03, 0x18, 0x7F, 0xF9, 0xFF, 0xE7, 0xFF, 0x86, 0x38, 0x18, 0xE1, 0xFF,
    0xCF, 0xFF, 0x3F, 0xFC, 0x39, 0xC0, 0xC7, 0x03, 0x1C, 0x0C, 0x70, 0x02, 0x00, 0x10, 0x03, 0xF0,
    0x7F, 0xC3, 0xFF, 0x39, 0x79, 0xC9, 0xCF, 0x40, 0x7F, 0x01, 0xFE, 0x07, 0xF8, 0x07, 0xE0, 0x2F,
    0x79, 0x39, 0xC9, 0xCF, 0xFE, 0x3F, 0xE0, 0xFC, 0x00, 0x80, 0x04, 0x00, 0x7C, 0x0E, 0x1F, 0x03,
    0x0F, 0xE1, 0x83, 0x18, 0xE0, 0xC6, 0x30, 0x3B, 0x98, 0x0F, 0xE6, 0x01, 0xF3, 0x00, 0x01, 0xCF,
    0x00, 0x67, 0xE0, 0x31, 0x98, 0x1C, 0x66, 0x06, 0x19, 0x83, 0x87, 0xE1, 0xC1, 0xF8, 0x60, 0x3C,
    0x1E, 0x01, 0xFC, 0x1F, 0xE0, 0xE3, 0x07, 0x18, 0x3D, 0xC0, 0xFC, 0x07, 0xC0, 0x7E, 0x73, 0xFB,
    0xBD, 0xFD, 0xC7, 0xEE, 0x3E, 0x7F, 0xF1, 0xFF, 0xC7, 0xEF, 0xEE, 0xEE, 0xEE, 0xE0, 0x38, 0xE7,
    0x9C, 0x71, 0xCF, 0x38, 0xE3, 0x8E, 0x38, 0xE3, 0x8F, 0x1C, 0x71, 0xE3, 0x8E, 0x70, 0xE1, 0xE1,
    0xC3, 0x87, 0x87, 0x0E, 0x1C, 0x38, 0x70, 0xE1, 0xC3, 0x8F, 0x1C, 0x38, 0x71, 0xC3, 0x80, 0x0C,
    0x03, 0x06, 0xF9, 0xFE, 0x1E, 0x1F, 0xE6, 0xF8, 0x30, 0x0C, 0x00, 0x0E, 0x01, 0xC0, 0x38, 0x07,
    0x0F, 0xFF, 0xFF, 0xFF, 0xF0, 0x70, 0x0E, 0x01, 0xC0, 0x38, 0x00, 0x73, 0x9C, 0xCE, 0x73, 0x80,
    0xFF, 0xFF, 0xF8, 0xEE, 0xEE, 0x07, 0x07, 0x0E, 0x0E, 0x0E, 0x0C, 0x1C, 0x1C, 0x1C, 0x18, 0x38,
    0x38, 0x38, 0x30, 0x70, 0x70, 0x70, 0x60, 0xE0, 0x1F, 0x81, 0xFE, 0x1F, 0xF8, 0xE1, 0xCF, 0x0F,
    0x70, 0x3B, 0x81, 0xDC, 0x0E, 0xE0, 0x77, 0x03, 0xB8, 0x1D, 0xE1, 0xE7, 0x0E, 0x3F, 0xF0, 0xFF,
    0x03, 0xF0, 0x1E, 0x3E, 0x7E, 0xEE, 0xCE, 0x0E, 0x0E, 0x0E, 0x0E, 0x0E, 0x0E, 0x0E, 0x0E, 0x0E,
    0x0E, 0x0E, 0x1F, 0x0F, 0xF9, 0xFF, 0xF8, 0xFE, 0x0E, 0x01, 0xC0, 0x78, 0x1E, 0x07, 0xC1, 0xF0,
    0x7C, 0x1F, 0x07, 0xC1, 0xFF, 0xFF, 0xFF, 0xFF, 0x1F, 0x07, 0xFC, 0xFF, 0xEF, 0x1E, 0xE0, 0xE0,
    0x1E, 0x0F, 0xC0, 0xF8, 0x0F, 0xC0, 0x1E, 0x00, 0xEE, 0x0E, 0xF1, 0xEF, 0xFE, 0x7F, 0xC1, 0xF0,
    0x01, 0xE0, 0x1F, 0x01, 0xF8, 0x0F, 0xC0, 0xFE, 0x07, 0x70, 0x73, 0x87, 0x9C, 0x38, 0xE3, 0x87,
    0x1F, 0xFF, 0xFF, 0xFF, 0xFF, 0x80, 0x70, 0x03, 0x80, 0x1C, 0x7F, 0xC7, 0xFC, 0x7F, 0xC7, 0x00,
    0x70, 0x0F, 0x60, 0xFF, 0x8F, 0xFC, 0x71, 0xE0, 0x0E, 0x00, 0xEE, 0x0E, 0xF1, 0xEF, 0xFC, 0x7F,
    0xC1, 0xF0, 0x0F, 0x83, 0xFC, 0x7F, 0xE7, 0x0F, 0xF0, 0x6E, 0x30, 0xEF, 0xCF, 0xFE, 0xF8, 0xFF,
    0x0F, 0xF0, 0x7F, 0x07, 0x70, 0xF7, 0xFE, 0x3F, 0xC1, 0xF8, 0xFF, 0xFF, 0xFF, 0xFF, 0x80, 0xF0,
    0x1C, 0x07, 0x80, 0xE0, 0x3C, 0x07, 0x01, 0xE0, 0x38, 0x0F, 0x01, 0xC0, 0x78, 0x0E, 0x03, 0xC0,
    0x1F, 0x83, 0xFC, 0x7F, 0xE7, 0x0E, 0x70, 0xE7, 0x0E, 0x3F, 0xC1, 0xFC, 0x7F, 0xEF, 0x0F, 0xE0,
    0x7E, 0x07, 0xF0, 0xFF, 0xFF, 0x7F, 0xE1, 0xF8, 0x1F, 0x83, 0xFC, 0x7F, 0xEF, 0x0E, 0xE0, 0xFE,
    0x0F, 0xF0, 0xFF, 0x1F, 0x7F, 0xF3, 0xF7, 0x0C, 0x76, 0x0F, 0xF0, 0xE7, 0xFE, 0x3F, 0xC1, 0xF0,
    0xEE, 0xEE, 0x00, 0x00, 0xEE, 0xEE, 0x73, 0x9C, 0xE0, 0x00, 0x00, 0x03, 0x9C, 0xC6, 0x33, 0x98,
    0x00, 0x00, 0x1C, 0x0F, 0x87, 0xE3, 0xF9, 0xF8, 0x3C, 0x07, 0xC0, 0x7F, 0x03, 0xF8, 0x1F, 0x80,
    0xF0, 0x00, 0xFF, 0xFF, 0xFF, 0xFC, 0x00, 0x00, 0x3F, 0xFF, 0xFF, 0xFF, 0x00, 0x18, 0x03, 0xC0,
    0x7F, 0x03, 0xF8, 0x1F, 0x80, 0x78, 0x3F, 0x1F, 0xDF, 0xC3, 0xE0, 0x70, 0x08, 0x00, 0x3F, 0x1F,
    0xEF, 0xFF, 0x87, 0x01, 0xC0, 0xF0, 0x78, 0x3C, 0x1E, 0x07, 0x01, 0xC0, 0x00, 0x1C, 0x07, 0x01,
    0xC0, 0x70, 0x03, 0xF8, 0x00, 0xFF, 0xE0, 0x1F, 0xFF, 0x83, 0xC0, 0x38, 0x78, 0xCD, 0xC7, 0x1F,
    0xCE, 0xF3, 0xFC, 0xEF, 0x71, 0xC6, 0xE6, 0x0C, 0x6E, 0x60, 0xC6, 0xE6, 0x0C, 0x6E, 0x60, 0xC6,
    0xE7, 0x1C, 0xEF, 0x7F, 0xFE, 0x73, 0xFF, 0xC7, 0x9E, 0x78, 0x3C, 0x00, 0x01, 0xFF, 0xC0, 0x0F,
    0xFE, 0x00, 0x3F, 0xC0, 0x03, 0xC0, 0x07, 0xE0, 0x07, 0xE0, 0x07, 0xE0, 0x0F, 0xF0, 0x0E, 0x70,
    0x0E, 0x70, 0x1E, 0x78, 0x1E, 0x78, 0x1C, 0x38, 0x3F, 0xFC, 0x3F, 0xFC, 0x3F, 0xFC, 0x78, 0x1E,
    0x78, 0x1E, 0x70, 0x0E, 0xFF, 0x8F, 0xFC, 0xFF, 0xEE, 0x0E, 0xE0, 0xEE, 0x1E, 0xFF, 0xCF, 0xF8,
    0xFF, 0xEE, 0x0F, 0xE0, 0x7E, 0x07, 0xE0, 0xFF, 0xFF, 0xFF, 0xEF, 0xFC, 0x0F, 0xC0, 0x7F, 0xC3,
    0xFF, 0x1E, 0x1E, 0xF0, 0x3B, 0xC0, 0x0E, 0x00, 0x38, 0x00, 0xE0, 0x03, 0x80, 0x0F, 0x00, 0x3C,
    0x0E, 0x78, 0x78, 0xFF, 0xC1, 0xFE, 0x03, 0xF0, 0xFF, 0x87, 0xFE, 0x3F, 0xF9, 0xC1, 0xEE, 0x07,
    0xF0, 0x3F, 0x80, 0xFC, 0x07, 0xE0, 0x3F, 0x01, 0xF8, 0x1F, 0xC0, 0xFE, 0x0F, 0x7F, 0xF3, 0xFF,
    0x1F, 0xF0, 0xFF, 0xFF, 0xFF, 0xFF, 0x80, 0xE0, 0x38, 0x0E, 0x03, 0xFF, 0xFF, 0xFF, 0xEE, 0x03,
    0x80, 0xE0, 0x3F, 0xFF, 0xFF, 0xFF, 0xFF, 0xFF, 0xFF, 0xFF, 0x80, 0xE0, 0x38, 0x0E, 0x03, 0xFE,
    0xFF, 0xFF, 0xFE, 0x03, 0x80, 0xE0, 0x38, 0x0E, 0x03, 0x80, 0x0F, 0xC0, 0x7F, 0xC3, 0xFF, 0x9E,
    0x0E, 0x70, 0x3F, 0xC0, 0x0E, 0x00, 0x38, 0x3F, 0xE1, 0xFF, 0x87, 0xFF, 0x01, 0xFC, 0x0F, 0x78,
    0x38, 0xFF, 0xE1, 0xFF, 0x03, 0xF0, 0xE0, 0x3F, 0x01, 0xF8, 0x0F, 0xC0, 0x7E, 0x03, 0xF0, 0x1F,
    0xFF, 0xFF, 0xFF, 0xFF, 0xFF, 0x01, 0xF8, 0x0F, 0xC0, 0x7E, 0x03, 0xF0, 0x1F, 0x80, 0xFC, 0x07,
    0xEE, 0xEE, 0xEE, 0xEE, 0xEE, 0xEE, 0xEE, 0xEE, 0x01, 0xC0, 0x38, 0x07, 0x00, 0xE0, 0x1C, 0x03,
    0x80, 0x70, 0x0E, 0x01, 0xC0, 0x3B, 0x87, 0x70, 0xEF, 0x1D, 0xFF, 0x9F, 0xE1, 0xF8, 0xE0, 0x7B,
    0x83, 0xCE, 0x1E, 0x38, 0xF0, 0xE7, 0x83, 0x9E, 0x0E, 0xF0, 0x3F, 0xC0, 0xFF, 0x03, 0xFE, 0x0F,
    0x3C, 0x38, 0x70, 0xE1, 0xE3, 0x83, 0xCE, 0x0F, 0x38, 0x1E, 0xE0, 0x38, 0x0E, 0x03, 0x80, 0xE0,
    0x38, 0x0E, 0x03, 0x80, 0xE0, 0x38, 0x0E, 0x03, 0x80, 0xE0, 0x3F, 0xEF, 0xFF, 0xFF, 0xF8, 0x0F,
    0xFC, 0x0F, 0xFF, 0x07, 0xFF, 0x83, 0xFF, 0xE3, 0xFF, 0xF1, 0xDF, 0xB8, 0xEF, 0xDE, 0xF7, 0xEF,
    0x73, 0xF3, 0xB9, 0xF9, 0xDC, 0xFC, 0x7C, 0x7E, 0x3E, 0x3F, 0x1F, 0x1F, 0x87, 0x0F, 0xC3, 0x87,
    0xF0, 0x3B, 0xE0, 0xEF, 0x83, 0xBF, 0x0E, 0xFC, 0x3B, 0xB8, 0xEE, 0xE3, 0xB9, 0xCE, 0xE7, 0xBB,
    0x8E, 0xEE, 0x3F, 0xB8, 0x7E, 0xE1, 0xFB, 0x83, 0xEE, 0x07, 0xB8, 0x1E, 0x0F, 0xC0, 0x3F, 0xE0,
    0xFF, 0xE3, 0xC3, 0xCF, 0x03, 0xDE, 0x03, 0xB8, 0x07, 0x70, 0x0E, 0xE0, 0x1D, 0xC0, 0x3B, 0xC0,
    0x77, 0x81, 0xE7, 0x87, 0x87, 0xFF, 0x07, 0xFC, 0x07, 0xE0, 0xFF, 0x0F, 0xFC, 0xFF, 0xCE, 0x1E,
    0xE0, 0xEE, 0x0E, 0xE0, 0xEE, 0x1E, 0xFF, 0xCF, 0xFC, 0xFF, 0x0E, 0x00, 0xE0, 0x0E, 0x00, 0xE0,
    0x0E, 0x00, 0x0F, 0xC0, 0x3F, 0xE0, 0xFF, 0xE3, 0xC3, 0xCF, 0x03, 0xDE, 0x03, 0xB8, 0x07, 0x70,
    0x0E, 0xE0, 0x1D, 0xC0, 0x3B, 0xCE, 0xF7, 0x8F, 0xE7, 0x8F, 0x87, 0xFF, 0x07, 0xFC, 0x07, 0xFC,
    0x00, 0x1C, 0xFF, 0x8F, 0xFC, 0xFF, 0xEE, 0x1E, 0xE0, 0xEE, 0x0E, 0xE0, 0xEE, 0x1E, 0xFF, 0xCF,
    0xF8, 0xFF, 0x8E, 0x38, 0xE3, 0xCE, 0x1C, 0xE1, 0xEE, 0x0E, 0x0F, 0xC1, 0xFF, 0x0F, 0xFC, 0xE1,
    0xE7, 0x07, 0x3C, 0x01, 0xFC, 0x07, 0xF8, 0x1F, 0xE0, 0x1F, 0x80, 0x3D, 0xE0, 0xE7, 0x07, 0x3F,
    0xF8, 0xFF, 0x83, 0xF0, 0xFF, 0xFF, 0xFF, 0xFF, 0xF0, 0x70, 0x07, 0x00, 0x70, 0x07, 0x00, 0x70,
    0x07, 0x00, 0x70, 0x07, 0x00, 0x70, 0x07, 0x00, 0x70, 0x07, 0x00, 0x70, 0xE0, 0x77, 0x03, 0xB8,
    0x1D, 0xC0, 0xEE, 0x07, 0x70, 0x3B, 0x81, 0xDC, 0x0E, 0xE0, 0x77, 0x03, 0xB8, 0x1D, 0xC0, 0xEF,
    0x0F, 0x3F, 0xF0, 0xFF, 0x03, 0xF0, 0x70, 0x1E, 0x78, 0x1E, 0x78, 0x1C, 0x38, 0x3C, 0x38, 0x3C,
    0x3C, 0x38, 0x1C, 0x38, 0x1C, 0x78, 0x1E, 0x70, 0x0E, 0x70, 0x0E, 0xF0, 0x0E, 0xE0, 0x07, 0xE0,
    0x07, 0xE0, 0x07, 0xC0, 0x03, 0xC0, 0x70, 0x78, 0x39, 0xC1, 0xE1, 0xE7, 0x8F, 0x87, 0x9E, 0x3E,
    0x1C, 0x38, 0xFC, 0x70, 0xE3, 0xF3, 0xC3, 0x8F, 0xCF, 0x0F, 0x77, 0x38, 0x1D, 0xCE, 0xE0, 0x77,
    0x3B, 0x81, 0xDC, 0xFE, 0x07, 0xE3, 0xF0, 0x0F, 0x87, 0xC0, 0x3E, 0x1F, 0x00, 0xF8, 0x7C, 0x03,
    0xC1, 0xE0, 0x78, 0x1C, 0x3C, 0x3C, 0x1C, 0x78, 0x1E, 0x78, 0x0F, 0xF0, 0x07, 0xE0, 0x07, 0xE0,
    0x03, 0xC0, 0x03, 0xC0, 0x07, 0xE0, 0x0F, 0xF0, 0x0E, 0x70, 0x1E, 0x78, 0x3C, 0x3C, 0x38, 0x3C,
    0x78, 0x1E, 0x70, 0x1C, 0xF0, 0x78, 0xE0, 0xE1, 0xE3, 0xC1, 0xC7, 0x03, 0xDE, 0x03, 0xF8, 0x07,
    0xF0, 0x07, 0xC0, 0x07, 0x00, 0x0E, 0x00, 0x1C, 0x00, 0x38, 0x00, 0x70, 0x00, 0xE0, 0x01, 0xC0,
    0xFF, 0xFF, 0xFF, 0xFF, 0x80, 0xE0, 0x38, 0x0F, 0x01, 0xC0, 0x78, 0x1E, 0x03, 0x80, 0xF0, 0x1C,
    0x07, 0x01, 0xFF, 0xFF, 0xFF, 0xFF, 0xFF, 0xFF, 0xCE, 0x73, 0x9C, 0xE7, 0x39, 0xCE, 0x73, 0x9C,
    0xE7, 0xFF, 0xF0, 0xE0, 0x60, 0x70, 0x70, 0x70, 0x30, 0x38, 0x38, 0x38, 0x18, 0x1C, 0x1C, 0x1C,
    0x0C, 0x0E, 0x0E, 0x0E, 0x07, 0x07, 0xFB, 0xEF, 0x8E, 0x38, 0xE3, 0x8E, 0x38, 0xE3, 0x8E, 0x38,
    0xE3, 0x8E, 0x3B, 0xEF, 0xBE, 0x00, 0x07, 0x81, 0xE0, 0xFC, 0x33, 0x0C, 0xE7, 0x19, 0x86, 0xFF,
    0xFF, 0xFF, 0xFC, 0x71, 0x8E, 0x1F, 0x0F, 0xF1, 0xFF, 0x30, 0xE0, 0x1C, 0x7F, 0x9F, 0xF7, 0x8E,
    0xE1, 0xDF, 0xFB, 0xFF, 0x3E, 0xE0, 0xE0, 0x1C, 0x03, 0x80, 0x70, 0x0E, 0xF9, 0xFF, 0xBF, 0xF7,
    0x8F, 0xE0, 0xFC, 0x1F, 0x83, 0xF0, 0x7F, 0x1F, 0xFF, 0xBF, 0xF7, 0x7C, 0x1F, 0x07, 0xF9, 0xFF,
    0x78, 0xFE, 0x01, 0xC0, 0x38, 0x07, 0x00, 0xF1, 0xEF, 0xF8, 0xFE, 0x0F, 0x80, 0x00, 0xE0, 0x1C,
    0x03, 0x80, 0x73, 0xEE, 0xFF, 0xDF, 0xFF, 0x8F, 0xE0, 0xFC, 0x1F, 0x83, 0xF0, 0x7F, 0x1E, 0xFF,
    0xDF, 0xF9, 0xF7, 0x1F, 0x07, 0xF1, 0xFF, 0x78, 0xFF, 0xFF, 0xFF, 0xFF, 0xFF, 0x00, 0xF0, 0xCF,
    0xFC, 0xFF, 0x0F, 0xC0, 0x06, 0x1F, 0x3F, 0x38, 0x38, 0xFF, 0xFF, 0xFE, 0x38, 0x38, 0x38, 0x38,
    0x38, 0x38, 0x38, 0x38, 0x38, 0x1E, 0xE7, 0xFE, 0x7F, 0xEF, 0x1E, 0xE0, 0xEE, 0x0E, 0xE0, 0xEE,
    0x0E, 0xF1, 0xE7, 0xFE, 0x7F, 0xE3, 0xEE, 0x00, 0xE7, 0xFE, 0x7F, 0xC1, 0xF8, 0xE0, 0x1C, 0x03,
    0x80, 0x70, 0x0E, 0xF1, 0xFF, 0x3F, 0xF7, 0x8E, 0xE1, 0xDC, 0x3B, 0x87, 0x70, 0xEE, 0x1D, 0xC3,
    0xB8, 0x77, 0x0E, 0xEE, 0xE0, 0x0E, 0xEE, 0xEE, 0xEE, 0xEE, 0xEE, 0xE0, 0x38, 0xE3, 0x80, 0x00,
    0xE3, 0x8E, 0x38, 0xE3, 0x8E, 0x38, 0xE3, 0x8E, 0x38, 0xEF, 0xBE, 0xE0, 0xE0, 0x1C, 0x03, 0x80,
    0x70, 0x0E, 0x1D, 0xC7, 0x39, 0xE7, 0x78, 0xFE, 0x1F, 0xC3, 0xF8, 0x7F, 0x8E, 0x71, 0xCF, 0x38,
    0xF7, 0x0E, 0xEE, 0xEE, 0xEE, 0xEE, 0xEE, 0xEE, 0xEE, 0xEE, 0xEF, 0x1E, 0x7F, 0xDF, 0xBF, 0xFF,
    0xFE, 0x38, 0xFE, 0x1C, 0x3F, 0x0E, 0x1F, 0x87, 0x0F, 0xC3, 0x87, 0xE1, 0xC3, 0xF0, 0xE1, 0xF8,
    0x70, 0xFC, 0x38, 0x70, 0xEF, 0x1F, 0xF3, 0xFF, 0x78, 0xEE, 0x1D, 0xC3, 0xB8, 0x77, 0x0E, 0xE1,
    0xDC, 0x3B, 0x87, 0x70, 0xE0, 0x1F, 0x03, 0xFC, 0x7F, 0xCF, 0x1E, 0xE0, 0xEE, 0x0E, 0xE0, 0xEE,
    0x0E, 0xF1, 0xE7, 0xFC, 0x3F, 0xC1, 0xF0, 0xEF, 0x9F, 0xFB, 0xFF, 0x78, 0xFE, 0x0F, 0xC1, 0xF8,
    0x3F, 0x07, 0xF1, 0xFF, 0xFB, 0xFF, 0x77, 0xCE, 0x01, 0xC0, 0x38, 0x07, 0x00, 0x3E, 0xEF, 0xFD,
    0xFF, 0xF8, 0xFE, 0x0F, 0xC1, 0xF8, 0x3F, 0x07, 0xF1, 0xEF, 0xFD, 0xFF, 0x9F, 0x70, 0x0E, 0x01,
    0xC0, 0x38, 0x07, 0x01, 0xDF, 0xFF, 0xFF, 0x1C, 0x38, 0x70, 0xE1, 0xC3, 0x87, 0x0E, 0x00, 0x1F,
    0x87, 0xF9, 0xFF, 0xB8, 0x67, 0x80, 0x7F, 0x07, 0xF0, 0x0F, 0x70, 0xEF, 0xFC, 0xFF, 0x0F, 0xC0,
    0x38, 0x38, 0x38, 0xFE, 0xFE, 0x7E, 0x38, 0x38, 0x38, 0x38, 0x38, 0x38, 0x3E, 0x3E, 0x1E, 0xE1,
    0xDC, 0x3B, 0x87, 0x70, 0xEE, 0x1D, 0xC3, 0xB8, 0x77, 0x0E, 0xF3, 0xDF, 0xF9, 0xFF, 0x1E, 0xE0,
    0xF0, 0x73, 0x87, 0x9C, 0x38, 0xF1, 0xC3, 0x9E, 0x1C, 0xE0, 0xF7, 0x03, 0xB8, 0x1F, 0x80, 0x7C,
    0x03, 0xE0, 0x1E, 0x00, 0xF1, 0xC3, 0x9C, 0x78, 0xE7, 0x1E, 0x79, 0xC7, 0x9E, 0x7B, 0xE7, 0x0E,
    0xFD, 0xC3, 0xB7, 0x70, 0xFC, 0xF8, 0x1F, 0x3E, 0x07, 0xCF, 0x81, 0xE3, 0xE0, 0x78, 0x70, 0x78,
    0xF3, 0x8E, 0x3D, 0xC1, 0xFC, 0x1F, 0x80, 0xF8, 0x0F, 0x81, 0xF8, 0x1D, 0xC3, 0x9E, 0x78, 0xE7,
    0x0F, 0xF0, 0x73, 0x87, 0x9C, 0x38, 0x71, 0xC3, 0x9E, 0x1C, 0xE0, 0x77, 0x03, 0xF8, 0x1F, 0x80,
    0x7C, 0x03, 0xC0, 0x1E, 0x00, 0xF0, 0x1F, 0x01, 0xF8, 0x0F, 0x80, 0xFF, 0xFF, 0xFF, 0xE0, 0xE0,
    0xE0, 0xF0, 0xF0, 0x70, 0x78, 0x7F, 0xFF, 0xFF, 0xF0, 0x0F, 0x1F, 0x3E, 0x38, 0x38, 0x38, 0x38,
    0x38, 0x78, 0xF0, 0xE0, 0xF8, 0x38, 0x38, 0x38, 0x38, 0x38, 0x3E, 0x1F, 0x0F, 0xEE, 0xEE, 0xEE,
    0xEE, 0xEE, 0xEE, 0xEE, 0xEE, 0xEE, 0xEE, 0xEE, 0xEE, 0xEE, 0xE0, 0xF0, 0xF8, 0x38, 0x38, 0x38,
    0x38, 0x38, 0x3C, 0x1E, 0x0E, 0x1E, 0x38, 0x38, 0x38, 0x38, 0x38, 0xF8, 0xF0, 0xE0, 0x10, 0x0F,
    0x8F, 0xFF, 0xF7, 0xEC, 0x3C, 0xEE, 0xEE, 0x00, 0xEE, 0xEE, 0xEE, 0xEE, 0xEE, 0xE0, 0x04, 0x00,
    0x80, 0x7C, 0x1F, 0xC7, 0xFD, 0xEB, 0xB9, 0x07, 0x20, 0xE4, 0x1C, 0x83, 0xD7, 0x3F, 0xE3, 0xF8,
    0x3E, 0x01, 0x00, 0x20, 0x07, 0xC0, 0xFF, 0x07, 0xFC, 0x78, 0xE3, 0x84, 0x1C, 0x00, 0xE0, 0x1F,
    0xF0, 0xFF, 0x83, 0xFC, 0x0E, 0x00, 0x70, 0x03, 0x87, 0x3F, 0xFB, 0xFF, 0xDF, 0xFC, 0x03, 0x01,
    0xFF, 0x67, 0xFF, 0x8E, 0x1C, 0x70, 0x39, 0x80, 0x66, 0x01, 0x98, 0x06, 0x60, 0x19, 0xC0, 0xE3,
    0x03, 0x1F, 0xFE, 0x7F, 0xF8, 0x1E, 0x00, 0xE0, 0xE7, 0x1E, 0x71, 0xC7, 0x9C, 0x3B, 0x83, 0xB8,
    0x1F, 0x81, 0xF0, 0x7F, 0xC7, 0xFC, 0x0E, 0x07, 0xFC, 0x7F, 0xC0, 0xE0, 0x0E, 0x00, 0xE0, 0xEE,
    0xEE, 0xEE, 0xE0, 0x00, 0x0E, 0xEE, 0xEE, 0xEE, 0x3E, 0x1F, 0xCF, 0xFB, 0x8E, 0xE0, 0x3E, 0x07,
    0xE1, 0xFE, 0xC7, 0xF0, 0xFE, 0x1D, 0xEE, 0x7F, 0x07, 0xC0, 0x79, 0x0E, 0xE7, 0xBF, 0xE7, 0xF0,
    0x70, 0x42, 0xE7, 0xE7, 0x03, 0x80, 0x0F, 0xE0, 0x1F, 0xF8, 0x3C, 0x3C, 0x71, 0x9C, 0x67, 0xCE,
    0xE7, 0xEE, 0xCE, 0x76, 0xCC, 0x06, 0xCC, 0x06, 0xEE, 0x76, 0xE7, 0xEE, 0x77, 0xCC, 0x79, 0xBC,
    0x3F, 0xF8, 0x1F, 0xF0, 0x07, 0xC0, 0x3E, 0x7F, 0x63, 0x0F, 0x7F, 0xE7, 0xE7, 0xFF, 0x7B, 0x0F,
    0x78, 0x77, 0x87, 0x38, 0x7B, 0x87, 0xB8, 0x3D, 0xC0, 0xF7, 0x03, 0x9C, 0x0E, 0xF0, 0x7B, 0xC0,
    0x7F, 0xDF, 0xFB, 0xFF, 0x00, 0xE0, 0x1C, 0x03, 0x80, 0x0F, 0x03, 0xFC, 0x70, 0xE6, 0x06, 0xCF,
    0x3C, 0x93, 0xC9, 0x3C, 0xF3, 0xCB, 0x36, 0x96, 0x70, 0xE3, 0xFC, 0x1F, 0x80, 0xFF, 0xFF, 0xC0,
    0x10, 0x7C, 0xFE, 0xEE, 0xC6, 0xFE, 0x7C, 0x38, 0x0E, 0x03, 0x8F, 0xFF, 0xFF, 0xFF, 0xC3, 0x80,
    0xE0, 0x38, 0x00, 0x3F, 0xFF, 0xFF, 0xFF, 0x3C, 0xFE, 0xC6, 0x06, 0x0E, 0x3C, 0x78, 0xFE, 0xFF,
    0x3E, 0x3F, 0x98, 0xC0, 0x61, 0xE0, 0xF8, 0x0C, 0xFE, 0x3E, 0x00, 0x3B, 0x98, 0xE1, 0xCE, 0x1C,
    0xE1, 0xCE, 0x1C, 0xE1, 0xCE, 0x1C, 0xE1, 0xCE, 0x1C, 0xF1, 0xCF, 0xFE, 0xFF, 0xFE, 0xEF, 0xE0,
    0x0E, 0x00, 0xE0, 0x0E, 0x00, 0x3F, 0xDF, 0xFF, 0xFF, 0xF3, 0xFC, 0xFF, 0x3F, 0xCF, 0xF3, 0x7C,
    0xCF, 0x30, 0x0C, 0x03, 0x00, 0xC0, 0x30, 0x0C, 0x03, 0xEE, 0xEE, 0x63, 0x1E, 0x37, 0x80, 0x3F,
    0xFD, 0xC7, 0x1C, 0x71, 0xC7, 0x1C, 0x3E, 0x3F, 0xB8, 0xFC, 0x7E, 0x3F, 0x1F, 0x8E, 0xFE, 0x3E,
    0x00, 0x7B, 0x81, 0xCE, 0x07, 0x78, 0x3D, 0xE0, 0xF7, 0x87, 0xBC, 0x7B, 0xC3, 0xBC, 0x39, 0xC3,
    0xDC, 0x00, 0x70, 0x1C, 0xF0, 0x18, 0xB0, 0x30, 0x30, 0x70, 0x30, 0x60, 0x30, 0xC0, 0x31, 0xC0,
    0x31, 0x86, 0x33, 0x0E, 0x03, 0x1E, 0x06, 0x1E, 0x0E, 0x36, 0x0C, 0x36, 0x18, 0x7F, 0x38, 0x7F,
    0x30, 0x06, 0x00, 0x00, 0x70, 0x0C, 0x78, 0x0C, 0x2C, 0x0E, 0x06, 0x06, 0x03, 0x06, 0x01, 0x87,
    0x00, 0xC3, 0x00, 0x63, 0x1E, 0x33, 0x9F, 0x81, 0x8C, 0xC1, 0x80, 0x61, 0xC0, 0x60, 0xC0, 0x70,
    0xC0, 0x70, 0xE0, 0x7E, 0x60, 0x3F, 0x3C, 0x06, 0x1F, 0x81, 0x86, 0x60, 0xC0, 0x18, 0x70, 0x1C,
    0x18, 0x07, 0x8C, 0x00, 0x63, 0x01, 0xF9, 0x86, 0x7E, 0xE3, 0x80, 0x31, 0xE0, 0x18, 0x78, 0x0E,
    0x36, 0x03, 0x0D, 0x81, 0x87, 0xF0, 0x61, 0xFC, 0x30, 0x06, 0x00, 0x00, 0x00, 0x0E, 0x03, 0x80,
    0xE0, 0x38, 0x00, 0x03, 0x80, 0xE0, 0x78, 0x3C, 0x1E, 0x0F, 0x03, 0x87, 0xE1, 0xFF, 0xF7, 0xF8,
    0xFC, 0x07, 0x00, 0x03, 0x00, 0x03, 0x80, 0x00, 0x00, 0x03, 0xC0, 0x07, 0xE0, 0x07, 0xE0, 0x07,
    0xE0, 0x0F, 0xF0, 0x0E, 0x70, 0x0E, 0x70, 0x1E, 0x78, 0x1E, 0x78, 0x1C, 0x38, 0x3F, 0xFC, 0x3F,
    0xFC, 0x3F, 0xFC, 0x78, 0x1E, 0x78, 0x1E, 0x70, 0x0E, 0x00, 0xE0, 0x01, 0xC0, 0x01, 0x80, 0x00,
    0x00, 0x03, 0xC0, 0x07, 0xE0, 0x07, 0xE0, 0x07, 0xE0, 0x0F, 0xF0, 0x0E, 0x70, 0x0E, 0x70, 0x1E,
    0x78, 0x1E, 0x78, 0x1C, 0x38, 0x3F, 0xFC, 0x3F, 0xFC, 0x3F, 0xFC, 0x78, 0x1E, 0x78, 0x1E, 0x70,
    0x0E, 0x01, 0x80, 0x03, 0xC0, 0x06, 0xE0, 0x0C, 0x70, 0x00, 0x00, 0x03, 0xC0, 0x07, 0xE0, 0x07,
    0xE0, 0x07, 0xE0, 0x0F, 0xF0, 0x0E, 0x70, 0x0E, 0x70, 0x1E, 0x78, 0x1E, 0x78, 0x1C, 0x38, 0x3F,
    0xFC, 0x3F, 0xFC, 0x3F, 0xFC, 0x78, 0x1E, 0x78, 0x1E, 0x70, 0x0E, 0x03, 0x20, 0x07, 0xA0, 0x05,
    0xE0, 0x04, 0xC0, 0x00, 0x00, 0x03, 0xC0, 0x07, 0xE0, 0x07, 0xE0, 0x07, 0xE0, 0x0F, 0xF0, 0x0E,
    0x70, 0x0E, 0x70, 0x1E, 0x78, 0x1E, 0x78, 0x1C, 0x38, 0x3F, 0xFC, 0x3F, 0xFC, 0x3F, 0xFC, 0x78,
    0x1E, 0x78, 0x1E, 0x70, 0x0E, 0x04, 0x20, 0x0E, 0x70, 0x0E, 0x70, 0x00, 0x00, 0x03, 0xC0, 0x07,
    0xE0, 0x07, 0xE0, 0x07, 0xE0, 0x0F, 0xF0, 0x0E, 0x70, 0x0E, 0x70, 0x1E, 0x78, 0x1E, 0x78, 0x1C,
    0x38, 0x3F, 0xFC, 0x3F, 0xFC, 0x3F, 0xFC, 0x78, 0x1E, 0x78, 0x1E, 0x70, 0x0E, 0x03, 0xC0, 0x06,
    0x60, 0x06, 0x60, 0x03, 0xC0, 0x00, 0x00, 0x03, 0xC0, 0x07, 0xE0, 0x07, 0xE0, 0x07, 0xE0, 0x0F,
    0xF0, 0x0E, 0x70, 0x0E, 0x70, 0x1E, 0x78, 0x1E, 0x78, 0x1C, 0x38, 0x3F, 0xFC, 0x3F, 0xFC, 0x3F,
    0xFC, 0x78, 0x1E, 0x78, 0x1E, 0x70, 0x0E, 0x01, 0xFF, 0xF0, 0x3F, 0xFF, 0x03, 0xBF, 0xF0, 0x7B,
    0x80, 0x07, 0x38, 0x00, 0x73, 0x80, 0x0F, 0x38, 0x00, 0xE3, 0xFF, 0x1E, 0x3F, 0xF1, 0xC3, 0xFE,
    0x1F, 0xF8, 0x03, 0xFF, 0x80, 0x3F, 0xF8, 0x07, 0x83, 0xFF, 0x78, 0x3F, 0xF7, 0x03, 0xFF, 0x0F,
    0xC0, 0x7F, 0xC3, 0xFF, 0x9E, 0x0E, 0xF0, 0x3F, 0xC0, 0x0E, 0x00, 0x38, 0x00, 0xE0, 0x03, 0x80,
    0x0F, 0x00, 0x3C, 0x0F, 0x78, 0x38, 0xFF, 0xE1, 0xFF, 0x03, 0xF0, 0x03, 0x00, 0x0F, 0x00, 0x0C,
    0x00, 0xE0, 0x38, 0x07, 0x00, 0xC0, 0x00, 0xFF, 0xFF, 0xFF, 0xFF, 0x80, 0xE0, 0x38, 0x0E, 0x03,
    0xFF, 0xFF, 0xFF, 0xEE, 0x03, 0x80, 0xE0, 0x3F, 0xFF, 0xFF, 0xFF, 0x07, 0x01, 0x80, 0xE0, 0x00,
    0xFF, 0xFF, 0xFF, 0xFF, 0x80, 0xE0, 0x38, 0x0E, 0x03, 0xFF, 0xFF, 0xFF, 0xEE, 0x03, 0x80, 0xE0,
    0x3F, 0xFF, 0xFF, 0xFF, 0x0C, 0x07, 0x83, 0xB1, 0xC6, 0x00, 0x3F, 0xFF, 0xFF, 0xFF, 0xE0, 0x38,
    0x0E, 0x03, 0x80, 0xFF, 0xFF, 0xFF, 0xFB, 0x80, 0xE0, 0x38, 0x0F, 0xFF, 0xFF, 0xFF, 0xC0, 0x21,
    0x1C, 0xE7, 0x38, 0x00, 0xFF, 0xFF, 0xFF, 0xFF, 0x80, 0xE0, 0x38, 0x0E, 0x03, 0xFF, 0xFF, 0xFF,
    0xEE, 0x03, 0x80, 0xE0, 0x3F, 0xFF, 0xFF, 0xFF, 0x71, 0xC3, 0x80, 0x38, 0xE3, 0x8E, 0x38, 0xE3,
    0x8E, 0x38, 0xE3, 0x8E, 0x38, 0xE3, 0x8E, 0x33, 0x98, 0x0E, 0x73, 0x9C, 0xE7, 0x39, 0xCE, 0x73,
    0x9C, 0xE7, 0x39, 0xC0, 0x1C, 0x1F, 0x1D, 0xCC, 0x60, 0x00, 0xE0, 0x70, 0x38, 0x1C, 0x0E, 0x07,
    0x03, 0x81, 0xC0, 0xE0, 0x70, 0x38, 0x1C, 0x0E, 0x07, 0x03, 0x81, 0xC0, 0x42, 0xE7, 0xE7, 0x00,
    0x38, 0x38, 0x38, 0x38, 0x38, 0x38, 0x38, 0x38, 0x38, 0x38, 0x38, 0x38, 0x38, 0x38, 0x38, 0x38,
    0x3F, 0xE0, 0x7F, 0xE0, 0xFF, 0xE1, 0xC1, 0xE3, 0x81, 0xE7, 0x03, 0xCE, 0x03, 0xFF, 0xC7, 0xFF,
    0x8F, 0xFE, 0x1C, 0xE0, 0x79, 0xC0, 0xF3, 0x83, 0xC7, 0xFF, 0x0F, 0xFC, 0x1F, 0xF0, 0x0C, 0xC0,
    0x7B, 0x01, 0xBC, 0x06, 0x60, 0x00, 0x03, 0xC0, 0xEF, 0x83, 0xBE, 0x0E, 0xFC, 0x3B, 0xF0, 0xEE,
    0xE3, 0xBB, 0x8E, 0xE7, 0x3B, 0x9E, 0xEE, 0x3B, 0xB8, 0xFE, 0xE1, 0xFB, 0x87, 0xEE, 0x0F, 0xB8,
    0x1E, 0xE0, 0x78, 0x0E, 0x00, 0x0E, 0x00, 0x0C, 0x00, 0x00, 0x00, 0x00, 0x01, 0xF8, 0x07, 0xFC,
    0x1F, 0xFC, 0x78, 0x79, 0xE0, 0x7B, 0xC0, 0x77, 0x00, 0xEE, 0x01, 0xDC, 0x03, 0xB8, 0x07, 0x78,
    0x0E, 0xF0, 0x3C, 0xF0, 0xF0, 0xFF, 0xE0, 0xFF, 0x80, 0xFC, 0x00, 0x01, 0xC0, 0x03, 0x00, 0x0E,
    0x00, 0x00, 0x00, 0x00, 0x01, 0xF8, 0x07, 0xFC, 0x1F, 0xFC, 0x78, 0x79, 0xE0, 0x7B, 0xC0, 0x77,
    0x00, 0xEE, 0x01, 0xDC, 0x03, 0xB8, 0x07, 0x78, 0x0E, 0xF0, 0x3C, 0xF0, 0xF0, 0xFF, 0xE0, 0xFF,
    0x80, 0xFC, 0x00, 0x07, 0x80, 0x1F, 0x80, 0x33, 0x00, 0xC3, 0x00, 0x00, 0x01, 0xF8, 0x07, 0xFC,
    0x1F, 0xFC, 0x78, 0x79, 0xE0, 0x7B, 0xC0, 0x77, 0x00, 0xEE, 0x01, 0xDC, 0x03, 0xB8, 0x07, 0x78,
    0x0E, 0xF0, 0x3C, 0xF0, 0xF0, 0xFF, 0xE0, 0xFF, 0x80, 0xFC, 0x00, 0x0E, 0x60, 0x1F, 0x80, 0x67,
    0x00, 0x00, 0x00, 0x00, 0x01, 0xF8, 0x07, 0xFC, 0x1F, 0xFC, 0x78, 0x79, 0xE0, 0x7B, 0xC0, 0x77,
    0x00, 0xEE, 0x01, 0xDC, 0x03, 0xB8, 0x07, 0x78, 0x0E, 0xF0, 0x3C, 0xF0, 0xF0, 0xFF, 0xE0, 0xFF,
    0x80, 0xFC, 0x00, 0x08, 0x40, 0x39, 0xC0, 0x73, 0x80, 0x00, 0x00, 0x00, 0x01, 0xF8, 0x07, 0xFC,
    0x1F, 0xFC, 0x78, 0x79, 0xE0, 0x7B, 0xC0, 0x77, 0x00, 0xEE, 0x01, 0xDC, 0x03, 0xB8, 0x07, 0x78,
    0x0E, 0xF0, 0x3C, 0xF0, 0xF0, 0xFF, 0xE0, 0xFF, 0x80, 0xFC, 0x00, 0x20, 0x47, 0x0E, 0x79, 0xE3,
    0xFC, 0x1F, 0x80, 0xF0, 0x1F, 0x83, 0xFC, 0x79, 0xE7, 0x0E, 0x20, 0x40, 0x00, 0x00, 0x00, 0x1F,
    0xB0, 0x7F, 0xE1, 0xFF, 0xC7, 0x87, 0x9E, 0x1F, 0xBC, 0x37, 0x70, 0xCE, 0xE3, 0x9D, 0xC6, 0x3B,
    0x98, 0x77, 0xF0, 0xEF, 0xC3, 0xCF, 0x0F, 0x0F, 0xFE, 0x3F, 0xF8, 0x6F, 0xC0, 0x00, 0x00, 0x1C,
    0x00, 0x70, 0x01, 0x80, 0x00, 0x00, 0x00, 0x70, 0x3B, 0x81, 0xDC, 0x0E, 0xE0, 0x77, 0x03, 0xB8,
    0x1D, 0xC0, 0xEE, 0x07, 0x70, 0x3B, 0x81, 0xDC, 0x0E, 0xE0, 0x77, 0x87, 0x9F, 0xF8, 0x7F, 0x81,
    0xF8, 0x00, 0x03, 0x80, 0x18, 0x01, 0x80, 0x00, 0x00, 0x00, 0x70, 0x3B, 0x81, 0xDC, 0x0E, 0xE0,
    0x77, 0x03, 0xB8, 0x1D, 0xC0, 0xEE, 0x07, 0x70, 0x3B, 0x81, 0xDC, 0x0E, 0xE0, 0x77, 0x87, 0x9F,
    0xF8, 0x7F, 0x81, 0xF8, 0x00, 0x0F, 0x00, 0x78, 0x06, 0x60, 0x31, 0x00, 0x00, 0x70, 0x3B, 0x81,
    0xDC, 0x0E, 0xE0, 0x77, 0x03, 0xB8, 0x1D, 0xC0, 0xEE, 0x07, 0x70, 0x3B, 0x81, 0xDC, 0x0E, 0xF0,
    0x77, 0x87, 0x9F, 0xF8, 0x7F, 0x81, 0xF8, 0x00, 0x10, 0x81, 0xCE, 0x0E, 0x70, 0x00, 0x00, 0x00,
    0x70, 0x3B, 0x81, 0xDC, 0x0E, 0xE0, 0x77, 0x03, 0xB8, 0x1D, 0xC0, 0xEE, 0x07, 0x70, 0x3B, 0x81,
    0xDC, 0x0E, 0xE0, 0x77, 0x87, 0x9F, 0xF8, 0x7F, 0x81, 0xF8, 0x00, 0x01, 0xC0, 0x03, 0x80, 0x06,
    0x00, 0x00, 0x07, 0x01, 0xCF, 0x07, 0x8E, 0x0E, 0x1E, 0x3C, 0x1C, 0x70, 0x3D, 0xE0, 0x3F, 0x80,
    0x7F, 0x00, 0x7C, 0x00, 0x70, 0x00, 0xE0, 0x01, 0xC0, 0x03, 0x80, 0x07, 0x00, 0x0E, 0x00, 0x1C,
    0x00, 0xE0, 0x0E, 0x00, 0xE0, 0x0F, 0xF0, 0xFF, 0xCF, 0xFE, 0xE1, 0xEE, 0x0E, 0xE0, 0xEE, 0x1E,
    0xFF, 0xCF, 0xF8, 0xFE, 0x0E, 0x00, 0xE0, 0x0E, 0x00, 0x3F, 0x07, 0xF8, 0xFF, 0xCF, 0x1C, 0xE1,
    0xCE, 0x1C, 0xE3, 0xCE, 0x78, 0xE7, 0xCE, 0x7E, 0xE0, 0xEE, 0x0E, 0xE0, 0xEE, 0x7E, 0xE7, 0xCE,
    0x78, 0x18, 0x03, 0x80, 0x30, 0x00, 0x00, 0x00, 0x3E, 0x1F, 0xE3, 0xFE, 0x61, 0xC0, 0x38, 0xFF,
    0x3F, 0xEF, 0x1D, 0xC3, 0xBF, 0xF7, 0xFE, 0x7D, 0xC0, 0x07, 0x00, 0xC0, 0x38, 0x00, 0x00, 0x00,
    0x3E, 0x1F, 0xE3, 0xFE, 0x61, 0xC0, 0x38, 0xFF, 0x3F, 0xEF, 0x1D, 0xC3, 0xBF, 0xF7, 0xFE, 0x7D,
    0xC0, 0x0E, 0x03, 0xE0, 0xEE, 0x18, 0xC0, 0x00, 0x3E, 0x1F, 0xE3, 0xFE, 0x61, 0xC0, 0x38, 0xFF,
    0x3F, 0xEF, 0x1D, 0xC3, 0xBF, 0xF7, 0xFE, 0x7D, 0xC0, 0x3F, 0x87, 0xE0, 0x00, 0x00, 0x01, 0xF0,
    0xFF, 0x1F, 0xF3, 0x0E, 0x01, 0xC7, 0xF9, 0xFF, 0x78, 0xEE, 0x1D, 0xFF, 0xBF, 0xF3, 0xEE, 0x11,
    0x07, 0x70, 0xEE, 0x00, 0x00, 0x00, 0x3E, 0x1F, 0xE3, 0xFE, 0x71, 0xC0, 0x38, 0xFF, 0x3F, 0xEF,
    0x1D, 0xC3, 0xBF, 0xF7, 0xFE, 0x7D, 0xC0, 0x1E, 0x07, 0x60, 0xCC, 0x19, 0x81, 0xE0, 0x00, 0x07,
    0xC3, 0xFC, 0x7F, 0xCC, 0x38, 0x07, 0x1F, 0xE7, 0xFD, 0xE3, 0xB8, 0x77, 0xFE, 0xFF, 0xCF, 0xB8,
    0x3E, 0x7E, 0x1F, 0xFF, 0xC7, 0xFF, 0xF8, 0x8F, 0x0E, 0x0F, 0xFF, 0x9F, 0xFF, 0xFF, 0xFF, 0xFF,
    0xCF, 0x00, 0xE3, 0xC3, 0xBF, 0xFF, 0xEF, 0xFF, 0xF1, 0xF1, 0xF8, 0x1F, 0x07, 0xF1, 0xFF, 0x78,
    0xEE, 0x01, 0xC0, 0x38, 0x07, 0x00, 0xF1, 0xEF, 0xF8, 0xFE, 0x0F, 0x80, 0x40, 0x0E, 0x00, 0xC0,
    0x78, 0x18, 0x03, 0x80, 0x30, 0x00, 0x00, 0x00, 0x3E, 0x0F, 0xE3, 0xFE, 0xF1, 0xFF, 0xFF, 0xFF,
    0xFF, 0xFE, 0x01, 0xE1, 0x9F, 0xF9, 0xFE, 0x1F, 0x80, 0x07, 0x00, 0xE0, 0x18, 0x00, 0x00, 0x00,
    0x3E, 0x0F, 0xE3, 0xFE, 0xF1, 0xFF, 0xFF, 0xFF, 0xFF, 0xFE, 0x01, 0xE1, 0x9F, 0xF9, 0xFE, 0x1F,
    0x80, 0x0E, 0x03, 0xE0, 0xEE, 0x18, 0xC0, 0x00, 0x3E, 0x0F, 0xE3, 0xFE, 0xF1, 0xFF, 0xFF, 0xFF,
    0xFF, 0xFE, 0x01, 0xE1, 0x9F, 0xF9, 0xFE, 0x1F, 0x80, 0x11, 0x07, 0x70, 0xEE, 0x00, 0x00, 0x00,
    0x3E, 0x0F, 0xE3, 0xFE, 0xF1, 0xFF, 0xFF, 0xFF, 0xFF, 0xFE, 0x01, 0xE1, 0x9F, 0xF9, 0xFE, 0x1F,
    0x80, 0x71, 0xC3, 0x80, 0x00, 0xE3, 0x8E, 0x38, 0xE3, 0x8E, 0x38, 0xE3, 0x8E, 0x38, 0x33, 0x98,
    0x00, 0x73, 0x9C, 0xE7, 0x39, 0xCE, 0x73, 0x9C, 0xE0, 0x1C, 0x1F, 0x1D, 0xCC, 0x60, 0x00, 0xE0,
    0x70, 0x38, 0x1C, 0x0E, 0x07, 0x03, 0x81, 0xC0, 0xE0, 0x70, 0x38, 0x1C, 0x00, 0xE7, 0xE7, 0x42,
    0x00, 0x00, 0x38, 0x38, 0x38, 0x38, 0x38, 0x38, 0x38, 0x38, 0x38, 0x38, 0x38, 0x38, 0x00, 0x06,
    0x10, 0xFE, 0x0F, 0x83, 0xF0, 0x67, 0x02, 0x71, 0xFE, 0x7F, 0xFE, 0x3F, 0xC7, 0xF0, 0x7E, 0x0F,
    0xC1, 0xFC, 0x7B, 0xFE, 0x3F, 0x83, 0xE0, 0x3F, 0x07, 0xE0, 0x00, 0x00, 0x0E, 0xF1, 0xFF, 0x3F,
    0xF7, 0x8E, 0xE1, 0xDC, 0x3B, 0x87, 0x70, 0xEE, 0x1D, 0xC3, 0xB8, 0x77, 0x0E, 0x1C, 0x01, 0xC0,
    0x0E, 0x00, 0x00, 0x00, 0x01, 0xF0, 0x3F, 0xC7, 0xFC, 0xF1, 0xEE, 0x0E, 0xE0, 0xEE, 0x0E, 0xE0,
    0xEF, 0x1E, 0x7F, 0xC3, 0xFC, 0x1F, 0x00, 0x03, 0x00, 0x70, 0x06, 0x00, 0x00, 0x00, 0x01, 0xF0,
    0x3F, 0xC7, 0xFC, 0xF1, 0xEE, 0x0E, 0xE0, 0xEE, 0x0E, 0xE0, 0xEF, 0x1E, 0x7F, 0xC3, 0xFC, 0x1F,
    0x00, 0x0E, 0x01, 0xF0, 0x3B, 0x83, 0x18, 0x00, 0x01, 0xF0, 0x3F, 0xC7, 0xFC, 0xF1, 0xEE, 0x0E,
    0xE0, 0xEE, 0x0E, 0xE0, 0xEF, 0x1E, 0x7F, 0xC3, 0xFC, 0x1F, 0x00, 0x1F, 0x83, 0xF0, 0x00, 0x00,
    0x00, 0x1F, 0x03, 0xFC, 0x7F, 0xCF, 0x1E, 0xE0, 0xEE, 0x0E, 0xE0, 0xEE, 0x0E, 0xF1, 0xE7, 0xFC,
    0x3F, 0xC1, 0xF0, 0x11, 0x03, 0xB8, 0x3B, 0x80, 0x00, 0x00, 0x01, 0xF0, 0x3F, 0xC7, 0xFC, 0xF1,
    0xEE, 0x0E, 0xE0, 0xEE, 0x0E, 0xE0, 0xEF, 0x1E, 0x7F, 0xC3, 0xFC, 0x1F, 0x00, 0x0E, 0x03, 0x80,
    0xE0, 0x00, 0xFF, 0xFF, 0xFF, 0xFC, 0x00, 0x0E, 0x03, 0x80, 0xE0, 0x38, 0x00, 0x00, 0x7D, 0x87,
    0xF8, 0x7F, 0xC7, 0x8F, 0x38, 0xF9, 0xCD, 0xCE, 0xCE, 0x7C, 0x73, 0xE7, 0x8F, 0xF8, 0x7F, 0xC6,
    0xF8, 0x00, 0x00, 0x38, 0x03, 0x80, 0x30, 0x00, 0x00, 0x01, 0xC3, 0xB8, 0x77, 0x0E, 0xE1, 0xDC,
    0x3B, 0x87, 0x70, 0xEE, 0x1D, 0xE7, 0xBF, 0xF3, 0xFE, 0x3D, 0xC0, 0x07, 0x00, 0xC0, 0x30, 0x00,
    0x00, 0x01, 0xC3, 0xB8, 0x77, 0x0E, 0xE1, 0xDC, 0x3B, 0x87, 0x70, 0xEE, 0x1D, 0xE7, 0xBF, 0xF3,
    0xFE, 0x3D, 0xC0, 0x1E, 0x03, 0xC0, 0xEC, 0x18, 0xC0, 0x01, 0xC3, 0xB8, 0x77, 0x0E, 0xE1, 0xDC,
    0x3B, 0x87, 0x70, 0xEE, 0x1D, 0xE7, 0xBF, 0xF3, 0xFE, 0x3D, 0xC0, 0x21, 0x0E, 0x71, 0xCE, 0x00,
    0x00, 0x01, 0xC3, 0xB8, 0x77, 0x0E, 0xE1, 0xDC, 0x3B, 0x87, 0x70, 0xEE, 0x1D, 0xE7, 0xBF, 0xF3,
    0xFE, 0x3D, 0xC0, 0x03, 0x80, 0x18, 0x01, 0xC0, 0x00, 0x00, 0x00, 0x78, 0x39, 0xC3, 0xCE, 0x1C,
    0x38, 0xE1, 0xCF, 0x0E, 0x70, 0x3B, 0x81, 0xFC, 0x0F, 0xC0, 0x3E, 0x01, 0xE0, 0x0F, 0x00, 0x78,
    0x0F, 0x80, 0xFC, 0x07, 0xC0, 0x00, 0xE0, 0x1C, 0x03, 0x80, 0x70, 0x0E, 0xF9, 0xFF, 0xBF, 0xF7,
    0x8F, 0xE0, 0xFC, 0x1F, 0x83, 0xF0, 0x7F, 0x1F, 0xFF, 0xBF, 0xF7, 0x7C, 0xE0, 0x1C, 0x03, 0x80,
    0x70, 0x00, 0x1C, 0xE0, 0x73, 0x80, 0x84, 0x00, 0x00, 0x00, 0x01, 0xC0, 0xE7, 0x87, 0x8E, 0x1C,
    0x38, 0x70, 0xF3, 0xC1, 0xCE, 0x07, 0x78, 0x1F, 0xC0, 0x3F, 0x00, 0xFC, 0x01, 0xE0, 0x07, 0x80,
    0x1C, 0x03, 0xF0, 0x0F, 0x80, 0x3C, 0x00, 0x07, 0xE0, 0x07, 0xE0, 0x07, 0xE0, 0x00, 0x00, 0x03,
    0xC0, 0x07, 0xE0, 0x07, 0xE0, 0x07, 0xE0, 0x0F, 0xF0, 0x0E, 0x70, 0x0E, 0x70, 0x1E, 0x78, 0x1E,
    0x78, 0x1C, 0x38, 0x3F, 0xFC, 0x3F, 0xFC, 0x3F, 0xFC, 0x78, 0x1E, 0x78, 0x1E, 0x70, 0x0E, 0x3F,
    0x07, 0xE0, 0xFC, 0x00, 0x01, 0xF0, 0xFF, 0x1F, 0xF3, 0x0E, 0x01, 0xC7, 0xF9, 0xFF, 0x78, 0xEE,
    0x1D, 0xFF, 0xBF, 0xF3, 0xEE, 0x0C, 0x30, 0x0E, 0x70, 0x07, 0xE0, 0x03, 0xC0, 0x00, 0x00, 0x07,
    0xE0, 0x07, 0xE0, 0x07, 0xE0, 0x0F, 0xE0, 0x0F, 0xF0, 0x0E, 0x70, 0x0E, 0x70, 0x1E, 0x78, 0x1E,
    0x78, 0x1C, 0x38, 0x3F, 0xFC, 0x3F, 0xFC, 0x3F, 0xFC, 0x78, 0x1E, 0x78, 0x1E, 0x70, 0x0E, 0x31,
    0x87, 0x70, 0x7C, 0x07, 0x00, 0x00, 0x3E, 0x1F, 0xE3, 0xFE, 0x71, 0xC0, 0x38, 0xFF, 0x3F, 0xEF,
    0x1D, 0xC3, 0xBC, 0xF7, 0xFE, 0x7D, 0xC0, 0x03, 0xC0, 0x03, 0xF0, 0x01, 0xF8, 0x00, 0xFC, 0x00,
    0xFF, 0x00, 0x73, 0x80, 0x39, 0xC0, 0x3C, 0xF0, 0x1E, 0x78, 0x0F, 0xFE, 0x0F, 0xFF, 0x07, 0xFF,
    0x83, 0x81, 0xE3, 0xC0, 0xF1, 0xE0, 0x78, 0xE0, 0x3E, 0x00, 0x1C, 0x00, 0x0E, 0x00, 0x07, 0xC0,
    0x01, 0xE0, 0x1F, 0x0F, 0xF1, 0xFF, 0x38, 0xE0, 0x1C, 0x7F, 0x9F, 0xF7, 0x8E, 0xE1, 0xDF, 0xFB,
    0xFF, 0x3E, 0xE0, 0x38, 0x07, 0x80, 0xF0, 0x0E, 0x01, 0xC0, 0x0E, 0x00, 0x30, 0x00, 0x00, 0x00,
    0x00, 0x3F, 0x01, 0xFF, 0x0F, 0xFC, 0x78, 0x7B, 0xC0, 0xEF, 0x00, 0x38, 0x00, 0xE0, 0x03, 0x80,
    0x0E, 0x00, 0x3C, 0x00, 0xF0, 0x39, 0xE1, 0xE3, 0xFF, 0x07, 0xF8, 0x0F, 0xC0, 0x03, 0x00, 0xE0,
    0x18, 0x00, 0x00, 0x00, 0x3E, 0x0F, 0xF3, 0xFE, 0xF1, 0xFC, 0x03, 0x80, 0x70, 0x0E, 0x01, 0xE3,
    0xDF, 0xF1, 0xFC, 0x1F, 0x00, 0x07, 0x80, 0x3F, 0x00, 0xCC, 0x06, 0x18, 0x00, 0x00, 0x3F, 0x01,
    0xFF, 0x0F, 0xFC, 0x78, 0x7B, 0xC0, 0xEF, 0x00, 0x38, 0x00, 0xE0, 0x03, 0x80, 0x0E, 0x00, 0x3C,
    0x00, 0xF0, 0x39, 0xE1, 0xE3, 0xFF, 0x07, 0xF8, 0x0F, 0xC0, 0x0E, 0x03, 0xE0, 0xEE, 0x18, 0xC0,
    0x00, 0x3E, 0x0F, 0xF3, 0xFE, 0xF1, 0xFC, 0x03, 0x80, 0x70, 0x0E, 0x01, 0xE3, 0xDF, 0xF1, 0xFC,
    0x1F, 0x00, 0x03, 0x80, 0x0E, 0x00, 0x38, 0x00, 0x00, 0x00, 0x00, 0x3F, 0x01, 0xFF, 0x0F, 0xFE,
    0x78, 0x3B, 0xC0, 0xFF, 0x00, 0x38, 0x00, 0xE0, 0x03, 0x80, 0x0E, 0x00, 0x3C, 0x00, 0xF0, 0x3D,
    0xE0, 0xE3, 0xFF, 0x87, 0xFC, 0x0F, 0xC0, 0x0E, 0x01, 0xC0, 0x38, 0x00, 0x00, 0x00, 0x3E, 0x0F,
    0xE3, 0xFE, 0xF1, 0xDC, 0x03, 0x80, 0x70, 0x0E, 0x01, 0xE3, 0x9F, 0xF1, 0xFC, 0x1F, 0x00, 0x1C,
    0xE0, 0x3F, 0x00, 0x78, 0x00, 0xC0, 0x00, 0x00, 0x3F, 0x01, 0xFF, 0x0F, 0xFE, 0x78, 0x7B, 0xC0,
    0xFF, 0x00, 0x38, 0x00, 0xE0, 0x03, 0x80, 0x0E, 0x00, 0x3C, 0x0E, 0xF0, 0x39, 0xE1, 0xE3, 0xFF,
    0x07, 0xF8, 0x0F, 0xC0, 0x39, 0x83, 0x70, 0x7C, 0x07, 0x00, 0x00, 0x3E, 0x0F, 0xF3, 0xFE, 0xF1,
    0xFC, 0x03, 0x80, 0x70, 0x0E, 0x01, 0xE3, 0xDF, 0xF1, 0xFC, 0x1F, 0x00, 0x63, 0x81, 0xB8, 0x07,
    0x80, 0x18, 0x00, 0x00, 0x7F, 0xC3, 0xFF, 0x1F, 0xFC, 0xE0, 0xF7, 0x03, 0xF8, 0x1F, 0xC0, 0x7E,
    0x03, 0xF0, 0x1F, 0x80, 0xFC, 0x0F, 0xE0, 0x7F, 0x07, 0xBF, 0xF9, 0xFF, 0x8F, 0xF8, 0x00, 0x00,
    0x0E, 0x01, 0xDC, 0x03, 0xB8, 0x07, 0x60, 0x0E, 0x07, 0xDC, 0x1F, 0xF8, 0x3F, 0xF0, 0xF1, 0xE1,
    0xC1, 0xC3, 0x83, 0x87, 0x07, 0x0E, 0x0E, 0x1E, 0x3C, 0x1F, 0xF8, 0x3F, 0xF0, 0x3E, 0xE0, 0x3F,
    0xE0, 0x7F, 0xE0, 0xFF, 0xE1, 0xC1, 0xE3, 0x81, 0xE7, 0x03, 0xCE, 0x03, 0xFF, 0xC7, 0xFF, 0x8F,
    0xFE, 0x1C, 0xE0, 0x79, 0xC0, 0xF3, 0x83, 0xC7, 0xFF, 0x0F, 0xFC, 0x1F, 0xF0, 0x00, 0xE0, 0x3F,
    0xC1, 0xFE, 0x01, 0xC3, 0xEE, 0x3F, 0xF1, 0xFF, 0x9E, 0x3C, 0xE0, 0xE7, 0x07, 0x38, 0x39, 0xC1,
    0xCF, 0x1E, 0x3F, 0xF1, 0xFF, 0x87, 0xDC, 0x3F, 0x0F, 0xC3, 0xF0, 0x00, 0xFF, 0xFF, 0xFF, 0xFF,
    0x80, 0xE0, 0x38, 0x0E, 0x03, 0xFF, 0xFF, 0xFF, 0xEE, 0x03, 0x80, 0xE0, 0x3F, 0xFF, 0xFF, 0xFF,
    0x3F, 0x07, 0xE0, 0xFC, 0x00, 0x01, 0xF0, 0x7F, 0x1F, 0xF7, 0x8F, 0xFF, 0xFF, 0xFF, 0xFF, 0xF0,
    0x0F, 0x0C, 0xFF, 0xCF, 0xF0, 0xF8, 0x61, 0x9C, 0xE3, 0xF0, 0x78, 0x00, 0x3F, 0xFF, 0xFF, 0xFF,
    0xE0, 0x38, 0x0E, 0x03, 0x80, 0xFF, 0xFF, 0xFF, 0xFB, 0x80, 0xE0, 0x38, 0x0F, 0xFF, 0xFF, 0xFF,
    0xC0, 0x31, 0x87, 0x70, 0x7C, 0x07, 0x00, 0x00, 0x3E, 0x0F, 0xE3, 0xFE, 0xF1, 0xFC, 0x1F, 0xFF,
    0xFF, 0xFE, 0x01, 0xE1, 0x9F, 0xF9, 0xFE, 0x1F, 0x80, 0x0E, 0x03, 0x80, 0xE0, 0x00, 0xFF, 0xFF,
    0xFF, 0xFF, 0x80, 0xE0, 0x38, 0x0E, 0x03, 0xFF, 0xFF, 0xFF, 0xEE, 0x03, 0x80, 0xE0, 0x3F, 0xFF,
    0xFF, 0xFF, 0x0E, 0x01, 0xC0, 0x38, 0x00, 0x00, 0x00, 0x3E, 0x0F, 0xE3, 0xFE, 0xF1, 0xFF, 0xFF,
    0xFF, 0xFF, 0xFE, 0x01, 0xE1, 0x9F, 0xF9, 0xFE, 0x1F, 0x80, 0xFF, 0xDF, 0xFB, 0xFF, 0x70, 0x0E,
    0x01, 0xC0, 0x3F, 0xF7, 0xFE, 0xFF, 0x9C, 0x03, 0x80, 0x70, 0x0E, 0x01, 0xFF, 0xBF, 0xF7, 0xFE,
    0x01, 0xC0, 0x78, 0x0F, 0x00, 0xE0, 0x1F, 0x07, 0xF9, 0xFF, 0x78, 0xFF, 0xFF, 0xFF, 0xFF, 0xFF,
    0x00, 0xF0, 0xCF, 0xFC, 0xFF, 0x0F, 0xE0, 0x38, 0x07, 0x80, 0xF8, 0x0F, 0x31, 0x8E, 0xC1, 0xE0,
    0x30, 0x00, 0x3F, 0xFF, 0xFF, 0xFF, 0xE0, 0x38, 0x0E, 0x03, 0x80, 0xFF, 0xFF, 0xFF, 0xFB, 0x80,
    0xE0, 0x38, 0x0F, 0xFF, 0xFF, 0xFF, 0xC0, 0x33, 0x83, 0x60, 0x7C, 0x07, 0x00, 0x00, 0x3E, 0x0F,
    0xE3, 0xFE, 0xF1, 0xFC, 0x1F, 0xFF, 0xFF, 0xFE, 0x01, 0xE1, 0x9F, 0xF9, 0xFE, 0x1F, 0x80, 0x07,
    0x80, 0x3F, 0x00, 0xCE, 0x06, 0x18, 0x00, 0x00, 0x3F, 0x01, 0xFF, 0x0F, 0xFE, 0x78, 0x39, 0xC0,
    0xFF, 0x00, 0x38, 0x00, 0xE0, 0xFF, 0x87, 0xFE, 0x1F, 0xFC, 0x07, 0xF0, 0x3D, 0xE0, 0xE3, 0xFF,
    0x87, 0xFC, 0x0F, 0xC0, 0x0E, 0x01, 0xF0, 0x1B, 0x83, 0x98, 0x00, 0x00, 0x00, 0x1E, 0xE7, 0xFE,
    0x7F, 0xEF, 0x1E, 0xE0, 0xEE, 0x0E, 0xE0, 0xEE, 0x0E, 0xF1, 0xE7, 0xFE, 0x7F, 0xE3, 0xEE, 0x00,
    0xE7, 0xFE, 0x7F, 0xC1, 0xF8, 0x18, 0x60, 0x73, 0x80, 0xFC, 0x01, 0xE0, 0x00, 0x00, 0x3F, 0x01,
    0xFF, 0x0F, 0xFE, 0x78, 0x39, 0xC0, 0xFF, 0x00, 0x38, 0x00, 0xE0, 0xFF, 0x87, 0xFE, 0x1F, 0xFC,
    0x07, 0xF0, 0x3D, 0xE1, 0xE3, 0xFF, 0x87, 0xFC, 0x0F, 0xC0, 0x31, 0x83, 0x18, 0x1F, 0x00, 0xE0,
    0x00, 0x00, 0x00, 0x1E, 0xE7, 0xFE, 0x7F, 0xEF, 0x1E, 0xE0, 0xEE, 0x0E, 0xE0, 0xEE, 0x0E, 0xF1,
    0xE7, 0xFE, 0x7E, 0xE3, 0xCE, 0x00, 0xE7, 0xFE, 0x7F, 0xC1, 0xF8, 0x03, 0x80, 0x0E, 0x00, 0x38,
    0x00, 0x00, 0x00, 0x00, 0x3F, 0x01, 0xFF, 0x0F, 0xFE, 0x78, 0x39, 0xC0, 0xFF, 0x00, 0x38, 0x00,
    0xE0, 0xFF, 0x83, 0xFE, 0x0F, 0xFC, 0x07, 0xF0, 0x3D, 0xE0, 0xE3, 0xFF, 0x87, 0xFC, 0x0F, 0xC0,
    0x0E, 0x00, 0xE0, 0x0E, 0x00, 0x00, 0x00, 0x01, 0xEE, 0x7F, 0xE7, 0xFE, 0xF1, 0xEE, 0x0E, 0xE0,
    0xEE, 0x0E, 0xE0, 0xEF, 0x1E, 0x7F, 0xE7, 0xFE, 0x3E, 0xE0, 0x0E, 0x7F, 0xE7, 0xFC, 0x1F, 0x80,
    0x0F, 0xC0, 0x7F, 0xC3, 0xFF, 0x9E, 0x0E, 0x70, 0x3F, 0xC0, 0x0E, 0x00, 0x38, 0x3F, 0xE1, 0xFF,
    0x87, 0xFF, 0x01, 0xFC, 0x0F, 0x78, 0x38, 0xFF, 0xE1, 0xFF, 0x03, 0xF0, 0x00, 0x00, 0x1C, 0x00,
    0x70, 0x01, 0xC0, 0x06, 0x00, 0x00, 0x00, 0x60, 0x06, 0x00, 0x60, 0x06, 0x00, 0x60, 0x00, 0x01,
    0xEE, 0x7F, 0xE7, 0xFE, 0xF1, 0xEE, 0x0E, 0xE0, 0xEE, 0x0E, 0xE0, 0xEF, 0x1E, 0x7F, 0xE7, 0xFE,
    0x3E, 0xE0, 0x0E, 0x7F, 0xE7, 0xFC, 0x1F, 0x80, 0x07, 0x00, 0x7C, 0x07, 0x70, 0x31, 0x80, 0x00,
    0x70, 0x1F, 0x80, 0xFC, 0x07, 0xE0, 0x3F, 0x01, 0xF8, 0x0F, 0xFF, 0xFF, 0xFF, 0xFF, 0xFF, 0x80,
    0xFC, 0x07, 0xE0, 0x3F, 0x01, 0xF8, 0x0F, 0xC0, 0x7E, 0x03, 0x80, 0x1C, 0x00, 0xF8, 0x07, 0x70,
    0x18, 0xC0, 0x00, 0x00, 0x70, 0x01, 0xC0, 0x07, 0x00, 0x1C, 0x00, 0x77, 0x81, 0xFF, 0x07, 0xFE,
    0x1E, 0x38, 0x70, 0xE1, 0xC3, 0x87, 0x0E, 0x1C, 0x38, 0x70, 0xE1, 0xC3, 0x87, 0x0E, 0x1C, 0x38,
    0x38, 0x0E, 0x1C, 0x07, 0x0E, 0x03, 0x8F, 0xFF, 0xE7, 0xFF, 0xF1, 0xC0, 0x70, 0xFF, 0xF8, 0x7F,
    0xFC, 0x3F, 0xFE, 0x1C, 0x07, 0x0E, 0x03, 0x87, 0x01, 0xC3, 0x80, 0xE1, 0xC0, 0x70, 0xE0, 0x38,
    0x70, 0x1C, 0x38, 0x07, 0xF8, 0x3F, 0xC0, 0x70, 0x03, 0xBC, 0x1F, 0xF0, 0xFF, 0xC7, 0x8E, 0x38,
    0x71, 0xC3, 0x8E, 0x1C, 0x70, 0xE3, 0x87, 0x1C, 0x38, 0xE1, 0xC7, 0x0E, 0x67, 0xEF, 0x7E, 0x60,
    0x07, 0x0E, 0x1C, 0x38, 0x70, 0xE1, 0xC3, 0x87, 0x0E, 0x1C, 0x38, 0x70, 0xE1, 0xC3, 0x80, 0x7F,
    0xF8, 0x00, 0x03, 0x87, 0x0E, 0x1C, 0x38, 0x70, 0xE1, 0xC3, 0x87, 0x0E, 0x1C, 0xFF, 0xFF, 0xC0,
    0x71, 0xC7, 0x1C, 0x71, 0xC7, 0x1C, 0x71, 0xC7, 0x1C, 0x71, 0xC7, 0x1C, 0xFF, 0xFF, 0xC0, 0x71,
    0xC7, 0x1C, 0x71, 0xC7, 0x1C, 0x71, 0xC7, 0x1C, 0xC7, 0x8D, 0xF1, 0xC0, 0x07, 0x0E, 0x1C, 0x38,
    0x70, 0xE1, 0xC3, 0x87, 0x0E, 0x1C, 0x38, 0x70, 0xE1, 0xC3, 0x80, 0xC7, 0x8D, 0xF1, 0xC0, 0x07,
    0x0E, 0x1C, 0x38, 0x70, 0xE1, 0xC3, 0x87, 0x0E, 0x1C, 0x38, 0x73, 0x9C, 0xE7, 0x39, 0xCE, 0x73,
    0x9C, 0xE7, 0x39, 0xCE, 0xF7, 0xBC, 0xE0, 0x73, 0x9C, 0x00, 0x39, 0xCE, 0x73, 0x9C, 0xE7, 0x39,
    0xCE, 0x77, 0xBD, 0xE7, 0x00, 0xEE, 0xE0, 0xEE, 0xEE, 0xEE, 0xEE, 0xEE, 0xEE, 0xEE, 0xEE, 0xEE,
    0xEE, 0xEE, 0xEE, 0xEE, 0xEE, 0xE0, 0x0E, 0xE0, 0x0E, 0xE0, 0x0E, 0xE0, 0x0E, 0xE0, 0x0E, 0xE0,
    0x0E, 0xE0, 0x0E, 0xE0, 0x0E, 0xE0, 0x0E, 0xE0, 0x0E, 0xE7, 0x0E, 0xE7, 0x0E, 0xE7, 0x0E, 0xE7,
    0xFE, 0xE3, 0xFC, 0xE1, 0xF8, 0xE3, 0xF1, 0xF8, 0xE0, 0x00, 0x07, 0x1F, 0x8F, 0xC7, 0xE3, 0xF1,
    0xF8, 0xFC, 0x7E, 0x3F, 0x1F, 0x8F, 0xC7, 0xE3, 0x81, 0xC3, 0xE1, 0xE0, 0xE0, 0x01, 0xC0, 0x1F,
    0x01, 0xDC, 0x0C, 0x60, 0x00, 0x00, 0xE0, 0x07, 0x00, 0x38, 0x01, 0xC0, 0x0E, 0x00, 0x70, 0x03,
    0x80, 0x1C, 0x00, 0xE0, 0x07, 0x1C, 0x38, 0xE1, 0xC7, 0x8E, 0x3F, 0xF0, 0xFF, 0x03, 0xF0, 0x00,
    0x1C, 0x1F, 0x1D, 0xC0, 0x00, 0x00, 0xE0, 0x70, 0x38, 0x1C, 0x0E, 0x07, 0x03, 0x81, 0xC0, 0xE0,
    0x70, 0x38, 0x1C, 0x0E, 0x1F, 0x0F, 0x87, 0x00, 0xE0, 0x7B, 0x83, 0xCE, 0x1E, 0x38, 0xF0, 0xE7,
    0x83, 0x9E, 0x0E, 0xF0, 0x3F, 0xC0, 0xFF, 0x03, 0xFE, 0x0F, 0x3C, 0x38, 0x70, 0xE1, 0xE3, 0x83,
    0xCE, 0x0F, 0x38, 0x1E, 0x00, 0x00, 0x38, 0x00, 0xE0, 0x03, 0x80, 0x0C, 0x00, 0xE0, 0x1C, 0x03,
    0x80, 0x70, 0x0E, 0x1D, 0xC7, 0x39, 0xE7, 0x78, 0xFE, 0x1F, 0xC3, 0xF8, 0x7F, 0x8E, 0x71, 0xCF,
    0x38, 0xF7, 0x0E, 0x00, 0x03, 0x80, 0x70, 0x0C, 0x01, 0x80, 0xE1, 0xFC, 0x7B, 0x8E, 0x73, 0xCE,
    0xF1, 0xFC, 0x3F, 0x87, 0x78, 0xE7, 0x1C, 0xF3, 0x8F, 0x70, 0xF0, 0x70, 0x1C, 0x06, 0x00, 0x00,
    0xE0, 0x38, 0x0E, 0x03, 0x80, 0xE0, 0x38, 0x0E, 0x03, 0x80, 0xE0, 0x38, 0x0E, 0x03, 0x80, 0xE0,
    0x3F, 0xEF, 0xFF, 0xFF, 0x33, 0x98, 0x0E, 0x73, 0x9C, 0xE7, 0x39, 0xCE, 0x73, 0x9C, 0xE7, 0x39,
    0xC0, 0xE0, 0x38, 0x0E, 0x03, 0x80, 0xE0, 0x38, 0x0E, 0x03, 0x80, 0xE0, 0x38, 0x0E, 0x03, 0x80,
    0xE0, 0x3F, 0xEF, 0xFF, 0xFF, 0x00, 0x07, 0x01, 0xC0, 0x60, 0x18, 0x00, 0x73, 0x9C, 0xE7, 0x39,
    0xCE, 0x73, 0x9C, 0xE7, 0x39, 0xCE, 0x03, 0x99, 0xCE, 0x00, 0x07, 0x39, 0xCE, 0x63, 0x98, 0xE0,
    0x38, 0x0E, 0x03, 0x80, 0xE0, 0x38, 0x0E, 0x03, 0x80, 0xE0, 0x38, 0x0F, 0xFB, 0xFF, 0xFF, 0xC0,
    0x0F, 0xDF, 0xBF, 0x6E, 0x1C, 0x38, 0x70, 0xE1, 0xC3, 0x87, 0x0E, 0x1C, 0x38, 0x70, 0xE0, 0xE0,
    0x38, 0x0E, 0x03, 0x80, 0xE0, 0x39, 0xCE, 0x73, 0x9C, 0xE0, 0x38, 0x0E, 0x03, 0x80, 0xE0, 0x3F,
    0xEF, 0xFF, 0xFF, 0xE0, 0xE0, 0xE0, 0xE0, 0xE0, 0xE0, 0xE7, 0xE7, 0xE7, 0xE7, 0xE0, 0xE0, 0xE0,
    0xE0, 0xE0, 0xE0, 0x38, 0x03, 0x80, 0x38, 0x03, 0x80, 0x39, 0x83, 0xF8, 0x3F, 0x03, 0xE0, 0xF8,
    0x0F, 0x80, 0xF8, 0x03, 0x80, 0x38, 0x03, 0xFE, 0x3F, 0xF3, 0xFF, 0x38, 0x70, 0xE1, 0xC3, 0xE7,
    0xCF, 0x3C, 0xF9, 0xF0, 0xE1, 0xC3, 0x87, 0x0E, 0x1C, 0x01, 0x80, 0x0E, 0x00, 0x30, 0x00, 0x00,
    0xF0, 0x3B, 0xE0, 0xEF, 0x83, 0xBF, 0x0E, 0xFC, 0x3B, 0xB8, 0xEE, 0xE3, 0xB9, 0xCE, 0xE7, 0xBB,
    0x8E, 0xEE, 0x3F, 0xB8, 0x7E, 0xE1, 0xFB, 0x83, 0xEE, 0x07, 0xB8, 0x1E, 0x07, 0x00, 0xC0, 0x30,
    0x00, 0x00, 0x01, 0xDE, 0x3F, 0xE7, 0xFE, 0xF1, 0xDC, 0x3B, 0x87, 0x70, 0xEE, 0x1D, 0xC3, 0xB8,
    0x77, 0x0E, 0xE1, 0xC0, 0xF0, 0x3B, 0xE0, 0xEF, 0x83, 0xBF, 0x0E, 0xFC, 0x3B, 0xB8, 0xEE, 0xE3,
    0xB9, 0xCE, 0xE7, 0xBB, 0x8E, 0xEE, 0x3F, 0xB8, 0x7E, 0xE1, 0xFB, 0x83, 0xEE, 0x07, 0xB8, 0x1E,
    0x00, 0x00, 0x1C, 0x00, 0x60, 0x01, 0x80, 0x0E, 0x00, 0xEF, 0x1F, 0xF3, 0xFF, 0x78, 0xEE, 0x1D,
    0xC3, 0xB8, 0x77, 0x0E, 0xE1, 0xDC, 0x3B, 0x87, 0x70, 0xE0, 0x00, 0x18, 0x07, 0x00, 0xE0, 0x18,
    0x00, 0x18, 0xC0, 0x77, 0x00, 0xF8, 0x01, 0xC0, 0x00, 0x03, 0xC0, 0xEF, 0x83, 0xBE, 0x0E, 0xFC,
    0x3B, 0xF0, 0xEE, 0xE3, 0xBB, 0x8E, 0xE7, 0x3B, 0x9E, 0xEE, 0x3B, 0xB8, 0xFE, 0xE1, 0xFB, 0x87,
    0xEE, 0x0F, 0xB8, 0x1E, 0xE0, 0x78, 0x33, 0x87, 0xE0, 0x78, 0x06, 0x00, 0x01, 0xDE, 0x3F, 0xE7,
    0xFE, 0xF1, 0xDC, 0x3B, 0x87, 0x70, 0xEE, 0x1D, 0xC3, 0xB8, 0x77, 0x0E, 0xE1, 0xC0, 0xF0, 0x3B,
    0xC0, 0xEF, 0x83, 0xBF, 0x0E, 0xFC, 0x3B, 0xB8, 0xEE, 0xE3, 0xB9, 0xCE, 0xE7, 0xBB, 0x8E, 0xEE,
    0x3F, 0xB8, 0x7E, 0xE1, 0xFB, 0x83, 0xEE, 0x07, 0xB8, 0x1E, 0x00, 0x38, 0x03, 0xE0, 0x0F, 0x80,
    0x3C, 0xEF, 0x1F, 0xF3, 0xFF, 0x78, 0xEE, 0x1D, 0xC3, 0xB8, 0x77, 0x0E, 0xE1, 0xDC, 0x3B, 0x87,
    0x70, 0xE0, 0x1C, 0x0F, 0x81, 0xF0, 0x3C, 0x0F, 0xC0, 0x1F, 0x80, 0x3F, 0x00, 0x00, 0x00, 0x00,
    0x01, 0xF8, 0x07, 0xFC, 0x1F, 0xFC, 0x78, 0x79, 0xE0, 0x7B, 0xC0, 0x77, 0x00, 0xEE, 0x01, 0xDC,
    0x03, 0xB8, 0x07, 0x78, 0x0E, 0xF0, 0x3C, 0xF0, 0xF0, 0xFF, 0xE0, 0xFF, 0x80, 0xFC, 0x00, 0x1F,
    0x81, 0xF8, 0x1F, 0x80, 0x00, 0x1F, 0x03, 0xFC, 0x7F, 0xCF, 0x1E, 0xE0, 0xEE, 0x0E, 0xE0, 0xEE,
    0x0E, 0xF1, 0xE7, 0xFC, 0x3F, 0xC1, 0xF0, 0x18, 0x60, 0x39, 0xC0, 0x3F, 0x00, 0x3C, 0x00, 0x00,
    0x01, 0xF8, 0x07, 0xFC, 0x1F, 0xFC, 0x78, 0x79, 0xE0, 0x7B, 0xC0, 0x77, 0x00, 0xEE, 0x01, 0xDC,
    0x03, 0xB8, 0x07, 0x78, 0x1E, 0xF0, 0x3C, 0xF0, 0xF0, 0xFF, 0xE0, 0xFF, 0x80, 0xFC, 0x00, 0x31,
    0x83, 0xB8, 0x1F, 0x00, 0xE0, 0x00, 0x01, 0xF0, 0x3F, 0xC7, 0xFC, 0xF1, 0xEE, 0x0E, 0xE0, 0xEE,
    0x0E, 0xE0, 0xEF, 0x1E, 0x7F, 0xC3, 0xFC, 0x1F, 0x00, 0x0E, 0xE0, 0x1D, 0x80, 0x77, 0x00, 0x00,
    0x00, 0x00, 0x01, 0xF8, 0x07, 0xFC, 0x1F, 0xFC, 0x78, 0x79, 0xE0, 0x7B, 0xC0, 0x77, 0x00, 0xEE,
    0x01, 0xDC, 0x03, 0xB8, 0x07, 0x78, 0x0E, 0xF0, 0x3C, 0xF0, 0xF0, 0xFF, 0xE0, 0xFF, 0x80, 0xFC,
    0x00, 0x1D, 0xC3, 0xB8, 0x33, 0x00, 0x00, 0x00, 0x01, 0xF0, 0x3F, 0xC7, 0xFC, 0xF1, 0xEE, 0x0E,
    0xE0, 0xEE, 0x0E, 0xE0, 0xEF, 0x1E, 0x7F, 0xC3, 0xFC, 0x1F, 0x00, 0x0F, 0xFF, 0xE3, 0xFF, 0xFC,
    0xFF, 0xFF, 0xBC, 0x38, 0x0F, 0x07, 0x01, 0xE0, 0xE0, 0x38, 0x1C, 0x07, 0x03, 0xFF, 0xE0, 0x7F,
    0xFC, 0x0F, 0xFB, 0xC1, 0xC0, 0x78, 0x38, 0x07, 0x87, 0x00, 0x7F, 0xFF, 0xC7, 0xFF, 0xF8, 0x7F,
    0xFF, 0x1F, 0x1F, 0x03, 0xFF, 0xFC, 0x7F, 0xFF, 0xCF, 0x1F, 0x1E, 0xE0, 0xFF, 0xEE, 0x0F, 0xFE,
    0xE0, 0xFF, 0xEE, 0x0E, 0x00, 0xF1, 0xF0, 0xC7, 0xFF, 0xFE, 0x3F, 0xFF, 0xC1, 0xF1, 0xF8, 0x07,
    0x00, 0x60, 0x0E, 0x00, 0x00, 0xFF, 0x8F, 0xFC, 0xFF, 0xEE, 0x1E, 0xE0, 0xEE, 0x0E, 0xE0, 0xEE,
    0x1E, 0xFF, 0xCF, 0xF8, 0xFF, 0x8E, 0x38, 0xE3, 0xCE, 0x1C, 0xE1, 0xEE, 0x0E, 0x1C, 0x38, 0xE0,
    0x00, 0x1D, 0xFF, 0xFF, 0xF1, 0xC3, 0x87, 0x0E, 0x1C, 0x38, 0x70, 0xE0, 0xFF, 0x8F, 0xFC, 0xFF,
    0xEE, 0x1E, 0xE0, 0xEE, 0x0E, 0xE0, 0xEE, 0x1E, 0xFF, 0xCF, 0xF8, 0xFF, 0x8E, 0x38, 0xE3, 0xCE,
    0x1C, 0xE1, 0xEE, 0x0E, 0x00, 0x00, 0xE0, 0x0C, 0x00, 0xC0, 0x1C, 0x00, 0x00, 0x77, 0x7F, 0x7F,
    0x78, 0x70, 0x70, 0x70, 0x70, 0x70, 0x70, 0x70, 0x70, 0x00, 0x70, 0x70, 0xE0, 0xE0, 0x31, 0x83,
    0xB8, 0x1F, 0x00, 0xC0, 0x00, 0x0F, 0xF8, 0xFF, 0xCF, 0xFE, 0xE1, 0xEE, 0x0E, 0xE0, 0xEE, 0x0E,
    0xE1, 0xEF, 0xFC, 0xFF, 0x8F, 0xF8, 0xE3, 0x8E, 0x3C, 0xE1, 0xCE, 0x1E, 0xE0, 0xE0, 0x63, 0x3B,
    0x8F, 0x83, 0x80, 0x03, 0xB9, 0xFC, 0xFE, 0x78, 0x38, 0x1C, 0x0E, 0x07, 0x03, 0x81, 0xC0, 0xE0,
    0x70, 0x00, 0x03, 0x80, 0x18, 0x01, 0xC0, 0x00, 0x00, 0x00, 0x07, 0xE0, 0xFF, 0x87, 0xFE, 0x70,
    0xF3, 0x83, 0x9E, 0x00, 0xFE, 0x03, 0xFC, 0x0F, 0xF0, 0x0F, 0xC0, 0x1E, 0xF0, 0x73, 0x83, 0x9F,
    0xFC, 0x7F, 0xC1, 0xF8, 0x00, 0x03, 0x80, 0xE0, 0x18, 0x00, 0x00, 0x00, 0x3F, 0x0F, 0xF3, 0xFF,
    0x70, 0xCF, 0x00, 0xFE, 0x0F, 0xE0, 0x1E, 0xE1, 0xDF, 0xF9, 0xFE, 0x1F, 0x80, 0x07, 0x00, 0x7C,
    0x07, 0x70, 0x31, 0x80, 0x00, 0x07, 0xE0, 0xFF, 0x87, 0xFE, 0x70, 0xF3, 0x83, 0x9E, 0x00, 0xFE,
    0x03, 0xFC, 0x0F, 0xF0, 0x0F, 0xC0, 0x1E, 0xF0, 0x73, 0x83, 0x9F, 0xFC, 0x7F, 0xC1, 0xF8, 0x00,
    0x0F, 0x03, 0xE0, 0xE6, 0x18, 0xE0, 0x00, 0x3F, 0x0F, 0xF3, 0xFF, 0x70, 0xCF, 0x00, 0xFE, 0x0F,
    0xE0, 0x1E, 0xE1, 0xDF, 0xF9, 0xFE, 0x1F, 0x80, 0x0F, 0xC1, 0xFF, 0x0F, 0xFC, 0xE0, 0xE7, 0x07,
    0x3C, 0x01, 0xFC, 0x07, 0xF8, 0x1F, 0xE0, 0x1F, 0x80, 0x3D, 0xE0, 0xE7, 0x07, 0x3F, 0xF8, 0xFF,
    0x83, 0xF0, 0x02, 0x00, 0x1C, 0x00, 0x60, 0x0F, 0x00, 0x1F, 0x87, 0xF9, 0xFF, 0xB8, 0x67, 0x80,
    0x7F, 0x07, 0xF0, 0x0F, 0x70, 0xEF, 0xFC, 0xFF, 0x0F, 0xC0, 0x60, 0x0F, 0x00, 0x60, 0x38, 0x19,
    0xC0, 0x7C, 0x03, 0xC0, 0x0C, 0x00, 0x00, 0x07, 0xE0, 0xFF, 0x8F, 0xFE, 0x70, 0x73, 0x80, 0x1E,
    0x00, 0xFE, 0x03, 0xFC, 0x07, 0xF0, 0x07, 0xC0, 0x0E, 0xF0, 0x73, 0x87, 0x9F, 0xFC, 0x7F, 0xC1,
    0xF8, 0x00, 0x39, 0xC3, 0xF0, 0x3C, 0x03, 0x00, 0x00, 0x3F, 0x0F, 0xF3, 0xFF, 0x70, 0xCF, 0x00,
    0xFE, 0x0F, 0xE0, 0x1E, 0xE1, 0xDF, 0xF9, 0xFE, 0x1F, 0x80, 0xFF, 0xFF, 0xFF, 0xFF, 0xF0, 0x70,
    0x07, 0x00, 0x70, 0x07, 0x00, 0x70, 0x07, 0x00, 0x70, 0x07, 0x00, 0x70, 0x07, 0x00, 0x70, 0x07,
    0x00, 0x70, 0x06, 0x00, 0x38, 0x01, 0x80, 0x70, 0x38, 0x38, 0x38, 0xFF, 0xFF, 0x7E, 0x38, 0x38,
    0x38, 0x38, 0x38, 0x38, 0x3E, 0x3F, 0x1F, 0x0C, 0x0F, 0x03, 0x0E, 0x18, 0xC1, 0xD8, 0x0F, 0x80,
    0x70, 0x00, 0x0F, 0xFF, 0xFF, 0xFF, 0xFF, 0x07, 0x00, 0x70, 0x07, 0x00, 0x70, 0x07, 0x00, 0x70,
    0x07, 0x00, 0x70, 0x07, 0x00, 0x70, 0x07, 0x00, 0x70, 0x07, 0x00, 0x03, 0x01, 0x80, 0xC7, 0x63,
    0x87, 0xF3, 0xF8, 0xFC, 0x38, 0x1C, 0x0E, 0x07, 0x03, 0x81, 0xC0, 0xF8, 0x7C, 0x1E, 0x00, 0xFF,
    0xFF, 0xFF, 0xFF, 0xF0, 0x70, 0x07, 0x00, 0x70, 0x07, 0x03, 0xFE, 0x3F, 0xE3, 0xFC, 0x07, 0x00,
    0x70, 0x07, 0x00, 0x70, 0x07, 0x00, 0x70, 0x38, 0x38, 0x38, 0xFE, 0xFE, 0x7E, 0x38, 0xFE, 0xFE,
    0x7E, 0x38, 0x38, 0x3E, 0x3E, 0x1E, 0x0C, 0x80, 0xFC, 0x06, 0xE0, 0x00, 0x00, 0x00, 0x70, 0x3B,
    0x81, 0xDC, 0x0E, 0xE0, 0x77, 0x03, 0xB8, 0x1D, 0xC0, 0xEE, 0x07, 0x70, 0x3B, 0x81, 0xDC, 0x0E,
    0xE0, 0x77, 0x87, 0x9F, 0xF8, 0x7F, 0x81, 0xF8, 0x00, 0x3F, 0x07, 0xE0, 0x00, 0x00, 0x0E, 0x1D,
    0xC3, 0xB8, 0x77, 0x0E, 0xE1, 0xDC, 0x3B, 0x87, 0x70, 0xEF, 0x3D, 0xFF, 0x9F, 0xF1, 0xEE, 0x1F,
    0x80, 0xFC, 0x07, 0xE0, 0x00, 0x00, 0x00, 0x70, 0x3B, 0x81, 0xDC, 0x0E, 0xE0, 0x77, 0x03, 0xB8,
    0x1D, 0xC0, 0xEE, 0x07, 0x70, 0x3B, 0x81, 0xDC, 0x0E, 0xE0, 0x77, 0x87, 0x9F, 0xF8, 0x7F, 0x81,
    0xF8, 0x00, 0x3F, 0x07, 0xE0, 0xFC, 0x00, 0x0E, 0x1D, 0xC3, 0xB8, 0x77, 0x0E, 0xE1, 0xDC, 0x3B,
    0x87, 0x70, 0xEF, 0x3D, 0xFF, 0x9F, 0xF1, 0xEE, 0x18, 0xC0, 0xEE, 0x03, 0xE0, 0x0E, 0x00, 0x00,
    0x70, 0x3B, 0x81, 0xDC, 0x0E, 0xE0, 0x77, 0x03, 0xB8, 0x1D, 0xC0, 0xEE, 0x07, 0x70, 0x3B, 0x81,
    0xDC, 0x0E, 0xF0, 0x77, 0x87, 0x9F, 0xF8, 0x7F, 0x81, 0xF8, 0x00, 0x31, 0x87, 0x70, 0x7C, 0x07,
    0x00, 0x01, 0xC3, 0xB8, 0x77, 0x0E, 0xE1, 0xDC, 0x3B, 0x87, 0x70, 0xEE, 0x1D, 0xE7, 0xBF, 0xF3,
    0xFE, 0x3D, 0xC0, 0x0F, 0x00, 0xEC, 0x06, 0x60, 0x33, 0x00, 0xF0, 0x00, 0x03, 0x81, 0xDC, 0x0E,
    0xE0, 0x77, 0x03, 0xB8, 0x1D, 0xC0, 0xEE, 0x07, 0x70, 0x3B, 0x81, 0xDC, 0x0E, 0xE0, 0x77, 0x03,
    0xBC, 0x3C, 0xFF, 0xC3, 0xFC, 0x0F, 0xC0, 0x1E, 0x07, 0x60, 0xCC, 0x19, 0x81, 0xE0, 0x00, 0x38,
    0x77, 0x0E, 0xE1, 0xDC, 0x3B, 0x87, 0x70, 0xEE, 0x1D, 0xC3, 0xBC, 0xF7, 0xFE, 0x7F, 0xC7, 0xB8,
    0x1D, 0xC0, 0xEC, 0x06, 0xC0, 0x00, 0x00, 0x00, 0x70, 0x3B, 0x81, 0xDC, 0x0E, 0xE0, 0x77, 0x03,
    0xB8, 0x1D, 0xC0, 0xEE, 0x07, 0x70, 0x3B, 0x81, 0xDC, 0x0E, 0xE0, 0x77, 0x87, 0x9F, 0xF8, 0x7F,
    0x81, 0xF8, 0x00, 0x3B, 0x87, 0x60, 0xD8, 0x00, 0x00, 0x01, 0xC3, 0xB8, 0x77, 0x0E, 0xE1, 0xDC,
    0x3B, 0x87, 0x70, 0xEE, 0x1D, 0xE7, 0xBF, 0xF3, 0xFE, 0x3D, 0xC0, 0xE0, 0x77, 0x03, 0xB8, 0x1D,
    0xC0, 0xEE, 0x07, 0x70, 0x3B, 0x81, 0xDC, 0x0E, 0xE0, 0x77, 0x03, 0xB8, 0x1D, 0xC0, 0xEF, 0x0F,
    0x3F, 0xF0, 0xFF, 0x03, 0xF0, 0x0E, 0x00, 0x78, 0x03, 0xE0, 0x0F, 0x00, 0xE1, 0xDC, 0x3B, 0x87,
    0x70, 0xEE, 0x1D, 0xC3, 0xB8, 0x77, 0x0E, 0xF3, 0xDF, 0xF9, 0xFF, 0x1E, 0xE0, 0x38, 0x07, 0x80,
    0xF0, 0x0E, 0x00, 0x30, 0x00, 0x01, 0xE0, 0x00, 0x0D, 0xC0, 0x00, 0x63, 0x00, 0x00, 0x00, 0x01,
    0xC1, 0xE0, 0xE7, 0x07, 0x87, 0x9E, 0x3E, 0x1E, 0x78, 0xF8, 0x70, 0xE3, 0xF1, 0xC3, 0x8F, 0xCF,
    0x0E, 0x3F, 0x3C, 0x3D, 0xDC, 0xE0, 0x77, 0x3B, 0x81, 0xDC, 0xEE, 0x07, 0x73, 0xF8, 0x1F, 0x8F,
    0xC0, 0x3E, 0x1F, 0x00, 0xF8, 0x7C, 0x03, 0xE1, 0xF0, 0x0F, 0x07, 0x80, 0x00, 0xC0, 0x00, 0x78,
    0x00, 0x37, 0x00, 0x18, 0xC0, 0x00, 0x00, 0x3C, 0x70, 0xE7, 0x1E, 0x39, 0xC7, 0x9E, 0x71, 0xE7,
    0x9E, 0xF9, 0xC3, 0xBF, 0x70, 0xED, 0xDC, 0x3F, 0x3E, 0x07, 0xCF, 0x81, 0xF3, 0xE0, 0x78, 0xF8,
    0x1E, 0x1C, 0x00, 0x03, 0x80, 0x0F, 0x80, 0x3B, 0x80, 0x00, 0x00, 0x00, 0x0E, 0x03, 0x9E, 0x0F,
    0x1C, 0x1C, 0x3C, 0x78, 0x38, 0xE0, 0x7B, 0xC0, 0x7F, 0x00, 0x7E, 0x00, 0xF8, 0x00, 0xE0, 0x01,
    0xC0, 0x03, 0x80, 0x07, 0x00, 0x0E, 0x00, 0x1C, 0x00, 0x38, 0x00, 0x07, 0x00, 0x7C, 0x07, 0x70,
    0x00, 0x00, 0x00, 0x78, 0x39, 0xC3, 0xCE, 0x1C, 0x78, 0xE1, 0xCF, 0x0E, 0x70, 0x3B, 0x81, 0xDC,
    0x0F, 0xC0, 0x3E, 0x01, 0xE0, 0x0F, 0x00, 0x78, 0x03, 0x80, 0xFC, 0x07, 0xC0, 0x00, 0x04, 0x20,
    0x0E, 0x70, 0x0E, 0x70, 0x00, 0x00, 0x78, 0x1E, 0x78, 0x1C, 0x3C, 0x3C, 0x3C, 0x38, 0x1E, 0x78,
    0x0E, 0x70, 0x0F, 0xE0, 0x07, 0xE0, 0x07, 0xC0, 0x03, 0xC0, 0x03, 0x80, 0x03, 0x80, 0x03, 0x80,
    0x03, 0x80, 0x03, 0x80, 0x03, 0x80, 0x03, 0x00, 0xE0, 0x18, 0x00, 0x0F, 0xFF, 0xFF, 0xFF, 0xF8,
    0x0E, 0x03, 0x80, 0xF0, 0x1C, 0x07, 0x81, 0xE0, 0x38, 0x0F, 0x01, 0xC0, 0x70, 0x1F, 0xFF, 0xFF,
    0xFF, 0xF0, 0x06, 0x07, 0x03, 0x00, 0x00, 0x07, 0xFF, 0xFF, 0xFF, 0x07, 0x07, 0x07, 0x87, 0x83,
    0x83, 0xC3, 0xFF, 0xFF, 0xFF, 0x80, 0x0E, 0x01, 0xC0, 0x38, 0x00, 0x0F, 0xFF, 0xFF, 0xFF, 0xF8,
    0x0E, 0x03, 0x80, 0xF0, 0x1C, 0x07, 0x81, 0xE0, 0x38, 0x0F, 0x01, 0xC0, 0x70, 0x1F, 0xFF, 0xFF,
    0xFF, 0xF0, 0x1C, 0x0E, 0x07, 0x00, 0x00, 0x07, 0xFF, 0xFF, 0xFF, 0x07, 0x07, 0x07, 0x87, 0x83,
    0x83, 0xC3, 0xFF, 0xFF, 0xFF, 0x80, 0x31, 0x87, 0x70, 0x7C, 0x07, 0x00, 0x01, 0xFF, 0xFF, 0xFF,
    0xFF, 0x01, 0xC0, 0x70, 0x1E, 0x03, 0x80, 0xF0, 0x3C, 0x07, 0x01, 0xE0, 0x38, 0x0E, 0x03, 0xFF,
    0xFF, 0xFF, 0xFE, 0x63, 0x3B, 0x8F, 0x83, 0x80, 0x07, 0xFF, 0xFF, 0xFF, 0x07, 0x07, 0x07, 0x87,
    0x83, 0x83, 0xC3, 0xFF, 0xFF, 0xFF, 0x80, 0x19, 0xFF, 0xF8, 0xE3, 0x8E, 0x38, 0xE3, 0x8E, 0x38,
    0xE3, 0x8E, 0x38, 0xE0, 0x00, 0x1C, 0x00, 0x38, 0x3F, 0xF0, 0xFF, 0xE3, 0xFF, 0x8F, 0x9F, 0x3C,
    0x0F, 0x78, 0x1E, 0xE0, 0x1D, 0xC0, 0x3B, 0x80, 0x77, 0x00, 0xEE, 0x01, 0xDE, 0x07, 0x9E, 0x1E,
    0x1F, 0xFC, 0x1F, 0xF0, 0x1F, 0x80, 0x00, 0x30, 0x03, 0x00, 0x31, 0xFF, 0x3F, 0xE7, 0xFC, 0xF1,
    0xEE, 0x0E, 0xE0, 0xEE, 0x0E, 0xE0, 0xEF, 0x1E, 0x7F, 0xC3, 0xFC, 0x1F, 0x00, 0x00, 0x1C, 0x00,
    0x7E, 0x07, 0xF8, 0x1F, 0xE0, 0x7B, 0x81, 0xCE, 0x07, 0x38, 0x1C, 0xE0, 0x73, 0x81, 0xCE, 0x07,
    0x38, 0x1C, 0xE0, 0x73, 0x81, 0xCF, 0x0F, 0x1F, 0xF8, 0x3F, 0xC0, 0x7E, 0x00, 0x00, 0x30, 0x03,
    0x00, 0x3E, 0x1F, 0xE1, 0xFE, 0x1E, 0xE1, 0xCE, 0x1C, 0xE1, 0xCE, 0x1C, 0xE1, 0xCF, 0x3C, 0xFF,
    0xC7, 0xFC, 0x3D, 0xC0, 0x00, 0x00, 0xC6, 0xFF, 0x80, 0x7E, 0xFF, 0xC0, 0x38, 0xFF, 0xE0, 0x00,
    0xE0, 0xF0, 0x00, 0xE0, 0x79, 0xFF, 0xE0, 0x79, 0xFF, 0xE0, 0x39, 0xFF, 0xE0, 0x38, 0x0E, 0xE0,
    0x38, 0x1C, 0xE0, 0x38, 0x3C, 0xE0, 0x78, 0x78, 0xE0, 0x78, 0x70, 0xE0, 0xF0, 0xE0, 0xFF, 0xE1,
    0xFF, 0xFF, 0xC1, 0xFF, 0xFF, 0x81, 0xFF, 0x00, 0x01, 0xDC, 0x01, 0xC1, 0xB0, 0x03, 0x81, 0xE0,
    0x07, 0x01, 0x80, 0x0E, 0x00, 0x07, 0xDC, 0x7F, 0xDF, 0xF8, 0xFF, 0xBF, 0xF1, 0xFF, 0xF1, 0xE0,
    0x1D, 0xC1, 0xC0, 0x73, 0x83, 0x81, 0xE7, 0x07, 0x07, 0x8E, 0x0E, 0x0E, 0x1E, 0x3C, 0x38, 0x1F,
    0xF8, 0xFF, 0xBF, 0xF1, 0xFF, 0x3E, 0xE3, 0xFE, 0xE0, 0x00, 0x3B, 0x80, 0x00, 0xEE, 0x00, 0x03,
    0xB8, 0x00, 0x0E, 0xE0, 0x00, 0x3B, 0x80, 0x00, 0xEE, 0x00, 0x03, 0xB8, 0x00, 0x0E, 0xE0, 0x00,
    0x3B, 0x80, 0x00, 0xEE, 0x01, 0xC3, 0xB8, 0x07, 0x0E, 0xE0, 0x1C, 0x3B, 0xFE, 0x7F, 0xEF, 0xFC,
    0xFF, 0x3F, 0xF1, 0xF8, 0x00, 0x0F, 0xC0, 0x1F, 0x80, 0x3F, 0x00, 0x0E, 0x00, 0x1C, 0x01, 0xF8,
    0x03, 0xF0, 0x07, 0xE0, 0x0F, 0xC0, 0x1F, 0x80, 0x3F, 0x00, 0x7E, 0x00, 0xFC, 0x01, 0xFF, 0xF3,
    0xFF, 0xE7, 0xFF, 0xCE, 0x00, 0x1C, 0x00, 0xF8, 0x01, 0xE0, 0x03, 0x80, 0x03, 0xF1, 0xF8, 0xFC,
    0x0E, 0x07, 0x1F, 0x8F, 0xC7, 0xE3, 0xF1, 0xF8, 0xFC, 0x7E, 0x3F, 0x1F, 0x8F, 0xC7, 0xE3, 0x81,
    0xC3, 0xE1, 0xE0, 0xE0, 0xF0, 0x38, 0x03, 0xBE, 0x0E, 0x00, 0xEF, 0x83, 0x80, 0x3B, 0xF0, 0xE0,
    0x0E, 0xFC, 0x38, 0x03, 0xBB, 0x8E, 0x00, 0xEE, 0xE3, 0x80, 0x3B, 0x9C, 0xE0, 0x0E, 0xE7, 0xB8,
    0x03, 0xB8, 0xEE, 0x00, 0xEE, 0x3F, 0x9C, 0x3B, 0x87, 0xE7, 0x0E, 0xE1, 0xF9, 0xC3, 0xB8, 0x3E,
    0x7F, 0xEE, 0x07, 0x8F, 0xF3, 0x81, 0xE1, 0xF8, 0x00, 0x00, 0xFE, 0x07, 0x1F, 0xE0, 0xE3, 0xFC,
    0x1C, 0x0F, 0xC3, 0x81, 0xF8, 0x71, 0xFB, 0x8E, 0x3F, 0x71, 0xC7, 0xE7, 0x38, 0xFC, 0xF7, 0x1F,
    0x8E, 0xE3, 0xF1, 0xFC, 0x7E, 0x1F, 0x8F, 0xC3, 0xF1, 0xF8, 0x3E, 0x3F, 0x03, 0xC7, 0xE0, 0x78,
    0xE0, 0x00, 0x1C, 0x00, 0x0F, 0x80, 0x01, 0xE0, 0x00, 0x38, 0x00, 0x07, 0x00, 0x07, 0x00, 0x07,
    0x00, 0x00, 0x00, 0x00, 0xEF, 0x07, 0xFF, 0x87, 0xFF, 0xC7, 0xF1, 0xC7, 0xE1, 0xC7, 0xE1, 0xC7,
    0xE1, 0xC7, 0xE1, 0xC7, 0xE1, 0xC7, 0xE1, 0xC7, 0xE1, 0xC7, 0xE1, 0xC7, 0x00, 0x07, 0x00, 0x1F,
    0x00, 0x1E, 0x00, 0x1C, 0x0C, 0x70, 0x06, 0xE0, 0x03, 0xC0, 0x01, 0x80, 0x00, 0x00, 0x03, 0xC0,
    0x07, 0xE0, 0x07, 0xE0, 0x07, 0xE0, 0x0F, 0xF0, 0x0E, 0x70, 0x0E, 0x70, 0x1E, 0x78, 0x1E, 0x78,
    0x1C, 0x38, 0x3F, 0xFC, 0x3F, 0xFC, 0x3F, 0xFC, 0x78, 0x1E, 0x78, 0x1E, 0x70, 0x0E, 0x33, 0x87,
    0xE0, 0x78, 0x06, 0x00, 0x00, 0x3E, 0x1F, 0xE3, 0xFE, 0x71, 0xC0, 0x38, 0xFF, 0x3F, 0xEF, 0x1D,
    0xC3, 0xBC, 0xF7, 0xFE, 0x7D, 0xC0, 0x63, 0x3B, 0x8F, 0x83, 0x80, 0x00, 0xE0, 0x70, 0x38, 0x1C,
    0x0E, 0x07, 0x03, 0x81, 0xC0, 0xE0, 0x70, 0x38, 0x1C, 0x0E, 0x07, 0x03, 0x81, 0xC0, 0x63, 0x3B,
    0x8F, 0x83, 0x80, 0x00, 0xE0, 0x70, 0x38, 0x1C, 0x0E, 0x07, 0x03, 0x81, 0xC0, 0xE0, 0x70, 0x38,
    0x1C, 0x00, 0x1C, 0xE0, 0x1F, 0x80, 0x1E, 0x00, 0x18, 0x00, 0x00, 0x01, 0xF8, 0x07, 0xFC, 0x1F,
    0xFC, 0x78, 0x79, 0xE0, 0x7B, 0xC0, 0x77, 0x00, 0xEE, 0x01, 0xDC, 0x03, 0xB8, 0x07, 0x78, 0x1E,
    0xF0, 0x3C, 0xF0, 0xF0, 0xFF, 0xE0, 0xFF, 0x80, 0xFC, 0x00, 0x39, 0x81, 0xB8, 0x1F, 0x00, 0xE0,
    0x00, 0x01, 0xF0, 0x3F, 0xC7, 0xFC, 0xF1, 0xEE, 0x0E, 0xE0, 0xEE, 0x0E, 0xE0, 0xEF, 0x1E, 0x7F,
    0xC3, 0xFC, 0x1F, 0x00, 0x39, 0xC0, 0xFC, 0x03, 0xC0, 0x0C, 0x00, 0x00, 0x70, 0x3B, 0x81, 0xDC,
    0x0E, 0xE0, 0x77, 0x03, 0xB8, 0x1D, 0xC0, 0xEE, 0x07, 0x70, 0x3B, 0x81, 0xDC, 0x0E, 0xF0, 0x77,
    0x87, 0x9F, 0xF8, 0x7F, 0x81, 0xF8, 0x00, 0x73, 0x87, 0xE0, 0x78, 0x06, 0x00, 0x01, 0xC3, 0xB8,
    0x77, 0x0E, 0xE1, 0xDC, 0x3B, 0x87, 0x70, 0xEE, 0x1D, 0xE7, 0xBF, 0xF3, 0xFE, 0x3D, 0xC0, 0x1F,
    0x80, 0xFC, 0x00, 0x00, 0x00, 0x01, 0xDC, 0x0E, 0xE0, 0x22, 0x00, 0x00, 0xE0, 0x77, 0x03, 0xB8,
    0x1D, 0xC0, 0xEE, 0x07, 0x70, 0x3B, 0x81, 0xDC, 0x0E, 0xE0, 0x77, 0x03, 0xB8, 0x1D, 0xC0, 0xEF,
    0x0F, 0x3F, 0xF0, 0xFF, 0x03, 0xF0, 0x3F, 0x07, 0xE0, 0x00, 0x00, 0x07, 0x38, 0xE7, 0x08, 0x40,
    0x00, 0xE1, 0xDC, 0x3B, 0x87, 0x70, 0xEE, 0x1D, 0xC3, 0xB8, 0x77, 0x0E, 0xF3, 0xDF, 0xF9, 0xFF,
    0x1E, 0xE0, 0x03, 0x00, 0x18, 0x00, 0x80, 0x00, 0x01, 0xDC, 0x0E, 0xE0, 0x22, 0x00, 0x00, 0xE0,
    0x77, 0x03, 0xB8, 0x1D, 0xC0, 0xEE, 0x07, 0x70, 0x3B, 0x81, 0xDC, 0x0E, 0xE0, 0x77, 0x03, 0xB8,
    0x1D, 0xC0, 0xEF, 0x0F, 0x3F, 0xF0, 0xFF, 0x03, 0xF0, 0x07, 0x01, 0xC0, 0x30, 0x00, 0x07, 0x38,
    0xE7, 0x08, 0x40, 0x00, 0xE1, 0xDC, 0x3B, 0x87, 0x70, 0xEE, 0x1D, 0xC3, 0xB8, 0x77, 0x0E, 0xF3,
    0xDF, 0xF9, 0xFF, 0x1E, 0xE0, 0x1D, 0x80, 0x78, 0x00, 0x80, 0x00, 0x01, 0xDC, 0x0E, 0xE0, 0x22,
    0x00, 0x00, 0xE0, 0x77, 0x03, 0xB8, 0x1D, 0xC0, 0xEE, 0x07, 0x70, 0x3B, 0x81, 0xDC, 0x0E, 0xE0,
    0x77, 0x03, 0xB8, 0x1D, 0xC0, 0xEF, 0x0F, 0x3F, 0xF0, 0xFF, 0x03, 0xF0, 0x33, 0x03, 0xC0, 0x30,
    0x00, 0x07, 0x38, 0xE7, 0x08, 0x40, 0x00, 0xE1, 0xDC, 0x3B, 0x87, 0x70, 0xEE, 0x1D, 0xC3, 0xB8,
    0x77, 0x0E, 0xF3, 0xDF, 0xF9, 0xFF, 0x1E, 0xE0, 0x0C, 0x00, 0x30, 0x00, 0x80, 0x00, 0x01, 0xDC,
    0x0E, 0xE0, 0x22, 0x00, 0x00, 0xE0, 0x77, 0x03, 0xB8, 0x1D, 0xC0, 0xEE, 0x07, 0x70, 0x3B, 0x81,
    0xDC, 0x0E, 0xE0, 0x77, 0x03, 0xB8, 0x1D, 0xC0, 0xEF, 0x0F, 0x3F, 0xF0, 0xFF, 0x03, 0xF0, 0x38,
    0x03, 0x00, 0x30, 0x00, 0x07, 0x38, 0xE7, 0x08, 0x40, 0x00, 0xE1, 0xDC, 0x3B, 0x87, 0x70, 0xEE,
    0x1D, 0xC3, 0xB8, 0x77, 0x0E, 0xF3, 0xDF, 0xF9, 0xFF, 0x1E, 0xE0, 0x3F, 0x0F, 0xF3, 0xFF, 0x30,
    0xF0, 0x0F, 0xFF, 0xFF, 0xFF, 0xFF, 0xF1, 0xEF, 0xF8, 0xFE, 0x0F, 0x80, 0x07, 0xE0, 0x07, 0xE0,
    0x00, 0x00, 0x0E, 0x70, 0x0E, 0x70, 0x04, 0x20, 0x00, 0x00, 0x03, 0xC0, 0x07, 0xE0, 0x07, 0xE0,
    0x07, 0xE0, 0x0F, 0xF0, 0x0E, 0xF0, 0x0E, 0x70, 0x1E, 0x78, 0x1C, 0x78, 0x1C, 0x38, 0x3F, 0xFC,
    0x3F, 0xFC, 0x3F, 0xFC, 0x78, 0x1E, 0x78, 0x1E, 0x70, 0x0E, 0x3F, 0x07, 0xE0, 0x00, 0x00, 0x03,
    0xB8, 0x77, 0x04, 0x40, 0x00, 0x1F, 0x0F, 0xF1, 0xFF, 0x38, 0xE0, 0x1C, 0x7F, 0x9F, 0xF7, 0x8E,
    0xE1, 0xDF, 0xFB, 0xFF, 0x3E, 0xE0, 0x07, 0xE0, 0x07, 0xE0, 0x00, 0x00, 0x01, 0xC0, 0x01, 0xC0,
    0x01, 0xC0, 0x00, 0x00, 0x03, 0xC0, 0x03, 0xE0, 0x07, 0xE0, 0x07, 0xE0, 0x07, 0x70, 0x0F, 0x70,
    0x0E, 0x70, 0x0E, 0x78, 0x1E, 0x38, 0x1C, 0x38, 0x1F, 0xFC, 0x3F, 0xFC, 0x3F, 0xFC, 0x38, 0x1E,
    0x78, 0x1E, 0x70, 0x0E, 0x3F, 0x07, 0xE0, 0x00, 0x00, 0x00, 0xE0, 0x1C, 0x03, 0x80, 0x00, 0x1F,
    0x0F, 0xF1, 0xFF, 0x38, 0xE0, 0x1C, 0x7F, 0x9F, 0xF7, 0x8E, 0xE1, 0xDF, 0xFB, 0xFF, 0x3E, 0xE0,
    0x00, 0x3F, 0x00, 0x03, 0xF0, 0x00, 0x3F, 0x00, 0x00, 0x00, 0x01, 0xFF, 0xF0, 0x3F, 0xFF, 0x03,
    0xBF, 0xF0, 0x7B, 0x80, 0x07, 0x38, 0x00, 0x73, 0x80, 0x0F, 0x38, 0x00, 0xE3, 0xFF, 0x1E, 0x3F,
    0xF1, 0xC3, 0xFE, 0x1F, 0xF8, 0x03, 0xFF, 0x80, 0x3F, 0xF8, 0x07, 0x83, 0xFF, 0x78, 0x3F, 0xF7,
    0x03, 0xFF, 0x03, 0xF0, 0x00, 0xFC, 0x00, 0x3F, 0x00, 0x00, 0x00, 0x3E, 0x7E, 0x1F, 0xFF, 0xC7,
    0xFF, 0xF8, 0x8F, 0x0E, 0x0F, 0xFF, 0x9F, 0xFF, 0xFF, 0xFF, 0xFF, 0xCF, 0x00, 0xE3, 0xC3, 0xBF,
    0xFF, 0xEF, 0xFF, 0xF1, 0xF1, 0xF8, 0x0F, 0xC0, 0x3F, 0xE0, 0xFF, 0xE3, 0xC1, 0xC7, 0x03, 0xDE,
    0x00, 0x38, 0x00, 0x70, 0x7E, 0xE1, 0xFD, 0xC3, 0xFB, 0xC0, 0x77, 0x8F, 0xF7, 0x83, 0xC7, 0xFF,
    0x07, 0xFC, 0x07, 0xE0, 0x1E, 0xE3, 0xFF, 0x1F, 0xF9, 0xE3, 0xCE, 0x0E, 0x71, 0xFF, 0x83, 0x9C,
    0x1C, 0xF1, 0xE3, 0xFF, 0x1F, 0xF8, 0x7D, 0xC0, 0x0E, 0x3F, 0xF1, 0xFF, 0x03, 0xF0, 0x1C, 0xE0,
    0x3F, 0x00, 0x78, 0x00, 0xC0, 0x00, 0x00, 0x3F, 0x01, 0xFF, 0x0F, 0xFE, 0x78, 0x39, 0xC0, 0xFF,
    0x00, 0x38, 0x00, 0xE0, 0xFF, 0x87, 0xFE, 0x1F, 0xFC, 0x07, 0xF0, 0x3D, 0xE1, 0xE3, 0xFF, 0x87,
    0xFC, 0x0F, 0xC0, 0x39, 0xC3, 0xB8, 0x1F, 0x00, 0xE0, 0x00, 0x00, 0x00, 0x1E, 0xE7, 0xFE, 0x7F,
    0xEF, 0x1E, 0xE0, 0xEE, 0x0E, 0xE0, 0xEE, 0x0E, 0xF1, 0xE7, 0xFE, 0x7E, 0xE3, 0xCE, 0x00, 0xE7,
    0xFE, 0x7F, 0xC1, 0xF8, 0x38, 0xC0, 0x76, 0x00, 0xF0, 0x01, 0x80, 0x00, 0x03, 0x81, 0xEE, 0x0F,
    0x38, 0x78, 0xE3, 0xC3, 0x9E, 0x0E, 0x78, 0x3B, 0xC0, 0xFF, 0x03, 0xFC, 0x0F, 0xF8, 0x3C, 0xF0,
    0xE1, 0xC3, 0x87, 0x8E, 0x0F, 0x38, 0x3C, 0xE0, 0x78, 0x73, 0x00, 0xFC, 0x01, 0xE0, 0x00, 0x00,
    0x00, 0x00, 0x70, 0x01, 0xC0, 0x07, 0x00, 0x1C, 0x00, 0x70, 0xE1, 0xC7, 0x07, 0x3C, 0x1D, 0xE0,
    0x7F, 0x01, 0xF8, 0x07, 0xF0, 0x1F, 0xE0, 0x73, 0x81, 0xCF, 0x07, 0x1E, 0x1C, 0x38, 0x0F, 0xC0,
    0x3F, 0xE0, 0xFF, 0xE3, 0xC3, 0xCF, 0x03, 0xDE, 0x03, 0xB8, 0x07, 0x70, 0x0E, 0xE0, 0x1D, 0xC0,
    0x3B, 0xC0, 0x77, 0x81, 0xE7, 0x87, 0x87, 0xFF, 0x07, 0xFC, 0x07, 0xE0, 0x07, 0x00, 0x0F, 0x00,
    0x1F, 0x00, 0x1E, 0x00, 0x1F, 0x03, 0xFC, 0x7F, 0xCF, 0x1E, 0xE0, 0xEE, 0x0E, 0xE0, 0xEE, 0x0E,
    0xF1, 0xE7, 0xFC, 0x3F, 0xC1, 0xF0, 0x0C, 0x01, 0xF0, 0x1F, 0x00, 0xF0, 0x0F, 0xC0, 0x1F, 0x80,
    0x3F, 0x00, 0x00, 0x00, 0x00, 0x01, 0xF8, 0x07, 0xFC, 0x1F, 0xFC, 0x78, 0x79, 0xE0, 0x7B, 0xC0,
    0x77, 0x00, 0xEE, 0x01, 0xDC, 0x03, 0xB8, 0x07, 0x78, 0x0E, 0xF0, 0x3C, 0xF0, 0xF0, 0xFF, 0xE0,
    0xFF, 0x80, 0xFC, 0x00, 0xE0, 0x01, 0xE0, 0x03, 0xE0, 0x03, 0xC0, 0x1F, 0x81, 0xF8, 0x1F, 0x80,
    0x00, 0x1F, 0x03, 0xFC, 0x7F, 0xCF, 0x1E, 0xE0, 0xEE, 0x0E, 0xE0, 0xEE, 0x0E, 0xF1, 0xE7, 0xFC,
    0x3F, 0xC1, 0xF0, 0x0C, 0x01, 0xF0, 0x1F, 0x00, 0xF0, 0x18, 0xC0, 0xEE, 0x03, 0xE0, 0x0E, 0x00,
    0x00, 0x00, 0x01, 0xFF, 0xEF, 0xFF, 0x7F, 0xF8, 0x07, 0x80, 0x70, 0x07, 0x00, 0xF0, 0x07, 0xE0,
    0x3F, 0x80, 0x3E, 0x00, 0x78, 0x03, 0xC0, 0x0E, 0x00, 0x7E, 0x03, 0xF0, 0x3F, 0xC1, 0xCF, 0xFE,
    0x3F, 0xE0, 0xFC, 0x00, 0x39, 0xC1, 0xF8, 0x0F, 0x00, 0x60, 0x00, 0x07, 0xFE, 0x7F, 0xE7, 0xFE,
    0x01, 0xC0, 0x38, 0x07, 0x00, 0xF0, 0x0F, 0xC0, 0x3E, 0x00, 0xF0, 0x07, 0x60, 0x77, 0x0F, 0x7F,
    0xE3, 0xFE, 0x1F, 0x80, 0x77, 0x1F, 0x07, 0x00, 0x00, 0x00, 0xE0, 0x70, 0x38, 0x1C, 0x0E, 0x07,
    0x03, 0x81, 0xC0, 0xE0, 0x70, 0x38, 0x1C, 0x0E, 0x1F, 0x0F, 0x87, 0x00, 0xFF, 0x81, 0xFF, 0xFF,
    0xF0, 0x7F, 0xFF, 0xFE, 0x1F, 0xFF, 0x83, 0xC0, 0x0E, 0xE0, 0x78, 0x07, 0x38, 0x1E, 0x03, 0xCE,
    0x03, 0x80, 0xE3, 0x80, 0xE0, 0x78, 0xE0, 0x38, 0x3C, 0x38, 0x0E, 0x0E, 0x0E, 0x07, 0x87, 0x83,
    0x81, 0xE1, 0xC0, 0xE0, 0xF0, 0xE0, 0x3F, 0xF8, 0x7F, 0xFF, 0xFC, 0x1F, 0xFF, 0xFE, 0x07, 0xFF,
    0xFF, 0x80, 0x00, 0xFF, 0xC0, 0x00, 0xFF, 0xE0, 0x00, 0xE0, 0xF0, 0x00, 0xE0, 0x79, 0xFF, 0xE0,
    0x79, 0xFF, 0xE0, 0x39, 0xFF, 0xE0, 0x38, 0x0E, 0xE0, 0x38, 0x1C, 0xE0, 0x38, 0x3C, 0xE0, 0x78,
    0x38, 0xE0, 0x78, 0x70, 0xE0, 0xF0, 0xF0, 0xFF, 0xE1, 0xFF, 0xFF, 0xC1, 0xFF, 0xFF, 0x81, 0xFF,
    0x00, 0xE0, 0x00, 0x01, 0xC0, 0x00, 0x03, 0x80, 0x00, 0x07, 0x00, 0x03, 0xEE, 0x3F, 0xEF, 0xFC,
    0x7F, 0xDF, 0xF8, 0xFF, 0xF8, 0xF0, 0x0E, 0xE0, 0xE0, 0x39, 0xC1, 0xC0, 0xF3, 0x83, 0x83, 0xC7,
    0x07, 0x07, 0x0F, 0x1E, 0x1E, 0x0F, 0xFC, 0x7F, 0xDF, 0xF8, 0xFF, 0x9F, 0x71, 0xFF, 0x01, 0xC0,
    0x06, 0x00, 0x38, 0x00, 0x00, 0x00, 0x00, 0x3F, 0x01, 0xFF, 0x0F, 0xFE, 0x78, 0x39, 0xC0, 0xFF,
    0x00, 0x38, 0x00, 0xE0, 0xFF, 0x87, 0xFE, 0x1F, 0xFC, 0x07, 0xF0, 0x3D, 0xE0, 0xE3, 0xFF, 0x87,
    0xFC, 0x0F, 0xC0, 0x03, 0x00, 0x70, 0x06, 0x00, 0x00, 0x00, 0x01, 0xEE, 0x7F, 0xE7, 0xFE, 0xF1,
    0xEE, 0x0E, 0xE0, 0xEE, 0x0E, 0xE0, 0xEF, 0x1E, 0x7F, 0xE7, 0xFE, 0x3E, 0xE0, 0x0E, 0x7F, 0xE7,
    0xFC, 0x1F, 0x80, 0xE0, 0x38, 0x07, 0x01, 0xC0, 0x38, 0x0E, 0x01, 0xC0, 0x70, 0x0E, 0x03, 0x83,
    0xF0, 0x1C, 0x1F, 0xFF, 0xE0, 0xFF, 0xFF, 0x07, 0xFF, 0xF8, 0x3F, 0x01, 0xC1, 0xF8, 0x0E, 0x0F,
    0xC0, 0x70, 0x7E, 0x03, 0xC7, 0xF0, 0x0F, 0xFB, 0x80, 0x7F, 0xDC, 0x00, 0xF8, 0xFF, 0x8F, 0xFC,
    0xFF, 0xEE, 0x0E, 0xE0, 0xFE, 0x07, 0xE0, 0x7E, 0x07, 0xE0, 0x7E, 0x0F, 0xE0, 0xFE, 0x1E, 0xE3,
    0xCE, 0x7C, 0xFF, 0x0F, 0xE0, 0xF8, 0x0E, 0x00, 0xE0, 0x0E, 0x00, 0x0E, 0x00, 0x38, 0x00, 0x70,
    0x00, 0x00, 0xF0, 0x3B, 0xE0, 0xEF, 0x83, 0xBF, 0x0E, 0xFC, 0x3B, 0xB8, 0xEE, 0xE3, 0xB9, 0xCE,
    0xE7, 0xBB, 0x8E, 0xEE, 0x3F, 0xB8, 0x7E, 0xE1, 0xFB, 0x83, 0xEE, 0x07, 0xB8, 0x1E, 0x38, 0x03,
    0x80, 0x30, 0x00, 0x00, 0x01, 0xDE, 0x3F, 0xE7, 0xFE, 0xF1, 0xDC, 0x3B, 0x87, 0x70, 0xEE, 0x1D,
    0xC3, 0xB8, 0x77, 0x0E, 0xE1, 0xC0, 0x00, 0x60, 0x00, 0xC0, 0x01, 0xC0, 0x00, 0x00, 0x03, 0xC0,
    0x06, 0x60, 0x06, 0x60, 0x03, 0xC0, 0x00, 0x00, 0x03, 0xC0, 0x07, 0xE0, 0x07, 0xE0, 0x07, 0xE0,
    0x0F, 0xF0, 0x0E, 0x70, 0x0E, 0x70, 0x1E, 0x78, 0x1E, 0x78, 0x1C, 0x38, 0x3F, 0xFC, 0x3F, 0xFC,
    0x3F, 0xFC, 0x78, 0x1E, 0x78, 0x1E, 0x70, 0x0E, 0x03, 0x00, 0xC0, 0x38, 0x00, 0x01, 0xE0, 0x76,
    0x0C, 0xC1, 0x98, 0x1E, 0x00, 0x00, 0x7C, 0x3F, 0xC7, 0xFC, 0xC3, 0x80, 0x71, 0xFE, 0x7F, 0xDE,
    0x3B, 0x87, 0x7F, 0xEF, 0xFC, 0xFB, 0x80, 0x00, 0x03, 0x00, 0x00, 0x70, 0x00, 0x06, 0x00, 0x00,
    0x00, 0x01, 0xFF, 0xF0, 0x3F, 0xFF, 0x03, 0xBF, 0xF0, 0x7B, 0x80, 0x07, 0x38, 0x00, 0x73, 0x80,
    0x0F, 0x38, 0x00, 0xE3, 0xFF, 0x1E, 0x3F, 0xF1, 0xC3, 0xFE, 0x1F, 0xF8, 0x03, 0xFF, 0x80, 0x3F,
    0xF8, 0x07, 0x83, 0xFF, 0x78, 0x3F, 0xF7, 0x03, 0xFF, 0x00, 0xE0, 0x00, 0x38, 0x00, 0x1C, 0x00,
    0x00, 0x00, 0x00, 0x00, 0x0F, 0x9F, 0x87, 0xFF, 0xF1, 0xFF, 0xFE, 0x23, 0xC3, 0x83, 0xFF, 0xE7,
    0xFF, 0xFF, 0xFF, 0xFF, 0xF3, 0xC0, 0x38, 0xF0, 0xEF, 0xFF, 0xFB, 0xFF, 0xFC, 0x7C, 0x7E, 0x00,
    0x01, 0xC0, 0x03, 0x00, 0x0E, 0x00, 0x00, 0x00, 0x00, 0x01, 0xFB, 0x07, 0xFE, 0x1F, 0xFC, 0x78,
    0x79, 0xE1, 0xFB, 0xC7, 0x77, 0x0C, 0xEE, 0x39, 0xDC, 0xE3, 0xB9, 0x87, 0x7F, 0x0E, 0xFC, 0x3C,
    0xF0, 0xF0, 0xFF, 0xE3, 0xFF, 0x86, 0xFC, 0x00, 0x00, 0x00, 0x01, 0x80, 0x1C, 0x00, 0xC0, 0x00,
    0x00, 0x00, 0x07, 0xD8, 0x7F, 0x87, 0xFC, 0x78, 0xF3, 0x8F, 0x9C, 0xDC, 0xEC, 0xE7, 0xC7, 0x3C,
    0x78, 0xFF, 0x87, 0xFC, 0x6F, 0x80, 0x00, 0x00, 0x1D, 0xC0, 0x0E, 0xC0, 0x06, 0xE0, 0x00, 0x00,
    0x03, 0xC0, 0x07, 0xE0, 0x07, 0xE0, 0x07, 0xE0, 0x0F, 0xF0, 0x0E, 0x70, 0x0E, 0x70, 0x1E, 0x78,
    0x1E, 0x78, 0x1C, 0x38, 0x3F, 0xFC, 0x3F, 0xFC, 0x3F, 0xFC, 0x78, 0x1E, 0x78, 0x1E, 0x70, 0x0E,
    0xE6, 0x0E, 0xE0, 0xCC, 0x00, 0x00, 0x00, 0x3E, 0x1F, 0xE3, 0xFE, 0x61, 0xC0, 0x38, 0xFF, 0x3F,
    0xEF, 0x1D, 0xC3, 0xBF, 0xF7, 0xFE, 0x7D, 0xC0, 0x03, 0xC0, 0x07, 0xE0, 0x0E, 0x70, 0x0C, 0x30,
    0x00, 0x00, 0x07, 0xC0, 0x07, 0xE0, 0x07, 0xE0, 0x07, 0xE0, 0x0F, 0xF0, 0x0E, 0x70, 0x0E, 0x70,
    0x1E, 0x78, 0x1E, 0x78, 0x1C, 0x38, 0x3F, 0xFC, 0x3F, 0xFC, 0x3F, 0xFC, 0x78, 0x1E, 0x78, 0x1E,
    0x70, 0x0E, 0x0E, 0x03, 0xE0, 0xC6, 0x18, 0xC0, 0x00, 0x3E, 0x1F, 0xE3, 0xFE, 0x71, 0xC0, 0x38,
    0xFF, 0x3F, 0xEF, 0x1D, 0xC3, 0xBF, 0xF7, 0xFE, 0x7D, 0xC0, 0x77, 0x07, 0x60, 0x6E, 0x00, 0x07,
    0xFE, 0xFF, 0xDF, 0xFB, 0x80, 0x70, 0x0E, 0x01, 0xC0, 0x3F, 0xF7, 0xFE, 0xFF, 0x9C, 0x03, 0x80,
    0x70, 0x0F, 0xFD, 0xFF, 0xBF, 0xF0, 0xF6, 0x0E, 0xE0, 0xEC, 0x00, 0x00, 0x00, 0x3E, 0x0F, 0xE3,
    0xFE, 0xF1, 0xFF, 0xFF, 0xFF, 0xFF, 0xFE, 0x01, 0xE1, 0x9F, 0xF9, 0xFE, 0x1F, 0x80, 0x1E, 0x0F,
    0xC7, 0x39, 0x86, 0x00, 0x3F, 0xFF, 0xFF, 0xFF, 0xE0, 0x38, 0x0E, 0x03, 0x80, 0xFF, 0xFF, 0xFF,
    0xFB, 0x80, 0xE0, 0x38, 0x0F, 0xFF, 0xFF, 0xFF, 0xC0, 0x0E, 0x03, 0xE0, 0xC6, 0x18, 0xC0, 0x00,
    0x3E, 0x0F, 0xE3, 0xFE, 0xF1, 0xFF, 0xFF, 0xFF, 0xFF, 0xFE, 0x01, 0xE1, 0x9F, 0xF9, 0xFE, 0x1F,
    0x80, 0x77, 0x3B, 0x8E, 0xC0, 0x00, 0xE0, 0x70, 0x38, 0x1C, 0x0E, 0x07, 0x03, 0x81, 0xC0, 0xE0,
    0x70, 0x38, 0x1C, 0x0E, 0x07, 0x03, 0x81, 0xC0, 0x77, 0x3B, 0x8E, 0xC0, 0x00, 0x00, 0x70, 0x38,
    0x1C, 0x0E, 0x07, 0x03, 0x81, 0xC0, 0xE0, 0x70, 0x38, 0x1C, 0x0E, 0x00, 0x38, 0xFB, 0x1E, 0x30,
    0x07, 0x0E, 0x1C, 0x38, 0x70, 0xE1, 0xC3, 0x87, 0x0E, 0x1C, 0x38, 0x70, 0xE1, 0xC3, 0x80, 0x38,
    0xFB, 0x1E, 0x30, 0x07, 0x0E, 0x1C, 0x38, 0x70, 0xE1, 0xC3, 0x87, 0x0E, 0x1C, 0x38, 0x3B, 0x80,
    0x3B, 0x00, 0x37, 0x00, 0x00, 0x00, 0x00, 0x01, 0xF8, 0x07, 0xFC, 0x1F, 0xFC, 0x78, 0x79, 0xE0,
    0x7B, 0xC0, 0x77, 0x00, 0xEE, 0x01, 0xDC, 0x03, 0xB8, 0x07, 0x78, 0x0E, 0xF0, 0x3C, 0xF0, 0xF0,
    0xFF, 0xE0, 0xFF, 0x80, 0xFC, 0x00, 0x77, 0x07, 0x70, 0x3B, 0x00, 0x00, 0x00, 0x01, 0xF0, 0x3F,
    0xC7, 0xFC, 0xF1, 0xEE, 0x0E, 0xE0, 0xEE, 0x0E, 0xE0, 0xEF, 0x1E, 0x7F, 0xC3, 0xFC, 0x1F, 0x00,
    0x07, 0x80, 0x1F, 0x80, 0x73, 0x80, 0xC3, 0x00, 0x00, 0x01, 0xF8, 0x07, 0xFC, 0x1F, 0xFC, 0x78,
    0x79, 0xE0, 0x7B, 0xC0, 0x77, 0x00, 0xEE, 0x01, 0xDC, 0x03, 0xB8, 0x07, 0x78, 0x0E, 0xF0, 0x3C,
    0xF0, 0xF0, 0xFF, 0xE0, 0xFF, 0x80, 0xFC, 0x00, 0x0E, 0x01, 0xF0, 0x31, 0x83, 0x18, 0x00, 0x01,
    0xF0, 0x3F, 0xC7, 0xFC, 0xF1, 0xEE, 0x0E, 0xE0, 0xEE, 0x0E, 0xE0, 0xEF, 0x1E, 0x7F, 0xC3, 0xFC,
    0x1F, 0x00, 0xE6, 0x07, 0x70, 0x33, 0x00, 0x00, 0xFF, 0x8F, 0xFC, 0xFF, 0xEE, 0x1E, 0xE0, 0xEE,
    0x0E, 0xE0, 0xEE, 0x1E, 0xFF, 0xCF, 0xF8, 0xFF, 0x8E, 0x38, 0xE3, 0xCE, 0x1C, 0xE1, 0xEE, 0x0E,
    0xE7, 0x3B, 0x8E, 0xC0, 0x00, 0x01, 0xDC, 0xFE, 0x7F, 0x3C, 0x1C, 0x0E, 0x07, 0x03, 0x81, 0xC0,
    0xE0, 0x70, 0x38, 0x00, 0x0E, 0x01, 0xF0, 0x31, 0x83, 0x18, 0x00, 0x0F, 0xF8, 0xFF, 0xCF, 0xFE,
    0xE1, 0xEE, 0x0E, 0xE0, 0xEE, 0x0E, 0xE1, 0xEF, 0xFC, 0xFF, 0x8F, 0xF8, 0xE3, 0x8E, 0x1C, 0xE1,
    0xCE, 0x0E, 0xE0, 0xE0, 0x38, 0xFB, 0x3E, 0x30, 0x1D, 0xFF, 0xFF, 0xF1, 0xC3, 0x87, 0x0E, 0x1C,
    0x38, 0x70, 0xE0, 0x77, 0x01, 0xD8, 0x06, 0xE0, 0x00, 0x00, 0x00, 0x70, 0x3B, 0x81, 0xDC, 0x0E,
    0xE0, 0x77, 0x03, 0xB8, 0x1D, 0xC0, 0xEE, 0x07, 0x70, 0x3B, 0x81, 0xDC, 0x0E, 0xE0, 0x77, 0x87,
    0x9F, 0xF8, 0x7F, 0x81, 0xF8, 0x00, 0x77, 0x03, 0xB0, 0x1B, 0x80, 0x00, 0x00, 0x07, 0x0E, 0x70,
    0xE7, 0x0E, 0x70, 0xE7, 0x0E, 0x70, 0xE7, 0x0E, 0x70, 0xE7, 0x9E, 0x7F, 0xE3, 0xFE, 0x1E, 0xE0,
    0x0F, 0x00, 0xFC, 0x06, 0x30, 0x21, 0x00, 0x00, 0x70, 0x3B, 0x81, 0xDC, 0x0E, 0xE0, 0x77, 0x03,
    0xB8, 0x1D, 0xC0, 0xEE, 0x07, 0x70, 0x3B, 0x81, 0xDC, 0x0E, 0xE0, 0x77, 0x87, 0x9F, 0xF8, 0x7F,
    0x81, 0xF8, 0x00, 0x1E, 0x07, 0xE1, 0xCE, 0x10, 0x80, 0x01, 0xC3, 0xB8, 0x77, 0x0E, 0xE1, 0xDC,
    0x3B, 0x87, 0x70, 0xEE, 0x1D, 0xE7, 0xBF, 0xF3, 0xFE, 0x3D, 0xC0, 0x0F, 0xC1, 0xFF, 0x0F, 0xFC,
    0xE1, 0xE7, 0x07, 0x3C, 0x01, 0xFC, 0x07, 0xF8, 0x1F, 0xE0, 0x1F, 0x80, 0x3D, 0xE0, 0xE7, 0x07,
    0x3F, 0xF8, 0xFF, 0x83, 0xF0, 0x00, 0x00, 0x38, 0x01, 0x80, 0x1C, 0x00, 0xE0, 0x00, 0x1F, 0x87,
    0xF9, 0xFF, 0xB8, 0x67, 0x80, 0x7F, 0x07, 0xF0, 0x0F, 0x70, 0xEF, 0xFC, 0xFF, 0x0F, 0xC0, 0x00,
    0x1C, 0x03, 0x80, 0x60, 0x0C, 0x00, 0xFF, 0xFF, 0xFF, 0xFF, 0xF0, 0x70, 0x07, 0x00, 0x70, 0x07,
    0x00, 0x70, 0x07, 0x00, 0x70, 0x07, 0x00, 0x70, 0x07, 0x00, 0x70, 0x07, 0x00, 0x70, 0x00, 0x00,
    0x70, 0x06, 0x00, 0xE0, 0x0E, 0x00, 0x38, 0x38, 0x38, 0xFE, 0xFE, 0x7E, 0x38, 0x38, 0x38, 0x38,
    0x38, 0x38, 0x3E, 0x3E, 0x1E, 0x00, 0x1C, 0x18, 0x38, 0x38, 0x3F, 0x87, 0xFC, 0xFF, 0xEE, 0x0E,
    0x00, 0xE0, 0x0E, 0x00, 0xE0, 0x1C, 0x07, 0xC1, 0xFE, 0x7F, 0xE7, 0x8E, 0x40, 0xE0, 0x0E, 0x01,
    0xE0, 0x1C, 0x07, 0xC1, 0xF8, 0x7E, 0x07, 0xC0, 0x40, 0x00, 0x3E, 0x1F, 0xEF, 0xFB, 0x8E, 0x03,
    0x80, 0xE0, 0x70, 0x7C, 0x7F, 0x9C, 0xE0, 0x38, 0x0E, 0x07, 0x87, 0xC7, 0xE1, 0xF0, 0x60, 0x00,
    0x18, 0xC0, 0xEE, 0x03, 0xE0, 0x0E, 0x00, 0x00, 0x70, 0x1F, 0x80, 0xFC, 0x07, 0xE0, 0x3F, 0x01,
    0xF8, 0x0F, 0xFF, 0xFF, 0xFF, 0xFF, 0xFF, 0x80, 0xFC, 0x07, 0xE0, 0x3F, 0x01, 0xF8, 0x0F, 0xC0,
    0x7E, 0x03, 0x80, 0x63, 0x01, 0xDC, 0x03, 0xE0, 0x07, 0x00, 0x00, 0x00, 0x70, 0x01, 0xC0, 0x07,
    0x00, 0x1C, 0x00, 0x77, 0x81, 0xFF, 0x07, 0xFE, 0x1E, 0x38, 0x70, 0xE1, 0xC3, 0x87, 0x0E, 0x1C,
    0x38, 0x70, 0xE1, 0xC3, 0x87, 0x0E, 0x1C, 0x38, 0x71, 0x8E, 0x3B, 0x98, 0x1E, 0x1F, 0x9C, 0xE0,
    0x77, 0xFF, 0x70, 0xFF, 0xFF, 0xC0, 0xC7, 0x8D, 0xF1, 0xC0, 0xEE, 0xE0, 0x42, 0xE7, 0xE7, 0xEF,
    0x76, 0x7B, 0x7C, 0xF3, 0x78, 0x00, 0x73, 0x9F, 0x87, 0x80, 0x77, 0x1D, 0x86, 0xE0, 0x73, 0x9C,
    0xEE, 0x70, 0x00, 0x73, 0x9C, 0xEE, 0x70, 0x00, 0x73, 0x9D, 0xEE, 0x00, 0xEE, 0xE0, 0x66, 0x6C,
    0x00, 0x63, 0x1E, 0x37, 0x80, 0x01, 0xCE, 0x3E, 0xF9, 0xE0, 0x73, 0x9F, 0x87, 0x80, 0x01, 0x01,
    0x80, 0xC0, 0xC0, 0x60, 0x60, 0x30, 0x10, 0x18, 0x08, 0x0C, 0x06, 0x06, 0x03, 0x03, 0x00, 0x00,
    0x30, 0x01, 0x80, 0x18, 0x00, 0x80, 0x0C, 0x00, 0x40, 0x06, 0x00, 0x60, 0x02, 0x00, 0x30, 0x01,
    0x00, 0x18, 0x01, 0x80, 0x08, 0x00, 0xC0, 0x04, 0x00, 0x60, 0x00, 0x77, 0xFF, 0x70, 0x73, 0x99,
    0xC0, 0xFF, 0xFF, 0x1E, 0x3C, 0x60, 0xFF, 0xFF, 0xFF, 0xFF, 0xFF, 0xC0, 0xCF, 0x3C, 0xF3, 0xCC,
    0x7F, 0xFE, 0x31, 0x8C, 0x00, 0x7F, 0xFF, 0xFE, 0x10, 0x1C, 0x0E, 0x0E, 0x4F, 0xE7, 0xF7, 0x70,
    0x20, 0x38, 0x1C, 0x00, 0x73, 0xFE, 0x73, 0xFF, 0xCE, 0x33, 0x18, 0x6F, 0xFD, 0x86, 0x31, 0x00,
    0x23, 0xBE, 0x42, 0x00, 0x00, 0xC0, 0xF8, 0x7F, 0x0F, 0x1F, 0xFC, 0xF0, 0x80, 0x69, 0x3C, 0x7E,
    0xEE, 0xC7, 0x10, 0x38, 0x38, 0x03, 0x67, 0x1C, 0xF8, 0x00, 0x00, 0x7F, 0xB8, 0x78, 0x20, 0x03,
    0x87, 0x8F, 0xF2, 0x00, 0x00, 0x0C, 0x18, 0xF9, 0xC1, 0xDC, 0xFB, 0x6C, 0x26, 0xDD, 0xBC, 0x00,
    0xEE, 0xE0, 0x25, 0x1C, 0xE5, 0x00, 0x7F, 0x44, 0x62, 0x2F, 0xE0, 0x63, 0x3E, 0x63, 0x00, 0x60,
    0x07, 0x78, 0x1E, 0x3F, 0xFC, 0x0F, 0xF0, 0x70, 0x07, 0x1C, 0x07, 0x07, 0xFF, 0x00, 0xFE, 0x00,
    0xFF, 0xFF, 0xFF, 0xFF, 0xFF, 0xFF, 0x00, 0x00, 0x00, 0xFF, 0x80, 0x37, 0xFF, 0xFF, 0xD8, 0x07,
    0xFE, 0x00, 0x00, 0x00, 0x07, 0xF0, 0x0F, 0xFE, 0x0F, 0x07, 0x8E, 0x00, 0xE0, 0x00, 0x06, 0x00,
    0x00, 0xCF, 0xFF, 0xF8, 0x00, 0x1C, 0x00, 0x06, 0x00, 0x73, 0x67, 0xB6, 0xDB, 0xE0, 0x73, 0x6C,
    0xFF, 0xC9, 0xE0, 0x00, 0xFF, 0xFF, 0x7B, 0x7C, 0xF3, 0xCD, 0xE0, 0x00, 0xDE, 0xF7, 0xBD, 0xFC,
    0x00, 0x76, 0xF1, 0x8C, 0xBC, 0x00, 0x18, 0xDF, 0xBD, 0xEF, 0x6F, 0xC6, 0x3D, 0xBD, 0xEF, 0x7B,
    0xFF, 0x6C, 0xF6, 0x7B, 0x3D, 0x9E, 0xCC, 0xFF, 0xCC, 0xCC, 0x06, 0xF6, 0x66, 0x67, 0x00, 0x6C,
    0xD9, 0xB1, 0xC3, 0x87, 0x00, 0x6C, 0x78, 0xE1, 0xC3, 0xCD, 0x80, 0x38, 0x07, 0x00, 0xC0, 0x00,
    0xFF, 0xFF, 0xFF, 0xFF, 0x80, 0xE0, 0x38, 0x0E, 0x03, 0xFF, 0xFF, 0xFF, 0xEE, 0x03, 0x80, 0xE0,
    0x3F, 0xFF, 0xFF, 0xFF, 0x21, 0x1C, 0xE7, 0x38, 0x00, 0xFF, 0xFF, 0xFF, 0xFF, 0x80, 0xE0, 0x38,
    0x0E, 0x03, 0xFF, 0xFF, 0xFF, 0xEE, 0x03, 0x80, 0xE0, 0x3F, 0xFF, 0xFF, 0xFF, 0xFF, 0xF0, 0x7F,
    0xF8, 0x3F, 0xFC, 0x00, 0xE0, 0x00, 0x70, 0x00, 0x38, 0x00, 0x1C, 0xC0, 0x0F, 0xF8, 0x07, 0xFE,
    0x03, 0xC7, 0x81, 0xC1, 0xC0, 0xE0, 0xE0, 0x70, 0x70, 0x38, 0x78, 0x1C, 0xF8, 0x0E, 0xFC, 0x00,
    0x78, 0x00, 0x07, 0x01, 0x80, 0xE0, 0x00, 0xFF, 0xFF, 0xFF, 0xFF, 0x80, 0xE0, 0x38, 0x0E, 0x03,
    0x80, 0xE0, 0x38, 0x0E, 0x03, 0x80, 0xE0, 0x38, 0x0E, 0x03, 0x80, 0x0F, 0xC0, 0x7F, 0xC3, 0xFF,
    0x1E, 0x1E, 0xF0, 0x3B, 0xC0, 0x6F, 0xF0, 0x3F, 0xE0, 0xFF, 0x83, 0x80, 0x0F, 0x03, 0xBC, 0x0E,
    0x78, 0x78, 0xFF, 0xC1, 0xFE, 0x03, 0xF0, 0x0F, 0xC1, 0xFF, 0x0F, 0xFC, 0xE1, 0xE7, 0x07, 0x3C,
    0x01, 0xFC, 0x07, 0xF8, 0x1F, 0xE0, 0x1F, 0x80, 0x3D, 0xE0, 0xE7, 0x07, 0x3F, 0xF8, 0xFF, 0x83,
    0xF0, 0xEE, 0xEE, 0xEE, 0xEE, 0xEE, 0xEE, 0xEE, 0xEE, 0x42, 0xE7, 0xE7, 0x00, 0x38, 0x38, 0x38,
    0x38, 0x38, 0x38, 0x38, 0x38, 0x38, 0x38, 0x38, 0x38, 0x38, 0x38, 0x38, 0x38, 0x01, 0xC0, 0x38,
    0x07, 0x00, 0xE0, 0x1C, 0x03, 0x80, 0x70, 0x0E, 0x01, 0xC0, 0x3B, 0x87, 0x70, 0xEF, 0x1D, 0xFF,
    0x9F, 0xE1, 0xF8, 0x1F, 0xF8, 0x00, 0x7F, 0xE0, 0x01, 0xFF, 0x80, 0x07, 0x0E, 0x00, 0x1C, 0x38,
    0x00, 0x70, 0xE0, 0x01, 0xC3, 0xFE, 0x07, 0x0F, 0xFE, 0x3C, 0x3F, 0xF8, 0xF0, 0xE0, 0xF3, 0x83,
    0x81, 0xCE, 0x0E, 0x07, 0x38, 0x38, 0x3F, 0xE0, 0xFF, 0xEF, 0x03, 0xFF, 0xB8, 0x0F, 0xF8, 0xE0,
    0x38, 0x03, 0x80, 0xE0, 0x0E, 0x03, 0x80, 0x38, 0x0E, 0x00, 0xE0, 0x38, 0x03, 0x80, 0xE0, 0x0F,
    0xFF, 0xFC, 0x3F, 0xFF, 0xFC, 0xFF, 0xFF, 0xFB, 0x80, 0xE1, 0xEE, 0x03, 0x83, 0xB8, 0x0E, 0x0E,
    0xE0, 0x38, 0x7B, 0x80, 0xFF, 0xEE, 0x03, 0xFF, 0x38, 0x0F, 0xF0, 0xFF, 0xF8, 0x7F, 0xFC, 0x1F,
    0xFE, 0x00, 0xE0, 0x00, 0x70, 0x00, 0x38, 0x00, 0x1C, 0xE0, 0x0F, 0xFC, 0x07, 0xFF, 0x03, 0xC3,
    0xC1, 0xC0, 0xE0, 0xE0, 0x70, 0x70, 0x38, 0x38, 0x1C, 0x1C, 0x0E, 0x0E, 0x07, 0x03, 0x80, 0x1C,
    0x00, 0x60, 0x00, 0x00, 0xE0, 0x7B, 0x83, 0xCE, 0x1E, 0x38, 0x70, 0xE3, 0xC3, 0x9E, 0x0F, 0xF0,
    0x3F, 0xC0, 0xFF, 0x03, 0x9E, 0x0E, 0x38, 0x38, 0xF0, 0xE1, 0xE3, 0x83, 0xCE, 0x0F, 0x38, 0x1E,
    0x1C, 0x00, 0x38, 0x00, 0x60, 0x00, 0x00, 0xE0, 0x7B, 0x81, 0xEE, 0x0F, 0xB8, 0x7E, 0xE1, 0xFB,
    0x8E, 0xEE, 0x3B, 0xB9, 0xCE, 0xE7, 0x3B, 0xB8, 0xEF, 0xE3, 0xBF, 0x0E, 0xFC, 0x3B, 0xE0, 0xEF,
    0x03, 0xBC, 0x0E, 0x0C, 0x60, 0x18, 0xC0, 0x1F, 0x00, 0x1C, 0x00, 0x00, 0x0F, 0x07, 0x9E, 0x0F,
    0x1E, 0x1C, 0x3C, 0x78, 0x38, 0xE0, 0x79, 0xC0, 0x77, 0x80, 0xEE, 0x00, 0xFC, 0x01, 0xF0, 0x01,
    0xE0, 0x03, 0xC0, 0x07, 0x00, 0x7E, 0x00, 0xF8, 0x01, 0xE0, 0x00, 0xE0, 0x3F, 0x01, 0xF8, 0x0F,
    0xC0, 0x7E, 0x03, 0xF0, 0x1F, 0x80, 0xFC, 0x07, 0xE0, 0x3F, 0x01, 0xF8, 0x0F, 0xC0, 0x7E, 0x03,
    0xFF, 0xFF, 0xFF, 0xFF, 0xFF, 0x07, 0x00, 0x38, 0x01, 0xC0, 0x0E, 0x00, 0x03, 0xC0, 0x07, 0xE0,
    0x07, 0xE0, 0x07, 0xE0, 0x0F, 0xF0, 0x0E, 0x70, 0x0E, 0x70, 0x1E, 0x78, 0x1E, 0x78, 0x1C, 0x38,
    0x3F, 0xFC, 0x3F, 0xFC, 0x3F, 0xFC, 0x78, 0x1E, 0x78, 0x1E, 0x70, 0x0E, 0xFF, 0xCF, 0xFC, 0xFF,
    0x8E, 0x00, 0xE0, 0x0E, 0x00, 0xFE, 0x0F, 0xFC, 0xFF, 0xEE, 0x1E, 0xE0, 0xEE, 0x0E, 0xE0, 0xEF,
    0xFE, 0xFF, 0xCF, 0xF8, 0xFF, 0x8F, 0xFC, 0xFF, 0xEE, 0x0E, 0xE0, 0xEE, 0x1E, 0xFF, 0xCF, 0xF8,
    0xFF, 0xEE, 0x0F, 0xE0, 0x7E, 0x07, 0xE0, 0xFF, 0xFF, 0xFF, 0xEF, 0xFC, 0xFF, 0xFF, 0xFF, 0xFF,
    0x80, 0xE0, 0x38, 0x0E, 0x03, 0x80, 0xE0, 0x38, 0x0E, 0x03, 0x80, 0xE0, 0x38, 0x0E, 0x03, 0x80,
    0x0F, 0xFE, 0x07, 0xFF, 0x03, 0xFF, 0x81, 0xC1, 0xC0, 0xE0, 0xE0, 0x70, 0x70, 0x38, 0x38, 0x3C,
    0x1C, 0x1E, 0x0E, 0x0F, 0x07, 0x07, 0x03, 0x83, 0x81, 0xC3, 0xC0, 0xE7, 0xFF, 0xFF, 0xFF, 0xFF,
    0xFF, 0xFF, 0xE0, 0x03, 0xF0, 0x01, 0xF8, 0x00, 0xFC, 0x00, 0x70, 0xFF, 0xFF, 0xFF, 0xFF, 0x80,
    0xE0, 0x38, 0x0E, 0x03, 0xFF, 0xFF, 0xFF, 0xEE, 0x03, 0x80, 0xE0, 0x3F, 0xFF, 0xFF, 0xFF, 0x78,
    0x38, 0x3C, 0x78, 0x70, 0xF0, 0x70, 0xE1, 0xE0, 0xF1, 0xC7, 0x80, 0xE3, 0x8E, 0x01, 0xE7, 0x3C,
    0x01, 0xCE, 0x70, 0x03, 0xFF, 0xE0, 0x07, 0xFF, 0xC0, 0x0F, 0xFF, 0xC0, 0x3C, 0xE3, 0x80, 0xF1,
    0xC7, 0x81, 0xE3, 0x87, 0x07, 0x87, 0x0F, 0x0F, 0x0E, 0x0E, 0x3C, 0x1C, 0x1E, 0x1F, 0x07, 0xFC,
    0xFF, 0xEF, 0x1E, 0xE0, 0xE0, 0x1E, 0x0F, 0xC0, 0xF8, 0x0F, 0xC0, 0x1E, 0x00, 0xEE, 0x0E, 0xF1,
    0xEF, 0xFE, 0x7F, 0xC1, 0xF0, 0xE0, 0x7B, 0x81, 0xEE, 0x0F, 0xB8, 0x7E, 0xE1, 0xFB, 0x8E, 0xEE,
    0x3B, 0xB9, 0xCE, 0xE7, 0x3B, 0xB8, 0xEF, 0xE3, 0xBF, 0x0E, 0xFC, 0x3B, 0xE0, 0xEF, 0x03, 0xBC,
    0x0E, 0x18, 0xC0, 0x67, 0x00, 0xF8, 0x01, 0xC0, 0x00, 0x03, 0x81, 0xEE, 0x07, 0xB8, 0x3E, 0xE0,
    0xFB, 0x87, 0xEE, 0x3B, 0xB8, 0xEE, 0xE7, 0xBB, 0x9C, 0xEE, 0xE3, 0xBB, 0x8E, 0xFC, 0x3B, 0xF0,
    0xEF, 0x83, 0xBE, 0x0E, 0xF0, 0x38, 0xE0, 0x7B, 0x83, 0xCE, 0x1E, 0x38, 0x70, 0xE3, 0xC3, 0x9E,
    0x0F, 0xF0, 0x3F, 0xC0, 0xFF, 0x03, 0x9E, 0x0E, 0x38, 0x38, 0xF0, 0xE1, 0xE3, 0x83, 0xCE, 0x0F,
    0x38, 0x1E, 0x0F, 0xFC, 0x1F, 0xF8, 0x7F, 0xF0, 0xF0, 0xE1, 0xE1, 0xC3, 0x83, 0x87, 0x07, 0x0E,
    0x0E, 0x1C, 0x1C, 0x38, 0x38, 0x70, 0x70, 0xE0, 0xE3, 0xC1, 0xCF, 0x03, 0xBE, 0x07, 0x78, 0x0E,
    0xF8, 0x0F, 0xFC, 0x0F, 0xFF, 0x07, 0xFF, 0x83, 0xFF, 0xE3, 0xFF, 0xF1, 0xDF, 0xB8, 0xEF, 0xDE,
    0xF7, 0xEF, 0x73, 0xF3, 0xB9, 0xF9, 0xDC, 0xFC, 0x7C, 0x7E, 0x3E, 0x3F, 0x1F, 0x1F, 0x87, 0x0F,
    0xC3, 0x87, 0xE0, 0x3F, 0x01, 0xF8, 0x0F, 0xC0, 0x7E, 0x03, 0xF0, 0x1F, 0xFF, 0xFF, 0xFF, 0xFF,
    0xFF, 0x01, 0xF8, 0x0F, 0xC0, 0x7E, 0x03, 0xF0, 0x1F, 0x80, 0xFC, 0x07, 0x0F, 0xC0, 0x3F, 0xE0,
    0xFF, 0xE3, 0xC3, 0xCF, 0x03, 0xDE, 0x03, 0xB8, 0x07, 0x70, 0x0E, 0xE0, 0x1D, 0xC0, 0x3B, 0xC0,
    0x77, 0x81, 0xE7, 0x87, 0x87, 0xFF, 0x07, 0xFC, 0x07, 0xE0, 0xFF, 0xFF, 0xFF, 0xFF, 0xFF, 0xC0,
    0x7E, 0x03, 0xF0, 0x1F, 0x80, 0xFC, 0x07, 0xE0, 0x3F, 0x01, 0xF8, 0x0F, 0xC0, 0x7E, 0x03, 0xF0,
    0x1F, 0x80, 0xFC, 0x07, 0xFF, 0x0F, 0xFC, 0xFF, 0xCE, 0x1E, 0xE0, 0xEE, 0x0E, 0xE0, 0xEE, 0x1E,
    0xFF, 0xCF, 0xFC, 0xFF, 0x0E, 0x00, 0xE0, 0x0E, 0x00, 0xE0, 0x0E, 0x00, 0x0F, 0xC0, 0x7F, 0xC3,
    0xFF, 0x1E, 0x1E, 0xF0, 0x3B, 0xC0, 0x0E, 0x00, 0x38, 0x00, 0xE0, 0x03, 0x80, 0x0F, 0x00, 0x3C,
    0x0E, 0x78, 0x78, 0xFF, 0xC1, 0xFE, 0x03, 0xF0, 0xFF, 0xFF, 0xFF, 0xFF, 0xF0, 0x70, 0x07, 0x00,
    0x70, 0x07, 0x00, 0x70, 0x07, 0x00, 0x70, 0x07, 0x00, 0x70, 0x07, 0x00, 0x70, 0x07, 0x00, 0x70,
    0x78, 0x3C, 0xF0, 0x78, 0xF0, 0xE1, 0xE3, 0xC1, 0xC7, 0x03, 0xCE, 0x03, 0xBC, 0x07, 0x70, 0x07,
    0xE0, 0x0F, 0x80, 0x0F, 0x00, 0x1E, 0x00, 0x38, 0x03, 0xF0, 0x07, 0xC0, 0x0F, 0x00, 0x03, 0x80,
    0x03, 0x80, 0x07, 0xC0, 0x1F, 0xF8, 0x7F, 0xFC, 0x7B, 0xBC, 0xF3, 0x9E, 0xE3, 0x8E, 0xE3, 0x8E,
    0xE3, 0x8E, 0xE3, 0x8E, 0xF3, 0x8E, 0x73, 0x9E, 0x7F, 0xFC, 0x3F, 0xF8, 0x0F, 0xE0, 0x03, 0x80,
    0x03, 0x80, 0x78, 0x1C, 0x3C, 0x3C, 0x1C, 0x78, 0x1E, 0x78, 0x0F, 0xF0, 0x07, 0xE0, 0x07, 0xE0,
    0x03, 0xC0, 0x03, 0xC0, 0x07, 0xE0, 0x0F, 0xF0, 0x0E, 0x70, 0x1E, 0x78, 0x3C, 0x3C, 0x38, 0x3C,
    0x78, 0x1E, 0xE0, 0x73, 0x81, 0xCE, 0x07, 0x38, 0x1C, 0xE0, 0x73, 0x81, 0xCE, 0x07, 0x38, 0x1C,
    0xE0, 0x73, 0x81, 0xCE, 0x07, 0x38, 0x1C, 0xE0, 0x73, 0xFF, 0xFF, 0xFF, 0xFF, 0xFF, 0x00, 0x1C,
    0x00, 0x70, 0x01, 0xC0, 0x07, 0xE0, 0x77, 0x03, 0xB8, 0x1D, 0xC0, 0xEE, 0x07, 0x70, 0x3B, 0xC1,
    0xDE, 0x1E, 0x7F, 0xF1, 0xFF, 0x83, 0x9C, 0x00, 0xE0, 0x07, 0x00, 0x38, 0x01, 0xC0, 0x0E, 0xE1,
    0xC3, 0xB8, 0x70, 0xEE, 0x1C, 0x3B, 0x87, 0x0E, 0xE1, 0xC3, 0xB8, 0x70, 0xEE, 0x1C, 0x3B, 0x87,
    0x0E, 0xE1, 0xC3, 0xB8, 0x70, 0xEE, 0x1C, 0x3B, 0x87, 0x0E, 0xE1, 0xC3, 0xBF, 0xFF, 0xEF, 0xFF,
    0xFB, 0xFF, 0xFE, 0xE1, 0xC1, 0xCE, 0x1C, 0x1C, 0xE1, 0xC1, 0xCE, 0x1C, 0x1C, 0xE1, 0xC1, 0xCE,
    0x1C, 0x1C, 0xE1, 0xC1, 0xCE, 0x1C, 0x1C, 0xE1, 0xC1, 0xCE, 0x1C, 0x1C, 0xE1, 0xC1, 0xCE, 0x1C,
    0x1C, 0xE1, 0xC1, 0xCF, 0xFF, 0xFE, 0xFF, 0xFF, 0xEF, 0xFF, 0xFE, 0x00, 0x00, 0xE0, 0x00, 0x0E,
    0x00, 0x00, 0xE0, 0x00, 0x0E, 0xFE, 0x00, 0xFE, 0x00, 0xFE, 0x00, 0x0E, 0x00, 0x0E, 0x00, 0x0E,
    0x00, 0x0F, 0xF8, 0x0F, 0xFE, 0x0F, 0xFE, 0x0E, 0x0F, 0x0E, 0x07, 0x0E, 0x07, 0x0E, 0x0F, 0x0F,
    0xFE, 0x0F, 0xFE, 0x0F, 0xF8, 0xE0, 0x07, 0x70, 0x03, 0xB8, 0x01, 0xDC, 0x00, 0xEE, 0x00, 0x77,
    0x00, 0x3B, 0xFE, 0x1D, 0xFF, 0xCE, 0xFF, 0xE7, 0x70, 0x7B, 0xB8, 0x1D, 0xDC, 0x0E, 0xEE, 0x0F,
    0x77, 0xFF, 0x3B, 0xFF, 0x9D, 0xFF, 0x0E, 0xE0, 0x0E, 0x00, 0xE0, 0x0E, 0x00, 0xE0, 0x0E, 0x00,
    0xFF, 0x8F, 0xFE, 0xFF, 0xEE, 0x0F, 0xE0, 0x7E, 0x07, 0xE0, 0xFF, 0xFE, 0xFF, 0xEF, 0xF8, 0x0F,
    0xC0, 0x7F, 0xE0, 0xFF, 0xE3, 0xC3, 0xC7, 0x03, 0xCC, 0x03, 0x80, 0xFF, 0x03, 0xFE, 0x07, 0xFC,
    0x00, 0x39, 0xC0, 0x73, 0x81, 0xE7, 0x87, 0x87, 0xFF, 0x07, 0xFC, 0x07, 0xE0, 0xE0, 0x7E, 0x0E,
    0x0F, 0xF8, 0xE1, 0xFF, 0xCE, 0x3C, 0x3C, 0xE7, 0x81, 0xEE, 0x78, 0x0E, 0xE7, 0x00, 0xEF, 0xF0,
    0x0E, 0xFF, 0x00, 0xEF, 0xF0, 0x0E, 0xE7, 0x80, 0xEE, 0x78, 0x1E, 0xE3, 0xC3, 0xCE, 0x1F, 0xFC,
    0xE0, 0xFF, 0x8E, 0x07, 0xE0, 0x0F, 0xF1, 0xFF, 0x8F, 0xFC, 0xF0, 0xE7, 0x07, 0x38, 0x39, 0xC1,
    0xCF, 0x0E, 0x3F, 0xF0, 0xFF, 0x87, 0xFC, 0x38, 0xE3, 0xC7, 0x1C, 0x39, 0xE1, 0xCE, 0x0E, 0x1F,
    0x0F, 0xF1, 0xFF, 0x30, 0xE0, 0x1C, 0x7F, 0x9F, 0xF7, 0x8E, 0xE1, 0xDF, 0xFB, 0xFF, 0x3E, 0xE0,
    0x00, 0xE0, 0xFC, 0x3F, 0xC7, 0xE0, 0x73, 0x0E, 0xF8, 0xFF, 0xCF, 0x1E, 0xF0, 0xEE, 0x0E, 0xE0,
    0xEE, 0x0E, 0xF1, 0xE7, 0xFC, 0x3F, 0x81, 0xF0, 0xFF, 0x3F, 0xEF, 0xFB, 0x8E, 0xFF, 0xBF, 0xCF,
    0xFB, 0x8F, 0xE1, 0xFF, 0xFF, 0xFF, 0xFC, 0xFF, 0xFF, 0xFF, 0xE0, 0xE0, 0xE0, 0xE0, 0xE0, 0xE0,
    0xE0, 0xE0, 0xE0, 0x1F, 0xE1, 0xFF, 0x0F, 0xF8, 0x71, 0xC3, 0x8E, 0x1C, 0x70, 0xE3, 0x87, 0x1C,
    0x38, 0xE7, 0xFF, 0xFF, 0xFF, 0xFF, 0xFE, 0x03, 0xF0, 0x1F, 0x80, 0xFC, 0x07, 0x1F, 0x07, 0xF1,
    0xFF, 0x78, 0xFF, 0xFF, 0xFF, 0xFF, 0xFF, 0x00, 0xF0, 0xCF, 0xFC, 0xFF, 0x0F, 0xC0, 0x78, 0xE3,
    0xC7, 0x1C, 0x70, 0x73, 0x9E, 0x0F, 0x77, 0x80, 0xEE, 0xE0, 0x0F, 0xFC, 0x01, 0xFF, 0x80, 0x7F,
    0xF0, 0x1E, 0xEF, 0x03, 0x9C, 0xF0, 0xF3, 0x9E, 0x3C, 0x71, 0xE0, 0x3E, 0x1F, 0xEF, 0xFB, 0x8E,
    0x0F, 0x87, 0xC1, 0xF8, 0x0E, 0xE3, 0xBF, 0xE7, 0xF0, 0xF8, 0xE1, 0xDC, 0x7B, 0x8F, 0x73, 0xEE,
    0x7D, 0xDF, 0xBF, 0x77, 0xCE, 0xF9, 0xDE, 0x3B, 0xC7, 0x70, 0xE0, 0x31, 0x86, 0x70, 0x7C, 0x07,
    0x00, 0x01, 0xC3, 0xB8, 0x77, 0x1E, 0xE7, 0xDC, 0xFB, 0xBF, 0x7E, 0xEF, 0xDD, 0xF3, 0xBC, 0x77,
    0x8E, 0xE1, 0xC0, 0xE1, 0xFC, 0x7B, 0x9E, 0x73, 0xCE, 0xF1, 0xFC, 0x3F, 0x87, 0xF8, 0xE7, 0x9C,
    0xF3, 0x8F, 0x70, 0xF0, 0x3F, 0xE7, 0xFC, 0xFF, 0x9C, 0x73, 0x8E, 0x71, 0xCE, 0x39, 0xC7, 0x38,
    0xFF, 0x1F, 0xC3, 0xF0, 0x70, 0xF8, 0x7D, 0xF0, 0xFB, 0xF3, 0xF7, 0xE7, 0xEF, 0xCF, 0xDD, 0xDB,
    0xBB, 0xF7, 0x77, 0xEE, 0xE7, 0x9D, 0xCF, 0x3B, 0x9E, 0x77, 0x1C, 0xE0, 0xE1, 0xDC, 0x3B, 0x87,
    0x70, 0xEF, 0xFD, 0xFF, 0xBF, 0xF7, 0x0E, 0xE1, 0xDC, 0x3B, 0x87, 0x70, 0xE0, 0x1F, 0x03, 0xFC,
    0x7F, 0xCF, 0x1E, 0xE0, 0xEE, 0x0E, 0xE0, 0xEE, 0x0E, 0xF1, 0xE7, 0xFC, 0x3F, 0xC1, 0xF0, 0xFF,
    0xDF, 0xFB, 0xFF, 0x70, 0xEE, 0x1D, 0xC3, 0xB8, 0x77, 0x0E, 0xE1, 0xDC, 0x3B, 0x87, 0x70, 0xE0,
    0xEF, 0x9F, 0xFB, 0xFF, 0x78, 0xFE, 0x0F, 0xC1, 0xF8, 0x3F, 0x07, 0xF1, 0xFF, 0xFB, 0xFF, 0x77,
    0xCE, 0x01, 0xC0, 0x38, 0x07, 0x00, 0x1F, 0x07, 0xF9, 0xFF, 0x78, 0xFE, 0x01, 0xC0, 0x38, 0x07,
    0x00, 0xF1, 0xEF, 0xF8, 0xFE, 0x0F, 0x80, 0xFF, 0xFF, 0xFF, 0xFC, 0x38, 0x0E, 0x03, 0x80, 0xE0,
    0x38, 0x0E, 0x03, 0x80, 0xE0, 0x38, 0xF0, 0x73, 0x87, 0x9C, 0x38, 0x71, 0xC3, 0x9E, 0x1C, 0xE0,
    0x77, 0x03, 0xF8, 0x1F, 0x80, 0x7C, 0x03, 0xC0, 0x1E, 0x00, 0xF0, 0x1F, 0x01, 0xF8, 0x0F, 0x80,
    0x03, 0x80, 0x07, 0x00, 0x0E, 0x00, 0x1C, 0x01, 0xFF, 0x07, 0xFF, 0x1F, 0xFF, 0x79, 0xCF, 0xE3,
    0x9F, 0xC7, 0x1F, 0x8E, 0x3F, 0x1C, 0xFF, 0x39, 0xEF, 0xFF, 0x8F, 0xFE, 0x0F, 0xF8, 0x03, 0x80,
    0x07, 0x00, 0x0E, 0x00, 0x1C, 0x00, 0x78, 0xF3, 0x8E, 0x3D, 0xC1, 0xFC, 0x1F, 0x80, 0xF8, 0x0F,
    0x81, 0xF8, 0x1D, 0xC3, 0x9E, 0x78, 0xE7, 0x0F, 0xE1, 0xCE, 0x1C, 0xE1, 0xCE, 0x1C, 0xE1, 0xCE,
    0x1C, 0xE1, 0xCE, 0x1C, 0xE1, 0xCF, 0xFF, 0xFF, 0xFF, 0xFF, 0x00, 0x70, 0x07, 0x00, 0x70, 0x07,
    0xE1, 0xF8, 0x7E, 0x1F, 0x87, 0xE1, 0xFC, 0x7F, 0xFD, 0xFF, 0x0F, 0xC0, 0x70, 0x1C, 0x07, 0xE3,
    0x8E, 0xE3, 0x8E, 0xE3, 0x8E, 0xE3, 0x8E, 0xE3, 0x8E, 0xE3, 0x8E, 0xE3, 0x8E, 0xE3, 0x8E, 0xE3,
    0x8E, 0xFF, 0xFE, 0xFF, 0xFE, 0xFF, 0xFE, 0xE3, 0x8E, 0x71, 0xC7, 0x38, 0xE3, 0x9C, 0x71, 0xCE,
    0x38, 0xE7, 0x1C, 0x73, 0x8E, 0x39, 0xC7, 0x1C, 0xE3, 0x8E, 0x7F, 0xFF, 0xFF, 0xFF, 0xFF, 0xFF,
    0xF0, 0x00, 0x38, 0x00, 0x1C, 0x00, 0x0E, 0x00, 0x07, 0xFC, 0x03, 0xF0, 0x0F, 0xC0, 0x07, 0x00,
    0x1F, 0xE0, 0x7F, 0xC1, 0xFF, 0x87, 0x0E, 0x1C, 0x38, 0x7F, 0xE1, 0xFF, 0x07, 0xF8, 0xE0, 0x1D,
    0xC0, 0x3B, 0x80, 0x77, 0x00, 0xEF, 0xF1, 0xDF, 0xF3, 0xBF, 0xF7, 0x70, 0xEE, 0xE1, 0xDD, 0xFF,
    0xBB, 0xFE, 0x77, 0xF8, 0xE0, 0xE0, 0x1C, 0x03, 0x80, 0x70, 0x0F, 0xF1, 0xFF, 0x3F, 0xF7, 0x0E,
    0xE1, 0xDF, 0xFB, 0xFE, 0x7F, 0x80, 0x1F, 0x03, 0xFC, 0x7F, 0xC7, 0x1E, 0x07, 0xE0, 0xFE, 0x0F,
    0xE0, 0x0E, 0x71, 0xE7, 0xFC, 0x3F, 0xC1, 0xF0, 0xE0, 0xF8, 0xE1, 0xFC, 0xE3, 0xFE, 0xE7, 0x8F,
    0xE7, 0x07, 0xFF, 0x07, 0xFF, 0x07, 0xFF, 0x07, 0xE7, 0x8F, 0xE3, 0xFE, 0xE1, 0xFC, 0xE0, 0xF8,
    0x1F, 0xE7, 0xFD, 0xFF, 0xB8, 0x77, 0x0E, 0xFF, 0xCF, 0xF8, 0xFF, 0x3C, 0xE7, 0x1D, 0xE3, 0xB8,
    0x70, 0x18, 0x03, 0x80, 0x30, 0x00, 0x00, 0x00, 0x3E, 0x0F, 0xE3, 0xFE, 0xF1, 0xFF, 0xFF, 0xFF,
    0xFF, 0xFE, 0x01, 0xE1, 0x9F, 0xF9, 0xFE, 0x1F, 0x80, 0x11, 0x07, 0x70, 0xEE, 0x00, 0x00, 0x00,
    0x3E, 0x0F, 0xE3, 0xFE, 0xF1, 0xFF, 0xFF, 0xFF, 0xFF, 0xFE, 0x01, 0xE1, 0x9F, 0xF9, 0xFE, 0x1F,
    0x80, 0x38, 0x07, 0xF8, 0x3F, 0xC0, 0x70, 0x03, 0xBC, 0x1F, 0xF0, 0xFF, 0xC7, 0x8E, 0x38, 0x71,
    0xC3, 0x8E, 0x1C, 0x70, 0xE3, 0x87, 0x1C, 0x38, 0xE1, 0xC7, 0x0E, 0x00, 0x70, 0x0F, 0x80, 0x7C,
    0x03, 0xC0, 0x0E, 0x1C, 0x1C, 0x00, 0x00, 0xFF, 0xFF, 0xFF, 0xE0, 0xE0, 0xE0, 0xE0, 0xE0, 0xE0,
    0xE0, 0xE0, 0xE0, 0x1F, 0x07, 0xF1, 0xFF, 0x78, 0xEF, 0xC1, 0xFC, 0x3F, 0x87, 0x00, 0xF1, 0xCF,
    0xF8, 0xFE, 0x0F, 0x80, 0x1F, 0x87, 0xF9, 0xFF, 0xB8, 0x67, 0x80, 0x7F, 0x07, 0xF0, 0x0F, 0x70,
    0xEF, 0xFC, 0xFF, 0x0F, 0xC0, 0xEE, 0xE0, 0x0E, 0xEE, 0xEE, 0xEE, 0xEE, 0xEE, 0xE0, 0xE7, 0xE7,
    0x42, 0x00, 0x00, 0x38, 0x38, 0x38, 0x38, 0x38, 0x38, 0x38, 0x38, 0x38, 0x38, 0x38, 0x38, 0x38,
    0xE3, 0x80, 0x00, 0xE3, 0x8E, 0x38, 0xE3, 0x8E, 0x38, 0xE3, 0x8E, 0x38, 0xEF, 0xBE, 0xE0, 0x3F,
    0xE0, 0x07, 0xFC, 0x00, 0xFF, 0x80, 0x1C, 0x70, 0x03, 0x8F, 0xF0, 0x71, 0xFF, 0x0E, 0x3F, 0xF1,
    0xC7, 0x0E, 0x38, 0xE1, 0xDF, 0x1F, 0xFB, 0xC3, 0xFE, 0x70, 0x7F, 0x80, 0xE1, 0xC0, 0x38, 0x70,
    0x0E, 0x1C, 0x03, 0x87, 0x00, 0xFF, 0xFC, 0x3F, 0xFF, 0xCF, 0xFF, 0xFB, 0x87, 0x0E, 0xE1, 0xC3,
    0xB8, 0x7F, 0xEE, 0x1F, 0xF3, 0x87, 0xF8, 0x38, 0x07, 0xF8, 0x3F, 0xC0, 0x70, 0x03, 0xBC, 0x1F,
    0xF0, 0xFF, 0xC7, 0x8E, 0x38, 0x71, 0xC3, 0x8E, 0x1C, 0x70, 0xE3, 0x87, 0x1C, 0x38, 0xE1, 0xC7,
    0x0E, 0x07, 0x01, 0xC0, 0x30, 0x00, 0x00, 0x01, 0xC3, 0xF8, 0xF7, 0x3C, 0xE7, 0x9D, 0xE3, 0xF8,
    0x7F, 0x0F, 0xF1, 0xCF, 0x39, 0xE7, 0x1E, 0xE1, 0xE0, 0x38, 0x03, 0x80, 0x30, 0x00, 0x00, 0x01,
    0xC3, 0xB8, 0xF7, 0x1E, 0xE7, 0xDC, 0xFB, 0xBF, 0x7E, 0xEF, 0x9D, 0xF3, 0xBC, 0x77, 0x8E, 0xE1,
    0xC0, 0x18, 0xC0, 0xFE, 0x03, 0xE0, 0x00, 0x00, 0x00, 0x38, 0x39, 0xC1, 0xCF, 0x1E, 0x38, 0xE1,
    0xC7, 0x0F, 0x70, 0x3B, 0x81, 0xDC, 0x07, 0xC0, 0x3E, 0x01, 0xF0, 0x07, 0x00, 0x38, 0x0F, 0x80,
    0x7C, 0x03, 0xC0, 0x00, 0xE0, 0xFC, 0x1F, 0x83, 0xF0, 0x7E, 0x0F, 0xC1, 0xF8, 0x3F, 0x07, 0xE0,
    0xFF, 0xFF, 0xFF, 0xFF, 0xF0, 0xE0, 0x1C, 0x03, 0x80, 0x70, 0xE1, 0xC3, 0xB8, 0x70, 0xEE, 0x1C,
    0x3B, 0x87, 0x0E, 0xE1, 0xC3, 0xB8, 0x70, 0xEE, 0x1C, 0x3B, 0x87, 0x0E, 0xE1, 0xC3, 0xB8, 0x70,
    0xEE, 0x1C, 0x3B, 0x87, 0x0E, 0xF1, 0xE3, 0xBF, 0xFF, 0xE7, 0xFF, 0xF0, 0xF8, 0xF8, 0xE3, 0x87,
    0xE3, 0x87, 0xE3, 0x87, 0xE3, 0x87, 0xE3, 0x87, 0xE3, 0x87, 0xE3, 0x87, 0xE3, 0x87, 0xE3, 0x87,
    0xFF, 0xFF, 0x7E, 0xFE, 0x3C, 0x7C, 0x38, 0x00, 0xE0, 0x0F, 0xF8, 0x3F, 0xE0, 0x38, 0x00, 0xE0,
    0x03, 0xFE, 0x0F, 0xFE, 0x3F, 0xF8, 0xE0, 0xF3, 0x81, 0xCE, 0x07, 0x38, 0x3C, 0xFF, 0xE3, 0xFF,
    0x8F, 0xF8, 0x38, 0x01, 0xC0, 0x0E, 0x00, 0x70, 0x0F, 0xF8, 0x7F, 0xC3, 0xFE, 0x07, 0x00, 0x3F,
    0xC1, 0xFF, 0x0F, 0xFC, 0x70, 0xE3, 0x87, 0x1F, 0xF8, 0xFF, 0x87, 0xF8, 0xE0, 0x7E, 0x1C, 0x1F,
    0xF3, 0x87, 0xFE, 0x71, 0xE1, 0xEE, 0x78, 0x1D, 0xCF, 0x00, 0x3F, 0xFE, 0x07, 0xFF, 0xC0, 0xFF,
    0xF8, 0x1C, 0xE0, 0x03, 0x9E, 0x00, 0x73, 0xC0, 0xFE, 0x3C, 0x3D, 0xC3, 0xFF, 0x38, 0x3F, 0xE7,
    0x03, 0xF0, 0xE0, 0xF9, 0xC7, 0xFB, 0x8F, 0xFF, 0x3C, 0x7E, 0x70, 0x7F, 0xFC, 0x3F, 0xF8, 0x73,
    0x80, 0xE7, 0x8F, 0xC7, 0xFF, 0x8F, 0xF7, 0x07, 0xC0, 0x03, 0xE0, 0x03, 0xE0, 0x07, 0xF0, 0x07,
    0xF0, 0x07, 0x70, 0x0F, 0x78, 0x0F, 0x78, 0x1E, 0x38, 0x1E, 0x38, 0x1F, 0xFC, 0x3F, 0xFC, 0x3D,
    0xDC, 0x3D, 0xDE, 0x79, 0xDE, 0x79, 0xCE, 0x71, 0xCF, 0x0F, 0x00, 0xF0, 0x0F, 0x01, 0xF8, 0x1F,
    0x81, 0x98, 0x3F, 0xC3, 0xFC, 0x7F, 0xE7, 0x6E, 0x76, 0xEF, 0x6F, 0xE0, 0x7C, 0x1C, 0x0F, 0x83,
    0x83, 0xF8, 0x70, 0x7F, 0x0E, 0x0E, 0xE1, 0xC3, 0xDE, 0x38, 0x73, 0xC7, 0x0E, 0x78, 0xE3, 0xC7,
    0x1F, 0xFF, 0xF3, 0xFF, 0xFE, 0x73, 0xDD, 0xCE, 0x7B, 0xBD, 0xCE, 0x77, 0xB9, 0xCE, 0x77, 0x79,
    0xCF, 0xE0, 0xF0, 0xE0, 0xF0, 0xE1, 0xF0, 0xE1, 0xF8, 0xE1, 0xF8, 0xE3, 0x98, 0xFF, 0xFC, 0xFF,
    0xFC, 0xE7, 0xFE, 0xE7, 0x6E, 0xE7, 0x6E, 0xEF, 0x6F, 0x7F, 0xFE, 0x3F, 0xFC, 0x3F, 0xFC, 0x1C,
    0x78, 0x1C, 0x70, 0x0E, 0xF0, 0x0E, 0xE0, 0x0F, 0xF0, 0x3F, 0xFC, 0x7F, 0xFE, 0xF3, 0x8F, 0xE3,
    0x87, 0xE3, 0x87, 0xE3, 0x87, 0xE3, 0x87, 0xE3, 0x87, 0x7F, 0xF1, 0xFF, 0x8F, 0xF8, 0x3B, 0xC1,
    0xDC, 0x0F, 0xE1, 0xFF, 0xDF, 0xFF, 0xF7, 0x7F, 0x39, 0xF9, 0xCF, 0xCE, 0x70, 0xE1, 0xFF, 0xFB,
    0x83, 0xFF, 0xCE, 0x0F, 0xFF, 0x38, 0x1E, 0x38, 0xE0, 0x38, 0xE3, 0x80, 0xF7, 0x0E, 0x01, 0xDC,
    0x3F, 0xFF, 0xF0, 0xFF, 0xFF, 0xF3, 0xFF, 0xFF, 0xEE, 0x3C, 0x73, 0xF8, 0xE1, 0xC7, 0xE3, 0x87,
    0x1F, 0x8E, 0x1C, 0x7E, 0x38, 0x71, 0xF8, 0xE1, 0xC7, 0xE3, 0xFF, 0xDC, 0x3F, 0xF3, 0x87, 0xFE,
    0x70, 0x7B, 0x8E, 0x07, 0x71, 0xC0, 0xFE, 0x3F, 0xFF, 0xE7, 0xFF, 0xFE, 0xE7, 0x9D, 0xFC, 0xE3,
    0x9F, 0x9C, 0x73, 0xF3, 0x8E, 0x70, 0x31, 0x86, 0xE0, 0xF0, 0x10, 0x00, 0x1F, 0x87, 0xF0, 0xFE,
    0x03, 0x80, 0xE0, 0x78, 0x7C, 0x1F, 0x07, 0xE0, 0x3C, 0x07, 0x01, 0xC0, 0xF1, 0xFD, 0xFE, 0xFF,
    0x38, 0x0E, 0x03, 0xC0, 0x70, 0x00, 0x00, 0x73, 0x8F, 0xC1, 0xC0, 0x00, 0x00, 0x1F, 0x87, 0xF9,
    0xFE, 0x03, 0x8F, 0xE3, 0xF0, 0xFE, 0x03, 0x80, 0xE1, 0xF9, 0xFC, 0xFE, 0x38, 0x0F, 0x01, 0xE0,
    0x38, 0x00, 0xE3, 0x8E, 0xE3, 0x8E, 0xE3, 0x8E, 0xE3, 0x8E, 0xE3, 0x8E, 0xE3, 0x8E, 0xE3, 0x8E,
    0xF3, 0x8E, 0x73, 0x9C, 0x7F, 0xFC, 0x3F, 0xF8, 0x0F, 0xF0, 0x03, 0x80, 0x03, 0x80, 0x03, 0x80,
    0x03, 0x80, 0x03, 0x80, 0x07, 0x00, 0x0E, 0x07, 0x1C, 0x7E, 0x38, 0xFC, 0x71, 0xF8, 0xE3, 0xF1,
    0xC7, 0xE3, 0x8F, 0xC7, 0x1F, 0x8E, 0x7F, 0x9C, 0xF7, 0xFF, 0xC7, 0xFF, 0x07, 0xFC, 0x01, 0xC0,
    0x03, 0x80, 0x07, 0x00, 0x0E, 0x00, 0x0F, 0xC0, 0x3F, 0xE0, 0xFF, 0xE3, 0xC3, 0xCF, 0x03, 0xDE,
    0x03, 0xBF, 0xFF, 0x7F, 0xFE, 0xFF, 0xFD, 0xC0, 0x3B, 0xC0, 0x77, 0x81, 0xE7, 0x87, 0x87, 0xFF,
    0x07, 0xFC, 0x07, 0xE0, 0x1F, 0x03, 0xFC, 0x7F, 0xCF, 0x1E, 0xFC, 0xEF, 0xFE, 0xF7, 0xEE, 0x0E,
    0xF1, 0xE7, 0xFC, 0x3F, 0xC1, 0xF0, 0xF0, 0x0E, 0xE0, 0x3D, 0xE0, 0x7B, 0xC1, 0xE3, 0x83, 0x87,
    0x07, 0x0F, 0x1E, 0x0E, 0x38, 0x1C, 0x70, 0x3D, 0xE0, 0x3B, 0x80, 0x7F, 0x00, 0xFE, 0x00, 0xF8,
    0x01, 0xF0, 0x03, 0xE0, 0x70, 0x3B, 0xC3, 0xDE, 0x3E, 0x71, 0xC3, 0x8E, 0x1E, 0xE0, 0x77, 0x03,
    0xB8, 0x1F, 0x80, 0x7C, 0x03, 0xE0, 0x1E, 0x00, 0x1D, 0xC0, 0x3B, 0x80, 0x3B, 0x00, 0x00, 0x0F,
    0x00, 0xEE, 0x03, 0xDE, 0x07, 0xBC, 0x1E, 0x38, 0x38, 0x70, 0x70, 0xF1, 0xE0, 0xE3, 0x81, 0xC7,
    0x03, 0xDE, 0x03, 0xB8, 0x07, 0xF0, 0x0F, 0xE0, 0x0F, 0x80, 0x1F, 0x00, 0x3E, 0x00, 0x73, 0x81,
    0xDC, 0x07, 0x60, 0x00, 0x00, 0x00, 0x38, 0x1D, 0xE1, 0xEF, 0x1F, 0x38, 0xE1, 0xC7, 0x0F, 0x70,
    0x3B, 0x81, 0xDC, 0x0F, 0xC0, 0x3E, 0x01, 0xF0, 0x0F, 0x00, 0x0F, 0xC0, 0x00, 0x01, 0xFF, 0x00,
    0x00, 0x3F, 0xF8, 0x00, 0x07, 0x87, 0x80, 0x00, 0xF0, 0x3D, 0xE0, 0xEF, 0x01, 0xCE, 0x1E, 0xE0,
    0x1C, 0xF1, 0xCE, 0x01, 0xC7, 0x1C, 0xE0, 0x1C, 0x71, 0xCE, 0x01, 0xC7, 0x38, 0xF0, 0x1C, 0x3B,
    0x8F, 0x03, 0xC3, 0xB8, 0x78, 0x78, 0x3F, 0x03, 0xFF, 0x81, 0xF0, 0x1F, 0xF0, 0x1E, 0x00, 0xFC,
    0x01, 0xE0, 0x00, 0x00, 0x1E, 0x00, 0x00, 0x05, 0xC0, 0x00, 0x00, 0x7C, 0x00, 0x00, 0x0F, 0x80,
    0x1F, 0x0E, 0x0F, 0x3F, 0xCF, 0x0E, 0x7F, 0xC7, 0x0E, 0xF1, 0xE7, 0x1E, 0xE0, 0xE7, 0x9C, 0xE0,
    0xE3, 0x9C, 0xE0, 0xE3, 0xB8, 0xE0, 0xE3, 0xB8, 0xF1, 0xE1, 0xF8, 0x7F, 0xC1, 0xF0, 0x3F, 0xC0,
    0xF0, 0x1F, 0x00, 0xF0, 0x00, 0x00, 0xE0, 0x00, 0x01, 0xE0, 0x00, 0x07, 0xC0, 0x00, 0x07, 0x80,
    0x0F, 0xC0, 0xFF, 0x87, 0xFF, 0x1C, 0x1E, 0xF0, 0x3B, 0x80, 0x0E, 0x00, 0x38, 0x00, 0xE0, 0x03,
    0xC0, 0xEF, 0x07, 0x9E, 0x3E, 0x3F, 0xF8, 0x7E, 0xE0, 0x63, 0x80, 0x0E, 0x1F, 0x07, 0xF1, 0xFF,
    0x78, 0xFE, 0x0D, 0xC0, 0x38, 0x07, 0x00, 0xF0, 0x0F, 0xC0, 0xF8, 0x0F, 0x00, 0xE0, 0x1C, 0x03,
    0x80, 0x70, 0x00, 0x60, 0x0C, 0x1C, 0xC0, 0xF8, 0x03, 0x80, 0x3E, 0x06, 0x66, 0x60, 0x7C, 0x01,
    0xC0, 0x1F, 0x03, 0x30, 0x30, 0x06, 0x00, 0x00, 0x03, 0xFF, 0xC0, 0xC0, 0x1E, 0xFB, 0x00, 0xD9,
    0x00, 0x6D, 0x00, 0x7C, 0x67, 0xC0, 0x00, 0x00, 0x60, 0x00, 0x09, 0x00, 0x00, 0x00, 0x01, 0x80,
    0x18, 0x2C, 0x03, 0x40, 0x00, 0x00, 0x00, 0x00, 0x00, 0x00, 0x00, 0x00, 0x00, 0x06, 0x00, 0x06,
    0xD0, 0x00, 0x90, 0x00, 0x00, 0x00, 0x00, 0x00, 0x00, 0x00, 0x18, 0x01, 0x82, 0xC0, 0x24, 0x00,
    0x00, 0x00, 0x06, 0x00, 0x00, 0x90, 0x00, 0x00, 0x60, 0x00, 0x06, 0x00, 0x00, 0x40, 0x01, 0x0C,
    0x00, 0x18, 0x03, 0x81, 0x80, 0x30, 0x08, 0x00, 0x00, 0x00, 0x00, 0x00, 0x00, 0x0E, 0x00, 0x0C,
    0x60, 0x00, 0xE0, 0x00, 0x00, 0x00, 0x00, 0x00, 0x00, 0x00, 0x08, 0x02, 0x01, 0x80, 0x30, 0x30,
    0x61, 0x00, 0x04, 0x00, 0x00, 0x40, 0x00, 0x0C, 0x00, 0x18, 0xC0, 0x33, 0x80, 0x3E, 0x00, 0x38,
    0x00, 0x00, 0x1C, 0x0F, 0x38, 0x1E, 0x70, 0x7C, 0xE0, 0xF9, 0xC3, 0xF3, 0x8F, 0xE7, 0x1D, 0xCE,
    0x7B, 0x9C, 0xE7, 0x3B, 0x8E, 0x77, 0x1C, 0xFC, 0x39, 0xF8, 0x73, 0xE0, 0xF7, 0xC1, 0xEF, 0x03,
    0xC0, 0x03, 0x80, 0x0E, 0x00, 0x1C, 0x00, 0x38, 0x31, 0x81, 0x9C, 0x07, 0xC0, 0x1C, 0x00, 0x00,
    0x70, 0xE3, 0x8F, 0x1C, 0x78, 0xE7, 0xC7, 0x3E, 0x3B, 0xF1, 0xFB, 0x8F, 0xDC, 0x7C, 0xE3, 0xC7,
    0xDE, 0x3E, 0xE1, 0xF0, 0x03, 0x00, 0x38, 0x01, 0xC0, 0x0C, 0x00, 0x38, 0x00, 0xE0, 0x0F, 0xF8,
    0x3F, 0xE0, 0x38, 0x00, 0xE0, 0x03, 0xFE, 0x0F, 0xFE, 0x3F, 0xF8, 0xE0, 0xF3, 0x81, 0xCE, 0x07,
    0x38, 0x3C, 0xFF, 0xE3, 0xFF, 0x8F, 0xF8, 0x38, 0x01, 0xC0, 0x0E, 0x01, 0xFF, 0x0F, 0xF8, 0x7F,
    0xC0, 0xE0, 0x07, 0xF8, 0x3F, 0xE1, 0xFF, 0x8E, 0x1C, 0x70, 0xE3, 0xFF, 0x1F, 0xF0, 0xFF, 0x00,
    0xFF, 0x0F, 0xFC, 0xFF, 0xCE, 0x1E, 0xE0, 0xEE, 0x0E, 0xE6, 0xEE, 0x7E, 0xFF, 0xCF, 0xFC, 0xFF,
    0x8E, 0x0C, 0xE0, 0x0E, 0x00, 0xE0, 0x0E, 0x00, 0xEF, 0x9F, 0xFB, 0xFF, 0x78, 0xFE, 0x0F, 0xC1,
    0xF8, 0x3F, 0x17, 0xF3, 0xFF, 0xFB, 0xFF, 0x77, 0xEE, 0x05, 0xC0, 0x38, 0x07, 0x00, 0x01, 0xC0,
    0x38, 0x07, 0x7F, 0xEF, 0xFD, 0xFF, 0xB8, 0x07, 0x00, 0xE0, 0x1C, 0x03, 0x80, 0x70, 0x0E, 0x01,
    0xC0, 0x38, 0x07, 0x00, 0xE0, 0x1C, 0x03, 0x80, 0x00, 0x07, 0x07, 0x07, 0xFF, 0xFF, 0xFF, 0xE0,
    0xE0, 0xE0, 0xE0, 0xE0, 0xE0, 0xE0, 0xE0, 0xE0, 0x3F, 0xF3, 0xFF, 0x3F, 0xF3, 0x80, 0x38, 0x03,
    0x80, 0x38, 0x0F, 0xF8, 0xFF, 0x8F, 0xF8, 0x38, 0x03, 0x80, 0x38, 0x03, 0x80, 0x38, 0x03, 0x80,
    0x3F, 0xCF, 0xF3, 0xFC, 0xE0, 0x38, 0x3F, 0xCF, 0xF1, 0xFC, 0x38, 0x0E, 0x03, 0x80, 0xE0, 0xFF,
    0xEF, 0xFE, 0xFF, 0xCE, 0x00, 0xE0, 0x0E, 0x00, 0xE6, 0x0F, 0xFC, 0xFF, 0xEF, 0x0F, 0xF0, 0x7E,
    0x07, 0xE0, 0x7E, 0x0F, 0xE7, 0xEE, 0x7C, 0x07, 0x80, 0xFF, 0x3F, 0xCF, 0xE3, 0x80, 0xE0, 0x3B,
    0xCF, 0xFB, 0xFE, 0xE3, 0xF8, 0x7E, 0x1F, 0x87, 0x03, 0xC3, 0xE0, 0xF0, 0x38, 0x78, 0x38, 0x3C,
    0x3C, 0x38, 0x78, 0x1C, 0x38, 0x78, 0x1E, 0x38, 0xF0, 0x0E, 0x38, 0xE0, 0x0F, 0x39, 0xE0, 0x07,
    0x39, 0xC0, 0x07, 0xFF, 0xC0, 0x07, 0xFF, 0xC0, 0x07, 0xFF, 0xE0, 0x0F, 0x39, 0xE0, 0x1E, 0x38,
    0xF0, 0x1E, 0x38, 0xF0, 0x3C, 0x38, 0x7E, 0x3C, 0x38, 0x3E, 0x78, 0x38, 0x3E, 0x00, 0x00, 0x0E,
    0x00, 0x00, 0x0E, 0x00, 0x00, 0x0E, 0x00, 0x00, 0x0E, 0x78, 0xE3, 0xC7, 0x1C, 0x70, 0x73, 0x9C,
    0x0F, 0x77, 0x80, 0xEE, 0xE0, 0x0F, 0xF8, 0x01, 0xFF, 0x00, 0x7F, 0xF0, 0x1E, 0xEF, 0x03, 0x9C,
    0xFC, 0xF3, 0x9F, 0xBC, 0x71, 0xF0, 0x00, 0x0E, 0x00, 0x01, 0xC0, 0x00, 0x38, 0x00, 0x07, 0x1F,
    0x07, 0xFC, 0xFF, 0xEF, 0x1E, 0xE0, 0xE0, 0x1E, 0x0F, 0xC0, 0xF8, 0x0F, 0xC0, 0x1E, 0x00, 0xEE,
    0x0E, 0xF1, 0xEF, 0xFE, 0x7F, 0xC1, 0xF0, 0x06, 0x00, 0x78, 0x01, 0x80, 0x70, 0x1F, 0x0F, 0xF1,
    0xFF, 0x38, 0xE0, 0x3C, 0x1F, 0x03, 0xE0, 0x7E, 0x61, 0xCF, 0xF9, 0xFE, 0x1F, 0x80, 0xC0, 0x1E,
    0x00, 0xC0, 0x70, 0xE0, 0x7B, 0x83, 0xCE, 0x1E, 0x38, 0x78, 0xE3, 0xC3, 0x9E, 0x0F, 0xF0, 0x3F,
    0xC0, 0xFF, 0x03, 0x9E, 0x0E, 0x38, 0x38, 0xF0, 0xE1, 0xE3, 0x83, 0xFE, 0x0F, 0xF8, 0x1F, 0x00,
    0x1C, 0x00, 0x70, 0x01, 0xC0, 0x07, 0xE3, 0xCE, 0x38, 0xE7, 0x8E, 0x70, 0xEE, 0x0F, 0xE0, 0xFE,
    0x0F, 0xE0, 0xE7, 0x0E, 0x7E, 0xE3, 0xEE, 0x3E, 0x00, 0xE0, 0x0E, 0x00, 0xE0, 0x0E, 0xE0, 0x7B,
    0x83, 0xCE, 0x0F, 0x38, 0x38, 0xED, 0xE3, 0xB7, 0x0E, 0xFC, 0x3F, 0xE0, 0xFF, 0x83, 0xFF, 0x0E,
    0xDC, 0x3B, 0x78, 0xE0, 0xE3, 0x83, 0xCE, 0x07, 0x38, 0x1E, 0xE0, 0xF7, 0x07, 0x38, 0x79, 0xDB,
    0x8E, 0xFC, 0x7F, 0xC3, 0xFE, 0x1F, 0xF8, 0xED, 0xC7, 0x6F, 0x38, 0x39, 0xC1, 0xE0, 0xFE, 0x07,
    0xBF, 0x83, 0xCF, 0xE1, 0xE0, 0x38, 0x70, 0x0E, 0x3C, 0x03, 0x9E, 0x00, 0xFF, 0x00, 0x3F, 0xC0,
    0x0F, 0xF0, 0x03, 0x9E, 0x00, 0xE3, 0x80, 0x38, 0xF0, 0x0E, 0x1E, 0x03, 0x83, 0x80, 0xE0, 0xF0,
    0x38, 0x1E, 0xFC, 0x3F, 0xF1, 0xEF, 0xCF, 0x07, 0x3C, 0x1D, 0xE0, 0x7F, 0x01, 0xFC, 0x07, 0xF8,
    0x1C, 0xF0, 0x73, 0xC1, 0xC7, 0x87, 0x0F, 0xE0, 0x39, 0xC0, 0x73, 0x80, 0xE7, 0x01, 0xCE, 0x03,
    0x9C, 0x07, 0x3F, 0xFE, 0x7F, 0xFC, 0xFF, 0xF9, 0xC0, 0x73, 0x80, 0xE7, 0x01, 0xCE, 0x03, 0x9C,
    0x07, 0xB8, 0x0F, 0x70, 0x1E, 0x00, 0x1C, 0x00, 0x38, 0x00, 0x70, 0x00, 0xE0, 0xE1, 0xCE, 0x1C,
    0xE1, 0xCE, 0x1C, 0xFF, 0xCF, 0xFC, 0xFF, 0xCE, 0x1C, 0xE1, 0xCE, 0x1F, 0xE1, 0xFE, 0x1F, 0x00,
    0x70, 0x07, 0x00, 0x70, 0x07, 0xE0, 0x3F, 0xFC, 0x07, 0xFF, 0x80, 0xFF, 0xF0, 0x1C, 0x0E, 0x03,
    0x81, 0xC0, 0x70, 0x3F, 0xFE, 0x07, 0xFF, 0xC0, 0xFF, 0xF8, 0x1C, 0x07, 0x03, 0x80, 0xE0, 0x70,
    0x1C, 0x0E, 0x03, 0x81, 0xC0, 0x70, 0x38, 0x0E, 0x07, 0x01, 0xC0, 0xE1, 0xFF, 0x87, 0xFE, 0x1F,
    0xB8, 0x70, 0xFF, 0xC3, 0xFF, 0x0F, 0xFC, 0x38, 0x70, 0xE1, 0xC3, 0x87, 0x0E, 0x1C, 0x38, 0x70,
    0xFF, 0xF8, 0x03, 0xFF, 0xE0, 0x0F, 0xFF, 0x80, 0x38, 0x0E, 0x00, 0xE0, 0x38, 0x03, 0x80, 0xE0,
    0x0E, 0x03, 0x98, 0x38, 0x0F, 0xF8, 0xE0, 0x3F, 0xF3, 0x80, 0xF1, 0xEE, 0x03, 0x83, 0xB8, 0x0E,
    0x0E, 0xE0, 0x38, 0x3B, 0x80, 0xE1, 0xEE, 0x03, 0x9F, 0x38, 0x0E, 0xFC, 0x00, 0x03, 0xC0, 0xFF,
    0xC0, 0x1F, 0xF8, 0x03, 0xFF, 0x00, 0x70, 0xE0, 0x0E, 0x1C, 0x01, 0xC3, 0xFC, 0x38, 0x7F, 0xE7,
    0x0F, 0xFE, 0xE1, 0xC3, 0xDC, 0x38, 0x3B, 0x87, 0x07, 0x70, 0xE1, 0xE0, 0x00, 0x78, 0x00, 0x0F,
    0x00, 0x01, 0x80, 0x0F, 0x00, 0x00, 0xF8, 0x70, 0x0F, 0x8F, 0xE0, 0xF0, 0xFF, 0x87, 0x0F, 0x1E,
    0x78, 0x70, 0xF3, 0x83, 0x83, 0x9C, 0x1C, 0x1C, 0xE0, 0xE0, 0xE7, 0x07, 0x0F, 0x3C, 0x3C, 0x70,
    0xE0, 0xF7, 0x87, 0x87, 0xF8, 0x1F, 0xFF, 0xF8, 0x7F, 0xFF, 0xC0, 0xFE, 0x7E, 0x1C, 0x00, 0x1E,
    0x30, 0x1F, 0x7F, 0x1E, 0x7F, 0x8E, 0x3D, 0xE7, 0x1C, 0x73, 0x8E, 0x39, 0xC7, 0x3C, 0xF3, 0xFC,
    0x3F, 0xFF, 0x8F, 0xFF, 0xC3, 0xFF, 0xE0, 0x0F, 0xC0, 0x7F, 0xC3, 0xFF, 0x9E, 0x0E, 0xF0, 0x3F,
    0xC0, 0x0E, 0x00, 0x38, 0x00, 0xE0, 0x03, 0x80, 0x0F, 0x00, 0x3C, 0x0F, 0x78, 0x38, 0xFF, 0xE1,
    0xFF, 0x03, 0xF0, 0x03, 0x00, 0x0F, 0x00, 0x0C, 0x00, 0xE0, 0x1F, 0x07, 0xF1, 0xFF, 0x78, 0xEE,
    0x01, 0xC0, 0x38, 0x07, 0x00, 0xF1, 0xEF, 0xF8, 0xFE, 0x0F, 0x80, 0x40, 0x0E, 0x00, 0xC0, 0x78,
    0xFF, 0xFF, 0xFF, 0xFF, 0xF0, 0x70, 0x07, 0x00, 0x70, 0x07, 0x00, 0x70, 0x07, 0x00, 0x70, 0x07,
    0x00, 0x70, 0x07, 0x00, 0x78, 0x07, 0x80, 0x78, 0x03, 0x80, 0x38, 0x03, 0x80, 0x38, 0xFF, 0xFF,
    0xFF, 0xFC, 0x38, 0x0E, 0x03, 0x80, 0xE0, 0x38, 0x0E, 0x03, 0xC0, 0xF0, 0x3C, 0x07, 0x01, 0xC0,
    0x70, 0x1C, 0x70, 0x1C, 0xF0, 0x78, 0xE0, 0xE1, 0xE3, 0xC1, 0xC7, 0x03, 0xDE, 0x03, 0xF8, 0x07,
    0xF0, 0x07, 0xC0, 0x07, 0x00, 0x0E, 0x00, 0x1C, 0x00, 0x38, 0x00, 0x70, 0x00, 0xE0, 0x01, 0xC0,
    0x70, 0x73, 0x83, 0x9E, 0x3C, 0x71, 0xC3, 0x8E, 0x0E, 0xF0, 0x77, 0x03, 0xB8, 0x0F, 0x80, 0x7C,
    0x03, 0xE0, 0x0E, 0x00, 0x70, 0x03, 0x80, 0x1C, 0x00, 0xE0, 0xF0, 0x1C, 0xF0, 0x78, 0xE0, 0xE1,
    0xE3, 0xC1, 0xC7, 0x03, 0xDE, 0x03, 0xF8, 0x03, 0xF0, 0x07, 0xC0, 0x07, 0x00, 0x0E, 0x00, 0xFF,
    0x81, 0xFF, 0x00, 0x70, 0x00, 0xE0, 0x01, 0xC0, 0x70, 0x73, 0xC3, 0x8E, 0x38, 0x71, 0xC3, 0x8E,
    0x0E, 0xE0, 0x77, 0x03, 0xF8, 0x0F, 0x80, 0x7C, 0x03, 0xE0, 0x3F, 0x81, 0xFC, 0x03, 0x80, 0x1C,
    0x00, 0xE0, 0x78, 0x1E, 0x1E, 0x1E, 0x07, 0x0E, 0x03, 0xCF, 0x00, 0xFF, 0x00, 0x3F, 0x00, 0x1F,
    0x80, 0x07, 0x80, 0x03, 0xC0, 0x03, 0xF0, 0x03, 0xFC, 0x01, 0xCE, 0x01, 0xE7, 0x81, 0xE1, 0xF8,
    0xE0, 0xFC, 0xF0, 0x3E, 0x00, 0x07, 0x00, 0x03, 0x80, 0x01, 0xC0, 0x00, 0xE0, 0x78, 0xF0, 0xE3,
    0x83, 0xDE, 0x07, 0x70, 0x1F, 0x80, 0x3E, 0x00, 0xF8, 0x07, 0xE0, 0x1D, 0xC0, 0xE7, 0xE7, 0x8F,
    0x9C, 0x3E, 0x00, 0x38, 0x00, 0xE0, 0x03, 0x80, 0x0E, 0xFF, 0xF3, 0x9F, 0xFE, 0x71, 0xFF, 0xCE,
    0x03, 0x81, 0xC0, 0x70, 0x38, 0x0E, 0x07, 0x01, 0xC0, 0xE0, 0x38, 0x1C, 0x07, 0x03, 0x80, 0xE0,
    0x70, 0x1C, 0x0E, 0x03, 0x81, 0xC0, 0x70, 0x38, 0x0F, 0xFF, 0xC1, 0xFF, 0xF8, 0x3F, 0xFF, 0x00,
    0x00, 0xE0, 0x00, 0x1C, 0x00, 0x03, 0x80, 0x00, 0x70, 0xFE, 0x73, 0xF9, 0xCF, 0xE7, 0x0E, 0x1C,
    0x38, 0x70, 0xE1, 0xC3, 0x87, 0x0E, 0x1C, 0x38, 0x70, 0xFF, 0xF3, 0xFF, 0xCF, 0xFF, 0x00, 0x1C,
    0x00, 0x70, 0x01, 0xC0, 0x07, 0xE0, 0x73, 0x81, 0xCE, 0x07, 0x38, 0x1C, 0xE0, 0x73, 0x81, 0xCF,
    0x07, 0x3C, 0x3C, 0x7F, 0xF0, 0xFF, 0xC0, 0xE7, 0x00, 0x1C, 0x00, 0x70, 0x01, 0xF0, 0x07, 0xC0,
    0x1F, 0x00, 0x1C, 0x00, 0x70, 0x01, 0xC0, 0x07, 0xE1, 0xCE, 0x1C, 0xE1, 0xCE, 0x1C, 0xE1, 0xCF,
    0x1C, 0xFF, 0xC7, 0xFC, 0x0F, 0xC0, 0x1E, 0x01, 0xE0, 0x1E, 0x00, 0x60, 0x06, 0x00, 0x60, 0x06,
    0xE0, 0x77, 0x03, 0xB8, 0x1D, 0xC0, 0xEE, 0x07, 0x73, 0x3B, 0xD9, 0xDE, 0xDE, 0x7F, 0xF1, 0xFF,
    0x87, 0x9C, 0x0C, 0xE0, 0x67, 0x00, 0x38, 0x01, 0xC0, 0x0E, 0xE1, 0xF8, 0x7E, 0x1F, 0xB7, 0xED,
    0xFF, 0x7F, 0xFD, 0xFF, 0x0F, 0xC3, 0x70, 0xDC, 0x07, 0xE0, 0x07, 0x00, 0x38, 0x01, 0xC0, 0x0E,
    0x00, 0x70, 0x03, 0xBF, 0x1F, 0xFC, 0xFF, 0xF7, 0x07, 0xB8, 0x1D, 0xC0, 0xEE, 0x07, 0x70, 0x3B,
    0x81, 0xDC, 0x0E, 0xE0, 0x1C, 0x03, 0x80, 0x70, 0x0E, 0xF1, 0xFF, 0x3F, 0xF7, 0x8E, 0xE1, 0xDC,
    0x3B, 0x87, 0x70, 0xEE, 0x1D, 0xC3, 0xB8, 0x77, 0x0E, 0x00, 0xFC, 0x00, 0xFF, 0x80, 0x7F, 0xF0,
    0x1E, 0x1C, 0xEF, 0x07, 0xBB, 0x80, 0xEF, 0xFF, 0xFB, 0xFF, 0xFE, 0x7F, 0xFF, 0x83, 0x80, 0x00,
    0xE0, 0x00, 0x3C, 0x1E, 0x07, 0x87, 0x81, 0xFF, 0xC0, 0x3F, 0xE0, 0x03, 0xF0, 0x01, 0xF0, 0x0F,
    0xF0, 0x1F, 0xF6, 0x78, 0xFE, 0xE0, 0xEF, 0xFF, 0xCF, 0xFF, 0x87, 0x00, 0x0F, 0x0C, 0x0F, 0xFC,
    0x1F, 0xF0, 0x0F, 0x80, 0x00, 0xFC, 0x00, 0xFF, 0x80, 0x7F, 0xF0, 0x1C, 0x1C, 0xEF, 0x07, 0xBB,
    0x80, 0xEF, 0xFF, 0xFB, 0xFF, 0xFE, 0x7F, 0xFF, 0x83, 0x80, 0x00, 0xF0, 0x00, 0x3C, 0x1E, 0x07,
    0x8F, 0x81, 0xFF, 0xC0, 0x3F, 0xE0, 0x03, 0xE0, 0x00, 0x70, 0x00, 0x1C, 0x00, 0x07, 0x00, 0x01,
    0xF0, 0x0F, 0xF8, 0x1F, 0xF7, 0x78, 0x7F, 0xFF, 0xEF, 0xFF, 0xC3, 0x80, 0x07, 0x00, 0x0F, 0x1E,
    0x0F, 0xF8, 0x1F, 0xF0, 0x0F, 0x80, 0x0C, 0x00, 0x0E, 0x00, 0x0C, 0x00, 0x78, 0xEE, 0xEE, 0xEE,
    0xEE, 0xEE, 0xEE, 0xEE, 0xEE, 0x00, 0xC6, 0x00, 0x01, 0x8C, 0x00, 0x01, 0xF0, 0x00, 0x01, 0xC0,
    0x00, 0x00, 0x00, 0x0F, 0x07, 0x07, 0x8F, 0x0E, 0x1E, 0x1E, 0x1C, 0x3C, 0x1E, 0x38, 0xF0, 0x1C,
    0x71, 0xC0, 0x3C, 0xE7, 0x80, 0x39, 0xCE, 0x00, 0x7F, 0xFC, 0x00, 0xFF, 0xF8, 0x01, 0xFF, 0xF8,
    0x07, 0x9C, 0xF0, 0x1E, 0x38, 0xF0, 0x3C, 0x71, 0xE0, 0xF0, 0xE1, 0xE1, 0xC1, 0xC1, 0xC7, 0x83,
    0x83, 0xC0, 0x03, 0x18, 0x00, 0x63, 0x00, 0x07, 0xC0, 0x00, 0x70, 0x00, 0x00, 0x00, 0xF1, 0xC7,
    0x8E, 0x38, 0xE0, 0xE7, 0x38, 0x1E, 0xEF, 0x01, 0xDD, 0xC0, 0x1F, 0xF8, 0x03, 0xFE, 0x00, 0xFF,
    0xE0, 0x3D, 0xDE, 0x07, 0x39, 0xC1, 0xE7, 0x3C, 0x78, 0xE3, 0xC0, 0xE0, 0xF7, 0x0F, 0x38, 0x71,
    0xC7, 0x8E, 0x78, 0x73, 0x83, 0xFC, 0x1F, 0xF0, 0xFF, 0xC7, 0xDF, 0x38, 0x3D, 0xC0, 0xEE, 0x07,
    0x70, 0x3B, 0x81, 0xDC, 0x1E, 0x00, 0xF0, 0x1F, 0x00, 0xF0, 0x00, 0x00, 0xE1, 0xFC, 0x7B, 0x9E,
    0x73, 0xCE, 0xF1, 0xFE, 0x3F, 0xE7, 0xFE, 0xE1, 0xFC, 0x1F, 0x83, 0xF0, 0xF0, 0x1E, 0x07, 0x80,
    0xE0, 0x00, 0x0F, 0xFC, 0x07, 0xFE, 0x07, 0xFF, 0x03, 0xC3, 0x81, 0xE1, 0xC0, 0xE0, 0xE0, 0x70,
    0x70, 0x38, 0x38, 0x1C, 0x1C, 0x0E, 0x0E, 0x07, 0x07, 0x03, 0x83, 0x83, 0xC1, 0xC3, 0xC0, 0xFB,
    0xE0, 0x7D, 0xE0, 0x3E, 0x00, 0x0E, 0x00, 0x07, 0x00, 0x03, 0x80, 0x01, 0x80, 0x3F, 0xE1, 0xFF,
    0x0F, 0xF8, 0x71, 0xC3, 0x8E, 0x1C, 0x70, 0xE3, 0x87, 0x1C, 0x38, 0xE7, 0xC7, 0xFC, 0x3F, 0xC1,
    0xE0, 0x07, 0x00, 0x38, 0x03, 0xC0, 0x0C, 0xE0, 0x3F, 0x01, 0xF8, 0x0F, 0xC0, 0x7E, 0x03, 0xF0,
    0x1F, 0xFF, 0xFF, 0xFF, 0xFF, 0xFF, 0x01, 0xF8, 0x0F, 0xC0, 0x7E, 0x03, 0xF0, 0x1F, 0x80, 0xFC,
    0x07, 0x00, 0x38, 0x07, 0xC0, 0x3E, 0x01, 0xE0, 0xE1, 0xDC, 0x3B, 0x87, 0x70, 0xEF, 0xFD, 0xFF,
    0xBF, 0xF7, 0x0E, 0xE1, 0xDC, 0x3B, 0x87, 0x70, 0xE0, 0x1C, 0x0F, 0x81, 0xF0, 0x3C, 0xE0, 0x39,
    0xC0, 0x73, 0x80, 0xE7, 0x01, 0xCE, 0x03, 0x9C, 0x07, 0x3F, 0xFE, 0x7F, 0xFC, 0xFF, 0xF9, 0xC0,
    0x73, 0x80, 0xE7, 0x01, 0xCE, 0x03, 0x9C, 0x07, 0xF8, 0x0F, 0xF0, 0x1E, 0x00, 0x1C, 0x00, 0x38,
    0x00, 0x70, 0x00, 0xC0, 0xE1, 0xC7, 0x0E, 0x38, 0x71, 0xC3, 0x8F, 0xFC, 0x7F, 0xE3, 0xFF, 0x1C,
    0x38, 0xE1, 0xC7, 0x0F, 0xB8, 0x7D, 0xC3, 0xE0, 0x0E, 0x00, 0x70, 0x03, 0x80, 0x18, 0xE0, 0x73,
    0x81, 0xCE, 0x07, 0x38, 0x1C, 0xE0, 0x73, 0x81, 0xCF, 0x07, 0x3C, 0x3C, 0x7F, 0xF0, 0xFF, 0xC0,
    0xE7, 0x00, 0x1C, 0x00, 0x70, 0x01, 0xF0, 0x07, 0xC0, 0x1F, 0x00, 0x1C, 0x00, 0x70, 0x01, 0xC0,
    0x07, 0xE1, 0xCE, 0x1C, 0xE1, 0xCE, 0x1C, 0xE1, 0xCF, 0x1C, 0xFF, 0xC7, 0xFC, 0x0F, 0xC0, 0x1E,
    0x01, 0xE0, 0x1E, 0x00, 0x60, 0x06, 0x00, 0x60, 0x06, 0xF8, 0x0F, 0x9F, 0x03, 0xF3, 0xF0, 0x7E,
    0x7E, 0x0F, 0xCF, 0xC3, 0xF9, 0xFC, 0x77, 0x3B, 0x8E, 0xE7, 0x7B, 0xDC, 0xEF, 0x73, 0x9C, 0xEE,
    0x73, 0x9D, 0xCE, 0x71, 0xF1, 0xCE, 0x3E, 0x39, 0xC7, 0xC7, 0xF8, 0x70, 0xFF, 0x0E, 0x1E, 0x00,
    0x01, 0xC0, 0x00, 0x38, 0x00, 0x0F, 0x00, 0x00, 0xC0, 0xF8, 0x7C, 0x7C, 0x3E, 0x3F, 0x3F, 0x1F,
    0x9F, 0x8F, 0xCF, 0xC7, 0x76, 0xE3, 0xBF, 0x71, 0xDF, 0xB8, 0xE7, 0x9C, 0x73, 0xCF, 0xB9, 0xE7,
    0xDC, 0x73, 0xE0, 0x00, 0xE0, 0x00, 0x70, 0x00, 0x78, 0x00, 0x18, 0xEE, 0xEE, 0xEE, 0xEE, 0xEE,
    0xEE, 0xEE, 0xEE, 0x0C, 0x30, 0x0E, 0x70, 0x07, 0xE0, 0x03, 0xC0, 0x00, 0x00, 0x07, 0xE0, 0x07,
    0xE0, 0x07, 0xE0, 0x0F, 0xE0, 0x0F, 0xF0, 0x0E, 0x70, 0x0E, 0x70, 0x1E, 0x78, 0x1E, 0x78, 0x1C,
    0x38, 0x3F, 0xFC, 0x3F, 0xFC, 0x3F, 0xFC, 0x78, 0x1E, 0x78, 0x1E, 0x70, 0x0E, 0x31, 0x87, 0x70,
    0x7C, 0x07, 0x00, 0x00, 0x3E, 0x1F, 0xE3, 0xFE, 0x71, 0xC0, 0x38, 0xFF, 0x3F, 0xEF, 0x1D, 0xC3,
    0xBC, 0xF7, 0xFE, 0x7D, 0xC0, 0x04, 0x20, 0x0E, 0x70, 0x0E, 0x70, 0x00, 0x00, 0x03, 0xC0, 0x07,
    0xE0, 0x07, 0xE0, 0x07, 0xE0, 0x0F, 0xF0, 0x0E, 0x70, 0x0E, 0x70, 0x1E, 0x78, 0x1E, 0x78, 0x1C,
    0x38, 0x3F, 0xFC, 0x3F, 0xFC, 0x3F, 0xFC, 0x78, 0x1E, 0x78, 0x1E, 0x70, 0x0E, 0x11, 0x07, 0x70,
    0xEE, 0x00, 0x00, 0x00, 0x3E, 0x1F, 0xE3, 0xFE, 0x71, 0xC0, 0x38, 0xFF, 0x3F, 0xEF, 0x1D, 0xC3,
    0xBF, 0xF7, 0xFE, 0x7D, 0xC0, 0x01, 0xFF, 0xF0, 0x3F, 0xFF, 0x03, 0xBF, 0xF0, 0x7B, 0x80, 0x07,
    0x38, 0x00, 0x73, 0x80, 0x0F, 0x38, 0x00, 0xE3, 0xFF, 0x1E, 0x3F, 0xF1, 0xC3, 0xFE, 0x1F, 0xF8,
    0x03, 0xFF, 0x80, 0x3F, 0xF8, 0x07, 0x83, 0xFF, 0x78, 0x3F, 0xF7, 0x03, 0xFF, 0x3E, 0x7E, 0x1F,
    0xFF, 0xC7, 0xFF, 0xF8, 0x8F, 0x0E, 0x0F, 0xFF, 0x9F, 0xFF, 0xFF, 0xFF, 0xFF, 0xCF, 0x00, 0xE3,
    0xC3, 0xBF, 0xFF, 0xEF, 0xFF, 0xF1, 0xF1, 0xF8, 0x61, 0x9C, 0xE3, 0xF0, 0x78, 0x00, 0x3F, 0xFF,
    0xFF, 0xFF, 0xE0, 0x38, 0x0E, 0x03, 0x80, 0xFF, 0xFF, 0xFF, 0xFB, 0x80, 0xE0, 0x38, 0x0F, 0xFF,
    0xFF, 0xFF, 0xC0, 0x31, 0x87, 0x70, 0x7C, 0x07, 0x00, 0x00, 0x3E, 0x0F, 0xE3, 0xFE, 0xF1, 0xFC,
    0x1F, 0xFF, 0xFF, 0xFE, 0x01, 0xE1, 0x9F, 0xF9, 0xFE, 0x1F, 0x80, 0x0F, 0xC0, 0xFF, 0x87, 0xFF,
    0x3C, 0x1E, 0xF0, 0x38, 0x00, 0xFF, 0xFF, 0xFF, 0xFF, 0xFF, 0xFF, 0x80, 0x7E, 0x03, 0xFC, 0x0F,
    0x70, 0x79, 0xFF, 0xC3, 0xFE, 0x03, 0xF0, 0x3F, 0x0F, 0xF3, 0xFF, 0x30, 0xF0, 0x0F, 0xFF, 0xFF,
    0xFF, 0xFF, 0xF1, 0xEF, 0xF8, 0xFE, 0x0F, 0x80, 0x08, 0x80, 0x77, 0x01, 0xDC, 0x00, 0x00, 0x00,
    0x00, 0x3F, 0x03, 0xFE, 0x1F, 0xFC, 0xF0, 0x7B, 0xC0, 0xE0, 0x03, 0xFF, 0xFF, 0xFF, 0xFF, 0xFF,
    0xFE, 0x01, 0xF8, 0x0F, 0xF0, 0x3D, 0xC1, 0xE7, 0xFF, 0x0F, 0xF8, 0x0F, 0xC0, 0x11, 0x07, 0x70,
    0xEE, 0x00, 0x00, 0x00, 0x7E, 0x1F, 0xE7, 0xFE, 0x61, 0xE0, 0x1F, 0xFF, 0xFF, 0xFF, 0xFF, 0xE3,
    0xDF, 0xF1, 0xFC, 0x1F, 0x00, 0x00, 0x84, 0x00, 0x07, 0x38, 0x00, 0x1C, 0xE0, 0x00, 0x00, 0x00,
    0x78, 0x70, 0x79, 0xE1, 0xC1, 0xE3, 0xC7, 0x0F, 0x0F, 0x1C, 0x3C, 0x1C, 0x71, 0xE0, 0x79, 0xC7,
    0x80, 0xE7, 0x3C, 0x01, 0xFF, 0xE0, 0x0F, 0xFF, 0xC0, 0x3F, 0xFF, 0x01, 0xE7, 0x1E, 0x07, 0x1C,
    0x38, 0x3C, 0x70, 0xF0, 0xE1, 0xC1, 0xE7, 0x87, 0x07, 0xBC, 0x1C, 0x0F, 0x07, 0x38, 0x01, 0xCE,
    0x00, 0x21, 0x00, 0x00, 0x00, 0x00, 0x00, 0x3C, 0x70, 0xF7, 0x9C, 0x78, 0xE7, 0x3C, 0x3D, 0xCF,
    0x07, 0x77, 0x80, 0xFF, 0xC0, 0x3F, 0xF0, 0x1F, 0xFE, 0x0F, 0x77, 0xC3, 0x9C, 0xF1, 0xE7, 0x1E,
    0xF1, 0xC3, 0xC0, 0x11, 0x03, 0xB8, 0x3B, 0x80, 0x00, 0x00, 0x01, 0xF0, 0x7F, 0xCF, 0xFE, 0xF1,
    0xEE, 0x0E, 0x01, 0xE0, 0xFC, 0x0F, 0x80, 0xFC, 0x01, 0xE0, 0x0E, 0xE0, 0xEF, 0x1E, 0xFF, 0xE7,
    0xFC, 0x1F, 0x00, 0x21, 0x1C, 0xE7, 0x38, 0x00, 0x00, 0x0F, 0x87, 0xFB, 0xFE, 0xE3, 0x83, 0xE0,
    0xF0, 0x3E, 0x03, 0xB8, 0xEF, 0xF9, 0xFC, 0x3E, 0x00, 0x7F, 0xE7, 0xFE, 0x7F, 0xE0, 0x1C, 0x03,
    0x80, 0x70, 0x0F, 0x00, 0xFC, 0x0F, 0xE0, 0x0F, 0x00, 0x76, 0x07, 0x70, 0xF7, 0xFE, 0x3F, 0xE1,
    0xF8, 0x7F, 0xE7, 0xFE, 0x7F, 0xE0, 0x1C, 0x03, 0x80, 0x70, 0x0F, 0x00, 0xFC, 0x0F, 0xE0, 0x0F,
    0x00, 0x76, 0x07, 0x70, 0xF7, 0xFE, 0x3F, 0xE1, 0xF8, 0x1F, 0x80, 0x7E, 0x01, 0xF8, 0x00, 0x00,
    0xE0, 0x7B, 0x81, 0xEE, 0x0F, 0xB8, 0x7E, 0xE1, 0xFB, 0x8E, 0xEE, 0x3B, 0xB9, 0xCE, 0xE7, 0x3B,
    0xB8, 0xEF, 0xE3, 0xBF, 0x0E, 0xF8, 0x3B, 0xE0, 0xEF, 0x03, 0xBC, 0x0E, 0x3F, 0x07, 0xE0, 0xFC,
    0x00, 0x0E, 0x1D, 0xC7, 0xB8, 0xF7, 0x3E, 0xE7, 0xDD, 0xFB, 0xF7, 0x7C, 0xEF, 0x9D, 0xE3, 0xBC,
    0x77, 0x0E, 0x08, 0x80, 0x77, 0x01, 0xDC, 0x00, 0x00, 0xE0, 0x7B, 0x81, 0xEE, 0x0F, 0xB8, 0x3E,
    0xE1, 0xFB, 0x8F, 0xEE, 0x3B, 0xB9, 0xEE, 0xE7, 0x3B, 0xB8, 0xEE, 0xE3, 0xBF, 0x0E, 0xFC, 0x3B,
    0xE0, 0xEF, 0x83, 0xBC, 0x0E, 0x73, 0x8E, 0x70, 0x84, 0x00, 0x00, 0x01, 0xC3, 0xB8, 0xF7, 0x1E,
    0xE7, 0xDC, 0xFB, 0xBF, 0x7E, 0xEF, 0x9D, 0xF3, 0xBC, 0x77, 0x8E, 0xE1, 0xC0, 0x08, 0x40, 0x39,
    0xC0, 0x73, 0x80, 0x00, 0x00, 0x00, 0x01, 0xF8, 0x07, 0xFC, 0x1F, 0xFC, 0x78, 0x79, 0xE0, 0x7B,
    0xC0, 0x77, 0x00, 0xEE, 0x01, 0xDC, 0x03, 0xB8, 0x07, 0x78, 0x0E, 0xF0, 0x3C, 0xF0, 0xF0, 0xFF,
    0xE0, 0xFF, 0x80, 0xFC, 0x00, 0x11, 0x03, 0xB8, 0x3B, 0x80, 0x00, 0x00, 0x01, 0xF0, 0x3F, 0xC7,
    0xFC, 0xF1, 0xEE, 0x0E, 0xE0, 0xEE, 0x0E, 0xE0, 0xEF, 0x1E, 0x7F, 0xC3, 0xFC, 0x1F, 0x00, 0x0F,
    0xC0, 0x3F, 0xE0, 0xFF, 0xE3, 0xC3, 0xCF, 0x03, 0xDE, 0x03, 0xBF, 0xFF, 0x7F, 0xFE, 0xFF, 0xFD,
    0xC0, 0x3B, 0xC0, 0x77, 0x81, 0xE7, 0x87, 0x87, 0xFF, 0x07, 0xFC, 0x07, 0xE0, 0x1F, 0x03, 0xFC,
    0x7F, 0xCF, 0x1E, 0xFC, 0xEF, 0xFE, 0xF7, 0xEE, 0x0E, 0xF1, 0xE7, 0xFC, 0x3F, 0xC1, 0xF0, 0x08,
    0x40, 0x39, 0xC0, 0x73, 0x80, 0x00, 0x00, 0x00, 0x01, 0xF8, 0x07, 0xFC, 0x1F, 0xFC, 0x78, 0x79,
    0xE0, 0x7B, 0xC0, 0x77, 0xFF, 0xEF, 0xFF, 0xDF, 0xFF, 0xB8, 0x07, 0x78, 0x0E, 0xF0, 0x3C, 0xF0,
    0xF0, 0xFF, 0xE0, 0xFF, 0x80, 0xFC, 0x00, 0x11, 0x03, 0xB8, 0x3B, 0x80, 0x00, 0x00, 0x01, 0xF0,
    0x3F, 0xC7, 0xFC, 0xF1, 0xEF, 0xCE, 0xFF, 0xEF, 0x7E, 0xE0, 0xEF, 0x1E, 0x7F, 0xC3, 0xFC, 0x1F,
    0x00, 0x08, 0x40, 0x73, 0x81, 0xCE, 0x00, 0x00, 0x00, 0x00, 0x3F, 0x03, 0xFE, 0x1F, 0xFC, 0x70,
    0x7B, 0xC0, 0xF6, 0x01, 0xC0, 0xFF, 0x07, 0xFC, 0x1F, 0xF0, 0x01, 0xD8, 0x07, 0xF0, 0x3D, 0xE1,
    0xE7, 0xFF, 0x0F, 0xF8, 0x0F, 0xC0, 0x10, 0x83, 0x9C, 0x39, 0xC0, 0x00, 0x00, 0x01, 0xF0, 0x3F,
    0xC7, 0xFC, 0x71, 0xE0, 0x7E, 0x07, 0xE0, 0x7E, 0x00, 0xE7, 0x1E, 0x7F, 0xC3, 0xFC, 0x1F, 0x00,
    0x0F, 0xC0, 0x3F, 0x00, 0xFC, 0x00, 0x00, 0xF0, 0x3D, 0xE0, 0xE7, 0x87, 0x8E, 0x1C, 0x3C, 0xF0,
    0x73, 0xC1, 0xEE, 0x03, 0xF8, 0x0F, 0xC0, 0x1F, 0x00, 0x78, 0x01, 0xE0, 0x07, 0x80, 0xFC, 0x03,
    0xF0, 0x0F, 0x00, 0x0F, 0xC0, 0x7E, 0x03, 0xF0, 0x00, 0x07, 0x07, 0xBC, 0x3C, 0xE1, 0xC7, 0x1E,
    0x1C, 0xE0, 0xE7, 0x07, 0x78, 0x1F, 0x80, 0xFC, 0x07, 0xE0, 0x1E, 0x00, 0xF0, 0x07, 0x00, 0xF8,
    0x0F, 0x80, 0x78, 0x00, 0x08, 0x40, 0x73, 0x81, 0xCE, 0x00, 0x00, 0xF0, 0x3D, 0xC0, 0xE7, 0x87,
    0x8E, 0x1E, 0x3C, 0xF0, 0x73, 0xC1, 0xEE, 0x03, 0xF8, 0x0F, 0xC0, 0x1F, 0x00, 0x7C, 0x01, 0xE0,
    0x07, 0x80, 0xFC, 0x03, 0xF0, 0x0F, 0x00, 0x1C, 0xE0, 0x73, 0x80, 0x84, 0x00, 0x00, 0x00, 0x01,
    0xC0, 0xE7, 0x87, 0x8E, 0x1C, 0x38, 0x70, 0xF3, 0xC1, 0xCE, 0x07, 0x78, 0x1F, 0xC0, 0x3F, 0x00,
    0xFC, 0x01, 0xE0, 0x07, 0x80, 0x1C, 0x03, 0xF0, 0x0F, 0x80, 0x3C, 0x00, 0x07, 0x70, 0x1D, 0xC0,
    0x33, 0x00, 0x00, 0x07, 0x83, 0xCF, 0x07, 0x8F, 0x0E, 0x1E, 0x3C, 0x1C, 0x70, 0x3C, 0xE0, 0x3B,
    0xC0, 0x77, 0x00, 0x7E, 0x00, 0xF8, 0x00, 0xF0, 0x01, 0xE0, 0x03, 0x80, 0x3F, 0x00, 0x7C, 0x00,
    0xF0, 0x00, 0x1C, 0xE0, 0xEE, 0x06, 0xE0, 0x00, 0x00, 0x00, 0x78, 0x39, 0xC3, 0xCE, 0x1C, 0x38,
    0xE1, 0xCF, 0x0E, 0x70, 0x3B, 0x81, 0xFC, 0x0F, 0xC0, 0x3E, 0x01, 0xE0, 0x0F, 0x00, 0x78, 0x0F,
    0x80, 0xFC, 0x07, 0xC0, 0x00, 0x10, 0x81, 0xCE, 0x0E, 0x70, 0x00, 0x0E, 0x07, 0x70, 0x3B, 0x81,
    0xDC, 0x0E, 0xE0, 0x77, 0x03, 0xBC, 0x1D, 0xE1, 0xE7, 0xFF, 0x1F, 0xF8, 0x39, 0xC0, 0x0E, 0x00,
    0x70, 0x03, 0x80, 0x1C, 0x00, 0xE0, 0x73, 0x9C, 0xE2, 0x10, 0x00, 0x00, 0x38, 0x7E, 0x1F, 0x87,
    0xE1, 0xF8, 0x7F, 0x1F, 0xFF, 0x7F, 0xC3, 0xF0, 0x1C, 0x07, 0x01, 0xC0, 0xFF, 0xFF, 0xFF, 0xFF,
    0x80, 0xE0, 0x38, 0x0E, 0x03, 0x80, 0xE0, 0x38, 0x0E, 0x03, 0x80, 0xE0, 0x3E, 0x0F, 0x83, 0xE0,
    0x38, 0x0E, 0x03, 0x80, 0xE0, 0xFF, 0xFF, 0xFF, 0xE0, 0xE0, 0xE0, 0xE0, 0xE0, 0xE0, 0xF8, 0xF8,
    0xF8, 0x38, 0x38, 0x38, 0x38, 0x04, 0x20, 0x07, 0x38, 0x03, 0x9C, 0x00, 0x00, 0x0E, 0x00, 0x77,
    0x00, 0x3B, 0x80, 0x1D, 0xC0, 0x0E, 0xE0, 0x07, 0x70, 0x03, 0xBF, 0xE1, 0xDF, 0xFC, 0xEF, 0xFE,
    0x77, 0x07, 0xBB, 0x81, 0xDD, 0xC0, 0xEE, 0xE0, 0xF7, 0x7F, 0xF3, 0xBF, 0xF9, 0xDF, 0xF0, 0xE0,
    0x1C, 0xE0, 0x39, 0xC0, 0x21, 0x00, 0x00, 0x00, 0x00, 0x1C, 0x03, 0xB8, 0x07, 0x70, 0x0E, 0xE0,
    0x1D, 0xFE, 0x3B, 0xFE, 0x77, 0xFE, 0xEE, 0x1D, 0xDC, 0x3B, 0xBF, 0xF7, 0x7F, 0xCE, 0xFF, 0x1C,
    0x3F, 0xF3, 0xFF, 0x3F, 0xF3, 0x80, 0x38, 0x03, 0x80, 0xFF, 0x8F, 0xF8, 0xFF, 0x83, 0x80, 0x38,
    0x03, 0x80, 0x38, 0x03, 0xE0, 0x3E, 0x03, 0xE0, 0x0E, 0x03, 0xE0, 0x7C, 0x07, 0x80, 0x3F, 0xCF,
    0xF3, 0xFC, 0xE0, 0x38, 0x3F, 0xCF, 0xF1, 0xFC, 0x38, 0x0F, 0x83, 0xE0, 0xF8, 0x0E, 0x0F, 0x87,
    0xC1, 0xE0, 0x78, 0x1C, 0x1E, 0x1E, 0x07, 0x1E, 0x03, 0xCE, 0x00, 0xFF, 0x00, 0x3F, 0x00, 0x1F,
    0x80, 0x07, 0x80, 0x03, 0xC0, 0x03, 0xF0, 0x03, 0xFC, 0x01, 0xDE, 0x01, 0xE7, 0x81, 0xE1, 0xE0,
    0xE0, 0xFC, 0xF0, 0x3E, 0x00, 0x07, 0x00, 0x0F, 0x80, 0x07, 0xC0, 0x03, 0xC0, 0x71, 0xE7, 0x9C,
    0x3B, 0xC3, 0xF8, 0x1F, 0x81, 0xF0, 0x1F, 0x01, 0xF8, 0x3F, 0x83, 0xBC, 0x79, 0xE7, 0x0E, 0x00,
    0xE0, 0x3E, 0x07, 0xE0, 0x7C, 0x38, 0x1E, 0x3C, 0x3C, 0x1C, 0x38, 0x1E, 0x78, 0x0F, 0xF0, 0x07,
    0xE0, 0x07, 0xE0, 0x3F, 0xFC, 0x3F, 0xFC, 0x07, 0xE0, 0x0F, 0xF0, 0x0E, 0x70, 0x1E, 0x78, 0x3C,
    0x3C, 0x38, 0x3C, 0x78, 0x1E, 0x70, 0xE7, 0x9E, 0x39, 0xC1, 0xF8, 0x1F, 0x87, 0xFE, 0x1F, 0x81,
    0xF8, 0x3F, 0xC3, 0x9C, 0x79, 0xE7, 0x0E, 0x03, 0xE0, 0x03, 0xE0, 0x07, 0xE0, 0x07, 0xE0, 0x07,
    0x70, 0x0F, 0x70, 0x0E, 0x70, 0x0E, 0x78, 0x1E, 0x38, 0x1F, 0xF8, 0x1F, 0xFC, 0x3F, 0xFC, 0x38,
    0x1C, 0x38, 0x1E, 0x78, 0x1E, 0x78, 0x0E, 0x00, 0x00, 0x01, 0xC0, 0x01, 0xC0, 0x01, 0xC0, 0x1F,
    0x8F, 0xF9, 0xFF, 0xB8, 0xF0, 0x1E, 0x7F, 0xDF, 0xFF, 0x87, 0xE1, 0xFF, 0xFF, 0xFF, 0x9E, 0x70,
    0x00, 0x1C, 0x03, 0x80, 0x70, 0x03, 0x80, 0x03, 0xC0, 0x00, 0xC0, 0x01, 0x80, 0x00, 0x00, 0x03,
    0xC0, 0x07, 0xE0, 0x07, 0xE0, 0x07, 0xE0, 0x0F, 0xF0, 0x0E, 0x70, 0x0E, 0x70, 0x1E, 0x78, 0x1E,
    0x78, 0x1C, 0x38, 0x3F, 0xFC, 0x3F, 0xFC, 0x3F, 0xFC, 0x78, 0x1E, 0x78, 0x1E, 0x70, 0x0E, 0x1E,
    0x03, 0xC0, 0x18, 0x02, 0x00, 0x00, 0x3E, 0x1F, 0xE3, 0xFE, 0x61, 0xC0, 0x38, 0xFF, 0x3F, 0xEF,
    0x1D, 0xC3, 0xBF, 0xF7, 0xFE, 0x7D, 0xC0, 0x00, 0x38, 0x00, 0x30, 0x00, 0x20, 0x01, 0x80, 0x03,
    0xC0, 0x07, 0xE0, 0x0E, 0x70, 0x00, 0x00, 0x03, 0xC0, 0x07, 0xE0, 0x07, 0xE0, 0x07, 0xE0, 0x0F,
    0xF0, 0x0E, 0x70, 0x0E, 0x70, 0x1E, 0x78, 0x1E, 0x78, 0x1C, 0x38, 0x3F, 0xFC, 0x3F, 0xFC, 0x3F,
    0xFC, 0x78, 0x1E, 0x78, 0x1E, 0x70, 0x0E, 0x00, 0xC0, 0x38, 0x06, 0x06, 0x01, 0xE0, 0x76, 0x0C,
    0xE0, 0x00, 0x1F, 0x0F, 0xF1, 0xFF, 0x30, 0xE0, 0x1C, 0x7F, 0x9F, 0xF7, 0x8E, 0xE1, 0xDF, 0xFB,
    0xFF, 0x3E, 0xE0, 0x00, 0x60, 0x00, 0x30, 0x00, 0x10, 0x01, 0x80, 0x03, 0xC0, 0x07, 0xE0, 0x0E,
    0x70, 0x00, 0x00, 0x03, 0xC0, 0x07, 0xE0, 0x07, 0xE0, 0x07, 0xE0, 0x0F, 0xF0, 0x0E, 0x70, 0x0E,
    0x70, 0x1E, 0x78, 0x1E, 0x78, 0x1C, 0x38, 0x3F, 0xFC, 0x3F, 0xFC, 0x3F, 0xFC, 0x78, 0x1E, 0x78,
    0x1E, 0x70, 0x0E, 0x03, 0x80, 0x30, 0x02, 0x06, 0x01, 0xE0, 0x76, 0x0C, 0xE0, 0x00, 0x1F, 0x0F,
    0xF1, 0xFF, 0x30, 0xE0, 0x1C, 0x7F, 0x9F, 0xF7, 0x8E, 0xE1, 0xDF, 0xFB, 0xFF, 0x3E, 0xE0, 0x00,
    0x70, 0x00, 0x30, 0x00, 0x20, 0x01, 0x80, 0x03, 0xC0, 0x07, 0x60, 0x0E, 0x70, 0x00, 0x00, 0x03,
    0xC0, 0x07, 0xE0, 0x07, 0xE0, 0x07, 0xE0, 0x0F, 0xF0, 0x0F, 0x70, 0x0E, 0x70, 0x1E, 0x78, 0x1E,
    0x78, 0x1C, 0x38, 0x3F, 0xFC, 0x3F, 0xFC, 0x3F, 0xFC, 0x78, 0x1E, 0x78, 0x1E, 0x70, 0x0E, 0x03,
    0x80, 0x30, 0x04, 0x06, 0x01, 0xE0, 0x76, 0x0C, 0xE0, 0x00, 0x1F, 0x0F, 0xF1, 0xFF, 0x30, 0xE0,
    0x1C, 0x7F, 0x9F, 0xF7, 0x8E, 0xE1, 0xDF, 0xFB, 0xFF, 0x3E, 0xE0, 0x07, 0x30, 0x07, 0xE0, 0x04,
    0xC0, 0x01, 0x80, 0x03, 0xC0, 0x07, 0xE0, 0x0E, 0x70, 0x00, 0x00, 0x03, 0xC0, 0x07, 0xE0, 0x07,
    0xE0, 0x07, 0xE0, 0x0F, 0xF0, 0x0E, 0x70, 0x0E, 0x70, 0x1E, 0x78, 0x1E, 0x78, 0x1C, 0x38, 0x3F,
    0xFC, 0x3F, 0xFC, 0x3F, 0xFC, 0x78, 0x1E, 0x78, 0x1E, 0x70, 0x0E, 0x19, 0x87, 0xF0, 0x88, 0x06,
    0x01, 0xE0, 0x76, 0x0C, 0xE0, 0x00, 0x1F, 0x0F, 0xF1, 0xFF, 0x30, 0xE0, 0x1C, 0x7F, 0x9F, 0xF7,
    0x8E, 0xE1, 0xDF, 0xFB, 0xFF, 0x3E, 0xE0, 0x01, 0x80, 0x03, 0xC0, 0x07, 0xE0, 0x0F, 0x70, 0x00,
    0x00, 0x00, 0x00, 0x03, 0xE0, 0x03, 0xE0, 0x07, 0xE0, 0x07, 0xE0, 0x07, 0x70, 0x0F, 0x70, 0x0E,
    0x70, 0x0E, 0x78, 0x1E, 0x38, 0x1F, 0xF8, 0x1F, 0xFC, 0x3F, 0xFC, 0x38, 0x1C, 0x38, 0x1E, 0x78,
    0x1E, 0x78, 0x0E, 0x00, 0x00, 0x01, 0xC0, 0x01, 0xC0, 0x01, 0xC0, 0x0E, 0x03, 0xE0, 0xEE, 0x18,
    0xE0, 0x00, 0x00, 0x07, 0xE3, 0xFE, 0x7F, 0xEE, 0x3C, 0x07, 0x9F, 0xF7, 0xFF, 0xE1, 0xF8, 0x7F,
    0xFF, 0xFF, 0xE7, 0x9C, 0x00, 0x07, 0x00, 0xE0, 0x1C, 0x00, 0x00, 0xE0, 0x01, 0xC0, 0x01, 0x80,
    0x0C, 0x30, 0x0E, 0x70, 0x07, 0xE0, 0x03, 0xC0, 0x00, 0x00, 0x07, 0xE0, 0x07, 0xE0, 0x07, 0xE0,
    0x0F, 0xE0, 0x0F, 0xF0, 0x0E, 0x70, 0x0E, 0x70, 0x1E, 0x78, 0x1E, 0x78, 0x1C, 0x38, 0x3F, 0xFC,
    0x3F, 0xFC, 0x3F, 0xFC, 0x78, 0x1E, 0x78, 0x1E, 0x70, 0x0E, 0x07, 0x00, 0xC0, 0x10, 0x00, 0x03,
    0x18, 0x7F, 0x03, 0x80, 0x00, 0x1F, 0x0F, 0xF1, 0xFF, 0x38, 0xE0, 0x1C, 0x7F, 0x9F, 0xF7, 0x8E,
    0xE1, 0xDE, 0x7B, 0xFF, 0x3E, 0xE0, 0x07, 0x00, 0x03, 0x80, 0x01, 0x80, 0x0C, 0x30, 0x0E, 0x70,
    0x07, 0xE0, 0x03, 0xC0, 0x00, 0x00, 0x07, 0xE0, 0x07, 0xE0, 0x07, 0xE0, 0x0F, 0xE0, 0x0F, 0xF0,
    0x0E, 0x70, 0x0E, 0x70, 0x1E, 0x78, 0x1E, 0x78, 0x1C, 0x38, 0x3F, 0xFC, 0x3F, 0xFC, 0x3F, 0xFC,
    0x78, 0x1E, 0x78, 0x1E, 0x70, 0x0E, 0x18, 0x01, 0x80, 0x10, 0x00, 0x03, 0x18, 0x7F, 0x03, 0x80,
    0x00, 0x1F, 0x0F, 0xF1, 0xFF, 0x38, 0xE0, 0x1C, 0x7F, 0x9F, 0xF7, 0x8E, 0xE1, 0xDE, 0x7B, 0xFF,
    0x3E, 0xE0, 0x01, 0xC0, 0x00, 0xC0, 0x00, 0x80, 0x04, 0x20, 0x0E, 0x70, 0x07, 0xE0, 0x03, 0xC0,
    0x00, 0x00, 0x07, 0xE0, 0x07, 0xE0, 0x07, 0xE0, 0x0F, 0xE0, 0x0F, 0x70, 0x0F, 0x70, 0x0E, 0x70,
    0x1E, 0x78, 0x1E, 0x38, 0x1C, 0x38, 0x3F, 0xFC, 0x3F, 0xFC, 0x3F, 0xFC, 0x78, 0x1E, 0x78, 0x1E,
    0x70, 0x0E, 0x0E, 0x00, 0xC0, 0x18, 0x00, 0x03, 0x18, 0x7F, 0x03, 0x80, 0x00, 0x1F, 0x0F, 0xF1,
    0xFF, 0x38, 0xE0, 0x1C, 0x7F, 0x9F, 0xF7, 0x8E, 0xE1, 0xDE, 0x7B, 0xFF, 0x3E, 0xE0, 0x07, 0x30,
    0x0F, 0xF0, 0x0C, 0xC0, 0x04, 0x20, 0x0E, 0x70, 0x07, 0xE0, 0x03, 0xC0, 0x00, 0x00, 0x07, 0xE0,
    0x07, 0xE0, 0x07, 0xE0, 0x0F, 0xE0, 0x0F, 0xF0, 0x0E, 0x70, 0x0E, 0x70, 0x1E, 0x78, 0x1E, 0x78,
    0x1C, 0x38, 0x3F, 0xFC, 0x3F, 0xFC, 0x3F, 0xFC, 0x78, 0x1E, 0x78, 0x1E, 0x70, 0x0E, 0x1D, 0x87,
    0xF0, 0xCC, 0x18, 0xC3, 0xB8, 0x3E, 0x03, 0x80, 0x00, 0x1F, 0x0F, 0xF1, 0xFF, 0x38, 0xE0, 0x1C,
    0x7F, 0x9F, 0xF7, 0x8E, 0xE1, 0xDE, 0x7B, 0xFF, 0x3E, 0xE0, 0x0C, 0x30, 0x0E, 0x70, 0x07, 0xE0,
    0x03, 0xC0, 0x00, 0x00, 0x00, 0x00, 0x07, 0xE0, 0x07, 0xE0, 0x07, 0xE0, 0x0F, 0xE0, 0x0F, 0x70,
    0x0F, 0x70, 0x0E, 0x70, 0x1E, 0x78, 0x1E, 0x38, 0x1F, 0xF8, 0x3F, 0xFC, 0x3F, 0xFC, 0x38, 0x1C,
    0x78, 0x1E, 0x78, 0x1E, 0x70, 0x0E, 0x00, 0x00, 0x01, 0xC0, 0x01, 0xC0, 0x01, 0xC0, 0x31, 0x87,
    0xF0, 0x7C, 0x00, 0x00, 0x00, 0x3E, 0x1F, 0xE3, 0xFE, 0x71, 0xC0, 0x38, 0xFF, 0x3F, 0xEF, 0x1D,
    0xC3, 0xBC, 0xF7, 0xFE, 0x7D, 0xC0, 0x00, 0x38, 0x07, 0x00, 0xE0, 0xFF, 0xFF, 0xFF, 0xFF, 0x80,
    0xE0, 0x38, 0x0F, 0xFF, 0xFF, 0xFF, 0xB8, 0x0E, 0x03, 0x80, 0xE0, 0x3F, 0xFF, 0xFF, 0xFF, 0x00,
    0x03, 0x80, 0xE0, 0x38, 0x1F, 0x07, 0xF9, 0xFF, 0x78, 0xFF, 0xFF, 0xFF, 0xFF, 0xFF, 0x00, 0xF0,
    0xCF, 0xFC, 0xFF, 0x0F, 0x80, 0x00, 0x1C, 0x03, 0x80, 0x70, 0x1C, 0x07, 0x80, 0xE0, 0x30, 0x00,
    0x3F, 0xFF, 0xFF, 0xFF, 0xE0, 0x38, 0x0E, 0x03, 0x80, 0xFF, 0xFF, 0xFF, 0xFB, 0x80, 0xE0, 0x38,
    0x0F, 0xFF, 0xFF, 0xFF, 0xC0, 0x1E, 0x01, 0xC0, 0x18, 0x02, 0x00, 0x00, 0x3E, 0x0F, 0xE3, 0xFE,
    0xF1, 0xFF, 0xFF, 0xFF, 0xFF, 0xFE, 0x01, 0xE1, 0x9F, 0xF9, 0xFE, 0x1F, 0x80, 0x19, 0x8F, 0x43,
    0xF0, 0x98, 0x00, 0x3F, 0xFF, 0xFF, 0xFF, 0xE0, 0x38, 0x0E, 0x03, 0x80, 0xFF, 0xFF, 0xFF, 0xFB,
    0x80, 0xE0, 0x38, 0x0F, 0xFF, 0xFF, 0xFF, 0xC0, 0x3F, 0x87, 0xE0, 0x00, 0x00, 0x01, 0xF0, 0x7F,
    0x1F, 0xF7, 0x8F, 0xFF, 0xFF, 0xFF, 0xFF, 0xF0, 0x0F, 0x0C, 0xFF, 0xCF, 0xF0, 0xFC, 0x00, 0xC0,
    0x30, 0x04, 0x06, 0x01, 0xE0, 0x76, 0x1C, 0xE0, 0x00, 0xFF, 0xDF, 0xFB, 0xFF, 0x70, 0x0E, 0x01,
    0xC0, 0x38, 0x07, 0xFE, 0xFF, 0xDF, 0xF3, 0x80, 0x70, 0x0E, 0x01, 0xFF, 0xBF, 0xF7, 0xFE, 0x00,
    0xE0, 0x38, 0x06, 0x07, 0x01, 0xF0, 0x77, 0x0C, 0x60, 0x00, 0x1F, 0x07, 0xF1, 0xFF, 0x78, 0xFF,
    0xFF, 0xFF, 0xFF, 0xFF, 0x00, 0xF0, 0xCF, 0xFC, 0xFF, 0x0F, 0xC0, 0x03, 0x00, 0x60, 0x08, 0x30,
    0x1E, 0x0E, 0xC7, 0x38, 0x00, 0xFF, 0xFF, 0xFF, 0xFF, 0x80, 0xE0, 0x38, 0x0E, 0x03, 0xFF, 0xFF,
    0xFF, 0xEE, 0x03, 0x80, 0xE0, 0x3F, 0xFF, 0xFF, 0xFF, 0x03, 0x80, 0x30, 0x02, 0x07, 0x01, 0xF0,
    0x77, 0x0C, 0x60, 0x00, 0x1F, 0x07, 0xF1, 0xFF, 0x78, 0xFF, 0xFF, 0xFF, 0xFF, 0xFF, 0x00, 0xF0,
    0xCF, 0xFC, 0xFF, 0x0F, 0xC0, 0x03, 0x80, 0x60, 0x10, 0x30, 0x1E, 0x0E, 0xC7, 0x38, 0x00, 0xFF,
    0xFF, 0xFF, 0xFF, 0x80, 0xE0, 0x38, 0x0E, 0x03, 0xFF, 0xFF, 0xFF, 0xEE, 0x03, 0x80, 0xE0, 0x3F,
    0xFF, 0xFF, 0xFF, 0x03, 0x80, 0x30, 0x06, 0x06, 0x01, 0xE0, 0x76, 0x0C, 0x60, 0x00, 0x1F, 0x07,
    0xF1, 0xFF, 0x78, 0xFF, 0xFF, 0xFF, 0xFF, 0xFF, 0x00, 0xF0, 0xCF, 0xFC, 0xFF, 0x0F, 0x80, 0x39,
    0x8F, 0xC2, 0x60, 0x30, 0x1E, 0x0F, 0xC7, 0x38, 0x00, 0xFF, 0xFF, 0xFF, 0xFF, 0x80, 0xE0, 0x38,
    0x0E, 0x03, 0xFF, 0xFF, 0xFF, 0xEE, 0x03, 0x80, 0xE0, 0x3F, 0xFF, 0xFF, 0xFF, 0x1D, 0x87, 0xF0,
    0xCC, 0x02, 0x01, 0xF0, 0x77, 0x0C, 0x60, 0x00, 0x1F, 0x07, 0xF1, 0xFF, 0x78, 0xFF, 0xFF, 0xFF,
    0xFF, 0xFF, 0x00, 0xF0, 0xCF, 0xFC, 0xFF, 0x0F, 0xC0, 0x0C, 0x07, 0x83, 0xF1, 0xEE, 0x00, 0x00,
    0x0F, 0xFF, 0xFF, 0xFF, 0xF8, 0x0E, 0x03, 0x80, 0xFF, 0xFF, 0xFF, 0xFB, 0x80, 0xE0, 0x38, 0x0E,
    0x03, 0xFF, 0xFF, 0xFF, 0xF0, 0x00, 0x38, 0x0E, 0x03, 0x80, 0x0C, 0x03, 0xE0, 0xEE, 0x18, 0xC0,
    0x00, 0x00, 0x07, 0xC1, 0xFE, 0x7F, 0xDE, 0x3F, 0xFF, 0xFF, 0xFF, 0xFF, 0xC0, 0x3C, 0x33, 0xFF,
    0x3F, 0xC3, 0xE0, 0x00, 0x07, 0x00, 0xE0, 0x1C, 0x00, 0xF7, 0x8C, 0x40, 0x39, 0xCE, 0x73, 0x9C,
    0xE7, 0x39, 0xCE, 0x73, 0x9C, 0xE7, 0x00, 0xF7, 0x8C, 0x40, 0x39, 0xCE, 0x73, 0x9C, 0xE7, 0x39,
    0xCE, 0x70, 0xEE, 0xEE, 0xEE, 0xEE, 0xEE, 0xEE, 0xEE, 0xEE, 0x0E, 0xEE, 0xEE, 0xE0, 0x0E, 0xEE,
    0xEE, 0xEE, 0xEE, 0xEE, 0xE0, 0xEE, 0xE0, 0x0F, 0xC0, 0x3F, 0xE0, 0xFF, 0xE3, 0xC3, 0xCF, 0x03,
    0xDE, 0x03, 0xB8, 0x07, 0x70, 0x0E, 0xE0, 0x1D, 0xC0, 0x3B, 0xC0, 0x77, 0x81, 0xE7, 0x87, 0x87,
    0xFF, 0x07, 0xFC, 0x07, 0xE0, 0x00, 0x00, 0x07, 0x00, 0x0E, 0x00, 0x1C, 0x00, 0x1F, 0x03, 0xFC,
    0x7F, 0xCF, 0x1E, 0xE0, 0xEE, 0x0E, 0xE0, 0xEE, 0x0E, 0xF1, 0xE7, 0xFC, 0x3F, 0xC1, 0xF0, 0x00,
    0x00, 0xE0, 0x0E, 0x00, 0xE0, 0x07, 0x00, 0x0F, 0x00, 0x06, 0x00, 0x18, 0x00, 0x00, 0x01, 0xF8,
    0x07, 0xFC, 0x1F, 0xFC, 0x78, 0x79, 0xE0, 0x7B, 0xC0, 0x77, 0x00, 0xEE, 0x01, 0xDC, 0x03, 0xB8,
    0x07, 0x78, 0x0E, 0xF0, 0x3C, 0xF0, 0xF0, 0xFF, 0xE0, 0xFF, 0x80, 0xFC, 0x00, 0x1E, 0x00, 0xE0,
    0x06, 0x00, 0x40, 0x00, 0x01, 0xF0, 0x3F, 0xC7, 0xFC, 0xF1, 0xEE, 0x0E, 0xE0, 0xEE, 0x0E, 0xE0,
    0xEF, 0x1E, 0x7F, 0xC3, 0xFC, 0x1F, 0x00, 0x00, 0x30, 0x00, 0xC0, 0x01, 0x00, 0x18, 0x00, 0x78,
    0x01, 0xF8, 0x07, 0x38, 0x00, 0x00, 0x0F, 0xC0, 0x3F, 0xE0, 0xFF, 0xE3, 0xC3, 0xCF, 0x03, 0xDE,
    0x03, 0xB8, 0x07, 0x70, 0x0E, 0xE0, 0x1D, 0xC0, 0x3B, 0xC0, 0x77, 0x81, 0xE7, 0x87, 0x87, 0xFF,
    0x07, 0xFC, 0x07, 0xE0, 0x00, 0xE0, 0x0C, 0x00, 0x80, 0xE0, 0x1F, 0x03, 0xB8, 0x31, 0x80, 0x00,
    0x1F, 0x03, 0xFC, 0x7F, 0xCF, 0x1E, 0xE0, 0xEE, 0x0E, 0xE0, 0xEE, 0x0E, 0xF1, 0xE7, 0xFC, 0x3F,
    0xC1, 0xF0, 0x00, 0xE0, 0x00, 0xC0, 0x00, 0x80, 0x18, 0x00, 0x78, 0x01, 0xF8, 0x07, 0x38, 0x00,
    0x00, 0x0F, 0xC0, 0x3F, 0xE0, 0xFF, 0xE3, 0xC3, 0xCF, 0x03, 0xDE, 0x03, 0xB8, 0x07, 0x70, 0x0E,
    0xE0, 0x1D, 0xC0, 0x3B, 0xC0, 0x77, 0x81, 0xE7, 0x87, 0x87, 0xFF, 0x07, 0xFC, 0x07, 0xE0, 0x03,
    0x80, 0x18, 0x00, 0x80, 0xE0, 0x1F, 0x03, 0xB8, 0x31, 0x80, 0x00, 0x1F, 0x03, 0xFC, 0x7F, 0xCF,
    0x1E, 0xE0, 0xEE, 0x0E, 0xE0, 0xEE, 0x0E, 0xF1, 0xE7, 0xFC, 0x3F, 0xC1, 0xF0, 0x00, 0xE0, 0x00,
    0xC0, 0x01, 0x00, 0x18, 0x00, 0x78, 0x01, 0xF8, 0x07, 0x38, 0x00, 0x00, 0x0F, 0xC0, 0x3F, 0xE0,
    0xFF, 0xE3, 0xC3, 0xCF, 0x03, 0xDE, 0x03, 0xB8, 0x07, 0x70, 0x0E, 0xE0, 0x1D, 0xC0, 0x3B, 0xC0,
    0x77, 0x81, 0xE7, 0x87, 0x87, 0xFF, 0x07, 0xFC, 0x07, 0xE0, 0x03, 0x80, 0x18, 0x01, 0x80, 0xC0,
    0x1F, 0x03, 0xB0, 0x31, 0x80, 0x00, 0x1F, 0x03, 0xFC, 0x7F, 0xCF, 0x1E, 0xE0, 0xEE, 0x0E, 0xE0,
    0xEE, 0x0E, 0xF1, 0xE7, 0xFC, 0x3F, 0xC1, 0xF0, 0x0E, 0x60, 0x1F, 0x80, 0x26, 0x00, 0x18, 0x00,
    0x78, 0x01, 0xF8, 0x07, 0x38, 0x00, 0x00, 0x0F, 0xC0, 0x3F, 0xE0, 0xFF, 0xE3, 0xC3, 0xCF, 0x03,
    0xDE, 0x03, 0xB8, 0x07, 0x70, 0x0E, 0xE0, 0x1D, 0xC0, 0x3B, 0xC0, 0x77, 0x81, 0xE7, 0x87, 0x87,
    0xFF, 0x07, 0xFC, 0x07, 0xE0, 0x1D, 0x83, 0xF8, 0x33, 0x00, 0x60, 0x1F, 0x01, 0xB8, 0x31, 0x80,
    0x00, 0x1F, 0x03, 0xFC, 0x7F, 0xCF, 0x1E, 0xE0, 0xEE, 0x0E, 0xE0, 0xEE, 0x0E, 0xF1, 0xE7, 0xFC,
    0x3F, 0xC1, 0xF0, 0x03, 0x00, 0x0F, 0x00, 0x3F, 0x00, 0xF7, 0x00, 0x00, 0x00, 0x00, 0x03, 0xF0,
    0x0F, 0xF8, 0x3F, 0xF8, 0xF0, 0xF3, 0xC0, 0xF7, 0x80, 0xEE, 0x01, 0xDC, 0x03, 0xB8, 0x07, 0x70,
    0x0E, 0xF0, 0x1D, 0xE0, 0x79, 0xE1, 0xE1, 0xFF, 0xC1, 0xFF, 0x01, 0xF8, 0x00, 0x00, 0x01, 0xC0,
    0x03, 0x80, 0x07, 0x00, 0x0E, 0x01, 0xF0, 0x3B, 0x83, 0x18, 0x00, 0x00, 0x00, 0x1F, 0x03, 0xFC,
    0x7F, 0xCF, 0x1E, 0xE0, 0xEE, 0x0E, 0xE0, 0xEE, 0x0E, 0xF1, 0xE7, 0xFC, 0x3F, 0xC1, 0xF0, 0x00,
    0x00, 0xE0, 0x0E, 0x00, 0xE0, 0x01, 0xC0, 0x03, 0x00, 0x0E, 0x70, 0x00, 0xE0, 0x01, 0xC1, 0xFF,
    0x87, 0xFF, 0x1F, 0xFC, 0x7C, 0xF9, 0xE0, 0x7B, 0xC0, 0xF7, 0x00, 0xEE, 0x01, 0xDC, 0x03, 0xB8,
    0x07, 0x70, 0x0E, 0xF0, 0x3C, 0xF0, 0xF0, 0xFF, 0xE0, 0xFF, 0x80, 0xFC, 0x00, 0x03, 0x80, 0x70,
    0x06, 0x30, 0x03, 0x00, 0x31, 0xFF, 0x3F, 0xE7, 0xFC, 0xF1, 0xEE, 0x0E, 0xE0, 0xEE, 0x0E, 0xE0,
    0xEF, 0x1E, 0x7F, 0xC3, 0xFC, 0x1F, 0x00, 0x0E, 0x00, 0x0E, 0x00, 0x0C, 0x70, 0x00, 0xE0, 0x01,
    0xC1, 0xFF, 0x87, 0xFF, 0x1F, 0xFC, 0x7C, 0xF9, 0xE0, 0x7B, 0xC0, 0xF7, 0x00, 0xEE, 0x01, 0xDC,
    0x03, 0xB8, 0x07, 0x70, 0x0E, 0xF0, 0x3C, 0xF0, 0xF0, 0xFF, 0xE0, 0xFF, 0x80, 0xFC, 0x00, 0x1C,
    0x01, 0xC0, 0x0E, 0x30, 0x03, 0x00, 0x31, 0xFF, 0x3F, 0xE7, 0xFC, 0xF1, 0xEE, 0x0E, 0xE0, 0xEE,
    0x0E, 0xE0, 0xEF, 0x1E, 0x7F, 0xC3, 0xFC, 0x1F, 0x00, 0x07, 0x00, 0x0F, 0x00, 0x06, 0x00, 0x18,
    0xE0, 0x01, 0xC1, 0xFF, 0x87, 0xFF, 0x1F, 0xFC, 0x7C, 0xF9, 0xE0, 0x7B, 0xC0, 0xF7, 0x00, 0xEE,
    0x01, 0xDC, 0x03, 0xB8, 0x07, 0x70, 0x0E, 0xF0, 0x3C, 0xF0, 0xF0, 0xFF, 0xE0, 0xFF, 0x80, 0xFC,
    0x00, 0x1E, 0x00, 0xE0, 0x06, 0x30, 0x43, 0x00, 0x31, 0xFF, 0x3F, 0xE7, 0xFC, 0xF1, 0xEE, 0x0E,
    0xE0, 0xEE, 0x0E, 0xE0, 0xEF, 0x1E, 0x7F, 0xC3, 0xFC, 0x1F, 0x00, 0x0E, 0x60, 0x1F, 0x80, 0x67,
    0x70, 0x00, 0xE0, 0x01, 0xC1, 0xFF, 0x87, 0xFF, 0x1F, 0xFC, 0x7C, 0xF9, 0xE0, 0x7B, 0xC0, 0xF7,
    0x00, 0xEE, 0x01, 0xDC, 0x03, 0xB8, 0x07, 0x70, 0x0E, 0xF0, 0x3C, 0xF0, 0xF0, 0xFF, 0xE0, 0xFF,
    0x80, 0xFC, 0x00, 0x1D, 0x81, 0x73, 0x00, 0x30, 0x03, 0x1F, 0xF3, 0xFE, 0x7F, 0xCF, 0x1E, 0xE0,
    0xEE, 0x0E, 0xE0, 0xEE, 0x0E, 0xF1, 0xE7, 0xFC, 0x3F, 0xC1, 0xF0, 0x00, 0x1C, 0x00, 0x38, 0x00,
    0x70, 0x7F, 0xE1, 0xFF, 0xC7, 0xFF, 0x1F, 0x3E, 0x78, 0x1E, 0xF0, 0x3D, 0xC0, 0x3B, 0x80, 0x77,
    0x00, 0xEE, 0x01, 0xDC, 0x03, 0xBC, 0x0F, 0x3C, 0x3C, 0x3F, 0xF8, 0x3F, 0xE0, 0x3F, 0x00, 0x00,
    0x00, 0x38, 0x00, 0x70, 0x00, 0xE0, 0x00, 0x00, 0x30, 0x03, 0x00, 0x30, 0x03, 0x1F, 0xF3, 0xFE,
    0x7F, 0xCF, 0x1E, 0xE0, 0xEE, 0x0E, 0xE0, 0xEE, 0x0E, 0xF1, 0xE7, 0xFC, 0x3F, 0xC1, 0xF0, 0x00,
    0x00, 0xE0, 0x0E, 0x00, 0xE0, 0xE0, 0x77, 0x03, 0xB8, 0x1D, 0xC0, 0xEE, 0x07, 0x70, 0x3B, 0x81,
    0xDC, 0x0E, 0xE0, 0x77, 0x03, 0xB8, 0x1D, 0xC0, 0xEF, 0x0F, 0x3F, 0xF0, 0xFF, 0x03, 0xF0, 0x00,
    0x00, 0x38, 0x01, 0xC0, 0x0E, 0x00, 0xE0, 0xFC, 0x1F, 0x83, 0xF0, 0x7E, 0x0F, 0xC1, 0xF8, 0x3F,
    0x07, 0xF1, 0xFF, 0xFD, 0xFB, 0x9E, 0x70, 0x00, 0x1C, 0x03, 0x80, 0x70, 0x0E, 0x00, 0x78, 0x00,
    0xC0, 0x04, 0x00, 0x00, 0x70, 0x3B, 0x81, 0xDC, 0x0E, 0xE0, 0x77, 0x03, 0xB8, 0x1D, 0xC0, 0xEE,
    0x07, 0x70, 0x3B, 0x81, 0xDC, 0x0E, 0xE0, 0x77, 0x87, 0x9F, 0xF8, 0x7F, 0x81, 0xF8, 0x00, 0x1C,
    0x03, 0xC0, 0x18, 0x06, 0x00, 0x01, 0xC3, 0xB8, 0x77, 0x0E, 0xE1, 0xDC, 0x3B, 0x87, 0x70, 0xEE,
    0x1D, 0xE7, 0xBF, 0xF3, 0xFE, 0x3D, 0xC0, 0x03, 0x80, 0x0C, 0x00, 0x61, 0xC0, 0x07, 0x00, 0x1F,
    0x81, 0xFE, 0x07, 0xF8, 0x1E, 0xE0, 0x73, 0x81, 0xCE, 0x07, 0x38, 0x1C, 0xE0, 0x73, 0x81, 0xCE,
    0x07, 0x38, 0x1C, 0xE0, 0x73, 0xC3, 0xC7, 0xFE, 0x0F, 0xF0, 0x1F, 0x80, 0x07, 0x00, 0x60, 0x0C,
    0x30, 0x03, 0x00, 0x3E, 0x1F, 0xE1, 0xFE, 0x1E, 0xE1, 0xCE, 0x1C, 0xE1, 0xCE, 0x1C, 0xE1, 0xCF,
    0x3C, 0xFF, 0xC7, 0xFC, 0x3D, 0xC0, 0x1C, 0x00, 0x38, 0x00, 0x61, 0xC0, 0x07, 0x00, 0x1F, 0x81,
    0xFE, 0x07, 0xF8, 0x1E, 0xE0, 0x73, 0x81, 0xCE, 0x07, 0x38, 0x1C, 0xE0, 0x73, 0x81, 0xCE, 0x07,
    0x38, 0x1C, 0xE0, 0x73, 0xC3, 0xC7, 0xFE, 0x0F, 0xF0, 0x1F, 0x80, 0x38, 0x01, 0xC0, 0x0C, 0x30,
    0x03, 0x00, 0x3E, 0x1F, 0xE1, 0xFE, 0x1E, 0xE1, 0xCE, 0x1C, 0xE1, 0xCE, 0x1C, 0xE1, 0xCF, 0x3C,
    0xFF, 0xC7, 0xFC, 0x3D, 0xC0, 0x0E, 0x00, 0x3C, 0x00, 0x30, 0x00, 0x87, 0x00, 0x1F, 0x81, 0xFE,
    0x07, 0xF8, 0x1E, 0xE0, 0x73, 0x81, 0xCE, 0x07, 0x38, 0x1C, 0xE0, 0x73, 0x81, 0xCE, 0x07, 0x38,
    0x1C, 0xE0, 0x73, 0xC3, 0xC7, 0xFE, 0x0F, 0xF0, 0x1F, 0x80, 0x1C, 0x01, 0xE0, 0x06, 0x30, 0xC3,
    0x00, 0x3E, 0x1F, 0xE1, 0xFE, 0x1E, 0xE1, 0xCE, 0x1C, 0xE1, 0xCE, 0x1C, 0xE1, 0xCF, 0x3C, 0xFF,
    0xC7, 0xFC, 0x3D, 0xC0, 0x0C, 0x80, 0x7E, 0x01, 0xB9, 0xC0, 0x07, 0x00, 0x1F, 0x81, 0xFE, 0x07,
    0xF8, 0x1E, 0xE0, 0x73, 0x81, 0xCE, 0x07, 0x38, 0x1C, 0xE0, 0x73, 0x81, 0xCE, 0x07, 0x38, 0x1C,
    0xE0, 0x73, 0xC3, 0xC7, 0xFE, 0x0F, 0xF0, 0x1F, 0x80, 0x3F, 0x83, 0xF0, 0x00, 0x30, 0x03, 0xE1,
    0xFE, 0x1F, 0xE1, 0xEE, 0x1C, 0xE1, 0xCE, 0x1C, 0xE1, 0xCE, 0x1C, 0xF3, 0xCF, 0xFC, 0x7F, 0xC3,
    0xDC, 0x00, 0x1C, 0x00, 0x70, 0x01, 0xF8, 0x1F, 0xE0, 0x7F, 0x81, 0xEE, 0x07, 0x38, 0x1C, 0xE0,
    0x73, 0x81, 0xCE, 0x07, 0x38, 0x1C, 0xE0, 0x73, 0x81, 0xCE, 0x07, 0x3C, 0x3C, 0x7F, 0xE0, 0xFF,
    0x01, 0xF8, 0x00, 0x00, 0x07, 0x00, 0x1C, 0x00, 0x70, 0x00, 0x00, 0x30, 0x03, 0x00, 0x30, 0x03,
    0xE1, 0xFE, 0x1F, 0xE1, 0xEE, 0x1C, 0xE1, 0xCE, 0x1C, 0xE1, 0xCE, 0x1C, 0xF3, 0xCF, 0xFC, 0x7F,
    0xC3, 0xDC, 0x00, 0x00, 0xE0, 0x0E, 0x00, 0xE0, 0x07, 0x00, 0x0E, 0x00, 0x0C, 0x00, 0x00, 0x07,
    0x01, 0xCF, 0x07, 0x8E, 0x0E, 0x1E, 0x3C, 0x1C, 0x70, 0x3D, 0xE0, 0x3F, 0x80, 0x7F, 0x00, 0x7C,
    0x00, 0x70, 0x00, 0xE0, 0x01, 0xC0, 0x03, 0x80, 0x07, 0x00, 0x0E, 0x00, 0x1C, 0x00, 0x1C, 0x00,
    0x70, 0x01, 0x80, 0x00, 0x00, 0x00, 0x78, 0x39, 0xC3, 0xCE, 0x1C, 0x38, 0xE1, 0xCF, 0x0E, 0x70,
    0x3B, 0x81, 0xFC, 0x0F, 0xC0, 0x3E, 0x01, 0xE0, 0x0F, 0x00, 0x78, 0x0F, 0x80, 0xFC, 0x07, 0xC0,
    0x00, 0x70, 0x1C, 0xF0, 0x78, 0xE0, 0xE1, 0xE3, 0xC1, 0xC7, 0x03, 0xDE, 0x03, 0xF8, 0x07, 0xF0,
    0x07, 0xC0, 0x07, 0x00, 0x0E, 0x00, 0x1C, 0x00, 0x38, 0x00, 0x70, 0x00, 0xE0, 0x01, 0xC0, 0x00,
    0x00, 0x07, 0x00, 0x0E, 0x00, 0x1C, 0x00, 0xF0, 0x77, 0x0F, 0x70, 0xE7, 0x8E, 0x39, 0xC3, 0x9C,
    0x1D, 0xC1, 0xF8, 0x1F, 0x80, 0xF8, 0x0F, 0x00, 0xF0, 0x0F, 0x03, 0xEE, 0x7C, 0xE7, 0x8E, 0x07,
    0x80, 0x0F, 0x00, 0x06, 0x00, 0x08, 0x00, 0x00, 0x0E, 0x03, 0x9E, 0x0F, 0x1C, 0x1C, 0x3C, 0x78,
    0x38, 0xE0, 0x7B, 0xC0, 0x7F, 0x00, 0xFE, 0x00, 0xF8, 0x00, 0xE0, 0x01, 0xC0, 0x03, 0x80, 0x07,
    0x00, 0x0E, 0x00, 0x1C, 0x00, 0x38, 0x00, 0x07, 0x00, 0x3C, 0x00, 0xE0, 0x06, 0x00, 0x00, 0x3C,
    0x3D, 0xE1, 0xC7, 0x0E, 0x38, 0xF0, 0xE7, 0x07, 0x38, 0x3B, 0xC0, 0xFC, 0x07, 0xE0, 0x3E, 0x00,
    0xF0, 0x07, 0x80, 0x38, 0x07, 0xC0, 0x7C, 0x03, 0xC0, 0x00, 0x06, 0x60, 0x1E, 0xC0, 0x37, 0x80,
    0x66, 0x00, 0x00, 0x0E, 0x03, 0x9E, 0x0F, 0x1C, 0x1C, 0x3C, 0x78, 0x38, 0xE0, 0x7B, 0xC0, 0x7F,
    0x00, 0x7E, 0x00, 0xF8, 0x00, 0xE0, 0x01, 0xC0, 0x03, 0x80, 0x07, 0x00, 0x0E, 0x00, 0x1C, 0x00,
    0x38, 0x00, 0x1F, 0xC0, 0xFC, 0x00, 0x00, 0x00, 0x07, 0x07, 0x38, 0x39, 0xE3, 0xC7, 0x1C, 0x38,
    0xE1, 0xEE, 0x07, 0x70, 0x3B, 0x80, 0xF8, 0x07, 0xC0, 0x3E, 0x00, 0xE0, 0x07, 0x01, 0xF0, 0x0F,
    0x80, 0x78, 0x00, 0xFF, 0xFF, 0xF8, 0xFF, 0xFF, 0xF8, 0xFF, 0xFF, 0xFF, 0xFF, 0xF0, 0xFF, 0xFF,
    0xFF, 0xFC, 0xFF, 0xFF, 0xFF, 0xFF, 0xFF, 0xFF, 0xFF, 0xFE, 0xFF, 0xFF, 0xFF, 0xFF, 0xFF, 0xFF,
    0xFF, 0xFE, 0xEF, 0xDF, 0xBF, 0x7E, 0xFD, 0xFB, 0xF7, 0xEF, 0xDF, 0xBF, 0x7E, 0xFD, 0xFB, 0xF7,
    0xEF, 0xDF, 0xBF, 0x7E, 0xFD, 0xFB, 0xF7, 0xEF, 0xDC, 0xFF, 0xFF, 0xF0, 0x03, 0xFF, 0xFF, 0xC0,
    0x39, 0xCC, 0x67, 0x39, 0xC0, 0x7B, 0x9C, 0xE7, 0x31, 0x80, 0x73, 0x9C, 0xCE, 0x73, 0x80, 0x73,
    0x9C, 0x63, 0x9C, 0xE0, 0x39, 0x8E, 0x63, 0x18, 0xCE, 0x73, 0x9C, 0xE7, 0x78, 0x7B, 0x9C, 0xE7,
    0x39, 0xCC, 0x73, 0x19, 0xC6, 0x70, 0x73, 0xBB, 0x9D, 0xCC, 0xEE, 0x77, 0x33, 0x98, 0x77, 0x9C,
    0xE7, 0x38, 0xCE, 0x39, 0x8E, 0x63, 0x98, 0x1C, 0x0E, 0x07, 0x1F, 0xFF, 0xF8, 0xE0, 0x70, 0x38,
    0x1C, 0x0E, 0x07, 0x01, 0x00, 0x1C, 0x0E, 0x07, 0x1F, 0xFF, 0xF8, 0xE0, 0x70, 0x38, 0xFF, 0xFF,
    0xFF, 0xE3, 0x81, 0xC0, 0xE0, 0x70, 0x38, 0x38, 0xFB, 0xFF, 0xFF, 0xEF, 0x8E, 0x00, 0x83, 0x0F,
    0x3E, 0xF3, 0x88, 0x00, 0xEE, 0xEE, 0xE1, 0xDC, 0x3B, 0x87, 0x70, 0xE0, 0xE1, 0xC3, 0xB8, 0x70,
    0xEE, 0x1C, 0x3B, 0x87, 0x0E, 0xEE, 0xEE, 0x7C, 0x0E, 0x00, 0x1F, 0x03, 0x00, 0x0F, 0xE1, 0x80,
    0x03, 0x18, 0xE0, 0x00, 0xC6, 0x30, 0x00, 0x3B, 0x98, 0x00, 0x0F, 0xE6, 0x00, 0x01, 0xF3, 0x00,
    0x00, 0x01, 0xCF, 0x0F, 0x00, 0x67, 0xE7, 0xE0, 0x31, 0x99, 0x98, 0x1C, 0x66, 0x66, 0x06, 0x19,
    0x99, 0x83, 0x87, 0xE7, 0xE1, 0xC1, 0xF9, 0xF8, 0x60, 0x3C, 0x3C, 0x7C, 0x0E, 0x00, 0x00, 0x3E,
    0x06, 0x00, 0x00, 0x3F, 0x86, 0x00, 0x00, 0x18, 0xC7, 0x00, 0x00, 0x0C, 0x63, 0x00, 0x00, 0x07,
    0x73, 0x00, 0x00, 0x03, 0xF9, 0x80, 0x00, 0x00, 0xF9, 0x80, 0x00, 0x00, 0x01, 0xCF, 0x0F, 0x0E,
    0x00, 0xCF, 0xCF, 0xCF, 0x80, 0xC6, 0x66, 0x6E, 0xE0, 0xE3, 0x33, 0x36, 0x30, 0x61, 0x99, 0x9B,
    0x18, 0x70, 0xFC, 0xFD, 0xFC, 0x70, 0x7E, 0x7E, 0xFE, 0x30, 0x1E, 0x1E, 0x3E, 0x7E, 0xEE, 0xEC,
    0x73, 0xB8, 0xEE, 0x3B, 0x8E, 0xE3, 0x30, 0xC0, 0x73, 0x8F, 0xC7, 0x1F, 0x8E, 0x37, 0x1C, 0x6E,
    0x30, 0xD8, 0x61, 0x80, 0xEE, 0x66, 0x67, 0xE3, 0xB8, 0xE6, 0x39, 0x86, 0x61, 0x9C, 0x60, 0xE3,
    0x8F, 0xC7, 0x1D, 0x8E, 0x3B, 0x0C, 0x76, 0x18, 0xEE, 0x30, 0xC0, 0x1C, 0x07, 0x83, 0x71, 0xCC,
    0xE3, 0x80, 0x0F, 0x07, 0x07, 0x07, 0x87, 0x83, 0xC0, 0xF0, 0x38, 0x0E, 0x07, 0x80, 0x78, 0x1C,
    0x07, 0x03, 0xC0, 0xF0, 0x78, 0x78, 0x38, 0x38, 0x3C, 0x00, 0x07, 0x00, 0x5C, 0x03, 0xA6, 0x0E,
    0x38, 0x1F, 0xC3, 0xBE, 0xEE, 0x7B, 0x93, 0xE4, 0x1F, 0xC0, 0xF3, 0x83, 0xAE, 0x05, 0xD0, 0x07,
    0x00, 0xE1, 0xDC, 0x3B, 0x87, 0x70, 0xEE, 0x1D, 0xC3, 0xB8, 0x77, 0x0E, 0xE1, 0xDC, 0x3B, 0x87,
    0x00, 0x0E, 0x1D, 0xC3, 0xB8, 0x77, 0x0E, 0x3F, 0x1F, 0xEF, 0xFF, 0x87, 0xE1, 0xC6, 0xF1, 0xF8,
    0x7C, 0x1E, 0x07, 0x01, 0xC0, 0x00, 0x1C, 0x07, 0x01, 0xC0, 0x70, 0xFF, 0xFF, 0xFF, 0xFC, 0x00,
    0x00, 0x18, 0x00, 0x67, 0xFF, 0xF8, 0xFF, 0xFC, 0x0F, 0xF8, 0x00, 0x07, 0xF8, 0x07, 0xFF, 0x87,
    0xFF, 0xF9, 0xC0, 0x0E, 0x00, 0x00, 0x00, 0x01, 0x00, 0xE0, 0x38, 0x1C, 0x0E, 0x03, 0x81, 0xC0,
    0x70, 0x3E, 0x0F, 0xC7, 0x70, 0x8C, 0x00, 0x00, 0x02, 0x00, 0x3E, 0x00, 0x78, 0x03, 0xF0, 0x0F,
    0xC0, 0x3A, 0x00, 0x00, 0x0E, 0x2C, 0x7D, 0xF9, 0xFF, 0xE7, 0xDF, 0x9F, 0x3E, 0x30, 0xA0, 0x00,
    0x00, 0xFF, 0xFF, 0xC0, 0x00, 0x18, 0x00, 0xE0, 0x03, 0x00, 0x18, 0x00, 0xE0, 0x03, 0x00, 0x18,
    0x00, 0xE0, 0x03, 0x00, 0x18, 0x00, 0xE0, 0x03, 0x00, 0x18, 0x00, 0xE0, 0x03, 0x00, 0x18, 0x00,
    0xFF, 0xFF, 0xCE, 0x73, 0x9C, 0xE7, 0xFF, 0xFE, 0x73, 0x9C, 0xE7, 0xFF, 0xF0, 0xFB, 0xEF, 0x8E,
    0x38, 0xE3, 0x8E, 0x3B, 0xEF, 0xBE, 0x38, 0xE3, 0x8E, 0x3B, 0xEF, 0xBE, 0x3F, 0x03, 0xE1, 0xFE,
    0x1F, 0xCF, 0xFC, 0xFF, 0xB8, 0x73, 0x8E, 0x01, 0xC0, 0x38, 0x0F, 0x01, 0xE0, 0x78, 0x0F, 0x83,
    0xC0, 0x7C, 0x1E, 0x01, 0xE0, 0x70, 0x07, 0x01, 0xC0, 0x1C, 0x00, 0x00, 0x00, 0x1C, 0x01, 0xC0,
    0x70, 0x07, 0x01, 0xC0, 0x1C, 0x07, 0x00, 0x70, 0x3F, 0x07, 0x7F, 0x87, 0xFF, 0xC7, 0xE1, 0xC7,
    0xE1, 0xC7, 0x03, 0xC7, 0x07, 0x87, 0x0F, 0x87, 0x1E, 0x07, 0x1C, 0x07, 0x1C, 0x07, 0x00, 0x00,
    0x1C, 0x07, 0x1C, 0x07, 0x1C, 0x07, 0x1C, 0x07, 0xE0, 0xFC, 0xE1, 0xFE, 0xE3, 0xFF, 0xE3, 0x87,
    0xE3, 0x87, 0xE0, 0x0F, 0xE0, 0x1E, 0xE0, 0x3E, 0xE0, 0x78, 0xE0, 0x70, 0xE0, 0x70, 0x00, 0x00,
    0xE0, 0x70, 0xE0, 0x70, 0xE0, 0x70, 0xE0, 0x70, 0xFF, 0x7F, 0xBF, 0xC0, 0xE0, 0x70, 0x38, 0x1C,
    0x0E, 0x06, 0x03, 0x01, 0x81, 0xC0, 0xE0, 0x70, 0x38, 0x1C, 0xFF, 0x3F, 0xEF, 0xFF, 0x3F, 0xCF,
    0xF3, 0xFC, 0xFF, 0x3F, 0xCF, 0xB3, 0xCC, 0x03, 0x00, 0xC0, 0x30, 0x0C, 0x03, 0x00, 0x3F, 0x9F,
    0xEF, 0x9B, 0xE6, 0xF9, 0xBE, 0x6F, 0x99, 0xFE, 0x3F, 0x80, 0xFE, 0x7F, 0xB3, 0xF9, 0xFC, 0xFE,
    0x7F, 0x3F, 0xFE, 0xFE, 0x00, 0x0C, 0x03, 0x06, 0xF9, 0xFE, 0x1E, 0x1F, 0xE6, 0xF8, 0x30, 0x0C,
    0x00, 0xEE, 0xEE, 0x00, 0x00, 0x0E, 0xE6, 0x67, 0x73, 0x0F, 0xF8, 0x0F, 0xFF, 0x87, 0xFF, 0xF9,
    0x80, 0x0E, 0x00, 0x00, 0x00, 0x00, 0x00, 0x00, 0x00, 0x00, 0x00, 0x00, 0x00, 0x00, 0x00, 0x00,
    0x00, 0x00, 0x00, 0x00, 0x00, 0x00, 0x00, 0x00, 0x00, 0x00, 0x00, 0x00, 0x00, 0x00, 0x00, 0x00,
    0x00, 0x06, 0x00, 0x39, 0xFF, 0xFE, 0x3F, 0xFE, 0x03, 0xFE, 0x00, 0x0C, 0x03, 0x06, 0xF9, 0xFE,
    0x1E, 0x1F, 0xE6, 0xF8, 0x30, 0x0C, 0x00, 0x00, 0x00, 0x30, 0x0C, 0x1B, 0xE7, 0xF8, 0x78, 0x7F,
    0x9B, 0xE0, 0xC0, 0x30, 0x00, 0x1C, 0x00, 0x31, 0x80, 0xC7, 0x83, 0x8F, 0x06, 0x0C, 0x18, 0x00,
    0x70, 0x00, 0xC0, 0x03, 0x00, 0x0E, 0x00, 0x18, 0x30, 0x60, 0xF1, 0xC1, 0xE3, 0x01, 0x8C, 0x00,
    0x38, 0x00, 0x18, 0x01, 0xF8, 0x0F, 0xFF, 0x90, 0xFF, 0x00, 0xF0, 0x01, 0xE0, 0x07, 0xFF, 0x83,
    0xFF, 0xF1, 0xE0, 0x1E, 0x00, 0x00, 0x00, 0x0C, 0x0D, 0xB1, 0xFF, 0x1F, 0xCF, 0xFF, 0xFF, 0xFF,
    0xF3, 0xFC, 0x7F, 0xC5, 0xB0, 0x30, 0x00, 0x73, 0x8E, 0x3F, 0x1C, 0x71, 0xB8, 0xE3, 0x1D, 0xC7,
    0x18, 0xEE, 0x30, 0xC7, 0x61, 0x86, 0x38, 0x3C, 0x3F, 0x39, 0xDC, 0x6E, 0x37, 0x1B, 0x9C, 0xFE,
    0x3E, 0x00, 0xDB, 0xFF, 0xFF, 0xE0, 0x0E, 0x0F, 0x8F, 0xC7, 0xE7, 0x77, 0x3B, 0xFF, 0xFF, 0x07,
    0x00, 0x7F, 0x3F, 0x98, 0x0F, 0xC7, 0xF0, 0x19, 0x8C, 0xFE, 0x3E, 0x00, 0x3C, 0x7E, 0xE7, 0xEE,
    0xFF, 0xE7, 0xE7, 0x7F, 0x3E, 0xFF, 0xFC, 0x38, 0x61, 0xC3, 0x0E, 0x38, 0x60, 0x3C, 0xFF, 0xE7,
    0xE7, 0x7E, 0x7E, 0xE7, 0xFF, 0x7E, 0x3C, 0xFE, 0xE7, 0xE7, 0xFF, 0x7F, 0xE7, 0xFE, 0x3C, 0x1C,
    0x1C, 0x7E, 0xFF, 0x1C, 0x1C, 0xFF, 0xFC, 0xFF, 0xFC, 0x07, 0xFF, 0xE0, 0x76, 0xEE, 0xEE, 0xEE,
    0xE6, 0x70, 0x63, 0x9C, 0x63, 0x18, 0xC6, 0x73, 0x98, 0xFC, 0xFE, 0xE6, 0xE7, 0xE7, 0xE7, 0xE7,
    0x3C, 0x3F, 0x39, 0xDC, 0x6E, 0x37, 0x1B, 0x9C, 0xFE, 0x3E, 0x00, 0x3F, 0xFD, 0xC7, 0x1C, 0x71,
    0xC7, 0x3C, 0xFE, 0xC6, 0x06, 0x0E, 0x3C, 0x78, 0xFE, 0xFF, 0x1C, 0x3F, 0x98, 0xC0, 0x61, 0xE0,
    0xF8, 0x0C, 0xFE, 0x3E, 0x00, 0x0E, 0x0F, 0x8F, 0xC7, 0xE7, 0x77, 0x3B, 0xFF, 0xFF, 0x07, 0x00,
    0x7F, 0x3F, 0x98, 0x0D, 0xC7, 0xF1, 0x19, 0x8C, 0xFE, 0x3E, 0x00, 0x1C, 0x7E, 0xE7, 0xEE, 0xFF,
    0xE7, 0xE7, 0x7F, 0x3E, 0xFF, 0xFC, 0x38, 0xE1, 0x87, 0x1C, 0x30, 0x3C, 0xFF, 0xE7, 0xE7, 0x7E,
    0xFE, 0xE7, 0xFF, 0x7E, 0x3C, 0x7E, 0xE7, 0xE7, 0xFF, 0x7F, 0xE7, 0xFE, 0x3C, 0x1C, 0x1C, 0x7E,
    0xFF, 0x1C, 0x1C, 0xFF, 0xFC, 0xFF, 0xFC, 0x07, 0xFF, 0xE0, 0x76, 0xEE, 0xEE, 0xEE, 0xE6, 0x70,
    0x63, 0x9C, 0x63, 0x18, 0xC6, 0x73, 0x98, 0x3C, 0x7E, 0x3F, 0x7F, 0xFF, 0x7F, 0x7C, 0xFE, 0xFF,
    0xFE, 0xFE, 0x7C, 0x7C, 0xFE, 0xE6, 0xE6, 0xFE, 0x7C, 0xE7, 0x7E, 0x3C, 0x3C, 0x7E, 0xE7, 0x38,
    0xFE, 0x47, 0x07, 0xFF, 0xFF, 0xE7, 0x7E, 0x3C, 0xE0, 0xE0, 0xFE, 0xFE, 0xE7, 0xE7, 0xE7, 0xE7,
    0xC0, 0xE0, 0xE0, 0xEE, 0xFC, 0xF8, 0xFC, 0xFC, 0xEE, 0xFF, 0xFF, 0xFF, 0xDD, 0xEF, 0xFF, 0xEE,
    0x7E, 0xE7, 0xEE, 0x7E, 0xE7, 0xFE, 0xFE, 0xE7, 0xE7, 0xE7, 0xE7, 0xFC, 0xFE, 0xE6, 0xE6, 0xFE,
    0xFC, 0xE0, 0xE0, 0x3E, 0x7E, 0x7C, 0x0F, 0x7F, 0x3E, 0x73, 0xBF, 0xE7, 0x39, 0xC7, 0x1F, 0x01,
    0xFE, 0x0F, 0xFC, 0x3C, 0x70, 0xE0, 0x03, 0x9F, 0xFE, 0x7F, 0xF9, 0xFF, 0xF7, 0x01, 0xFF, 0xE3,
    0xFF, 0x83, 0xFE, 0x07, 0x00, 0x1F, 0xF0, 0x7F, 0xC1, 0xFF, 0x00, 0xB0, 0x02, 0x80, 0xFE, 0x07,
    0xFC, 0x3F, 0xF9, 0xED, 0xEF, 0x27, 0xFC, 0xB0, 0xE6, 0x83, 0x92, 0x0E, 0x58, 0x39, 0x40, 0xF9,
    0x3B, 0xE4, 0xE7, 0xA7, 0x8F, 0xFC, 0x1F, 0xE0, 0x7F, 0x03, 0x40, 0x01, 0x00, 0x0F, 0xC0, 0x7F,
    0x83, 0xFF, 0x1E, 0x1E, 0xF0, 0x3B, 0x80, 0x0E, 0x73, 0x39, 0xFC, 0xE7, 0xF3, 0x9E, 0x0F, 0x73,
    0x3D, 0xCE, 0x7F, 0xF8, 0xFF, 0xC3, 0xFE, 0x03, 0xF0, 0x1F, 0xF8, 0xFF, 0xC7, 0xFE, 0x38, 0x01,
    0xC0, 0x0E, 0x00, 0x70, 0x03, 0xFE, 0x1F, 0xF8, 0xFF, 0xC7, 0x00, 0x38, 0x07, 0xF0, 0x0E, 0x00,
    0x70, 0x03, 0x80, 0x07, 0xC0, 0xFF, 0x07, 0xFC, 0x78, 0xE3, 0x80, 0x1C, 0x03, 0xFF, 0x1F, 0xF8,
    0x38, 0x07, 0xFE, 0x3F, 0xF0, 0x70, 0x03, 0x83, 0x3F, 0xFB, 0xFF, 0xDF, 0xFC, 0x00, 0x30, 0x00,
    0x1C, 0x0E, 0xFF, 0xE3, 0xFF, 0xFC, 0xFF, 0xFF, 0xB8, 0x70, 0xEE, 0x1C, 0x3B, 0x87, 0x0E, 0xE3,
    0xC3, 0xB8, 0xF0, 0xEE, 0x7C, 0x3B, 0x9F, 0x0E, 0xEF, 0xC3, 0xBB, 0xF0, 0xE0, 0xC0, 0x00, 0x20,
    0x00, 0x78, 0x1C, 0xF0, 0x39, 0xF0, 0x73, 0xF0, 0xE7, 0xE1, 0xCF, 0xE3, 0xBF, 0xFF, 0xFF, 0xFF,
    0x73, 0xDD, 0xFF, 0xFF, 0xFF, 0xFB, 0x87, 0xE7, 0x0F, 0xCE, 0x0F, 0x9C, 0x0F, 0x38, 0x1E, 0xFF,
    0x00, 0x0F, 0xFC, 0x38, 0xFF, 0xC3, 0x8E, 0x1E, 0x38, 0xE0, 0xEF, 0xEE, 0x0E, 0xFE, 0xE0, 0xEF,
    0xEE, 0x1E, 0x38, 0xFF, 0xC3, 0x8F, 0xFC, 0x38, 0xFF, 0x03, 0x8E, 0x00, 0x38, 0xE0, 0x03, 0x8E,
    0x00, 0x3E, 0xE0, 0x03, 0xEE, 0x00, 0x1E, 0xFF, 0x80, 0x01, 0xFF, 0x80, 0x03, 0xFF, 0x80, 0x07,
    0x0F, 0x00, 0x0E, 0x0E, 0x1F, 0x1C, 0x1C, 0xFF, 0x38, 0x39, 0xFF, 0x70, 0xF3, 0x8C, 0xFF, 0xC7,
    0x81, 0xFF, 0x0F, 0xE3, 0xFE, 0x07, 0xF7, 0x1C, 0x01, 0xEE, 0x3C, 0x71, 0xDC, 0x3C, 0xFF, 0xB8,
    0x79, 0xFE, 0x70, 0x78, 0xF8, 0x70, 0x78, 0x39, 0xC1, 0xE0, 0xE7, 0x07, 0x83, 0x8E, 0x1E, 0x1C,
    0x38, 0xFC, 0x71, 0xFF, 0xFF, 0xE7, 0xFF, 0xFF, 0x87, 0x3F, 0x38, 0x7F, 0xFF, 0xF9, 0xFF, 0xFF,
    0xE1, 0xDC, 0xEE, 0x03, 0xE1, 0xF0, 0x0F, 0x87, 0xC0, 0x3E, 0x1F, 0x00, 0xF8, 0x7C, 0x01, 0xC0,
    0xE0, 0xFF, 0xC7, 0x7F, 0xF3, 0xBF, 0xFD, 0xDC, 0x0E, 0xEE, 0xE7, 0x77, 0x73, 0xBB, 0xB9, 0xDD,
    0xDC, 0xEE, 0xEE, 0x07, 0x77, 0xFF, 0xBB, 0xFF, 0xDD, 0xFF, 0xC0, 0x00, 0xE0, 0x3F, 0xC1, 0xFE,
    0x01, 0xC3, 0xEE, 0x3F, 0xF1, 0xFF, 0x9E, 0x3C, 0xE0, 0xE7, 0x07, 0x38, 0x39, 0xC1, 0xCF, 0x1E,
    0x3F, 0xF1, 0xFF, 0x87, 0xDC, 0x00, 0x03, 0xFF, 0x1F, 0xF8, 0xFF, 0xC0, 0x03, 0xE0, 0x7F, 0xC7,
    0xFC, 0x38, 0x03, 0xC0, 0x3F, 0xF3, 0xFF, 0x07, 0x00, 0x38, 0x07, 0xFC, 0x3F, 0xE0, 0x78, 0x01,
    0xC0, 0x0F, 0xF8, 0x3F, 0xC0, 0x7E, 0x38, 0x1E, 0x38, 0x3C, 0x38, 0x7C, 0x38, 0xF8, 0x39, 0xF0,
    0x39, 0xE0, 0xFF, 0xFE, 0xFF, 0xFE, 0xFF, 0xFC, 0x3F, 0xE0, 0x3C, 0xE0, 0x3C, 0xF0, 0x38, 0x78,
    0x38, 0x3C, 0x38, 0x3C, 0x38, 0x1E, 0xFF, 0xFF, 0xFF, 0xFF, 0xF0, 0x70, 0x07, 0x00, 0x7C, 0x07,
    0x81, 0xF0, 0x1F, 0xC0, 0x7C, 0x1F, 0x01, 0xF0, 0x07, 0x00, 0x70, 0x07, 0x00, 0x70, 0x07, 0x00,
    0x00, 0x00, 0x38, 0x00, 0x00, 0x03, 0xFC, 0x00, 0x00, 0xFF, 0xF0, 0x00, 0x03, 0xFF, 0xC0, 0x00,
    0x03, 0x8F, 0x00, 0x00, 0x1C, 0x3C, 0x1F, 0x00, 0xE0, 0xE3, 0xFC, 0x07, 0x07, 0x1F, 0xF0, 0x38,
    0x39, 0xE3, 0xC1, 0xC1, 0xCE, 0x0E, 0xFE, 0x0E, 0x70, 0x7F, 0xF0, 0x73, 0x83, 0xFF, 0x87, 0x9C,
    0x1F, 0x1C, 0x38, 0xF1, 0xFF, 0xFF, 0xC7, 0xFE, 0xFF, 0xFC, 0x3F, 0xF3, 0xE7, 0xC1, 0xDE, 0x00,
    0x00, 0x0E, 0x00, 0x00, 0x00, 0x70, 0x00, 0x00, 0x03, 0x80, 0x00, 0x00, 0x1C, 0x00, 0x3F, 0xC0,
    0xFF, 0xC3, 0xFF, 0x0E, 0x1E, 0xFF, 0xFF, 0xFF, 0xF3, 0x83, 0xBF, 0xFF, 0xFF, 0xFC, 0xE1, 0xE3,
    0xFF, 0x0F, 0xF8, 0x3F, 0x80, 0xE0, 0x03, 0x80, 0x0E, 0x00, 0x01, 0x00, 0x04, 0x00, 0xFC, 0x07,
    0xFC, 0x3F, 0xF9, 0xE4, 0xE7, 0x13, 0xFC, 0x40, 0xE1, 0x03, 0x87, 0xFE, 0x1F, 0xF8, 0x7F, 0xF1,
    0x1F, 0xC4, 0xF7, 0x93, 0x8F, 0xFE, 0x1F, 0xF0, 0x3F, 0x00, 0x10, 0x00, 0x40, 0x03, 0xC0, 0x07,
    0xE0, 0x07, 0xE0, 0x07, 0xE0, 0x0F, 0xF0, 0x0E, 0x70, 0x0E, 0x70, 0x7F, 0xFE, 0x7F, 0xFE, 0x1C,
    0x38, 0x7F, 0xFE, 0x7F, 0xFE, 0x38, 0x1C, 0x38, 0x1C, 0x78, 0x1E, 0x70, 0x0E, 0x1F, 0x83, 0xFC,
    0x7F, 0xE7, 0x0E, 0x00, 0xEF, 0xFF, 0xFF, 0xFF, 0xFF, 0xFF, 0xFF, 0xFF, 0xFF, 0xF7, 0x00, 0x70,
    0xE7, 0xFE, 0x3F, 0xC1, 0xF8, 0x01, 0x00, 0x04, 0x00, 0xFC, 0x07, 0xFC, 0x3F, 0xF9, 0xE4, 0xEF,
    0x13, 0xFC, 0x40, 0xE1, 0x03, 0x84, 0x0E, 0x10, 0x38, 0x40, 0xF1, 0x03, 0xC4, 0xF7, 0x93, 0x8F,
    0xFE, 0x1F, 0xF0, 0x3F, 0x00, 0x10, 0x00, 0x40, 0xFF, 0xFF, 0xFF, 0xFF, 0xF0, 0x00, 0xFF, 0xFF,
    0xFF, 0xFF, 0xF0, 0x70, 0x07, 0x00, 0x70, 0x07, 0x00, 0x70, 0x07, 0x00, 0x70, 0x07, 0x00, 0x70,
    0x00, 0x07, 0xFE, 0x7F, 0xE1, 0xF8, 0x3F, 0xE7, 0xFE, 0x7F, 0xE0, 0x78, 0x7F, 0x07, 0xE0, 0x78,
    0x03, 0xC0, 0x1E, 0x00, 0xF0, 0x07, 0x00, 0x38, 0x38, 0x03, 0xA0, 0x3E, 0x07, 0xE0, 0xF8, 0x0F,
    0xE0, 0x3E, 0x0F, 0xC0, 0xF8, 0xE3, 0x8E, 0x38, 0xE3, 0x9E, 0x39, 0xC3, 0xFC, 0x3F, 0x83, 0xF0,
    0x07, 0x00, 0x1C, 0x00, 0x70, 0x07, 0xF0, 0x3F, 0xE1, 0xFF, 0xC7, 0x77, 0xBD, 0xDE, 0xE7, 0x3B,
    0x9C, 0xEE, 0x73, 0xB9, 0xCE, 0x3F, 0xE0, 0xFF, 0xC3, 0xFF, 0x8E, 0x0E, 0x38, 0x38, 0xE0, 0xE3,
    0x83, 0xBF, 0xFE, 0xFF, 0xF3, 0xFF, 0x83, 0x80, 0x3F, 0xC0, 0xFF, 0x03, 0xFC, 0x03, 0x80, 0x0E,
    0x00, 0x0D, 0x80, 0x7C, 0x07, 0xF0, 0x7F, 0xC7, 0xDF, 0x7E, 0xFF, 0xB6, 0xFD, 0xB7, 0xED, 0xBF,
    0x00, 0x38, 0x01, 0xE0, 0x07, 0x00, 0x7F, 0xFF, 0xFF, 0xFF, 0xFF, 0x12, 0x01, 0x20, 0xFF, 0x8F,
    0xFC, 0xFF, 0xEE, 0x1E, 0xE0, 0xEE, 0x1E, 0xFF, 0xCF, 0xF8, 0xFF, 0xEE, 0x0F, 0xE0, 0x7E, 0x07,
    0xE0, 0xFF, 0xFF, 0xFF, 0xEF, 0xFC, 0x12, 0x01, 0x20, 0x00, 0x80, 0x01, 0xC0, 0x03, 0x80, 0x07,
    0x00, 0x0E, 0x00, 0x1C, 0x00, 0x3F, 0xFF, 0x7F, 0xFF, 0x7F, 0xFF, 0x3C, 0x00, 0x1E, 0x00, 0x0F,
    0x00, 0x07, 0x80, 0x03, 0xC0, 0x01, 0x80, 0x00, 0x00, 0x00, 0x00, 0x01, 0x80, 0x03, 0xC0, 0x07,
    0xE0, 0x0F, 0xF0, 0x1D, 0xF8, 0x3D, 0xDC, 0x79, 0xCE, 0x71, 0xC6, 0x01, 0xC0, 0x01, 0xC0, 0x01,
    0xC0, 0x01, 0xC0, 0x01, 0xC0, 0x01, 0xC0, 0x01, 0xC0, 0x01, 0x00, 0x03, 0x80, 0x01, 0xC0, 0x00,
    0xE0, 0x00, 0x70, 0x00, 0x38, 0xFF, 0xFC, 0xFF, 0xFE, 0xFF, 0xFE, 0x00, 0x3C, 0x00, 0x78, 0x00,
    0xF0, 0x01, 0xE0, 0x03, 0xC0, 0x01, 0x80, 0x00, 0x00, 0x00, 0x00, 0x01, 0xC0, 0x01, 0xC0, 0x01,
    0xC0, 0x01, 0xC0, 0x01, 0xC0, 0x01, 0xC0, 0x21, 0xC0, 0x71, 0xC6, 0x79, 0xCE, 0x3D, 0xDC, 0x1F,
    0xF8, 0x0F, 0xF0, 0x07, 0xE0, 0x03, 0xC0, 0x01, 0x80, 0x00, 0x00, 0x00, 0x00, 0x00, 0x03, 0x00,
    0xC0, 0x07, 0x01, 0xE0, 0x0F, 0x00, 0xF0, 0x1E, 0x00, 0x78, 0x3C, 0x00, 0x3C, 0x7F, 0xFF, 0xFE,
    0xFF, 0xFF, 0xFF, 0x7F, 0xFF, 0xFE, 0x38, 0x00, 0x1C, 0x1C, 0x00, 0x38, 0x0E, 0x00, 0x70, 0x07,
    0x00, 0xE0, 0x07, 0x00, 0xC0, 0x02, 0x00, 0x00, 0x00, 0x00, 0x0C, 0x00, 0x78, 0x03, 0xF0, 0x1F,
    0xE0, 0xED, 0xC7, 0x33, 0xB8, 0xC7, 0x43, 0x08, 0x0C, 0x00, 0x30, 0x00, 0xC0, 0x03, 0x00, 0x0C,
    0x00, 0x30, 0x00, 0xC0, 0x63, 0x1B, 0xCC, 0xF7, 0xB7, 0x8E, 0xDC, 0x1F, 0xE0, 0x3F, 0x00, 0x78,
    0x00, 0xC0, 0x00, 0x00, 0x00, 0x07, 0xFF, 0x3F, 0xF9, 0xF0, 0x0F, 0xC0, 0x77, 0x03, 0x9C, 0x1C,
    0x70, 0xE1, 0xC7, 0x07, 0x38, 0x1C, 0x00, 0x40, 0x00, 0x00, 0x00, 0x07, 0xFF, 0x7F, 0xF0, 0x1F,
    0x03, 0xF0, 0x7B, 0x0F, 0x31, 0xE7, 0x3C, 0x77, 0x87, 0x70, 0x72, 0x00, 0x00, 0x00, 0x00, 0x06,
    0x03, 0x70, 0x73, 0x87, 0x1C, 0x70, 0xE7, 0x07, 0x30, 0x3B, 0x01, 0xF3, 0xDF, 0x7F, 0xF7, 0xFF,
    0x00, 0x03, 0x03, 0x38, 0x3D, 0xC3, 0xCE, 0x3C, 0x73, 0xC3, 0xBC, 0x1F, 0xC0, 0xFC, 0x07, 0xCF,
    0x3F, 0xF9, 0xFF, 0xC0, 0x00, 0x01, 0x00, 0x00, 0x0F, 0x00, 0x20, 0x7C, 0x03, 0x80, 0xF0, 0x38,
    0x03, 0x83, 0x80, 0x1C, 0x38, 0x00, 0xE7, 0x80, 0x0F, 0x7F, 0xFF, 0xF3, 0xFF, 0xFF, 0x0F, 0xFF,
    0xC0, 0x38, 0x00, 0x00, 0xF0, 0x00, 0x03, 0xC0, 0x00, 0x0F, 0x00, 0x00, 0x30, 0x00, 0x00, 0x00,
    0x00, 0x04, 0x00, 0x01, 0xE0, 0x00, 0x1F, 0x02, 0x01, 0xE0, 0x38, 0x0E, 0x00, 0xE0, 0x70, 0x03,
    0x83, 0x80, 0x0E, 0x1E, 0x00, 0x3C, 0x7F, 0xFF, 0xF1, 0xFF, 0xFF, 0x81, 0xFF, 0xF8, 0x00, 0x03,
    0x80, 0x00, 0x78, 0x00, 0x07, 0x80, 0x00, 0x78, 0x00, 0x01, 0x80, 0x00, 0x00, 0x00, 0x00, 0x00,
    0x00, 0x80, 0x00, 0x30, 0x00, 0x0E, 0x00, 0x03, 0xFF, 0xFC, 0xFF, 0xFF, 0x8F, 0xFF, 0xF0, 0xE0,
    0x06, 0x0C, 0x00, 0xC0, 0x80, 0x18, 0x00, 0x03, 0x00, 0x00, 0x60, 0x00, 0x0C, 0x00, 0x01, 0x80,
    0x00, 0x30, 0x00, 0x06, 0x00, 0x00, 0x00, 0x02, 0x00, 0x00, 0xC0, 0x00, 0x38, 0xFF, 0xFF, 0x3F,
    0xFF, 0xEF, 0xFF, 0xF3, 0x00, 0x38, 0xC0, 0x0C, 0x30, 0x02, 0x0C, 0x00, 0x03, 0x00, 0x00, 0xC0,
    0x00, 0x30, 0x00, 0x0C, 0x00, 0x03, 0x00, 0x00, 0x00, 0x00, 0x30, 0x00, 0x0C, 0x00, 0x03, 0x00,
    0x00, 0xC0, 0x00, 0x30, 0x02, 0x0C, 0x00, 0xC3, 0x00, 0x38, 0xFF, 0xFF, 0x3F, 0xFF, 0xEF, 0xFF,
    0xF0, 0x00, 0x38, 0x00, 0x0C, 0x00, 0x02, 0x00, 0x00, 0x00, 0x00, 0x01, 0xFF, 0xC3, 0xFF, 0x80,
    0x07, 0x00, 0x0E, 0x00, 0x1C, 0x00, 0x38, 0x00, 0x70, 0x00, 0xE0, 0x01, 0xC0, 0x03, 0x80, 0x3F,
    0xE0, 0x3F, 0x80, 0x3E, 0x00, 0x38, 0x00, 0x20, 0x00, 0x00, 0x00, 0x00, 0x00, 0x00, 0x18, 0x00,
    0x03, 0x00, 0x00, 0x60, 0x00, 0x0C, 0x08, 0x01, 0x83, 0x00, 0x30, 0xE0, 0x06, 0x3F, 0xFF, 0xCF,
    0xFF, 0xF8, 0xFF, 0xFF, 0x0E, 0x00, 0x00, 0xC0, 0x00, 0x08, 0x00, 0x00, 0x00, 0x00, 0x00, 0x00,
    0x01, 0x80, 0x03, 0x80, 0x07, 0x80, 0x0F, 0xE0, 0x0F, 0xF8, 0x07, 0xFC, 0x03, 0x9C, 0x01, 0x8E,
    0x00, 0x86, 0x00, 0x06, 0x60, 0x07, 0x60, 0x06, 0x70, 0x0E, 0x70, 0x0E, 0x38, 0x1C, 0x3F, 0xFC,
    0x1F, 0xF8, 0x07, 0xE0, 0x00, 0x00, 0x01, 0x80, 0x01, 0xC0, 0x01, 0xE0, 0x07, 0xF0, 0x1F, 0xF0,
    0x3F, 0xE0, 0x39, 0xC0, 0x71, 0x80, 0x61, 0x00, 0x60, 0x00, 0xE0, 0x06, 0x60, 0x06, 0x70, 0x0E,
    0x70, 0x0E, 0x38, 0x1C, 0x3F, 0xFC, 0x1F, 0xF8, 0x07, 0xE0, 0x00, 0x00, 0x01, 0x00, 0x03, 0x80,
    0x07, 0x00, 0x0E, 0x00, 0x1F, 0xFE, 0x3F, 0xFE, 0x70, 0x00, 0xF0, 0x00, 0x7F, 0xFE, 0x3F, 0xFE,
    0x1E, 0x00, 0x0F, 0x00, 0x07, 0x80, 0x03, 0x80, 0x00, 0x00, 0x01, 0x00, 0x03, 0x80, 0x01, 0xC0,
    0x00, 0xE0, 0xFF, 0xF0, 0xFF, 0xF8, 0xFF, 0xFC, 0x00, 0x1E, 0xFF, 0xFE, 0xFF, 0xFC, 0xFF, 0xF8,
    0x00, 0xF0, 0x01, 0xE0, 0x03, 0xC0, 0x01, 0x80, 0x00, 0x00, 0x01, 0x00, 0x80, 0x03, 0x81, 0xC0,
    0x07, 0x81, 0xE0, 0x0F, 0x00, 0xF0, 0x1F, 0xFF, 0xF8, 0x3F, 0xFF, 0xFC, 0x7F, 0xFF, 0xFE, 0xF0,
    0x00, 0x0F, 0x7F, 0xFF, 0xFE, 0x3F, 0xFF, 0xFC, 0x1F, 0xFF, 0xF8, 0x0E, 0x00, 0x70, 0x07, 0x00,
    0xE0, 0x07, 0x81, 0xC0, 0x03, 0x01, 0x80, 0x00, 0x00, 0x00, 0x00, 0x00, 0x80, 0x38, 0x0F, 0x83,
    0xF8, 0xFF, 0x83, 0x80, 0x70, 0x3F, 0x87, 0xF0, 0x38, 0x07, 0x03, 0xF8, 0x7F, 0x03, 0x80, 0x70,
    0x0E, 0x00, 0x00, 0x01, 0xC0, 0x38, 0x07, 0x03, 0xF8, 0x7F, 0x03, 0x81, 0xFC, 0x3F, 0x81, 0xC0,
    0x38, 0x3F, 0xE3, 0xF8, 0x3F, 0x03, 0xC0, 0x30, 0x00, 0x00, 0x60, 0x40, 0x06, 0x0C, 0x00, 0x61,
    0xC0, 0x06, 0x3C, 0x00, 0x67, 0xFF, 0xE6, 0x7F, 0xFE, 0x63, 0xC0, 0x06, 0x1C, 0x00, 0x60, 0xC0,
    0x06, 0x04, 0x00, 0x00, 0x00, 0x00, 0x00, 0x20, 0x60, 0x06, 0x0C, 0x00, 0xE1, 0x80, 0x1E, 0x37,
    0xFF, 0xE6, 0xFF, 0xFC, 0xC0, 0x0F, 0x18, 0x01, 0xC3, 0x00, 0x30, 0x60, 0x04, 0x0C, 0x00, 0x00,
    0x00, 0x00, 0x20, 0x00, 0x03, 0x80, 0x00, 0x3E, 0x00, 0x03, 0xB8, 0x00, 0x38, 0xE0, 0x03, 0x83,
    0x80, 0x38, 0x0E, 0x03, 0x80, 0x38, 0x3F, 0x07, 0xE3, 0xF8, 0x3F, 0x80, 0xC1, 0x80, 0x06, 0x0C,
    0x00, 0x30, 0x60, 0x01, 0x83, 0x00, 0x0F, 0xF8, 0x00, 0x7F, 0xC0, 0x00, 0x20, 0x00, 0x03, 0x80,
    0x00, 0x3E, 0x00, 0x03, 0xB8, 0x00, 0x38, 0xE0, 0x03, 0x83, 0x80, 0x38, 0x0E, 0x03, 0x80, 0x38,
    0x3F, 0x07, 0xE3, 0xF8, 0x3F, 0x80, 0xC1, 0x80, 0x07, 0xFC, 0x00, 0x3F, 0xE0, 0x00, 0x00, 0x00,
    0x00, 0x00, 0x00, 0x7F, 0xC0, 0x03, 0xFE, 0x00, 0x18, 0x30, 0x00, 0xFF, 0x80, 0x07, 0xFC, 0x00,
    0x00, 0x03, 0xF8, 0x1F, 0xC0, 0x1E, 0x00, 0xE0, 0x27, 0x1F, 0xF3, 0xFF, 0x78, 0xF7, 0x07, 0x70,
    0x77, 0x07, 0x70, 0xF7, 0x9E, 0x3F, 0xC1, 0xF8, 0x00, 0x00, 0x00, 0x00, 0x1E, 0x21, 0xFF, 0x0F,
    0xFC, 0x3C, 0xF1, 0xE3, 0xE7, 0x13, 0x9C, 0x8E, 0x7C, 0x38, 0xF1, 0xC3, 0xFF, 0x0F, 0xF8, 0x4F,
    0xC0, 0x00, 0x00, 0x07, 0xC0, 0x0F, 0x80, 0x1F, 0x80, 0x7F, 0x00, 0xFE, 0x01, 0xDE, 0x03, 0x9C,
    0x0F, 0x38, 0x1C, 0x78, 0x38, 0x70, 0xF0, 0xE1, 0xC1, 0xE3, 0x83, 0xCF, 0xFF, 0x9F, 0xFF, 0xBF,
    0xFF, 0x00, 0x0F, 0xFF, 0xFF, 0xFE, 0x07, 0xE0, 0x7E, 0x07, 0xE0, 0x7E, 0x07, 0xE0, 0x7E, 0x07,
    0xE0, 0x7E, 0x07, 0xE0, 0x7E, 0x07, 0xE0, 0x7E, 0x07, 0xE0, 0x7E, 0x07, 0xE0, 0x70, 0x00, 0x03,
    0xFF, 0xDF, 0xFE, 0xF8, 0x03, 0xC0, 0x0F, 0x00, 0x3C, 0x00, 0xE0, 0x03, 0x80, 0x1E, 0x00, 0xF0,
    0x0F, 0x00, 0x70, 0x07, 0x00, 0x78, 0x07, 0x80, 0x7F, 0xFB, 0xFF, 0xDF, 0xFE, 0xFF, 0xFF, 0xFF,
    0xFC, 0x00, 0x60, 0x06, 0x00, 0xE0, 0x0E, 0x00, 0xC0, 0x1C, 0x01, 0xC7, 0x18, 0xF9, 0x8F, 0xB8,
    0x1B, 0x01, 0xF0, 0x1F, 0x00, 0xF0, 0x0E, 0x00, 0x00, 0x00, 0x00, 0x07, 0xC1, 0xE1, 0xFE, 0xFF,
    0x7F, 0xFF, 0xEE, 0x3F, 0x1F, 0xC3, 0xC1, 0xF8, 0x7C, 0x7F, 0xFF, 0xFE, 0x7F, 0xBF, 0xC7, 0xC1,
    0xE0, 0x00, 0x07, 0xC3, 0xE3, 0xC1, 0xC0, 0xE0, 0x70, 0x38, 0x1C, 0x0E, 0x07, 0x03, 0x81, 0xC0,
    0xE0, 0x70, 0x38, 0x1C, 0x0E, 0x07, 0x0F, 0x8F, 0x87, 0x80, 0x7F, 0x72, 0x00, 0x02, 0x7F, 0x70,
    0x30, 0x0F, 0x8F, 0xFF, 0xF7, 0xEC, 0x3C, 0x60, 0x1F, 0x1F, 0xFF, 0xEF, 0xD8, 0x78, 0x03, 0x01,
    0xCF, 0xFF, 0xFF, 0xFF, 0xC3, 0x00, 0xC3, 0xFF, 0xFF, 0xFF, 0xF3, 0x80, 0xC0, 0x00, 0xC1, 0xF3,
    0xFF, 0xF8, 0xF0, 0x3F, 0xC3, 0xFC, 0x0F, 0x00, 0x7F, 0xFF, 0xFF, 0xFF, 0xC0, 0x3E, 0x0F, 0xF0,
    0x7F, 0x03, 0xCF, 0xFF, 0xF3, 0xC0, 0x80, 0x3F, 0xFF, 0xFF, 0xFF, 0x00, 0x3F, 0xC0, 0x00, 0x07,
    0xFF, 0x80, 0x00, 0xFF, 0xFF, 0x00, 0x0F, 0x80, 0x7C, 0x00, 0xF0, 0x00, 0xF0, 0x0E, 0x00, 0x01,
    0xC0, 0xE0, 0x00, 0x07, 0x07, 0x00, 0x00, 0x38, 0x70, 0x07, 0x00, 0xE3, 0x00, 0x38, 0x03, 0x18,
    0x01, 0xC0, 0x1D, 0xC0, 0x0E, 0x00, 0xEC, 0x00, 0x70, 0x03, 0x60, 0x03, 0x80, 0x1B, 0x07, 0xFF,
    0xE0, 0xD8, 0x3F, 0xFF, 0x06, 0xC0, 0xFF, 0xF8, 0x36, 0x00, 0x38, 0x01, 0xB8, 0x01, 0xC0, 0x1C,
    0xC0, 0x0E, 0x00, 0xE6, 0x00, 0x70, 0x06, 0x38, 0x03, 0x80, 0x70, 0xE0, 0x00, 0x07, 0x07, 0x00,
    0x00, 0x38, 0x1C, 0x00, 0x03, 0x80, 0x78, 0x00, 0x78, 0x01, 0xF0, 0x0F, 0x80, 0x07, 0xFF, 0xF8,
    0x00, 0x0F, 0xFF, 0x00, 0x00, 0x1F, 0xE0, 0x00, 0x00, 0x3F, 0xC0, 0x00, 0x07, 0xFF, 0x80, 0x00,
    0xFF, 0xFF, 0x00, 0x0F, 0x80, 0x7C, 0x00, 0xF0, 0x00, 0xF0, 0x0E, 0x00, 0x01, 0xC0, 0xE0, 0x00,
    0x07, 0x07, 0x00, 0x00, 0x38, 0x70, 0x00, 0x00, 0xE3, 0x00, 0x00, 0x03, 0x18, 0x00, 0x00, 0x1D,
    0xC0, 0x00, 0x00, 0xEC, 0x00, 0x00, 0x03, 0x60, 0x00, 0x00, 0x1B, 0x01, 0xFF, 0x80, 0xD8, 0x0F,
    0xFC, 0x06, 0xC0, 0x7F, 0xE0, 0x36, 0x00, 0x00, 0x01, 0xB8, 0x00, 0x00, 0x1C, 0xC0, 0x00, 0x00,
    0xE6, 0x00, 0x00, 0x06, 0x38, 0x00, 0x00, 0x70, 0xE0, 0x00, 0x07, 0x07, 0x00, 0x00, 0x38, 0x1C,
    0x00, 0x03, 0x80, 0x78, 0x00, 0x78, 0x01, 0xF0, 0x0F, 0x80, 0x07, 0xFF, 0xF8, 0x00, 0x0F, 0xFF,
    0x00, 0x00, 0x1F, 0xE0, 0x00, 0x00, 0x3F, 0xC0, 0x00, 0x07, 0xFF, 0x80, 0x00, 0xFF, 0xFF, 0x00,
    0x0F, 0x80, 0x7C, 0x00, 0xF0, 0x00, 0xF0, 0x0E, 0x00, 0x01, 0xC0, 0xE0, 0x00, 0x07, 0x07, 0x00,
    0x00, 0x38, 0x70, 0x00, 0x00, 0xE3, 0x00, 0x00, 0x03, 0x18, 0x0C, 0x38, 0x1D, 0xC0, 0xF3, 0xC0,
    0xEC, 0x03, 0xFC, 0x03, 0x60, 0x0F, 0xC0, 0x1B, 0x00, 0x3E, 0x00, 0xD8, 0x01, 0xE0, 0x06, 0xC0,
    0x1F, 0x80, 0x36, 0x01, 0xFE, 0x01, 0xB8, 0x1E, 0x78, 0x1C, 0xC0, 0x61, 0xC0, 0xE6, 0x00, 0x00,
    0x06, 0x38, 0x00, 0x00, 0x70, 0xE0, 0x00, 0x07, 0x07, 0x00, 0x00, 0x38, 0x1C, 0x00, 0x03, 0x80,
    0x78, 0x00, 0x78, 0x01, 0xF0, 0x0F, 0x80, 0x07, 0xFF, 0xF8, 0x00, 0x0F, 0xFF, 0x00, 0x00, 0x1F,
    0xE0, 0x00, 0x00, 0x3F, 0xC0, 0x00, 0x07, 0xFF, 0x80, 0x00, 0xFF, 0xFF, 0x00, 0x0F, 0x80, 0x7C,
    0x00, 0xF0, 0x00, 0xF0, 0x0E, 0x00, 0x01, 0xC0, 0xE0, 0x00, 0x07, 0x07, 0x00, 0x00, 0x38, 0x70,
    0x00, 0x00, 0xE3, 0x00, 0x03, 0x03, 0x18, 0x00, 0x38, 0x1D, 0xC0, 0x03, 0xC0, 0xEC, 0x00, 0x3C,
    0x03, 0x60, 0x03, 0xC0, 0x1B, 0x00, 0x1C, 0x00, 0xD8, 0x01, 0xC0, 0x06, 0xC0, 0x1E, 0x00, 0x36,
    0x01, 0xE0, 0x01, 0xB8, 0x1E, 0x00, 0x1C, 0xC0, 0xE0, 0x00, 0xE6, 0x06, 0x00, 0x06, 0x38, 0x00,
    0x00, 0x70, 0xE0, 0x00, 0x07, 0x07, 0x00, 0x00, 0x38, 0x1C, 0x00, 0x03, 0x80, 0x78, 0x00, 0x78,
    0x01, 0xF0, 0x0F, 0x80, 0x07, 0xFF, 0xF8, 0x00, 0x0F, 0xFF, 0x00, 0x00, 0x1F, 0xE0, 0x00,
};

static const EpdGlyphPacked inter_ui_10_boldGlyphs[] = {
    { 0, 0, 195, 0, 0, 0 }, // U+0000
    { 0, 0, 79, 0, 0, 0 }, // U+0020
    { 4, 16, 113, 2, 16, 0 }, // !
    { 8, 7, 184, 2, 16, 8 }, // "
    { 14, 16, 216, 0, 16, 15 }, // #
    { 13, 20, 218, 0, 18, 43 }, // $
    { 18, 16, 338, 2, 16, 76 }, // %
    { 13, 16, 224, 1, 16, 112 }, // &
    { 4, 7, 113, 2, 16, 138 }, // '
    { 6, 20, 126, 2, 17, 142 }, // (
    { 7, 20, 126, 0, 17, 157 }, // )
    { 10, 9, 186, 1, 16, 175 }, // *
    { 11, 11, 226, 2, 12, 187 }, // +
    { 5, 7, 111, 1, 3, 203 }, // ,
    { 7, 3, 156, 1, 8, 208 }, // -
    { 4, 4, 111, 2, 4, 211 }, // .
    { 8, 19, 129, 0, 17, 213 }, // /
    { 13, 16, 225, 1, 16, 232 }, // 0
    { 8, 16, 144, 0, 16, 258 }, // 1
    { 11, 16, 210, 1, 16, 274 }, // 2
    { 12, 16, 215, 1, 16, 296 }, // 3
    { 13, 16, 225, 1, 16, 320 }, // 4
    { 12, 16, 207, 1, 16, 346 }, // 5
    { 12, 16, 216, 1, 16, 370 }, // 6
    { 11, 16, 194, 1, 16, 394 }, // 7
    { 12, 16, 217, 1, 16, 416 }, // 8
    { 12, 16, 216, 1, 16, 440 }, // 9
    { 4, 12, 111, 2, 12, 464 }, // :
    { 5, 16, 114, 1, 12, 470 }, // ;
    { 11, 13, 226, 2, 13, 480 }, // <
    { 10, 8, 226, 2, 10, 498 }, // =
    { 11, 13, 226, 2, 13, 508 }, // >
    { 10, 16, 186, 1, 16, 526 }, // ?
    { 20, 20, 339, 1, 16, 546 }, // @
    { 16, 16, 249, 0, 16, 596 }, // A
    { 12, 16, 220, 1, 16, 628 }, // B
    { 14, 16, 247, 1, 16, 652 }, // C
    { 13, 16, 241, 1, 16, 680 }, // D
    { 10, 16, 202, 1, 16, 706 }, // E
    { 10, 16, 196, 1, 16, 726 }, // F
    { 14, 16, 250, 1, 16, 746 }, // G
    { 13, 16, 249, 1, 16, 774 }, // H
    { 4, 16, 94, 1, 16, 800 }, // I
    { 11, 16, 195, 1, 16, 808 }, // J
    { 14, 16, 240, 1, 16, 830 }, // K
    { 10, 16, 188, 1, 16, 858 }, // L
    { 17, 16, 310, 1, 16, 878 }, // M
    { 14, 16, 254, 1, 16, 912 }, // N
    { 15, 16, 257, 1, 16, 940 }, // O
    { 12, 16, 216, 1, 16, 970 }, // P
    { 15, 17, 259, 1, 16, 994 }, // Q
    { 12, 16, 219, 1, 16, 1026 }, // R
    { 13, 16, 218, 0, 16, 1050 }, // S
    { 12, 16, 222, 1, 16, 1076 }, // T
    { 13, 16, 244, 1, 16, 1100 }, // U
    { 16, 16, 249, 0, 16, 1126 }, // V
    { 22, 16, 346, 0, 16, 1158 }, // W
    { 16, 16, 246, 0, 16, 1202 }, // X
    { 15, 16, 244, 0, 16, 1234 }, // Y
    { 11, 16, 221, 1, 16, 1264 }, // Z
    { 5, 20, 126, 2, 17, 1286 }, // [
    { 8, 19, 129, 0, 17, 1299 }, // <backslash>
    { 6, 20, 126, 1, 17, 1318 }, // ]
    { 10, 8, 162, 0, 16, 1333 }, // ^
    { 10, 3, 159, 0, 1, 1343 }, // _
    { 5, 3, 122, 1, 16, 1347 }, // `
    { 11, 12, 193, 1, 12, 1349 }, // a
    { 11, 16, 210, 1, 16, 1366 }, // b
    { 11, 12, 196, 1, 12, 1388 }, // c
    { 11, 16, 210, 1, 16, 1405 }, // d
    { 11, 12, 199, 1, 12, 1427 }, // e
    { 8, 17, 133, 1, 17, 1444 }, // f
    { 12, 16, 211, 1, 12, 1461 }, // g
    { 11, 16, 207, 1, 16, 1485 }, // h
    { 4, 17, 90, 1, 17, 1507 }, // i
    { 6, 21, 90, 0, 17, 1516 }, // j
    { 11, 16, 193, 1, 16, 1532 }, // k
    { 4, 16, 90, 1, 16, 1554 }, // l
    { 17, 12, 304, 1, 12, 1562 }, // m
    { 11, 12, 207, 1, 12, 1588 }, // n
    { 12, 12, 204, 1, 12, 1605 }, // o
    { 11, 16, 210, 1, 12, 1623 }, // p
    { 11, 16, 210, 1, 12, 1645 }, // q
    { 7, 13, 136, 1, 13, 1667 }, // r
    { 11, 12, 187, 0, 12, 1679 }, // s
    { 8, 15, 122, 0, 15, 1696 }, // t
    { 11, 12, 207, 1, 12, 1711 }, // u
    { 13, 12, 200, 0, 12, 1728 }, // v
    { 18, 12, 283, 0, 12, 1748 }, // w
    { 12, 12, 193, 0, 12, 1775 }, // x
    { 13, 16, 201, 0, 12, 1793 }, // y
    { 9, 12, 191, 1, 12, 1819 }, // z
    { 8, 20, 156, 1, 17, 1833 }, // {
    { 4, 26, 124, 2, 21, 1853 }, // |
    { 8, 20, 156, 1, 17, 1866 }, // }
    { 11, 5, 226, 2, 9, 1886 }, // ~
    { 0, 0, 79, 0, 0, 1893 }, // U+00A0
    { 4, 17, 113, 2, 12, 1893 }, // U+00A1
    { 11, 16, 196, 1, 16, 1902 }, // U+00A2
    { 13, 16, 213, 0, 16, 1924 }, // U+00A3
    { 14, 14, 254, 1, 14, 1950 }, // U+00A4
    { 12, 16, 190, 0, 16, 1975 }, // U+00A5
    { 4, 18, 113, 2, 16, 1999 }, // U+00A6
    { 10, 20, 189, 1, 16, 2008 }, // U+00A7
    { 8, 3, 207, 3, 16, 2033 }, // U+00A8
    { 16, 17, 305, 2, 17, 2036 }, // U+00A9
    { 8, 9, 155, 1, 16, 2070 }, // U+00AA
    { 13, 10, 220, 0, 12, 2079 }, // U+00AB
    { 11, 6, 226, 2, 9, 2096 }, // U+00AC
    { 12, 13, 221, 1, 17, 2105 }, // U+00AE
    { 6, 3, 146, 2, 17, 2125 }, // U+00AF
    { 8, 8, 153, 1, 16, 2128 }, // U+00B0
    { 10, 12, 226, 2, 12, 2136 }, // U+00B1
    { 8, 9, 153, 1, 18, 2151 }, // U+00B2
    { 9, 9, 157, 0, 18, 2160 }, // U+00B3
    { 5, 3, 122, 1, 16, 2171 }, // U+00B4
    { 12, 16, 209, 1, 12, 2173 }, // U+00B5
    { 10, 16, 199, 1, 16, 2197 }, // U+00B6
    { 4, 4, 111, 2, 10, 2217 }, // U+00B7
    { 5, 6, 121, 2, 1, 2219 }, // U+00B8
    { 6, 9, 111, 1, 18, 2223 }, // U+00B9
    { 9, 9, 163, 1, 16, 2230 }, // U+00BA
    { 13, 10, 220, 0, 12, 2241 }, // U+00BB
    { 16, 17, 282, 1, 16, 2258 }, // U+00BC
    { 17, 16, 294, 1, 16, 2292 }, // U+00BD
    { 18, 17, 307, 0, 16, 2326 }, // U+00BE
    { 10, 16, 186, 1, 12, 2365 }, // U+00BF
    { 16, 20, 249, 0, 20, 2385 }, // U+00C0
    { 16, 20, 249, 0, 20, 2425 }, // U+00C1
    { 16, 21, 249, 0, 21, 2465 }, // U+00C2
    { 16, 21, 249, 0, 21, 2507 }, // U+00C3
    { 16, 20, 249, 0, 20, 2549 }, // U+00C4
    { 16, 21, 249, 0, 21, 2589 }, // U+00C5
    { 20, 16, 341, 0, 16, 2631 }, // U+00C6
    { 14, 20, 247, 1, 16, 2671 }, // U+00C7
    { 10, 20, 202, 1, 20, 2706 }, // U+00C8
    { 10, 20, 202, 1, 20, 2731 }, // U+00C9
    { 10, 21, 202, 1, 21, 2756 }, // U+00CA
    { 10, 20, 202, 1, 20, 2783 }, // U+00CB
    { 6, 20, 94, -1, 20, 2808 }, // U+00CC
    { 5, 20, 94, 1, 20, 2823 }, // U+00CD
    { 9, 21, 94, -2, 21, 2836 }, // U+00CE
    { 8, 20, 94, -1, 20, 2860 }, // U+00CF
    { 15, 16, 253, 1, 16, 2880 }, // U+00D0
    { 14, 21, 254, 1, 21, 2910 }, // U+00D1
    { 15, 21, 257, 1, 21, 2947 }, // U+00D2
    { 15, 21, 257, 1, 21, 2987 }, // U+00D3
    { 15, 21, 257, 1, 21, 3027 }, // U+00D4
    { 15, 21, 257, 1, 21, 3067 }, // U+00D5
    { 15, 21, 257, 1, 21, 3107 }, // U+00D6
    { 12, 12, 226, 1, 12, 3147 }, // U+00D7
    { 15, 18, 257, 1, 17, 3165 }, // U+00D8
    { 13, 21, 244, 1, 21, 3199 }, // U+00D9
    { 13, 21, 244, 1, 21, 3234 }, // U+00DA
    { 13, 21, 244, 1, 21, 3269 }, // U+00DB
    { 13, 21, 244, 1, 21, 3304 }, // U+00DC
    { 15, 20, 244, 0, 20, 3339 }, // U+00DD
    { 12, 16, 223, 1, 16, 3377 }, // U+00DE
    { 12, 16, 219, 1, 16, 3401 }, // U+00DF
    { 11, 17, 193, 1, 17, 3425 }, // U+00E0
    { 11, 17, 193, 1, 17, 3449 }, // U+00E1
    { 11, 17, 193, 1, 17, 3473 }, // U+00E2
    { 11, 16, 193, 1, 16, 3497 }, // U+00E3
    { 11, 17, 193, 1, 17, 3519 }, // U+00E4
    { 11, 18, 193, 1, 18, 3543 }, // U+00E5
    { 18, 12, 303, 1, 12, 3568 }, // U+00E6
    { 11, 16, 196, 1, 12, 3595 }, // U+00E7
    { 11, 17, 199, 1, 17, 3617 }, // U+00E8
    { 11, 17, 199, 1, 17, 3641 }, // U+00E9
    { 11, 17, 199, 1, 17, 3665 }, // U+00EA
    { 11, 17, 199, 1, 17, 3689 }, // U+00EB
    { 6, 17, 90, -1, 17, 3713 }, // U+00EC
    { 5, 17, 90, 1, 17, 3726 }, // U+00ED
    { 9, 17, 90, -2, 17, 3737 }, // U+00EE
    { 8, 17, 90, -1, 17, 3757 }, // U+00EF
    { 11, 18, 200, 1, 18, 3774 }, // U+00F0
    { 11, 16, 207, 1, 16, 3799 }, // U+00F1
    { 12, 17, 204, 1, 17, 3821 }, // U+00F2
    { 12, 17, 204, 1, 17, 3847 }, // U+00F3
    { 12, 17, 204, 1, 17, 3873 }, // U+00F4
    { 12, 16, 204, 1, 16, 3899 }, // U+00F5
    { 12, 17, 204, 1, 17, 3923 }, // U+00F6
    { 10, 12, 226, 2, 12, 3949 }, // U+00F7
    { 13, 14, 204, 0, 13, 3964 }, // U+00F8
    { 11, 17, 207, 1, 17, 3987 }, // U+00F9
    { 11, 17, 207, 1, 17, 4011 }, // U+00FA
    { 11, 17, 207, 1, 17, 4035 }, // U+00FB
    { 11, 17, 207, 1, 17, 4059 }, // U+00FC
    { 13, 21, 201, 0, 17, 4083 }, // U+00FD
    { 11, 20, 210, 1, 16, 4118 }, // U+00FE
    { 14, 21, 201, 0, 17, 4146 }, // U+00FF
    { 16, 20, 249, 0, 20, 4183 }, // U+0100
    { 11, 16, 193, 1, 16, 4223 }, // U+0101
    { 16, 21, 249, 0, 21, 4245 }, // U+0102
    { 11, 17, 193, 1, 17, 4287 }, // U+0103
    { 17, 20, 249, 0, 16, 4311 }, // U+0104
    { 11, 16, 193, 1, 12, 4354 }, // U+0105
    { 14, 21, 247, 1, 21, 4376 }, // U+0106
    { 11, 17, 196, 1, 17, 4413 }, // U+0107
    { 14, 21, 247, 1, 21, 4437 }, // U+0108
    { 11, 17, 196, 1, 17, 4474 }, // U+0109
    { 14, 21, 247, 1, 21, 4498 }, // U+010A
    { 11, 17, 196, 1, 17, 4535 }, // U+010B
    { 14, 21, 247, 1, 21, 4559 }, // U+010C
    { 11, 17, 196, 1, 17, 4596 }, // U+010D
    { 13, 21, 241, 1, 21, 4620 }, // U+010E
    { 15, 17, 251, 1, 17, 4655 }, // U+010F
    { 15, 16, 253, 1, 16, 4687 }, // U+0110
    { 13, 16, 210, 1, 16, 4717 }, // U+0111
    { 10, 20, 202, 1, 20, 4743 }, // U+0112
    { 11, 16, 199, 1, 16, 4768 }, // U+0113
    { 10, 21, 202, 1, 21, 4790 }, // U+0114
    { 11, 17, 199, 1, 17, 4817 }, // U+0115
    { 10, 20, 202, 1, 20, 4841 }, // U+0116
    { 11, 17, 199, 1, 17, 4866 }, // U+0117
    { 11, 20, 202, 1, 16, 4890 }, // U+0118
    { 11, 16, 199, 1, 12, 4918 }, // U+0119
    { 10, 21, 202, 1, 21, 4940 }, // U+011A
    { 11, 17, 199, 1, 17, 4967 }, // U+011B
    { 14, 21, 250, 1, 21, 4991 }, // U+011C
    { 12, 22, 211, 1, 18, 5028 }, // U+011D
    { 14, 21, 250, 1, 21, 5061 }, // U+011E
    { 12, 22, 211, 1, 18, 5098 }, // U+011F
    { 14, 21, 250, 1, 21, 5131 }, // U+0120
    { 12, 21, 211, 1, 17, 5168 }, // U+0121
    { 14, 21, 250, 1, 16, 5200 }, // U+0122
    { 12, 23, 211, 1, 19, 5237 }, // U+0123
    { 13, 21, 249, 1, 21, 5272 }, // U+0124
    { 14, 21, 207, -2, 21, 5307 }, // U+0125
    { 17, 16, 269, 0, 16, 5344 }, // U+0126
    { 13, 16, 207, 0, 16, 5378 }, // U+0127
    { 7, 21, 94, 0, 21, 5404 }, // U+0128
    { 7, 16, 90, -1, 16, 5423 }, // U+0129
    { 6, 20, 94, 0, 20, 5437 }, // U+012A
    { 6, 16, 90, 0, 16, 5452 }, // U+012B
    { 7, 21, 94, 0, 21, 5464 }, // U+012C
    { 7, 17, 90, -1, 17, 5483 }, // U+012D
    { 5, 20, 94, 1, 16, 5498 }, // U+012E
    { 5, 21, 90, 1, 17, 5511 }, // U+012F
    { 4, 20, 94, 1, 20, 5525 }, // U+0130
    { 4, 12, 90, 1, 12, 5535 }, // U+0131
    { 16, 16, 288, 1, 16, 5541 }, // U+0132
    { 9, 21, 181, 1, 17, 5573 }, // U+0133
    { 13, 21, 195, 1, 21, 5597 }, // U+0134
    { 9, 21, 90, -1, 17, 5632 }, // U+0135
    { 14, 21, 240, 1, 16, 5656 }, // U+0136
    { 11, 21, 193, 1, 16, 5693 }, // U+0137
    { 11, 12, 195, 1, 12, 5722 }, // U+0138
    { 10, 20, 188, 1, 20, 5739 }, // U+0139
    { 5, 20, 90, 1, 20, 5764 }, // U+013A
    { 10, 21, 188, 1, 16, 5777 }, // U+013B
    { 5, 21, 90, 0, 16, 5804 }, // U+013C
    { 10, 17, 188, 1, 17, 5818 }, // U+013D
    { 7, 17, 132, 1, 17, 5840 }, // U+013E
    { 10, 16, 192, 1, 16, 5855 }, // U+013F
    { 8, 16, 150, 1, 16, 5875 }, // U+0140
    { 12, 16, 202, 1, 16, 5891 }, // U+0141
    { 7, 16, 90, -1, 16, 5915 }, // U+0142
    { 14, 20, 254, 1, 20, 5929 }, // U+0143
    { 11, 17, 207, 1, 17, 5964 }, // U+0144
    { 14, 21, 254, 1, 16, 5988 }, // U+0145
    { 11, 17, 207, 1, 12, 6025 }, // U+0146
    { 14, 21, 254, 1, 21, 6049 }, // U+0147
    { 11, 17, 207, 1, 17, 6086 }, // U+0148
    { 14, 20, 254, 1, 16, 6110 }, // U+014A
    { 11, 16, 207, 1, 12, 6145 }, // U+014B
    { 15, 21, 257, 1, 21, 6167 }, // U+014C
    { 12, 16, 204, 1, 16, 6207 }, // U+014D
    { 15, 21, 257, 1, 21, 6231 }, // U+014E
    { 12, 17, 204, 1, 17, 6271 }, // U+014F
    { 15, 21, 257, 1, 21, 6297 }, // U+0150
    { 12, 17, 204, 1, 17, 6337 }, // U+0151
    { 19, 16, 339, 1, 16, 6363 }, // U+0152
    { 20, 12, 329, 1, 12, 6401 }, // U+0153
    { 12, 20, 219, 1, 20, 6431 }, // U+0154
    { 7, 17, 136, 1, 17, 6461 }, // U+0155
    { 12, 21, 219, 1, 16, 6476 }, // U+0156
    { 8, 18, 136, 0, 13, 6508 }, // U+0157
    { 12, 21, 219, 1, 21, 6526 }, // U+0158
    { 9, 17, 136, 0, 17, 6558 }, // U+0159
    { 13, 21, 218, 0, 21, 6578 }, // U+015A
    { 11, 17, 187, 0, 17, 6613 }, // U+015B
    { 13, 21, 218, 0, 21, 6637 }, // U+015C
    { 11, 17, 187, 0, 17, 6672 }, // U+015D
    { 13, 20, 218, 0, 16, 6696 }, // U+015E
    { 11, 16, 187, 0, 12, 6729 }, // U+015F
    { 13, 21, 218, 0, 21, 6751 }, // U+0160
    { 11, 17, 187, 0, 17, 6786 }, // U+0161
    { 12, 20, 222, 1, 16, 6810 }, // U+0162
    { 8, 19, 122, 0, 15, 6840 }, // U+0163
    { 12, 21, 222, 1, 21, 6859 }, // U+0164
    { 9, 17, 147, 0, 17, 6891 }, // U+0165
    { 12, 16, 222, 1, 16, 6911 }, // U+0166
    { 8, 15, 122, 0, 15, 6935 }, // U+0167
    { 13, 21, 244, 1, 21, 6950 }, // U+0168
    { 11, 16, 207, 1, 16, 6985 }, // U+0169
    { 13, 21, 244, 1, 21, 7007 }, // U+016A
    { 11, 16, 207, 1, 16, 7042 }, // U+016B
    { 13, 21, 244, 1, 21, 7064 }, // U+016C
    { 11, 17, 207, 1, 17, 7099 }, // U+016D
    { 13, 22, 244, 1, 22, 7123 }, // U+016E
    { 11, 18, 207, 1, 18, 7159 }, // U+016F
    { 13, 21, 244, 1, 21, 7184 }, // U+0170
    { 11, 17, 207, 1, 17, 7219 }, // U+0171
    { 13, 20, 244, 1, 16, 7243 }, // U+0172
    { 11, 16, 207, 1, 12, 7276 }, // U+0173
    { 22, 21, 346, 0, 21, 7298 }, // U+0174
    { 18, 17, 283, 0, 17, 7356 }, // U+0175
    { 15, 21, 244, 0, 21, 7395 }, // U+0176
    { 13, 21, 201, 0, 17, 7435 }, // U+0177
    { 16, 20, 244, 0, 20, 7470 }, // U+0178
    { 11, 20, 221, 1, 20, 7510 }, // U+0179
    { 9, 17, 191, 1, 17, 7538 }, // U+017A
    { 11, 20, 221, 1, 20, 7558 }, // U+017B
    { 9, 17, 191, 1, 17, 7586 }, // U+017C
    { 11, 21, 221, 1, 21, 7606 }, // U+017D
    { 9, 17, 191, 1, 17, 7635 }, // U+017E
    { 6, 17, 115, 1, 17, 7655 }, // U+017F
    { 15, 18, 260, 1, 18, 7668 }, // U+01A0
    { 12, 15, 204, 1, 15, 7702 }, // U+01A1
    { 14, 18, 243, 1, 18, 7725 }, // U+01AF
    { 12, 15, 220, 1, 15, 7757 }, // U+01B0
    { 24, 17, 432, 1, 17, 7780 }, // U+01C5
    { 23, 17, 401, 1, 17, 7831 }, // U+01C6
    { 22, 16, 383, 1, 16, 7880 }, // U+01C7
    { 15, 21, 279, 1, 17, 7924 }, // U+01C8
    { 9, 21, 181, 1, 17, 7964 }, // U+01C9
    { 26, 16, 449, 1, 16, 7988 }, // U+01CA
    { 19, 21, 344, 1, 17, 8040 }, // U+01CB
    { 16, 21, 298, 1, 17, 8090 }, // U+01CC
    { 16, 21, 249, 0, 21, 8132 }, // U+01CD
    { 11, 17, 193, 1, 17, 8174 }, // U+01CE
    { 9, 21, 94, -2, 21, 8198 }, // U+01CF
    { 9, 17, 90, -2, 17, 8222 }, // U+01D0
    { 15, 21, 257, 1, 21, 8242 }, // U+01D1
    { 12, 17, 204, 1, 17, 8282 }, // U+01D2
    { 13, 21, 244, 1, 21, 8308 }, // U+01D3
    { 11, 17, 207, 1, 17, 8343 }, // U+01D4
    { 13, 24, 244, 1, 24, 8367 }, // U+01D5
    { 11, 20, 207, 1, 20, 8406 }, // U+01D6
    { 13, 24, 244, 1, 24, 8434 }, // U+01D7
    { 11, 20, 207, 1, 20, 8473 }, // U+01D8
    { 13, 24, 244, 1, 24, 8501 }, // U+01D9
    { 11, 20, 207, 1, 20, 8540 }, // U+01DA
    { 13, 24, 244, 1, 24, 8568 }, // U+01DB
    { 11, 20, 207, 1, 20, 8607 }, // U+01DC
    { 11, 12, 199, 1, 12, 8635 }, // U+01DD
    { 16, 23, 249, 0, 23, 8652 }, // U+01DE
    { 11, 20, 193, 1, 20, 8698 }, // U+01DF
    { 16, 23, 249, 0, 23, 8726 }, // U+01E0
    { 11, 20, 193, 1, 20, 8772 }, // U+01E1
    { 20, 20, 341, 0, 20, 8800 }, // U+01E2
    { 18, 16, 303, 1, 16, 8850 }, // U+01E3
    { 15, 16, 250, 1, 16, 8886 }, // U+01E4
    { 13, 16, 230, 1, 12, 8916 }, // U+01E5
    { 14, 21, 250, 1, 21, 8942 }, // U+01E6
    { 12, 22, 211, 1, 18, 8979 }, // U+01E7
    { 14, 21, 240, 1, 21, 9012 }, // U+01E8
    { 14, 21, 193, -2, 21, 9049 }, // U+01E9
    { 15, 20, 257, 1, 16, 9086 }, // U+01EA
    { 12, 16, 204, 1, 12, 9124 }, // U+01EB
    { 15, 25, 257, 1, 21, 9148 }, // U+01EC
    { 12, 20, 204, 1, 16, 9195 }, // U+01ED
    { 13, 26, 229, 1, 22, 9225 }, // U+01EE
    { 12, 21, 215, 1, 17, 9268 }, // U+01EF
    { 9, 21, 90, -1, 17, 9300 }, // U+01F0
    { 26, 16, 462, 1, 16, 9324 }, // U+01F1
    { 24, 16, 432, 1, 16, 9376 }, // U+01F2
    { 23, 16, 401, 1, 16, 9424 }, // U+01F3
    { 14, 21, 250, 1, 21, 9470 }, // U+01F4
    { 12, 21, 211, 1, 17, 9507 }, // U+01F5
    { 21, 16, 375, 1, 16, 9539 }, // U+01F6
    { 12, 20, 246, 2, 16, 9581 }, // U+01F7
    { 14, 20, 254, 1, 20, 9611 }, // U+01F8
    { 11, 17, 207, 1, 17, 9646 }, // U+01F9
    { 16, 25, 249, 0, 25, 9670 }, // U+01FA
    { 11, 22, 193, 1, 22, 9720 }, // U+01FB
    { 20, 20, 341, 0, 20, 9751 }, // U+01FC
    { 18, 17, 303, 1, 17, 9801 }, // U+01FD
    { 15, 22, 257, 1, 21, 9840 }, // U+01FE
    { 13, 18, 204, 0, 17, 9882 }, // U+01FF
    { 16, 20, 249, 0, 20, 9912 }, // U+0200
    { 11, 17, 193, 1, 17, 9952 }, // U+0201
    { 16, 21, 249, 0, 21, 9976 }, // U+0202
    { 11, 17, 193, 1, 17, 10018 }, // U+0203
    { 11, 20, 202, 0, 20, 10042 }, // U+0204
    { 11, 17, 199, 1, 17, 10070 }, // U+0205
    { 10, 21, 202, 1, 21, 10094 }, // U+0206
    { 11, 17, 199, 1, 17, 10121 }, // U+0207
    { 9, 20, 94, -3, 20, 10145 }, // U+0208
    { 9, 17, 90, -3, 17, 10168 }, // U+0209
    { 7, 21, 94, -1, 21, 10188 }, // U+020A
    { 7, 17, 90, -1, 17, 10207 }, // U+020B
    { 15, 21, 257, 1, 21, 10222 }, // U+020C
    { 12, 17, 204, 1, 17, 10262 }, // U+020D
    { 15, 21, 257, 1, 21, 10288 }, // U+020E
    { 12, 17, 204, 1, 17, 10328 }, // U+020F
    { 12, 20, 219, 1, 20, 10354 }, // U+0210
    { 9, 17, 136, -1, 17, 10384 }, // U+0211
    { 12, 21, 219, 1, 21, 10404 }, // U+0212
    { 7, 17, 136, 1, 17, 10436 }, // U+0213
    { 13, 21, 244, 1, 21, 10451 }, // U+0214
    { 12, 17, 207, 0, 17, 10486 }, // U+0215
    { 13, 21, 244, 1, 21, 10512 }, // U+0216
    { 11, 17, 207, 1, 17, 10547 }, // U+0217
    { 13, 21, 218, 0, 16, 10571 }, // U+0218
    { 11, 17, 187, 0, 12, 10606 }, // U+0219
    { 12, 21, 222, 1, 16, 10630 }, // U+021A
    { 8, 20, 122, 0, 15, 10662 }, // U+021B
    { 12, 21, 222, 1, 16, 10682 }, // U+021C
    { 10, 17, 191, 1, 12, 10714 }, // U+021D
    { 13, 21, 249, 1, 21, 10736 }, // U+021E
    { 14, 21, 207, -2, 21, 10771 }, // U+021F
    { 5, 3, 0, 1, 16, 10808 }, // U+0300
    { 5, 3, 0, 1, 16, 10810 }, // U+0301
    { 9, 3, 0, 0, 16, 10812 }, // U+0302
    { 7, 3, 0, 2, 17, 10816 }, // U+0303
    { 6, 3, 0, 2, 17, 10819 }, // U+0304
    { 7, 4, 0, 1, 17, 10822 }, // U+0306
    { 4, 3, 0, 1, 16, 10826 }, // U+0307
    { 8, 3, 0, 3, 16, 10828 }, // U+0308
    { 4, 4, 0, 1, 17, 10831 }, // U+0309
    { 6, 6, 0, 1, 18, 10833 }, // U+030A
    { 9, 3, 0, 0, 16, 10838 }, // U+030C
    { 9, 3, 0, 1, 16, 10842 }, // U+030F
    { 5, 7, 0, 4, 10, 10846 }, // U+0313
    { 5, 7, 0, 4, 10, 10851 }, // U+0315
    { 5, 6, 0, -5, 16, 10856 }, // U+031B
    { 4, 3, 96, 1, -2, 10860 }, // U+0323
    { 4, 5, 0, -8, -2, 10862 }, // U+0326
    { 5, 6, 0, 2, 1, 10865 }, // U+0327
    { 6, 6, 0, 1, 1, 10869 }, // U+0328
    { 9, 3, 0, 0, -2, 10874 }, // U+032C
    { 9, 15, 0, -11, 14, 10878 }, // U+0337
    { 13, 17, 0, -13, 16, 10895 }, // U+0338
    { 7, 3, 0, -10, 17, 10923 }, // U+0342
    { 5, 4, 0, 0, 13, 10926 }, // U+0343
    { 7, 5, 0, -10, 17, 10929 }, // U+0346
    { 7, 6, 0, -9, -1, 10934 }, // U+0347
    { 6, 5, 0, -9, 0, 10940 }, // U+0348
    { 5, 6, 0, -9, 0, 10944 }, // U+0349
    { 8, 5, 0, -11, 17, 10948 }, // U+034A
    { 9, 9, 0, -11, 21, 10953 }, // U+034B
    { 8, 5, 0, -10, 18, 10964 }, // U+034C
    { 10, 5, 0, -11, -1, 10969 }, // U+034D
    { 5, 5, 0, -9, -1, 10976 }, // U+034E
    { 0, 0, 0, 0, 0, 10980 }, // U+034F
    { 8, 9, 0, -10, 22, 10980 }, // U+0350
    { 2, 4, 0, -7, 16, 10989 }, // U+0351
    { 8, 7, 0, -10, 19, 10990 }, // U+0352
    { 6, 6, 0, -9, 0, 10997 }, // U+0353
    { 6, 6, 0, -9, 0, 11002 }, // U+0354
    { 6, 6, 0, -9, 0, 11007 }, // U+0355
    { 12, 6, 0, -11, 0, 11012 }, // U+0356
    { 3, 6, 0, 1, 18, 11021 }, // U+0357
    { 4, 3, 0, 1, 16, 11024 }, // U+0358
    { 5, 5, 0, -9, -1, 11026 }, // U+0359
    { 9, 4, 0, -10, -1, 11030 }, // U+035A
    { 5, 5, 0, -9, 18, 11035 }, // U+035B
    { 16, 4, 0, -9, -1, 11039 }, // U+035C
    { 17, 4, 0, -9, 16, 11047 }, // U+035D
    { 12, 2, 0, -12, 16, 11056 }, // U+035E
    { 12, 2, 0, -12, -2, 11059 }, // U+035F
    { 22, 5, 0, -12, 17, 11062 }, // U+0360
    { 17, 4, 0, -9, 16, 11076 }, // U+0361
    { 18, 5, 0, -8, -1, 11085 }, // U+0362
    { 6, 6, 0, -9, 19, 11097 }, // U+0363
    { 6, 7, 0, -9, 19, 11102 }, // U+0364
    { 2, 8, 0, -7, 21, 11108 }, // U+0365
    { 6, 7, 0, -9, 19, 11110 }, // U+0366
    { 5, 7, 0, -9, 19, 11116 }, // U+0367
    { 5, 7, 0, -9, 19, 11121 }, // U+0368
    { 5, 8, 0, -9, 21, 11126 }, // U+0369
    { 5, 8, 0, -9, 21, 11131 }, // U+036A
    { 9, 6, 0, -11, 19, 11136 }, // U+036B
    { 4, 6, 0, -8, 19, 11143 }, // U+036C
    { 4, 9, 0, 0, 21, 11146 }, // U+036D
    { 7, 6, 0, -10, 19, 11151 }, // U+036E
    { 7, 6, 0, -10, 19, 11157 }, // U+036F
    { 10, 20, 202, 1, 20, 11163 }, // U+0400
    { 10, 20, 202, 1, 20, 11188 }, // U+0401
    { 17, 17, 286, 1, 16, 11213 }, // U+0402
    { 10, 20, 194, 1, 20, 11250 }, // U+0403
    { 14, 16, 247, 1, 16, 11275 }, // U+0404
    { 13, 16, 218, 0, 16, 11303 }, // U+0405
    { 4, 16, 94, 1, 16, 11329 }, // U+0406
    { 8, 20, 94, -1, 20, 11337 }, // U+0407
    { 11, 16, 195, 1, 16, 11357 }, // U+0408
    { 22, 16, 372, 1, 16, 11379 }, // U+0409
    { 22, 16, 375, 1, 16, 11423 }, // U+040A
    { 17, 16, 298, 0, 16, 11467 }, // U+040B
    { 14, 20, 240, 1, 20, 11501 }, // U+040C
    { 14, 20, 254, 1, 20, 11536 }, // U+040D
    { 15, 21, 231, 0, 21, 11571 }, // U+040E
    { 13, 20, 242, 1, 16, 11611 }, // U+040F
    { 16, 16, 249, 0, 16, 11644 }, // U+0410
    { 12, 16, 216, 1, 16, 11676 }, // U+0411
    { 12, 16, 220, 1, 16, 11700 }, // U+0412
    { 10, 16, 194, 1, 16, 11724 }, // U+0413
    { 17, 20, 289, 1, 16, 11744 }, // U+0414
    { 10, 16, 202, 1, 16, 11787 }, // U+0415
    { 23, 16, 356, 0, 16, 11807 }, // U+0416
    { 12, 16, 215, 1, 16, 11853 }, // U+0417
    { 14, 16, 254, 1, 16, 11877 }, // U+0418
    { 14, 21, 254, 1, 21, 11905 }, // U+0419
    { 14, 16, 240, 1, 16, 11942 }, // U+041A
    { 15, 16, 250, 0, 16, 11970 }, // U+041B
    { 17, 16, 310, 1, 16, 12000 }, // U+041C
    { 13, 16, 249, 1, 16, 12034 }, // U+041D
    { 15, 16, 257, 1, 16, 12060 }, // U+041E
    { 13, 16, 249, 1, 16, 12090 }, // U+041F
    { 12, 16, 216, 1, 16, 12116 }, // U+0420
    { 14, 16, 247, 1, 16, 12140 }, // U+0421
    { 12, 16, 222, 1, 16, 12168 }, // U+0422
    { 15, 16, 231, 0, 16, 12192 }, // U+0423
    { 16, 18, 278, 1, 17, 12222 }, // U+0424
    { 16, 16, 246, 0, 16, 12258 }, // U+0425
    { 14, 20, 256, 1, 16, 12290 }, // U+0426
    { 13, 16, 236, 1, 16, 12325 }, // U+0427
    { 18, 16, 330, 1, 16, 12351 }, // U+0428
    { 20, 20, 339, 1, 16, 12387 }, // U+0429
    { 16, 16, 277, 1, 16, 12437 }, // U+042A
    { 17, 16, 306, 1, 16, 12469 }, // U+042B
    { 12, 16, 221, 1, 16, 12503 }, // U+042C
    { 15, 16, 247, 0, 16, 12527 }, // U+042D
    { 20, 16, 347, 1, 16, 12557 }, // U+042E
    { 13, 16, 219, 0, 16, 12597 }, // U+042F
    { 11, 12, 193, 1, 12, 12623 }, // U+0430
    { 12, 16, 203, 1, 16, 12640 }, // U+0431
    { 10, 12, 192, 1, 12, 12664 }, // U+0432
    { 8, 12, 151, 1, 12, 12679 }, // U+0433
    { 13, 16, 220, 1, 12, 12691 }, // U+0434
    { 11, 12, 199, 1, 12, 12717 }, // U+0435
    { 19, 12, 288, -1, 12, 12734 }, // U+0436
    { 10, 12, 173, 1, 12, 12763 }, // U+0437
    { 11, 12, 207, 1, 12, 12778 }, // U+0438
    { 11, 17, 207, 1, 17, 12795 }, // U+0439
    { 11, 12, 194, 1, 12, 12819 }, // U+043A
    { 11, 12, 201, 1, 12, 12836 }, // U+043B
    { 15, 12, 271, 1, 12, 12853 }, // U+043C
    { 11, 12, 207, 1, 12, 12876 }, // U+043D
    { 12, 12, 204, 1, 12, 12893 }, // U+043E
    { 11, 12, 204, 1, 12, 12911 }, // U+043F
    { 11, 16, 210, 1, 12, 12928 }, // U+0440
    { 11, 12, 196, 1, 12, 12950 }, // U+0441
    { 10, 12, 170, 1, 12, 12967 }, // U+0442
    { 13, 16, 201, 0, 12, 12982 }, // U+0443
    { 15, 20, 259, 1, 16, 13008 }, // U+0444
    { 12, 12, 193, 0, 12, 13046 }, // U+0445
    { 12, 16, 219, 1, 12, 13064 }, // U+0446
    { 10, 12, 200, 1, 12, 13088 }, // U+0447
    { 16, 12, 287, 1, 12, 13103 }, // U+0448
    { 17, 16, 296, 1, 12, 13127 }, // U+0449
    { 14, 12, 226, 1, 12, 13161 }, // U+044A
    { 15, 12, 269, 1, 12, 13182 }, // U+044B
    { 11, 12, 197, 1, 12, 13205 }, // U+044C
    { 12, 12, 196, 0, 12, 13222 }, // U+044D
    { 16, 12, 289, 1, 12, 13240 }, // U+044E
    { 11, 12, 192, 0, 12, 13264 }, // U+044F
    { 11, 17, 199, 1, 17, 13281 }, // U+0450
    { 11, 17, 199, 1, 17, 13305 }, // U+0451
    { 13, 20, 207, 0, 16, 13329 }, // U+0452
    { 8, 17, 151, 1, 17, 13362 }, // U+0453
    { 11, 12, 196, 1, 12, 13379 }, // U+0454
    { 11, 12, 187, 0, 12, 13396 }, // U+0455
    { 4, 17, 90, 1, 17, 13413 }, // U+0456
    { 8, 17, 90, -1, 17, 13422 }, // U+0457
    { 6, 21, 90, 0, 17, 13439 }, // U+0458
    { 19, 12, 315, 1, 12, 13455 }, // U+0459
    { 18, 12, 308, 1, 12, 13484 }, // U+045A
    { 13, 16, 207, 0, 16, 13511 }, // U+045B
    { 11, 17, 194, 1, 17, 13537 }, // U+045C
    { 11, 17, 207, 1, 17, 13561 }, // U+045D
    { 13, 21, 201, 0, 17, 13585 }, // U+045E
    { 11, 16, 204, 1, 12, 13620 }, // U+045F
    { 18, 16, 326, 1, 16, 13642 }, // U+0460
    { 16, 12, 294, 1, 12, 13678 }, // U+0461
    { 14, 16, 237, 1, 16, 13702 }, // U+0462
    { 13, 16, 214, 1, 16, 13730 }, // U+0463
    { 19, 16, 334, 1, 16, 13756 }, // U+0464
    { 15, 12, 276, 1, 12, 13794 }, // U+0465
    { 16, 16, 249, 0, 16, 13817 }, // U+0466
    { 12, 12, 197, 0, 12, 13849 }, // U+0467
    { 19, 16, 330, 1, 16, 13867 }, // U+0468
    { 16, 12, 278, 1, 12, 13905 }, // U+0469
    { 16, 16, 294, 1, 16, 13929 }, // U+046A
    { 13, 12, 249, 1, 12, 13961 }, // U+046B
    { 22, 16, 395, 1, 16, 13981 }, // U+046C
    { 19, 12, 341, 1, 12, 14025 }, // U+046D
    { 10, 26, 190, 1, 21, 14054 }, // U+046E
    { 10, 21, 181, 1, 17, 14087 }, // U+046F
    { 16, 16, 298, 1, 16, 14114 }, // U+0470
    { 15, 19, 277, 1, 15, 14146 }, // U+0471
    { 15, 16, 257, 1, 16, 14182 }, // U+0472
    { 12, 12, 204, 1, 12, 14212 }, // U+0473
    { 15, 16, 253, 0, 16, 14230 }, // U+0474
    { 13, 12, 206, 0, 12, 14260 }, // U+0475
    { 15, 20, 253, 0, 20, 14280 }, // U+0476
    { 13, 17, 206, 0, 17, 14318 }, // U+0477
    { 28, 20, 457, 1, 16, 14346 }, // U+0478
    { 24, 16, 399, 1, 12, 14416 }, // U+0479
    { 14, 16, 239, 1, 16, 14464 }, // U+0480
    { 11, 16, 195, 1, 12, 14492 }, // U+0481
    { 12, 14, 223, 1, 14, 14514 }, // U+0482
    { 8, 5, 0, -10, 17, 14535 }, // U+0483
    { 8, 3, 0, -10, 16, 14540 }, // U+0484
    { 3, 4, 0, -7, 17, 14543 }, // U+0485
    { 3, 4, 0, -7, 17, 14545 }, // U+0486
    { 9, 3, 0, -11, 16, 14547 }, // U+0487
    { 20, 19, 0, -16, 16, 14551 }, // U+0488
    { 20, 20, 0, -16, 16, 14599 }, // U+0489
    { 15, 25, 254, 1, 21, 14649 }, // U+048A
    { 13, 21, 207, 1, 17, 14696 }, // U+048B
    { 14, 16, 237, 1, 16, 14731 }, // U+048C
    { 13, 15, 214, 1, 15, 14759 }, // U+048D
    { 12, 16, 220, 1, 16, 14784 }, // U+048E
    { 11, 16, 204, 1, 12, 14808 }, // U+048F
    { 11, 19, 194, 1, 19, 14830 }, // U+0490
    { 8, 15, 151, 1, 15, 14857 }, // U+0491
    { 12, 16, 194, 0, 16, 14872 }, // U+0492
    { 10, 12, 151, 0, 12, 14896 }, // U+0493
    { 12, 17, 221, 1, 16, 14911 }, // U+0494
    { 10, 16, 191, 1, 12, 14937 }, // U+0495
    { 24, 20, 368, 0, 16, 14957 }, // U+0496
    { 19, 16, 299, -1, 12, 15017 }, // U+0497
    { 12, 20, 215, 1, 16, 15055 }, // U+0498
    { 11, 16, 173, 0, 12, 15085 }, // U+0499
    { 14, 20, 254, 1, 16, 15107 }, // U+049A
    { 12, 16, 205, 1, 12, 15142 }, // U+049B
    { 14, 16, 240, 1, 16, 15166 }, // U+049C
    { 13, 12, 211, 1, 12, 15194 }, // U+049D
    { 18, 16, 295, 1, 16, 15214 }, // U+04A0
    { 14, 12, 224, 1, 12, 15250 }, // U+04A1
    { 15, 20, 258, 1, 16, 15271 }, // U+04A2
    { 12, 16, 216, 1, 12, 15309 }, // U+04A3
    { 19, 16, 335, 1, 16, 15333 }, // U+04A4
    { 14, 12, 236, 1, 12, 15371 }, // U+04A5
    { 22, 17, 376, 1, 16, 15392 }, // U+04A6
    { 19, 15, 313, 1, 12, 15439 }, // U+04A7
    { 21, 16, 349, 1, 16, 15475 }, // U+04A8
    { 17, 12, 280, 1, 12, 15517 }, // U+04A9
    { 14, 20, 247, 1, 16, 15543 }, // U+04AA
    { 11, 16, 196, 1, 12, 15578 }, // U+04AB
    { 12, 20, 222, 1, 16, 15600 }, // U+04AC
    { 10, 16, 170, 1, 12, 15630 }, // U+04AD
    { 15, 16, 244, 0, 16, 15650 }, // U+04AE
    { 13, 16, 200, 0, 12, 15680 }, // U+04AF
    { 15, 16, 244, 0, 16, 15706 }, // U+04B0
    { 13, 16, 200, 0, 12, 15736 }, // U+04B1
    { 17, 20, 258, 0, 16, 15762 }, // U+04B2
    { 14, 16, 204, 0, 12, 15805 }, // U+04B3
    { 19, 20, 317, 0, 16, 15833 }, // U+04B4
    { 14, 16, 237, 1, 12, 15881 }, // U+04B5
    { 14, 20, 245, 1, 16, 15909 }, // U+04B6
    { 12, 16, 210, 1, 12, 15944 }, // U+04B7
    { 13, 16, 236, 1, 16, 15968 }, // U+04B8
    { 10, 12, 200, 1, 12, 15994 }, // U+04B9
    { 13, 16, 236, 1, 16, 16009 }, // U+04BA
    { 11, 16, 207, 1, 16, 16035 }, // U+04BB
    { 18, 16, 297, 1, 16, 16057 }, // U+04BC
    { 15, 12, 251, 1, 12, 16093 }, // U+04BD
    { 18, 19, 297, 1, 16, 16116 }, // U+04BE
    { 15, 16, 251, 1, 12, 16159 }, // U+04BF
    { 4, 16, 94, 1, 16, 16189 }, // U+04C0
    { 23, 21, 356, 0, 21, 16197 }, // U+04C1
    { 19, 17, 288, -1, 17, 16258 }, // U+04C2
    { 13, 20, 231, 1, 16, 16299 }, // U+04C3
    { 11, 16, 207, 1, 12, 16332 }, // U+04C4
    { 17, 20, 250, 0, 16, 16354 }, // U+04C5
    { 13, 16, 201, 1, 12, 16397 }, // U+04C6
    { 13, 20, 249, 1, 16, 16423 }, // U+04C7
    { 11, 16, 207, 1, 12, 16456 }, // U+04C8
    { 15, 20, 249, 1, 16, 16478 }, // U+04C9
    { 13, 16, 207, 1, 12, 16516 }, // U+04CA
    { 14, 20, 245, 1, 16, 16542 }, // U+04CB
    { 12, 16, 210, 1, 12, 16577 }, // U+04CC
    { 19, 20, 310, 1, 16, 16601 }, // U+04CD
    { 17, 16, 271, 1, 12, 16649 }, // U+04CE
    { 4, 16, 90, 1, 16, 16683 }, // U+04CF
    { 16, 21, 249, 0, 21, 16691 }, // U+04D0
    { 11, 17, 193, 1, 17, 16733 }, // U+04D1
    { 16, 20, 249, 0, 20, 16757 }, // U+04D2
    { 11, 17, 193, 1, 17, 16797 }, // U+04D3
    { 20, 16, 341, 0, 16, 16821 }, // U+04D4
    { 18, 12, 303, 1, 12, 16861 }, // U+04D5
    { 10, 21, 202, 1, 21, 16888 }, // U+04D6
    { 11, 17, 199, 1, 17, 16915 }, // U+04D7
    { 14, 16, 249, 1, 16, 16939 }, // U+04D8
    { 11, 12, 199, 1, 12, 16967 }, // U+04D9
    { 14, 21, 249, 1, 21, 16984 }, // U+04DA
    { 11, 17, 199, 1, 17, 17021 }, // U+04DB
    { 22, 20, 356, 0, 20, 17045 }, // U+04DC
    { 18, 17, 288, 0, 17, 17100 }, // U+04DD
    { 12, 21, 215, 1, 21, 17139 }, // U+04DE
    { 10, 17, 173, 1, 17, 17171 }, // U+04DF
    { 12, 16, 215, 1, 16, 17193 }, // U+04E0
    { 12, 16, 215, 1, 12, 17217 }, // U+04E1
    { 14, 20, 254, 1, 20, 17241 }, // U+04E2
    { 11, 16, 207, 1, 16, 17276 }, // U+04E3
    { 14, 20, 254, 1, 20, 17298 }, // U+04E4
    { 11, 17, 207, 1, 17, 17333 }, // U+04E5
    { 15, 21, 257, 1, 21, 17357 }, // U+04E6
    { 12, 17, 204, 1, 17, 17397 }, // U+04E7
    { 15, 16, 257, 1, 16, 17423 }, // U+04E8
    { 12, 12, 204, 1, 12, 17453 }, // U+04E9
    { 15, 21, 257, 1, 21, 17471 }, // U+04EA
    { 12, 17, 204, 1, 17, 17511 }, // U+04EB
    { 14, 21, 247, 1, 21, 17537 }, // U+04EC
    { 12, 17, 196, 0, 17, 17574 }, // U+04ED
    { 14, 20, 231, 0, 20, 17600 }, // U+04EE
    { 13, 20, 201, -1, 16, 17635 }, // U+04EF
    { 14, 20, 231, 0, 20, 17668 }, // U+04F0
    { 14, 21, 201, 0, 17, 17703 }, // U+04F1
    { 15, 20, 231, 0, 20, 17740 }, // U+04F2
    { 13, 21, 201, 0, 17, 17778 }, // U+04F3
    { 13, 20, 236, 1, 20, 17813 }, // U+04F4
    { 10, 17, 200, 1, 17, 17846 }, // U+04F5
    { 10, 20, 194, 1, 16, 17868 }, // U+04F6
    { 8, 16, 151, 1, 12, 17893 }, // U+04F7
    { 17, 20, 306, 1, 20, 17909 }, // U+04F8
    { 15, 17, 269, 1, 17, 17952 }, // U+04F9
    { 12, 20, 207, 1, 16, 17984 }, // U+04FA
    { 10, 16, 151, 0, 12, 18014 }, // U+04FB
    { 17, 20, 263, 0, 16, 18034 }, // U+04FC
    { 12, 16, 180, 0, 12, 18077 }, // U+04FD
    { 16, 16, 246, 0, 16, 18101 }, // U+04FE
    { 12, 12, 193, 0, 12, 18133 }, // U+04FF
    { 16, 20, 249, 0, 16, 18151 }, // U+1EA0
    { 11, 16, 193, 1, 12, 18191 }, // U+1EA1
    { 16, 21, 249, 0, 21, 18213 }, // U+1EA2
    { 11, 17, 193, 1, 17, 18255 }, // U+1EA3
    { 16, 24, 249, 0, 24, 18279 }, // U+1EA4
    { 11, 20, 193, 1, 20, 18327 }, // U+1EA5
    { 16, 24, 249, 0, 24, 18355 }, // U+1EA6
    { 11, 20, 193, 1, 20, 18403 }, // U+1EA7
    { 16, 24, 249, 0, 24, 18431 }, // U+1EA8
    { 11, 20, 193, 1, 20, 18479 }, // U+1EA9
    { 16, 24, 249, 0, 24, 18507 }, // U+1EAA
    { 11, 20, 193, 1, 20, 18555 }, // U+1EAB
    { 16, 26, 249, 0, 22, 18583 }, // U+1EAC
    { 11, 22, 193, 1, 18, 18635 }, // U+1EAD
    { 16, 24, 249, 0, 24, 18666 }, // U+1EAE
    { 11, 20, 193, 1, 20, 18714 }, // U+1EAF
    { 16, 24, 249, 0, 24, 18742 }, // U+1EB0
    { 11, 20, 193, 1, 20, 18790 }, // U+1EB1
    { 16, 24, 249, 0, 24, 18818 }, // U+1EB2
    { 11, 20, 193, 1, 20, 18866 }, // U+1EB3
    { 16, 24, 249, 0, 24, 18894 }, // U+1EB4
    { 11, 20, 193, 1, 20, 18942 }, // U+1EB5
    { 16, 26, 249, 0, 22, 18970 }, // U+1EB6
    { 11, 21, 193, 1, 17, 19022 }, // U+1EB7
    { 10, 20, 202, 1, 16, 19051 }, // U+1EB8
    { 11, 16, 199, 1, 12, 19076 }, // U+1EB9
    { 10, 21, 202, 1, 21, 19098 }, // U+1EBA
    { 11, 17, 199, 1, 17, 19125 }, // U+1EBB
    { 10, 21, 202, 1, 21, 19149 }, // U+1EBC
    { 11, 16, 199, 1, 16, 19176 }, // U+1EBD
    { 11, 24, 202, 1, 24, 19198 }, // U+1EBE
    { 11, 20, 199, 1, 20, 19231 }, // U+1EBF
    { 10, 24, 202, 1, 24, 19259 }, // U+1EC0
    { 11, 20, 199, 1, 20, 19289 }, // U+1EC1
    { 10, 24, 202, 1, 24, 19317 }, // U+1EC2
    { 11, 20, 199, 1, 20, 19347 }, // U+1EC3
    { 10, 24, 202, 1, 24, 19375 }, // U+1EC4
    { 11, 20, 199, 1, 20, 19405 }, // U+1EC5
    { 10, 26, 202, 1, 22, 19433 }, // U+1EC6
    { 11, 22, 199, 1, 18, 19466 }, // U+1EC7
    { 5, 21, 94, 0, 21, 19497 }, // U+1EC8
    { 5, 17, 90, 0, 17, 19511 }, // U+1EC9
    { 4, 20, 94, 1, 16, 19522 }, // U+1ECA
    { 4, 21, 90, 1, 17, 19532 }, // U+1ECB
    { 15, 20, 257, 1, 16, 19543 }, // U+1ECC
    { 12, 16, 204, 1, 12, 19581 }, // U+1ECD
    { 15, 21, 257, 1, 21, 19605 }, // U+1ECE
    { 12, 17, 204, 1, 17, 19645 }, // U+1ECF
    { 15, 24, 257, 1, 24, 19671 }, // U+1ED0
    { 12, 20, 204, 1, 20, 19716 }, // U+1ED1
    { 15, 24, 257, 1, 24, 19746 }, // U+1ED2
    { 12, 20, 204, 1, 20, 19791 }, // U+1ED3
    { 15, 24, 257, 1, 24, 19821 }, // U+1ED4
    { 12, 20, 204, 1, 20, 19866 }, // U+1ED5
    { 15, 24, 257, 1, 24, 19896 }, // U+1ED6
    { 12, 20, 204, 1, 20, 19941 }, // U+1ED7
    { 15, 26, 257, 1, 22, 19971 }, // U+1ED8
    { 12, 22, 204, 1, 18, 20020 }, // U+1ED9
    { 15, 21, 260, 1, 21, 20053 }, // U+1EDA
    { 12, 17, 204, 1, 17, 20093 }, // U+1EDB
    { 15, 21, 260, 1, 21, 20119 }, // U+1EDC
    { 12, 17, 204, 1, 17, 20159 }, // U+1EDD
    { 15, 21, 260, 1, 21, 20185 }, // U+1EDE
    { 12, 17, 204, 1, 17, 20225 }, // U+1EDF
    { 15, 21, 260, 1, 21, 20251 }, // U+1EE0
    { 12, 16, 204, 1, 16, 20291 }, // U+1EE1
    { 15, 23, 260, 1, 19, 20315 }, // U+1EE2
    { 12, 20, 204, 1, 16, 20359 }, // U+1EE3
    { 13, 20, 244, 1, 16, 20389 }, // U+1EE4
    { 11, 16, 207, 1, 12, 20422 }, // U+1EE5
    { 13, 21, 244, 1, 21, 20444 }, // U+1EE6
    { 11, 17, 207, 1, 17, 20479 }, // U+1EE7
    { 14, 21, 243, 1, 21, 20503 }, // U+1EE8
    { 12, 17, 220, 1, 17, 20540 }, // U+1EE9
    { 14, 21, 243, 1, 21, 20566 }, // U+1EEA
    { 12, 17, 220, 1, 17, 20603 }, // U+1EEB
    { 14, 21, 243, 1, 21, 20629 }, // U+1EEC
    { 12, 17, 220, 1, 17, 20666 }, // U+1EED
    { 14, 21, 243, 1, 21, 20692 }, // U+1EEE
    { 12, 16, 220, 1, 16, 20729 }, // U+1EEF
    { 14, 23, 243, 1, 19, 20753 }, // U+1EF0
    { 12, 20, 220, 1, 16, 20794 }, // U+1EF1
    { 15, 20, 244, 0, 20, 20824 }, // U+1EF2
    { 13, 21, 201, 0, 17, 20862 }, // U+1EF3
    { 15, 20, 244, 0, 16, 20897 }, // U+1EF4
    { 12, 16, 201, 0, 12, 20935 }, // U+1EF5
    { 15, 21, 244, 0, 21, 20959 }, // U+1EF6
    { 13, 21, 201, -1, 17, 20999 }, // U+1EF7
    { 15, 21, 244, 0, 21, 21034 }, // U+1EF8
    { 13, 20, 201, 0, 16, 21074 }, // U+1EF9
    { 0, 0, 189, 0, 0, 21107 }, // U+2000
    { 0, 0, 376, 0, 0, 21107 }, // U+2001
    { 0, 0, 167, 0, 0, 21107 }, // U+2002
    { 0, 0, 333, 0, 0, 21107 }, // U+2003
    { 0, 0, 111, 0, 0, 21107 }, // U+2004
    { 0, 0, 83, 0, 0, 21107 }, // U+2005
    { 0, 0, 55, 0, 0, 21107 }, // U+2006
    { 0, 0, 215, 0, 0, 21107 }, // U+2007
    { 0, 0, 111, 0, 0, 21107 }, // U+2008
    { 0, 0, 52, 0, 0, 21107 }, // U+2009
    { 0, 0, 26, 0, 0, 21107 }, // U+200A
    { 0, 0, 0, 0, 0, 21107 }, // U+200B
    { 0, 0, 0, 0, 0, 21107 }, // U+200C
    { 0, 0, 0, 0, 0, 21107 }, // U+200D
    { 0, 0, 0, 0, 0, 21107 }, // U+200E
    { 0, 0, 0, 0, 0, 21107 }, // U+200F
    { 7, 3, 151, 1, 8, 21107 }, // U+2010
    { 7, 3, 151, 1, 8, 21110 }, // U+2011
    { 12, 3, 215, 1, 9, 21113 }, // U+2012
    { 10, 3, 167, 0, 8, 21118 }, // U+2013
    { 21, 3, 333, 0, 8, 21122 }, // U+2014
    { 21, 3, 333, 0, 8, 21130 }, // U+2015
    { 7, 26, 188, 2, 21, 21138 }, // U+2016
    { 10, 5, 159, 1, 1, 21161 }, // U+2017
    { 5, 7, 103, 1, 16, 21168 }, // U+2018
    { 5, 7, 103, 1, 16, 21173 }, // U+2019
    { 5, 7, 96, 1, 3, 21178 }, // U+201A
    { 5, 7, 103, 0, 16, 21183 }, // U+201B
    { 10, 7, 180, 1, 16, 21188 }, // U+201C
    { 10, 7, 177, 1, 16, 21197 }, // U+201D
    { 9, 7, 170, 1, 3, 21206 }, // U+201E
    { 10, 7, 177, 0, 16, 21214 }, // U+201F
    { 9, 12, 194, 2, 16, 21223 }, // U+2020
    { 9, 16, 194, 2, 16, 21237 }, // U+2021
    { 7, 7, 158, 2, 10, 21255 }, // U+2022
    { 6, 8, 158, 3, 10, 21262 }, // U+2023
    { 4, 4, 111, 2, 4, 21268 }, // U+2024
    { 11, 4, 223, 2, 4, 21270 }, // U+2025
    { 18, 4, 334, 2, 4, 21276 }, // U+2026
    { 4, 4, 111, 2, 10, 21285 }, // U+2027
    { 0, 0, 0, 0, 0, 21287 }, // U+202A
    { 0, 0, 0, 0, 0, 21287 }, // U+202B
    { 0, 0, 0, 0, 0, 21287 }, // U+202C
    { 0, 0, 0, 0, 0, 21287 }, // U+202D
    { 0, 0, 0, 0, 0, 21287 }, // U+202E
    { 0, 0, 52, 0, 0, 21287 }, // U+202F
    { 26, 16, 463, 2, 16, 21287 }, // U+2030
    { 33, 16, 588, 2, 16, 21339 }, // U+2031
    { 4, 6, 91, 1, 16, 21405 }, // U+2032
    { 10, 6, 182, 1, 16, 21408 }, // U+2033
    { 15, 6, 273, 1, 16, 21416 }, // U+2034
    { 4, 6, 91, 1, 16, 21428 }, // U+2035
    { 10, 6, 182, 1, 16, 21431 }, // U+2036
    { 15, 6, 273, 1, 16, 21439 }, // U+2037
    { 10, 5, 183, 1, -1, 21451 }, // U+2038
    { 9, 10, 144, 0, 12, 21458 }, // U+2039
    { 9, 10, 144, 0, 12, 21470 }, // U+203A
    { 14, 13, 270, 2, 14, 21482 }, // U+203B
    { 11, 16, 225, 2, 16, 21505 }, // U+203C
    { 10, 16, 186, 1, 16, 21527 }, // U+203D
    { 10, 3, 166, 1, 19, 21547 }, // U+203E
    { 18, 5, 283, 0, 0, 21551 }, // U+203F
    { 18, 5, 283, 0, 16, 21563 }, // U+2040
    { 10, 13, 159, 0, 7, 21575 }, // U+2041
    { 14, 14, 254, 1, 15, 21592 }, // U+2042
    { 6, 3, 158, 2, 8, 21617 }, // U+2043
    { 14, 16, 70, -5, 16, 21620 }, // U+2044
    { 5, 20, 126, 2, 17, 21648 }, // U+2045
    { 6, 20, 126, 1, 17, 21661 }, // U+2046
    { 22, 16, 373, 1, 16, 21676 }, // U+2047
    { 16, 16, 299, 1, 16, 21720 }, // U+2048
    { 16, 16, 299, 2, 16, 21752 }, // U+2049
    { 9, 16, 156, 1, 12, 21784 }, // U+204A
    { 10, 16, 199, 2, 16, 21802 }, // U+204B
    { 10, 9, 203, 1, 11, 21822 }, // U+204C
    { 9, 9, 203, 2, 11, 21834 }, // U+204D
    { 10, 9, 186, 1, 8, 21845 }, // U+204E
    { 4, 16, 114, 2, 12, 21857 }, // U+204F
    { 18, 22, 283, 0, 16, 21865 }, // U+2050
    { 10, 20, 192, 2, 16, 21915 }, // U+2051
    { 15, 16, 274, 1, 16, 21940 }, // U+2052
    { 14, 5, 254, 1, 10, 21970 }, // U+2053
    { 18, 5, 283, 0, -1, 21979 }, // U+2054
    { 11, 11, 239, 2, 11, 21991 }, // U+2055
    { 21, 6, 364, 1, 16, 22007 }, // U+2057
    { 0, 0, 98, 0, 0, 22023 }, // U+205F
    { 0, 0, 0, 0, 0, 22023 }, // U+2060
    { 0, 0, 0, 0, 0, 22023 }, // U+2061
    { 0, 0, 0, 0, 0, 22023 }, // U+2062
    { 0, 0, 0, 0, 0, 22023 }, // U+2063
    { 0, 0, 0, 0, 0, 22023 }, // U+2064
    { 0, 0, 0, 0, 0, 22023 }, // U+2065
    { 0, 0, 0, 0, 0, 22023 }, // U+206A
    { 0, 0, 0, 0, 0, 22023 }, // U+206B
    { 0, 0, 0, 0, 0, 22023 }, // U+206C
    { 0, 0, 0, 0, 0, 22023 }, // U+206D
    { 0, 0, 0, 0, 0, 22023 }, // U+206E
    { 0, 0, 0, 0, 0, 22023 }, // U+206F
    { 9, 9, 165, 1, 18, 22023 }, // U+2070
    { 3, 9, 75, 1, 18, 22034 }, // U+2071
    { 9, 9, 162, 1, 18, 22038 }, // U+2074
    { 9, 9, 158, 1, 18, 22049 }, // U+2075
    { 8, 9, 158, 1, 18, 22060 }, // U+2076
    { 7, 9, 141, 1, 18, 22069 }, // U+2077
    { 8, 9, 160, 1, 18, 22077 }, // U+2078
    { 8, 9, 158, 1, 18, 22086 }, // U+2079
    { 8, 6, 157, 1, 16, 22095 }, // U+207A
    { 7, 2, 157, 2, 14, 22101 }, // U+207B
    { 7, 5, 157, 2, 16, 22103 }, // U+207C
    { 4, 11, 97, 1, 19, 22108 }, // U+207D
    { 5, 11, 97, 0, 19, 22114 }, // U+207E
    { 8, 7, 154, 1, 16, 22121 }, // U+207F
    { 9, 9, 165, 1, 6, 22128 }, // U+2080
    { 6, 8, 111, 1, 5, 22139 }, // U+2081
    { 8, 9, 153, 1, 6, 22145 }, // U+2082
    { 9, 9, 157, 0, 6, 22154 }, // U+2083
    { 9, 9, 162, 1, 6, 22165 }, // U+2084
    { 9, 9, 158, 1, 6, 22176 }, // U+2085
    { 8, 9, 158, 1, 6, 22187 }, // U+2086
    { 7, 8, 141, 1, 5, 22196 }, // U+2087
    { 8, 9, 160, 1, 6, 22203 }, // U+2088
    { 8, 9, 158, 1, 6, 22212 }, // U+2089
    { 8, 6, 157, 1, 4, 22221 }, // U+208A
    { 7, 2, 157, 2, 2, 22227 }, // U+208B
    { 7, 5, 157, 2, 3, 22229 }, // U+208C
    { 4, 11, 97, 1, 6, 22234 }, // U+208D
    { 5, 11, 97, 0, 6, 22240 }, // U+208E
    { 8, 6, 141, 0, 3, 22247 }, // U+2090
    { 8, 6, 145, 1, 3, 22253 }, // U+2091
    { 8, 6, 148, 1, 3, 22259 }, // U+2092
    { 8, 6, 145, 1, 3, 22265 }, // U+2093
    { 8, 9, 160, 1, 5, 22271 }, // U+2094
    { 8, 8, 154, 1, 5, 22280 }, // U+2095
    { 8, 9, 142, 1, 6, 22288 }, // U+2096
    { 3, 8, 75, 1, 5, 22297 }, // U+2097
    { 12, 6, 217, 1, 3, 22300 }, // U+2098
    { 8, 6, 154, 1, 3, 22309 }, // U+2099
    { 8, 8, 153, 1, 3, 22315 }, // U+209A
    { 8, 6, 139, 0, 3, 22323 }, // U+209B
    { 5, 8, 92, 0, 5, 22329 }, // U+209C
    { 14, 16, 254, 1, 16, 22334 }, // U+20A0
    { 14, 20, 247, 1, 18, 22362 }, // U+20A1
    { 14, 16, 242, 1, 16, 22397 }, // U+20A2
    { 13, 16, 205, -1, 16, 22425 }, // U+20A3
    { 13, 16, 213, 0, 16, 22451 }, // U+20A4
    { 18, 16, 288, 1, 14, 22477 }, // U+20A5
    { 15, 16, 252, 1, 16, 22513 }, // U+20A6
    { 20, 16, 338, 1, 16, 22543 }, // U+20A7
    { 23, 16, 391, 1, 16, 22583 }, // U+20A8
    { 22, 16, 346, 0, 16, 22629 }, // U+20A9
    { 17, 12, 307, 1, 12, 22673 }, // U+20AA
    { 13, 20, 210, 1, 16, 22699 }, // U+20AB
    { 13, 16, 228, 0, 16, 22732 }, // U+20AC
    { 16, 16, 267, 1, 16, 22758 }, // U+20AD
    { 12, 16, 222, 1, 16, 22790 }, // U+20AE
    { 29, 22, 487, 1, 18, 22814 }, // U+20AF
    { 14, 16, 238, 0, 16, 22894 }, // U+20B1
    { 14, 20, 250, 1, 18, 22922 }, // U+20B2
    { 16, 16, 249, 0, 16, 22957 }, // U+20B3
    { 12, 16, 246, 2, 16, 22989 }, // U+20B4
    { 14, 20, 247, 1, 18, 23013 }, // U+20B5
    { 12, 16, 223, 1, 16, 23048 }, // U+20B8
    { 12, 16, 190, 0, 16, 23072 }, // U+20B9
    { 12, 16, 215, 1, 16, 23096 }, // U+20BA
    { 14, 12, 254, 1, 12, 23120 }, // U+20BC
    { 14, 16, 247, 1, 16, 23141 }, // U+20BD
    { 13, 16, 254, 1, 16, 23169 }, // U+20BE
    { 12, 20, 220, 1, 18, 23195 }, // U+20BF
    { 16, 16, 318, 1, 15, 23225 }, // U+2190
    { 16, 16, 302, 1, 16, 23257 }, // U+2191
    { 16, 16, 318, 3, 15, 23289 }, // U+2192
    { 16, 17, 302, 1, 16, 23321 }, // U+2193
    { 24, 15, 447, 2, 15, 23355 }, // U+2194
    { 14, 25, 286, 2, 19, 23400 }, // U+2195
    { 13, 13, 261, 2, 12, 23444 }, // U+2196
    { 12, 13, 261, 2, 12, 23466 }, // U+2197
    { 12, 12, 261, 2, 12, 23486 }, // U+2198
    { 13, 12, 261, 2, 12, 23504 }, // U+2199
    { 21, 17, 386, 1, 16, 23524 }, // U+21A9
    { 21, 17, 386, 2, 16, 23569 }, // U+21AA
    { 19, 16, 337, 1, 16, 23614 }, // U+21B0
    { 18, 16, 337, 2, 16, 23652 }, // U+21B1
    { 18, 15, 337, 2, 16, 23688 }, // U+21B3
    { 15, 17, 299, 2, 16, 23722 }, // U+21B4
    { 19, 15, 337, 1, 16, 23754 }, // U+21B5
    { 16, 19, 318, 2, 19, 23790 }, // U+21BA
    { 16, 19, 318, 2, 19, 23828 }, // U+21BB
    { 16, 16, 318, 2, 15, 23866 }, // U+21D0
    { 16, 16, 318, 3, 15, 23898 }, // U+21D2
    { 24, 16, 447, 2, 15, 23930 }, // U+21D4
    { 11, 17, 212, 1, 17, 23978 }, // U+21DE
    { 11, 17, 212, 1, 16, 24002 }, // U+21DF
    { 20, 11, 350, 1, 13, 24026 }, // U+21E4
    { 19, 11, 350, 1, 13, 24054 }, // U+21E5
    { 21, 16, 367, 1, 16, 24081 }, // U+21E7
    { 21, 20, 367, 1, 16, 24123 }, // U+21EA
    { 12, 17, 223, 1, 16, 24176 }, // U+2202
    { 14, 14, 230, 0, 13, 24202 }, // U+2205
    { 15, 16, 247, 0, 16, 24227 }, // U+2206
    { 12, 19, 255, 2, 16, 24257 }, // U+220F
    { 13, 19, 246, 1, 16, 24286 }, // U+2211
    { 10, 3, 226, 2, 8, 24317 }, // U+2212
    { 12, 16, 223, 1, 15, 24321 }, // U+221A
    { 19, 10, 327, 1, 12, 24345 }, // U+221E
    { 9, 22, 130, -1, 17, 24369 }, // U+222B
    { 4, 11, 111, 1, 13, 24394 }, // U+2236
    { 11, 10, 226, 2, 12, 24400 }, // U+2248
    { 10, 12, 226, 2, 12, 24414 }, // U+2260
    { 10, 12, 226, 2, 13, 24429 }, // U+2264
    { 10, 12, 226, 2, 13, 24444 }, // U+2265
    { 29, 30, 463, 1, 23, 24459 }, // U+2295
    { 29, 30, 463, 1, 23, 24568 }, // U+2296
    { 29, 30, 463, 1, 23, 24677 }, // U+2297
    { 29, 30, 463, 1, 23, 24786 }, // U+2298
};








static const int8_t inter_ui_10_boldKernSparseValues[] = {
     -11,  -30,  -30,  -21,  -26,  -55,   -7,   -3,   -7,   -7,   -7,  -15,  -15,   -3,  -30,   -5,
      -2,   -4,   15,   15,   15,   -2,   -2,   -2,   15,   -4,   -2,  -20,  -21,  -23,  -23,  -11,
     -19,  -21,  -13,  -25,  -11,  -11,  -13,   -7,  -11,  -19,  -19,  -19,  -19,  -25,  -25,  -30,
       6,   -2,    4,    6,   -2,   -2,    6,    4,   -2,    6,   37,    6,  -11,  -11,  -45,  -45,
     -15,   -6,  -32,   -6,  -32,  -23,    6,  -11,  -11,   -6,  -45,   -7,   -2,   -9,  -11,  -15,
     -26,  -15,   -8,  -13,  -21,   -7,   -3,  -45,  -45,  -26,  -36,  -10,  -50,  -21,  -21,  -10,
     -10,   -4,  -33,  -10,  -30,   -8,   -2,   -8,   -9,   -4,  -29,  -15,  -15,  -11,  -21,  -17,
     -11,  -11,  -11,   -8,  -15,  -11,  -11,  -21,  -33,  -32,  -45,  -45,  -32,  -13,  -13,   -8,
     -21,    3,    3,   13,  -13,  -10,  -10,   -7,   -8,  -12,  -11,  -15,    6,  -12,    6,    6,
     -11,  -11,  -15,  -17,  -10,    6,    6,    5,    3,   11,   21,    3,   12,   21,   21,   11,
      21,    5,    5,   -5,   -2,   -7,   -7,   -7,   -2,  -11,   -2,   -7,  -17,   -7,  -12,  -11,
     -11,  -13,  -12,   -2,  -12,  -15,  -11,   -2,   -8,   -8,   -2,   -2,   -2,   -8,  -10,  -10,
     -15,  -15,  -10,  -19,  -15,  -42,  -42,   -5,   -6,  -19,   -3,    7,   -5,   -3,  -11,  -30,
     -36,  -32,  -53,  -15,  -17,  -17,  -13,  -21,  -15,  -15,  -17,   30,  -17,  -15,   30,   30,
     -17,   30,  -36,  -36,   -6,  -13,  -47,  -42,  -14,  -11,  -21,  -11,  -11,  -11,  -28,  -15,
     -17,  -15,  -23,  -21,  -17,  -32,  -13,  -11,  -13,  -15,  -15,  -15,  -17,  -15,  -32,  -32,
     -19,  -13,  -25,  -13,  -26,  -25,  -25,  -19,  -30,  -21,  -26,  -26,  -26,  -11,  -11,  -17,
     -25,  -30,  -30,  -32,  -25,  -21,  -15,  -15,  -13,  -14,  -11,  -13,   -8,  -18,  -14,  -13,
      -2,  -11,  -11,  -11,    8,  -35,  -22,  -14,  -14,  -11,  -13,  -15,  -13,  -33,  -26,   -5,
     -32,  -11,  -11,    4,  -17,  -13,  -17,  -21,  -14,    5,  -14,  -30,   -7,  -26,  -24,  -26,
     -32,   -8,   -3,    1,   -4,   -9,  -23,  -23,  -11,  -25,  -11,  -11,  -24,  -32,  -17,  -11,
     -11,  -11,   -8,    1,    1,    1,   -8,  -23,   -8,  -30,  -30,  -49,    1,  -14,  -30,   -9,
     -22,   -9,   -4,  -26,  -26,  -43,  -34,  -11,  -34,   -4,  -17,  -19,   11,   11,   11,  -19,
     -19,  -19,   11,  -19,  -21,   -9,   -5,  -13,    2,   11,    2,   11,   11,   11,   -5,   25,
      25,   25,   11,   25,  -13,  -24,  -30,  -23,  -11,   -6,  -10,   -7,  -11,  -11,  -11,  -11,
      -6,   -6,  -10,  -10,  -11,  -11,   -6,  -10,  -11,   24,  -40,  -42,   -9,  -10,  -10,   -7,
      -5,   -9,   11,   11,   11,  -10,  -10,  -10,    8,   11,   -5,  -10,   -9,   -9,  -11,  -11,
     -19,   -7,  -17,   11,  -26,  -11,   -3,  -26,  -26,  -23,  -11,  -13,  -13,  -13,    2,  -11,
     -13,  -21,  -26,  -17,  -43,   -5,  -11,  -41,  -11,  -13,    2,    2,    2,   28,  -13,  -11,
     -13,   28,   28,  -13,  -11,    2,   28,   28,  -13,  -35,  -11,  -11,  -30,  -57,  -22,  -39,
     -15,   -9,   -9,  -30,  -26,  -12,  -29,  -43,   -7,  -23,  -35,  -32,  -21,  -66,  -27,  -59,
     -26,  -43,  -11,  -23,  -30,  -30,  -30,   -9,  -30,   -7,  -41,   -7,  -29,  -40,  -28,  -31,
     -15,  -15,  -11,  -53,  -11,   -7,  -13,   -7,  -24,  -28,  -32,   -4,   -3,   -7,   -7,   -7,
      -4,   -4,   -3,   -3,   -4,   -3,  -47,  -45,  -12,   -7,  -10,   -2,   -4,   -2,   -2,   -4,
      15,   -4,   -2,   15,   15,   -4,   15,  -10,  -10,   -2,  -11,  -17,  -11,  -17,  -11,  -43,
     -11,  -23,  -26,  -11,  -26,  -11,  -11,  -30,  -11,  -30,    3,  -19,  -24,  -26,  -19,  -25,
     -34,  -25,  -21,  -21,  -11,  -15,  -17,  -43,  -17,  -59,  -44,  -17,  -11,  -38,  -38,  -43,
      30,  -43,  -42,  -32,  -24,   30,   30,  -26,  -38,   47,   30,  -46,  -46,  -11,  -34,  -18,
     -34,  -25,    3,    3,  -40,  -11,  -40,  -19,  -17,  -19,  -32,  -19,  -32,  -16,   -8,  -11,
     -21,  -25,  -21,  -25,  -26,  -13,  -32,    5,  -26,  -20,  -20,   -3,  -15,  -19,  -19,  -40,
     -32,  -10,  -13,  -20,  -33,  -20,   28,  -35,  -20,   28,   28,  -20,   13,   28,  -41,  -41,
     -13,   -4,  -15,  -38,  -13,  -32,  -45,  -50,   -2,  -17,  -14,  -32,  -14,  -32,  -10,  -11,
     -17,  -25,  -21,   -8,  -24,   -8,  -21,    3,    7,  -19,  -17,  -11,  -11,  -14,  -19,  -14,
     -25,  -10,  -19,  -19,  -17,  -17,  -19,  -17,   28,   -8,  -11,  -11,  -36,  -32,  -32,  -37,
      -4,  -13,  -13,  -12,   -7,  -13,   -7,  -19,  -17,  -18,  -18,  -13,  -19,   -9,  -25,  -13,
     -30,   -2,  -28,  -15,  -19,  -19,   -9,   -9,  -19,   -9,  -13,  -13,  -13,   28,   -7,  -35,
     -11,  -13,  -21,  -29,  -15,  -11,  -21,  -21,  -21,  -21,  -21,  -23,  -21,  -34,  -32,  -14,
     -26,  -14,  -11,    3,  -34,  -36,   -7,  -13,  -23,  -13,  -21,  -30,  -38,   -3,  -13,  -38,
     -21,  -28,  -56,  -51,  -36,   -7,  -19,   -7,  -36,  -13,  -64,  -55,    3,    3,    3,  -13,
      -7,   28,  -14,    3,  -16,  -23,  -36,  -13,  -54,  -58,  -62,  -11,  -12,  -12,  -21,  -11,
     -11,  -12,  -11,  -12,  -23,   28,   28,   28,   11,   28,  -11,   -7,    6,   -2,    4,    6,
      -2,   -2,    6,    4,   -2,    6,   29,  -26,   -5,  -32,  -11,  -11,    4,  -17,  -13,  -17,
     -21,  -14,    5,  -14,  -43,   -7,  -43,  -43,  -26,  -32,   -8,   -3,    1,   -4,   -9,  -40,
     -23,  -11,  -25,  -11,  -11,  -24,  -32,  -17,  -11,  -11,  -11,   -8,    1,    1,    1,   -8,
     -40,   -8,  -43,  -43,  -43,    1,  -14,  -43,   -9,  -22,   -9,   -4,  -26,  -26,  -58,  -53,
     -11,  -53,   -4,  -17,  -23,  -15,  -36,  -15,  -19,  -15,  -15,  -15,  -13,   11,  -13,  -19,
     -13,  -26,  -23,    5,   32,   11,  -26,  -23,  -15,    5,    5,    5,  -26,   11,   32,  -19,
     -19,  -19,   11,    5,   19,   19,  -15,  -13,  -36,  -17,   15,   15,  -13,  -17,   -7,  -13,
     -24,  -17,  -17,  -32,   -6,   -3,   -6,  -24,  -24,  -24,  -24,  -32,  -32,  -15,   -8,   -8,
      -7,   -4,  -11,  -11,  -26,  -20,  -17,   -9,  -38,    3,   -6,   -5,   -7,   -7,  -11,   -4,
       3,    3,   -6,    3,  -26,  -26,  -26,   15,   -9,  -26,   -4,  -76,  -38,  -21,   -7,   -7,
      -7,  -19,   -7,  -19,   -4,  -21,  -11,  -21,    1,   -5,   -7,   -7,  -14,    3,    2,   -6,
     -13,    7,   -7,  -13,   -7,   -7,   -6,   -7,   -7,   -7,    3,    3,    3,   34,   -7,   -7,
      34,   47,    2,   -7,    3,   15,   45,  -27,  -27,  -13,  -13,   -6,    1,    1,  -30,   -6,
     -19,   -6,  -17,    3,    3,  -17,  -17,  -17,  -17,   20,   32,   20,   28,   32,  -19,  -19,
     -15,  -28,  -19,   -7,    3,  -19,  -17,  -42,  -19,   -7,   -7,    3,   -7,  -19,  -19,  -19,
     -19,  -12,  -21,  -12,  -21,  -10,  -13,  -13,    5,  -19,  -19,  -11,   -5,   -8,    7,    1,
       5,    2,    7,    5,    3,    5,  -12,  -23,  -12,   -5,   -5,   -8,    1,    1,    1,    5,
      -8,    5,   -5,    5,    5,    5,    5,   -8,  -19,  -19,  -19,    5,    1,   15,    5,  -19,
      -6,   -6,    7,    7,  -13,    5,  -26,  -21,    5,   -8,   -3,  -25,  -15,  -11,  -25,   -3,
     -25,  -25,  -25,  -25,  -25,  -25,  -17,   -2,   -6,   -6,   -2,   -9,    1,  -11,   -1,   -1,
      -2,    2,   -3,  -11,    2,   -2,   -4,    7,    7,   -6,   -6,   -6,   -2,    2,    2,   -3,
      -3,    7,    2,    1,    2,   -3,  -11,  -11,  -11,    1,   15,  -11,   -4,   -4,   -2,   -2,
      -2,  -13,    4,   -2,    4,    5,  -12,  -12,  -11,  -13,  -17,  -19,  -11,  -12,  -23,  -12,
       6,  -17,  -42,  -17,  -17,  -19,  -19,  -13,    5,    5,  -10,  -13,  -13,  -13,  -13,  -19,
     -11,  -13,  -23,    1,  -21,  -11,  -11,  -26,   -3,   -6,    5,    6,  -13,  -13,  -13,  -13,
      -3,   -3,   -6,    8,   -6,   -3,    1,    8,    8,   -6,  -11,  -32,  -11,    1,    8,  -11,
     -15,  -15,    6,    6,  -11,  -11,  -26,  -37,   -8,  -11,  -25,  -25,  -23,  -19,  -17,  -11,
      -1,   -5,  -11,   -1,   -1,   -5,   -5,   -1,   -5,  -17,  -17,  -17,  -17,  -26,  -25,   -7,
      -7,  -11,  -11,   -1,   -7,    5,    5,   -7,  -11,   -7,   -7,   -1,   -1,   -7,   -7,   -1,
      -7,  -11,  -11,  -11,  -11,    5,    5,  -11,   -7,   -7,   -7,   -7,  -11,  -11,  -11,  -11,
      -7,   -2,   -9,  -11,  -15,  -26,  -15,   -8,  -27,  -21,   -7,   -3,  -45,  -45,  -26,  -27,
     -10,  -50,  -21,  -21,  -10,  -23,  -11,  -23,  -23,  -23,  -23,  -23,  -23,  -23,  -11,   11,
      11,   11,   11,   11,   15,  -13,  -25,  -25,  -11,  -11,  -11,  -11,  -11,  -17,  -21,  -17,
     -17,  -17,  -40,  -21,  -21,  -17,  -17,  -17,  -17,  -17,  -11,  -16,   -2,  -24,   -2,  -24,
      -2,   -3,   -4,   -9,   -4,   -4,   -4,   -9,   -9,   -4,   -9,   -2,   -2,   -4,   -3,   -3,
      -3,   -1,  -12,  -12,  -11,  -13,  -17,  -19,  -11,  -12,  -23,  -12,    6,  -17,  -42,  -17,
     -17,  -19,  -19,  -30,    5,    5,  -10,   -7,   -2,   -9,  -11,  -15,  -52,  -28,   -8,  -28,
     -38,   -7,   -3,  -52,  -52,  -52,  -28,  -10,  -52,  -38,  -38,  -10,    4,  -13,  -17,  -15,
     -17,  -11,  -11,  -43,  -21,  -19,  -13,  -30,  -11,  -11,  -11,  -11,  -11,  -43,  -43,  -43,
     -11,  -11,  -30,  -15,  -66,  -30,  -30,  -28,  -23,  -39,  -32,  -23,  -23,  -23,  -23,  -21,
     -11,  -11,   13,   13,   13,   13,   13,  -11,  -30,  -13,  -15,  -15,  -30,  -30,  -30,  -15,
     -30,  -15,  -15,  -11,  -34,  -34,  -13,  -13,  -19,  -17,  -13,  -19,  -19,  -19,  -19,  -19,
     -42,  -34,  -19,   11,   11,   11,  -19,  -19,  -19,   11,  -19,  -43,  -26,  -26,  -26,  -26,
     -26,   32,   34,   32,   24,   32,   15,   30,   21,   30,   28,   30,   13,   20,   20,    5,
      17,   13,   32,   20,   32,   53,   21,   53,   53,   32,   30,   30,   30,   46,   32,   17,
      53,   30,   17,   17,   -7,  -13,  -41,  -17,  -17,  -32,   -6,   -3,   -6,  -41,  -41,  -41,
     -41,  -32,  -32,  -15,   -8,   -8,   -7,   -4,  -11,  -11,  -43,  -20,  -17,   -9,  -38,    3,
      -6,   -5,   -7,   -7,  -11,   -4,    3,    3,   -6,    3,  -43,  -43,  -43,   15,   -9,  -43,
      -4,  -76,  -38,  -21,   -7,   -7,   -7,  -13,  -48,  -17,  -17,  -32,   -6,   -3,   -6,  -48,
     -48,  -48,  -48,  -32,  -32,  -15,   -8,   -8,   11,    3,   44,   19,   15,   15,   11,   13,
      19,   13,   11,   11,   13,    6,   19,   13,   13,   24,   11,   11,   11,   11,   11,   13,
      13,   13,   11,   24,   15,   11,   13,   11,   -6,   11,   11,   11,   13,   11,   11,   13,
      13,   13,   13,   13,   13,   11,   11,   11,   11,   11,   13,   13,   11,   15,   30,   21,
      30,   28,   30,   13,   34,   32,    5,   17,   13,   34,   34,   34,   53,   21,   53,   53,
      32,   30,   30,   30,   46,   34,   36,   53,   30,   17,   17,   15,   30,   21,   30,   28,
      30,   13,   34,   34,    5,   17,   13,   34,   34,   34,   53,   21,   53,   53,   34,   30,
      30,   30,   46,   34,   17,   53,   30,   17,   17,   15,   30,   21,   30,   28,   30,   13,
      34,   20,    5,   17,   13,   34,   34,   34,   53,   21,   53,   53,   32,   30,   30,   30,
      46,   34,   17,   53,   30,   17,   17,   32,   34,   32,   24,   34,  -30,  -59,  -38,  -38,
     -15,   -9,   -9,  -30,  -26,  -12,  -29,  -59,   -7,  -23,  -37,  -32,  -21,  -38,  -27,  -59,
     -26,  -38,  -11,  -23,  -30,  -30,  -30,   -9,  -30,   -7,  -41,   -7,  -29,  -40,  -28,  -31,
     -15,  -15,  -11,  -53,    6,    6,    5,    3,   11,   21,    3,   12,   21,   21,   24,   21,
       5,    5,  -30,  -57,  -34,  -34,  -15,   -9,   -9,  -30,  -26,  -12,  -29,  -43,   -7,  -23,
     -33,  -32,  -21,  -34,  -27,  -59,  -26,  -34,  -11,  -23,  -30,  -30,  -30,   -9,  -30,   -7,
     -41,   -7,  -29,  -40,  -28,  -31,  -15,  -15,  -11,  -53,  -11,  -11,  -11,    6,    6,    5,
       3,   22,   21,    3,   11,   21,   21,   11,   21,    5,    5,  -30,  -55,  -22,  -39,  -15,
      -9,   -9,  -30,  -26,  -12,  -40,  -55,   -7,  -23,  -35,  -32,  -21,  -66,  -27,  -55,  -26,
     -43,  -11,  -23,  -30,  -30,  -30,   -9,  -30,   -7,  -41,   -7,  -40,  -40,  -28,  -42,  -15,
     -15,  -11,  -42,    6,    6,   10,    3,   22,   21,    3,   11,   21,   21,   11,   21,   10,
      10,   -2,  -11,  -29,  -11,  -29,  -11,  -43,  -11,  -23,  -26,  -11,  -26,  -11,  -11,  -30,
     -11,  -30,    3,  -19,  -24,  -26,  -19,  -25,  -34,  -43,  -21,  -21,  -26,  -28,  -29,  -43,
     -29,  -43,  -29,  -17,  -11,  -38,  -38,  -43,   30,  -43,  -43,  -32,  -24,   30,   30,  -26,
     -43,   47,   30,  -46,  -46,  -11,  -34,  -18,  -34,  -25,    3,    3,  -40,  -11,  -40,  -19,
      -2,  -11,  -29,  -11,  -29,  -11,  -43,  -11,  -23,  -26,  -11,  -26,  -11,  -11,  -30,  -11,
     -30,    3,  -19,  -24,  -26,  -19,  -25,  -34,  -25,  -21,  -21,  -11,  -15,  -29,  -43,  -29,
     -59,  -29,  -17,  -11,  -38,  -38,  -43,   30,  -43,  -42,  -32,  -24,   30,   30,  -26,  -38,
      47,   30,  -46,  -46,  -11,  -34,  -18,  -34,  -25,    3,    3,  -40,  -11,  -40,  -19,   -2,
     -11,  -17,  -11,  -17,  -11,  -43,  -11,  -23,  -26,  -11,  -26,  -11,  -11,  -49,  -11,  -70,
       3,  -19,  -24,  -26,  -19,  -25,  -34,  -25,  -21,  -21,  -11,  -15,  -17,  -43,  -17,  -59,
     -44,  -17,  -11,  -38,  -38,  -43,   30,  -43,  -42,  -32,  -24,   30,   30,  -26,  -38,   47,
      30,  -46,  -46,  -11,  -34,  -18,  -34,  -25,    3,    3,  -40,  -11,  -40,  -30,  -21,  -22,
     -13,  -21,  -21,  -13,  -21,  -20,  -20,  -20,  -21,  -21,  -21,  -21,  -22,  -22,  -21,  -20,
     -21,  -22,  -21,  -13,  -13,  -21,  -15,  -15,  -12,  -15,    3,    8,  -15,  -15,  -15,   17,
      17,   17,   17,   17,  -18,   10,    6,  -18,  -18,    6,  -18,   10,   10,  -24,   -7,   -7,
      -7,   -7,  -24,  -24,  -24,  -24,   32,   32,   32,   30,   32,   -7,   -4,  -11,  -11,  -52,
     -20,  -17,   -9,  -38,    3,   -6,   -5,   -7,   -7,  -11,   -4,    3,    3,   -6,    3,  -52,
     -52,  -52,   15,   -9,  -52,   -4,  -76,  -38,  -21,   -7,   -7,   11,  -12,  -12,  -11,  -13,
     -32,  -19,  -11,  -12,  -23,  -12,    6,  -32,  -32,  -32,  -32,  -19,  -19,  -13,    5,    5,
     -10,   13,   13,   13,   24,   13,   32,   32,   32,   28,   32,   15,   30,   21,   30,   28,
      30,   13,   32,   34,    5,   17,   13,   32,   32,   32,   53,   21,   53,   53,   34,   30,
      30,   30,   46,   32,   32,   66,   30,   17,   17,  -15,  -15,  -15,  -20,   21,  -20,  -20,
     -20,    6,    6,  -20,   -4,  -38,  -38,  -12,   -7,  -13,   -7,  -17,  -17,  -18,  -18,  -13,
     -19,   -9,  -38,  -30,  -38,   -2,  -38,  -15,  -19,  -19,   -9,   -9,  -19,   -9,  -13,  -13,
     -13,   28,   -7,  -35,  -11,  -13,  -21,  -29,  -15,  -11,  -15,  -15,  -13,  -14,  -11,  -13,
      -8,  -18,  -14,  -13,   -2,  -11,  -11,  -11,    8,  -35,  -22,  -14,  -14,  -11,  -30,  -15,
     -13,  -33,  -15,  -15,  -13,  -11,  -15,  -12,  -12,  -12,    7,  -12,    7,   -6,   -4,   -3,
     -12,   -7,  -11,  -11,  -10,  -11,  -12,  -12,  -12,  -11,  -12,   -7,   -7,  -10,   -7,  -11,
     -14,  -11,  -12,    7,  -12,  -12,  -42,  -12,  -42,  -10,  -13,  -13,    5,  -19,  -19,  -11,
      -5,   -8,    7,    1,    5,    2,    7,    5,    3,    5,  -12,  -23,  -12,   -5,   -5,   -8,
       1,    1,    1,    5,   -8,    5,   -5,    5,    5,    5,    5,   -8,  -19,  -19,  -19,    5,
       1,   15,    5,  -19,   -6,   -6,    7,    7,  -13,    5,  -51,  -42,    5,   -8,   -9,  -36,
     -36,   -9,  -57,   -8,  -12,   -9,   -6,  -16,  -12,  -36,  -36,  -36,   -9,  -36,   -8,  -36,
     -57,  -57,  -24,  -21,  -21,  -21,  -21,  -21,  -23,  -21,  -34,  -32,  -14,  -26,  -14,  -11,
       3,  -34,  -73,   -7,  -13,  -23,  -13,  -21,  -30,  -38,   -3,  -13,  -38,  -21,  -28,  -56,
     -51,  -73,   -7,  -19,   -7,  -73,  -13,  -64,  -73,    3,    3,    3,  -13,   -7,   28,  -14,
       3,  -16,  -23,  -36,  -13,  -54,  -58,  -62,  -11,   20,   32,   20,   24,   32,   -7,   -4,
     -11,  -11,  -26,  -20,  -17,   -9,  -38,    3,   -6,   -5,   -7,   -7,  -11,   -4,    3,    3,
      -6,    3,  -26,  -26,  -26,   30,   -9,  -26,   -4,  -76,  -38,  -21,   -7,   -7,  -11,  -11,
      13,  -11,  -21,  -21,  -33,  -21,  -33,  -23,  -21,  -34,  -32,  -14,  -26,  -14,  -11,    3,
     -34,  -36,   -7,  -13,  -23,  -13,  -21,  -30,  -38,   -3,  -13,  -38,  -21,  -28,  -56,  -51,
     -36,   -7,  -19,   -7,  -36,  -13,  -64,  -55,    3,    3,    3,  -13,   -7,   28,  -14,    3,
     -16,  -23,  -36,  -13,  -33,  -58,  -62,  -11,  -21,  -35,  -35,  -32,  -21,  -32,  -49,  -13,
      -6,  -21,  -13,  -13,  -13,  -21,  -38,  -47,  -28,   -6,  -32,  -35,  -42,  -23,  -18,  -43,
     -18,  -43,  -47,  -15,  -32,  -21,  -13,  -19,  -32,  -19,  -19,  -46,  -19,  -42,  -13,  -19,
     -21,   -9,  -23,    2,  -13,    2,  -33,  -28,  -18,  -28,   -4,  -18,  -23,  -19,  -19,  -21,
     -21,  -13,    2,  -19,  -21,  -13,  -17,  -30,  -19,  -40,  -21,    2,    2,  -34,  -43,  -23,
     -32,  -30,  -21,  -36,  -11,  -17,  -11,  -11,  -17,  -11,  -32,  -32,  -32,   17,   17,  -21,
     -49,   21,   21,  -17,  -36,  -36,  -42,  -32,  -32,  -11,  -11,  -13,  -15,  -15,  -11,  -11,
     -11,  -15,  -36,  -15,  -15,  -11,  -10,   -4,  -33,  -10,  -30,   -8,   -2,   -8,   -9,   -4,
     -29,  -15,  -15,  -11,  -21,  -17,  -11,  -11,  -11,   -8,  -15,  -11,  -11,  -21,  -33,  -32,
     -45,  -61,  -32,    7,   -2,   -5,  -16,    4,   -2,  -11,   -5,   -6,    4,  -14,  -13,  -13,
     -19,  -45,  -32,  -58,   -8,   -8,  -19,  -19,  -30,  -13,   -6,  -24,  -58,  -58,   -9,   -5,
      -5,  -14,   13,  -23,  -23,  -13,  -17,  -23,
};

static const EpdFontData inter_ui_10_bold = {
    inter_ui_10_boldBitmaps,
    nullptr,  // glyph: the 16-byte EpdGlyph array is the .cpfont form, SD-card fonts only
    inter_ui_10_boldGlyphs,
    epdSharedFontIntervals_c4d7ea5ccdb0,
    62,
    25,
    21,
    -6,
    false,
    nullptr,
    0,
    nullptr,
    nullptr,  // kernLeftClasses: built-in fonts use the split arrays below
    nullptr,  // kernRightClasses
    epdSharedFontKernLeftCodepoints_b9581e108b2b,
    epdSharedFontKernLeftClassIds_b917793814be,
    epdSharedFontKernRightCodepoints_037d1a0fdecc,
    epdSharedFontKernRightClassIds_c1a6825fb731,
    nullptr,  // kernMatrix: built-in fonts use the sparse form below
    epdSharedFontKernRowOffsets_308bb6357787,
    epdSharedFontKernSparseCols_5751cabe4b20,
    inter_ui_10_boldKernSparseValues,
    752,
    748,
    138,
    130,
    nullptr,
    0,
};
