/**
 * generated by fontconvert.py
 * name: inter_ui_14_regular
 * size: 14
 * mode: 1-bit
 * hinting: auto (FT_LOAD_FORCE_AUTOHINT — grid-fits stems to whole pixels)
 * Command used: fontconvert.py inter_ui_14_regular 14 ../builtinFonts/source/Inter/Inter-Regular.ttf --additional-intervals 0x0000,0x007F --additional-intervals 0x0080,0x00FF --additional-intervals 0x0100,0x017F --additional-intervals 0x01A0,0x01A1 --additional-intervals 0x01AF,0x01B0 --additional-intervals 0x01C4,0x021F --additional-intervals 0x0300,0x036F --additional-intervals 0x0400,0x04FF --additional-intervals 0x1EA0,0x1EF9 --additional-intervals 0x2010,0x206F --additional-intervals 0x20A0,0x20CF --additional-intervals 0xFB00,0xFB06 --additional-intervals 0xFFFD,0xFFFD
 */
#pragma once
#include "EpdFontData.h"
#include "shared_tables.h"

static const uint8_t inter_ui_14_regularBitmaps[41295] = {
    0xEE, 0xEE, 0xEE, 0xEE, 0xEE, 0xEE, 0xEE, 0x00, 0x06, 0xFF, 0x60, 0xE7, 0xE7, 0xE7, 0xE7, 0xE7,
    0xE7, 0xE7, 0xE7, 0x03, 0x07, 0x00, 0xC1, 0xC0, 0x30, 0x60, 0x1C, 0x18, 0x07, 0x06, 0x01, 0xC3,
    0x83, 0xFF, 0xFC, 0xFF, 0xFF, 0x06, 0x0C, 0x03, 0x83, 0x00, 0xE0, 0xC0, 0x38, 0x30, 0x0C, 0x1C,
    0x1F, 0xFF, 0xE7, 0xFF, 0xF8, 0x70, 0x70, 0x1C, 0x18, 0x07, 0x06, 0x01, 0x83, 0x80, 0x60, 0xE0,
    0x18, 0x30, 0x00, 0x01, 0x80, 0x01, 0x80, 0x01, 0x80, 0x01, 0x80, 0x07, 0xF0, 0x1F, 0xF8, 0x3F,
    0xFC, 0x79, 0x8E, 0x71, 0x8E, 0x71, 0x86, 0x71, 0x80, 0x79, 0x80, 0x3F, 0x80, 0x1F, 0xC0, 0x0F,
    0xF8, 0x01, 0xFC, 0x01, 0x9E, 0x01, 0x8E, 0x01, 0x87, 0x61, 0x87, 0x71, 0x87, 0x71, 0x8E, 0x3F,
    0xFC, 0x1F, 0xF8, 0x0F, 0xF0, 0x01, 0x80, 0x01, 0x80, 0x01, 0x80, 0x3E, 0x00, 0x61, 0xFC, 0x03,
    0x0F, 0x70, 0x18, 0x38, 0xE0, 0xE0, 0xE3, 0x83, 0x03, 0x8E, 0x18, 0x0F, 0x70, 0xE0, 0x1F, 0xC3,
    0x00, 0x3E, 0x18, 0x00, 0x00, 0xE0, 0x00, 0x03, 0x00, 0x00, 0x18, 0x3C, 0x00, 0xE3, 0xF8, 0x03,
    0x0E, 0x70, 0x18, 0x71, 0xC0, 0xE1, 0xC7, 0x03, 0x07, 0x1C, 0x18, 0x1C, 0x70, 0xE0, 0x3B, 0xC3,
    0x00, 0xFE, 0x18, 0x01, 0xF0, 0x0F, 0xC0, 0x0F, 0xF0, 0x0F, 0x3C, 0x0E, 0x0E, 0x07, 0x07, 0x03,
    0x83, 0x80, 0xE3, 0xC0, 0x73, 0xC0, 0x1F, 0xC0, 0x07, 0x80, 0x07, 0xC0, 0x07, 0xF0, 0x07, 0x3C,
    0x77, 0x0E, 0x3B, 0x83, 0xB9, 0xC0, 0xFC, 0xE0, 0x3E, 0x78, 0x1E, 0x1E, 0x3F, 0x87, 0xFF, 0xE0,
    0xFC, 0x78, 0xFF, 0xFF, 0xFF, 0x0C, 0x38, 0x61, 0xC3, 0x8E, 0x1C, 0x38, 0x61, 0xC3, 0x87, 0x0E,
    0x1C, 0x38, 0x70, 0xE1, 0xC3, 0x83, 0x07, 0x0E, 0x1C, 0x1C, 0x38, 0x38, 0x70, 0x60, 0xE1, 0xC1,
    0xC3, 0x87, 0x07, 0x0E, 0x1C, 0x38, 0x30, 0x70, 0xE1, 0xC3, 0x87, 0x0E, 0x18, 0x70, 0xE1, 0xC3,
    0x8E, 0x1C, 0x70, 0xE1, 0x80, 0x06, 0x00, 0x60, 0x46, 0x2F, 0x6E, 0x7F, 0xE1, 0xF8, 0x1F, 0x87,
    0xFE, 0xF6, 0xE4, 0x62, 0x06, 0x00, 0x60, 0x03, 0x80, 0x0E, 0x00, 0x38, 0x00, 0xE0, 0x03, 0x80,
    0x0E, 0x0F, 0xFF, 0xFF, 0xFF, 0x03, 0x80, 0x0E, 0x00, 0x38, 0x00, 0xE0, 0x03, 0x80, 0x0C, 0x00,
    0x38, 0xE3, 0x1C, 0x71, 0xC6, 0x18, 0x00, 0x7F, 0xFF, 0xE0, 0x6F, 0xF6, 0x01, 0xC0, 0x70, 0x18,
    0x0E, 0x03, 0x80, 0xC0, 0x30, 0x1C, 0x07, 0x01, 0x80, 0x60, 0x38, 0x0E, 0x03, 0x01, 0xC0, 0x70,
    0x18, 0x06, 0x03, 0x80, 0xE0, 0x30, 0x0C, 0x07, 0x01, 0xC0, 0x60, 0x00, 0x07, 0xC0, 0x3F, 0xE0,
    0xFB, 0xE3, 0xC1, 0xE7, 0x01, 0xCC, 0x01, 0xB8, 0x03, 0xF0, 0x07, 0xE0, 0x0F, 0xC0, 0x1F, 0x80,
    0x3F, 0x00, 0x7E, 0x00, 0xFC, 0x01, 0xF8, 0x03, 0xB0, 0x06, 0x70, 0x1C, 0xF0, 0x78, 0xFB, 0xE0,
    0xFF, 0x80, 0x7C, 0x00, 0x0F, 0x8F, 0xCF, 0xFF, 0x7E, 0x3E, 0x1C, 0x0E, 0x07, 0x03, 0x81, 0xC0,
    0xE0, 0x70, 0x38, 0x1C, 0x0E, 0x07, 0x03, 0x81, 0xC0, 0xE0, 0x70, 0x38, 0x0F, 0x80, 0xFF, 0x87,
    0x8F, 0x3C, 0x1E, 0xE0, 0x3B, 0x80, 0xE0, 0x03, 0x80, 0x0E, 0x00, 0x70, 0x01, 0xC0, 0x0E, 0x00,
    0x70, 0x03, 0xC0, 0x1E, 0x00, 0xF0, 0x07, 0x80, 0x3C, 0x01, 0xE0, 0x07, 0x00, 0x3F, 0xFF, 0xFF,
    0xFC, 0x07, 0xE0, 0x3F, 0xE0, 0xF9, 0xE3, 0x80, 0xE7, 0x01, 0xC0, 0x03, 0x80, 0x07, 0x00, 0x1E,
    0x00, 0xF8, 0x07, 0xC0, 0x0F, 0xE0, 0x01, 0xE0, 0x01, 0xE0, 0x01, 0xC0, 0x03, 0xB0, 0x07, 0x70,
    0x0E, 0xE0, 0x38, 0xF9, 0xF0, 0xFF, 0xC0, 0xFE, 0x00, 0x00, 0x78, 0x00, 0xF8, 0x00, 0xF8, 0x01,
    0xF8, 0x03, 0xB8, 0x03, 0x38, 0x07, 0x38, 0x0E, 0x38, 0x0C, 0x38, 0x1C, 0x38, 0x38, 0x38, 0x38,
    0x38, 0x70, 0x38, 0xE0, 0x38, 0xFF, 0xFF, 0xFF, 0xFF, 0x00, 0x38, 0x00, 0x38, 0x00, 0x38, 0x00,
    0x38, 0x00, 0x38, 0x7F, 0xF9, 0xFF, 0xE7, 0x00, 0x1C, 0x00, 0x70, 0x01, 0xC0, 0x06, 0x00, 0x1B,
    0xF0, 0xFF, 0xE3, 0xE7, 0xC0, 0x07, 0x80, 0x0E, 0x00, 0x1C, 0x00, 0x70, 0x01, 0xF0, 0x07, 0xE0,
    0x3B, 0xC0, 0xE7, 0xCF, 0x0F, 0xF8, 0x0F, 0xC0, 0x07, 0xE0, 0x3F, 0xE0, 0xF9, 0xE1, 0xC0, 0xE7,
    0x01, 0xCC, 0x00, 0x38, 0x00, 0x73, 0xF0, 0xEF, 0xF1, 0xFC, 0xF3, 0xE0, 0xF7, 0x80, 0xEE, 0x00,
    0xFC, 0x01, 0xF8, 0x03, 0xF0, 0x07, 0x70, 0x1C, 0xF0, 0x78, 0xFB, 0xE0, 0xFF, 0x80, 0xFC, 0x00,
    0xFF, 0xFF, 0xFF, 0xF0, 0x01, 0xC0, 0x0F, 0x00, 0x38, 0x01, 0xC0, 0x07, 0x00, 0x38, 0x00, 0xE0,
    0x07, 0x00, 0x1C, 0x00, 0xE0, 0x03, 0x80, 0x1C, 0x00, 0x70, 0x03, 0x80, 0x0E, 0x00, 0x70, 0x01,
    0xC0, 0x0E, 0x00, 0x38, 0x00, 0x0F, 0xC0, 0x3F, 0xE0, 0xF3, 0xE3, 0x81, 0xC7, 0x01, 0xCE, 0x03,
    0x9C, 0x07, 0x38, 0x1C, 0x3C, 0xF0, 0x3F, 0xC0, 0xFF, 0xC3, 0xC3, 0xC7, 0x01, 0xDC, 0x01, 0xB8,
    0x03, 0xF0, 0x07, 0xE0, 0x0F, 0xE0, 0x39, 0xF1, 0xE1, 0xFF, 0x80, 0xFE, 0x00, 0x0F, 0xC0, 0x7F,
    0xE1, 0xF3, 0xE3, 0x81, 0xCE, 0x01, 0xDC, 0x03, 0xB8, 0x03, 0x70, 0x0F, 0xE0, 0x1F, 0xE0, 0x7D,
    0xE1, 0xF9, 0xFF, 0x71, 0xFC, 0xE0, 0x01, 0x80, 0x07, 0x70, 0x0E, 0xE0, 0x18, 0xE0, 0x71, 0xF3,
    0xC1, 0xFF, 0x00, 0xFC, 0x00, 0x6F, 0xF6, 0x00, 0x00, 0x00, 0x06, 0xFF, 0x60, 0x33, 0xDE, 0x60,
    0x00, 0x00, 0x00, 0x00, 0x07, 0x39, 0xCE, 0x67, 0x39, 0x80, 0x00, 0x00, 0x00, 0x70, 0x07, 0xC0,
    0x7C, 0x07, 0xC0, 0x7C, 0x07, 0xC0, 0x3C, 0x00, 0xF8, 0x01, 0xF8, 0x00, 0xF8, 0x00, 0xF8, 0x00,
    0xF8, 0x00, 0xF0, 0x00, 0xC0, 0x00, 0x00, 0x07, 0xFF, 0xFF, 0xFE, 0x00, 0x00, 0x00, 0x00, 0x00,
    0x00, 0x1F, 0xFF, 0xFF, 0xF8, 0x80, 0x03, 0x80, 0x0F, 0x80, 0x1F, 0x80, 0x1F, 0x80, 0x1F, 0x80,
    0x1F, 0x80, 0x0F, 0x00, 0x78, 0x0F, 0xC0, 0xFC, 0x0F, 0xC0, 0xFC, 0x03, 0xC0, 0x0C, 0x00, 0x00,
    0x00, 0x0F, 0xC1, 0xFF, 0x1F, 0x7C, 0xE0, 0xEE, 0x03, 0xB0, 0x1C, 0x00, 0xE0, 0x0E, 0x00, 0xF0,
    0x1F, 0x01, 0xE0, 0x0E, 0x00, 0xE0, 0x07, 0x00, 0x00, 0x00, 0x00, 0x00, 0x00, 0x30, 0x03, 0xC0,
    0x1E, 0x00, 0x60, 0x00, 0x00, 0xFF, 0x80, 0x01, 0xFF, 0xF0, 0x03, 0xF8, 0x7E, 0x03, 0xE0, 0x07,
    0x83, 0xC0, 0x01, 0xE1, 0xC0, 0x00, 0x79, 0xC1, 0xF7, 0x1C, 0xE1, 0xFF, 0x86, 0xE1, 0xE7, 0xC3,
    0xF0, 0xE0, 0xE1, 0xF8, 0xE0, 0x70, 0xFC, 0x70, 0x38, 0x7E, 0x38, 0x1C, 0x3F, 0x1C, 0x0E, 0x1F,
    0x8E, 0x07, 0x0F, 0xC7, 0x03, 0x87, 0xE1, 0xC3, 0xC3, 0x70, 0xF3, 0xF3, 0x9C, 0x3F, 0xBF, 0x8E,
    0x0F, 0x8F, 0x83, 0x80, 0x00, 0x01, 0xE0, 0x00, 0x00, 0x7C, 0x00, 0x00, 0x1F, 0xC3, 0xC0, 0x03,
    0xFF, 0xE0, 0x00, 0x7F, 0xC0, 0x00, 0x00, 0xE0, 0x00, 0x3E, 0x00, 0x07, 0xC0, 0x01, 0xD8, 0x00,
    0x3B, 0x80, 0x07, 0x70, 0x01, 0xC7, 0x00, 0x38, 0xE0, 0x07, 0x1C, 0x01, 0xC1, 0xC0, 0x38, 0x38,
    0x06, 0x07, 0x01, 0xC0, 0xF0, 0x3F, 0xFE, 0x0F, 0xFF, 0xE1, 0xC0, 0x1C, 0x38, 0x03, 0x8E, 0x00,
    0x39, 0xC0, 0x07, 0x38, 0x00, 0xEE, 0x00, 0x0E, 0xFF, 0xE1, 0xFF, 0xE3, 0x81, 0xE7, 0x00, 0xEE,
    0x01, 0xDC, 0x03, 0xB8, 0x07, 0x70, 0x0E, 0xE0, 0x79, 0xFF, 0xC3, 0xFF, 0xC7, 0x03, 0xEE, 0x01,
    0xDC, 0x01, 0xF8, 0x03, 0xF0, 0x07, 0xE0, 0x0F, 0xC0, 0x3F, 0x81, 0xF7, 0xFF, 0xCF, 0xFF, 0x00,
    0x03, 0xF8, 0x03, 0xFF, 0x81, 0xF1, 0xF0, 0xF0, 0x1E, 0x78, 0x03, 0x9C, 0x00, 0x7E, 0x00, 0x1F,
    0x80, 0x00, 0xE0, 0x00, 0x38, 0x00, 0x0E, 0x00, 0x03, 0x80, 0x00, 0xE0, 0x00, 0x38, 0x00, 0x0E,
    0x00, 0x1D, 0xC0, 0x07, 0x78, 0x03, 0x8F, 0x01, 0xE1, 0xF1, 0xF0, 0x3F, 0xF8, 0x03, 0xF8, 0x00,
    0xFF, 0xE0, 0x7F, 0xFC, 0x38, 0x3F, 0x1C, 0x03, 0xCE, 0x00, 0xE7, 0x00, 0x3B, 0x80, 0x1D, 0xC0,
    0x06, 0xE0, 0x03, 0xF0, 0x01, 0xF8, 0x00, 0xFC, 0x00, 0x7E, 0x00, 0x3F, 0x00, 0x1B, 0x80, 0x1D,
    0xC0, 0x0E, 0xE0, 0x0E, 0x70, 0x0F, 0x38, 0x3F, 0x1F, 0xFF, 0x0F, 0xFC, 0x00, 0xFF, 0xFF, 0xFF,
    0xF8, 0x01, 0xC0, 0x0E, 0x00, 0x70, 0x03, 0x80, 0x1C, 0x00, 0xE0, 0x07, 0xFF, 0xBF, 0xFD, 0xC0,
    0x0E, 0x00, 0x70, 0x03, 0x80, 0x1C, 0x00, 0xE0, 0x07, 0x00, 0x38, 0x01, 0xFF, 0xFF, 0xFF, 0x80,
    0xFF, 0xFF, 0xFF, 0xF8, 0x01, 0xC0, 0x0E, 0x00, 0x70, 0x03, 0x80, 0x1C, 0x00, 0xE0, 0x07, 0x00,
    0x3F, 0xFD, 0xFF, 0xEE, 0x00, 0x70, 0x03, 0x80, 0x1C, 0x00, 0xE0, 0x07, 0x00, 0x38, 0x01, 0xC0,
    0x0E, 0x00, 0x00, 0x03, 0xF8, 0x03, 0xFF, 0x81, 0xF1, 0xF0, 0xF0, 0x1E, 0x78, 0x03, 0x9C, 0x00,
    0x7E, 0x00, 0x03, 0x80, 0x00, 0xE0, 0x00, 0x38, 0x00, 0x0E, 0x03, 0xFF, 0x80, 0xFF, 0xE0, 0x01,
    0xF8, 0x00, 0x7E, 0x00, 0x1D, 0xC0, 0x07, 0x78, 0x03, 0x8F, 0x01, 0xE1, 0xF1, 0xF0, 0x3F, 0xF8,
    0x03, 0xF8, 0x00, 0xE0, 0x03, 0xF0, 0x01, 0xF8, 0x00, 0xFC, 0x00, 0x7E, 0x00, 0x3F, 0x00, 0x1F,
    0x80, 0x0F, 0xC0, 0x07, 0xE0, 0x03, 0xFF, 0xFF, 0xFF, 0xFF, 0xFC, 0x00, 0x7E, 0x00, 0x3F, 0x00,
    0x1F, 0x80, 0x0F, 0xC0, 0x07, 0xE0, 0x03, 0xF0, 0x01, 0xF8, 0x00, 0xFC, 0x00, 0x7E, 0x00, 0x38,
    0xFF, 0xFF, 0xFF, 0xFF, 0xFF, 0xFF, 0xFF, 0xFE, 0x00, 0x38, 0x01, 0xC0, 0x0E, 0x00, 0x70, 0x03,
    0x80, 0x1C, 0x00, 0xE0, 0x07, 0x00, 0x38, 0x01, 0xC0, 0x0E, 0x00, 0x70, 0x03, 0x80, 0x1F, 0x80,
    0xFC, 0x07, 0xE0, 0x3F, 0x83, 0x9E, 0x7C, 0x7F, 0xC1, 0xF8, 0x00, 0xE0, 0x0F, 0x70, 0x0F, 0x38,
    0x0F, 0x1C, 0x0F, 0x0E, 0x0F, 0x07, 0x0F, 0x03, 0x8F, 0x01, 0xC7, 0x00, 0xE7, 0x00, 0x77, 0x80,
    0x3F, 0xE0, 0x1F, 0x70, 0x0F, 0x1C, 0x07, 0x0F, 0x03, 0x83, 0xC1, 0xC0, 0xE0, 0xE0, 0x38, 0x70,
    0x1E, 0x38, 0x07, 0x1C, 0x01, 0xCE, 0x00, 0xF0, 0xE0, 0x07, 0x00, 0x38, 0x01, 0xC0, 0x0E, 0x00,
    0x70, 0x03, 0x80, 0x1C, 0x00, 0xE0, 0x07, 0x00, 0x38, 0x01, 0xC0, 0x0E, 0x00, 0x70, 0x03, 0x80,
    0x1C, 0x00, 0xE0, 0x07, 0x00, 0x38, 0x01, 0xFF, 0xFF, 0xFF, 0x80, 0xF0, 0x00, 0x7F, 0xC0, 0x07,
    0xFE, 0x00, 0x3F, 0xF0, 0x01, 0xFF, 0xC0, 0x1F, 0xFE, 0x00, 0xFF, 0xB8, 0x06, 0xFD, 0xC0, 0x77,
    0xEE, 0x03, 0xBF, 0x38, 0x39, 0xF9, 0xC1, 0xCF, 0xC6, 0x0C, 0x7E, 0x38, 0xE3, 0xF1, 0xC7, 0x1F,
    0x87, 0x30, 0xFC, 0x3B, 0x87, 0xE1, 0xDC, 0x3F, 0x07, 0xC1, 0xF8, 0x3E, 0x0F, 0xC0, 0xE0, 0x7E,
    0x07, 0x03, 0x80, 0xF0, 0x03, 0xF8, 0x01, 0xFE, 0x00, 0xFF, 0x80, 0x7F, 0xC0, 0x3F, 0x70, 0x1F,
    0xBC, 0x0F, 0xCE, 0x07, 0xE3, 0x83, 0xF1, 0xC1, 0xF8, 0x70, 0xFC, 0x1C, 0x7E, 0x0E, 0x3F, 0x03,
    0x9F, 0x80, 0xEF, 0xC0, 0x77, 0xE0, 0x1F, 0xF0, 0x0F, 0xF8, 0x03, 0xFC, 0x00, 0xFE, 0x00, 0x78,
    0x03, 0xF8, 0x01, 0xFF, 0xC0, 0x7C, 0x7C, 0x1E, 0x03, 0xC7, 0x80, 0x3C, 0xE0, 0x03, 0xB8, 0x00,
    0x3F, 0x00, 0x07, 0xE0, 0x00, 0xFC, 0x00, 0x1F, 0x80, 0x03, 0xF0, 0x00, 0x7E, 0x00, 0x0F, 0xC0,
    0x01, 0xF8, 0x00, 0x3B, 0x80, 0x0E, 0x78, 0x03, 0xC7, 0x80, 0xF0, 0x7C, 0x7C, 0x07, 0xFF, 0x00,
    0x3F, 0x80, 0xFF, 0xE1, 0xFF, 0xE3, 0x83, 0xE7, 0x00, 0xEE, 0x01, 0xDC, 0x01, 0xF8, 0x03, 0xF0,
    0x07, 0xE0, 0x0D, 0xC0, 0x3B, 0x80, 0xF7, 0xFF, 0xCF, 0xFE, 0x1C, 0x00, 0x38, 0x00, 0x70, 0x00,
    0xE0, 0x01, 0xC0, 0x03, 0x80, 0x07, 0x00, 0x0E, 0x00, 0x00, 0x03, 0xF8, 0x01, 0xFF, 0xC0, 0x7C,
    0x7C, 0x1E, 0x03, 0xC7, 0x80, 0x3C, 0xE0, 0x03, 0xB8, 0x00, 0x3F, 0x00, 0x07, 0xE0, 0x00, 0xFC,
    0x00, 0x1F, 0x80, 0x03, 0xF0, 0x00, 0x7E, 0x00, 0x0F, 0xC0, 0x01, 0xF8, 0x1C, 0x3B, 0x81, 0xCE,
    0x78, 0x3B, 0xC7, 0x83, 0xF0, 0x7F, 0xFC, 0x07, 0xFF, 0x80, 0x3F, 0xF8, 0x00, 0x07, 0x00, 0x00,
    0x70, 0xFF, 0xE0, 0xFF, 0xF8, 0xE0, 0x78, 0xE0, 0x1C, 0xE0, 0x1C, 0xE0, 0x0E, 0xE0, 0x0E, 0xE0,
    0x0E, 0xE0, 0x0C, 0xE0, 0x1C, 0xE0, 0x7C, 0xFF, 0xF8, 0xFF, 0xE0, 0xE0, 0xE0, 0xE0, 0x70, 0xE0,
    0x70, 0xE0, 0x38, 0xE0, 0x3C, 0xE0, 0x1C, 0xE0, 0x1E, 0xE0, 0x0E, 0x07, 0xF0, 0x1F, 0xF8, 0x3E,
    0x7C, 0x78, 0x0E, 0x70, 0x0E, 0x70, 0x06, 0x70, 0x00, 0x78, 0x00, 0x3E, 0x00, 0x1F, 0xC0, 0x0F,
    0xF8, 0x00, 0xFC, 0x00, 0x1E, 0x00, 0x0E, 0x00, 0x07, 0x60, 0x07, 0x70, 0x07, 0x70, 0x0E, 0x3E,
    0x7C, 0x1F, 0xF8, 0x0F, 0xF0, 0xFF, 0xFF, 0xFF, 0xFF, 0x01, 0xC0, 0x01, 0xC0, 0x01, 0xC0, 0x01,
    0xC0, 0x01, 0xC0, 0x01, 0xC0, 0x01, 0xC0, 0x01, 0xC0, 0x01, 0xC0, 0x01, 0xC0, 0x01, 0xC0, 0x01,
    0xC0, 0x01, 0xC0, 0x01, 0xC0, 0x01, 0xC0, 0x01, 0xC0, 0x01, 0xC0, 0x01, 0xC0, 0x01, 0xC0, 0xE0,
    0x03, 0xF0, 0x01, 0xF8, 0x00, 0xFC, 0x00, 0x7E, 0x00, 0x3F, 0x00, 0x1F, 0x80, 0x0F, 0xC0, 0x07,
    0xE0, 0x03, 0xF0, 0x01, 0xF8, 0x00, 0xFC, 0x00, 0x7E, 0x00, 0x3F, 0x00, 0x1F, 0x80, 0x0F, 0xC0,
    0x06, 0xF0, 0x07, 0x3C, 0x07, 0x8F, 0x8F, 0x83, 0xFF, 0x80, 0x7F, 0x00, 0x70, 0x00, 0xE7, 0x00,
    0x0E, 0x38, 0x00, 0xE3, 0x80, 0x1C, 0x38, 0x01, 0xC1, 0xC0, 0x38, 0x1C, 0x03, 0x81, 0xC0, 0x38,
    0x0E, 0x07, 0x00, 0xE0, 0x70, 0x06, 0x07, 0x00, 0x70, 0xE0, 0x07, 0x0E, 0x00, 0x38, 0xE0, 0x03,
    0x9C, 0x00, 0x39, 0xC0, 0x01, 0xD8, 0x00, 0x1F, 0x80, 0x00, 0xF8, 0x00, 0x0F, 0x00, 0x00, 0xF0,
    0x00, 0x70, 0x07, 0x00, 0x77, 0x00, 0xF0, 0x07, 0x70, 0x0F, 0x80, 0xE3, 0x80, 0xF8, 0x0E, 0x38,
    0x0F, 0x80, 0xE3, 0x81, 0xD8, 0x0E, 0x38, 0x1D, 0xC1, 0xC1, 0xC1, 0x9C, 0x1C, 0x1C, 0x38, 0xC1,
    0xC1, 0xC3, 0x8E, 0x18, 0x0C, 0x38, 0xE3, 0x80, 0xE3, 0x0E, 0x38, 0x0E, 0x70, 0x63, 0x80, 0xE7,
    0x07, 0x30, 0x06, 0x70, 0x77, 0x00, 0x76, 0x07, 0x70, 0x07, 0xE0, 0x37, 0x00, 0x7E, 0x03, 0xE0,
    0x03, 0xC0, 0x3E, 0x00, 0x3C, 0x01, 0xE0, 0x03, 0xC0, 0x1C, 0x00, 0x78, 0x01, 0xE3, 0x80, 0x1C,
    0x1C, 0x03, 0x80, 0xE0, 0x70, 0x0F, 0x0F, 0x00, 0x70, 0xE0, 0x03, 0x9C, 0x00, 0x3F, 0xC0, 0x01,
    0xF8, 0x00, 0x0F, 0x00, 0x00, 0xF0, 0x00, 0x1F, 0x80, 0x01, 0xF8, 0x00, 0x39, 0xC0, 0x07, 0x9E,
    0x00, 0xF0, 0xF0, 0x0E, 0x07, 0x01, 0xC0, 0x78, 0x3C, 0x03, 0xC3, 0x80, 0x1C, 0x70, 0x00, 0xE0,
    0xF0, 0x01, 0xCE, 0x00, 0x78, 0xE0, 0x0E, 0x1E, 0x03, 0x81, 0xC0, 0xF0, 0x1C, 0x1C, 0x03, 0x87,
    0x00, 0x38, 0xE0, 0x07, 0xB8, 0x00, 0x77, 0x00, 0x07, 0xC0, 0x00, 0xF0, 0x00, 0x0E, 0x00, 0x01,
    0xC0, 0x00, 0x38, 0x00, 0x07, 0x00, 0x00, 0xE0, 0x00, 0x1C, 0x00, 0x03, 0x80, 0x00, 0x70, 0x00,
    0x0E, 0x00, 0xFF, 0xFF, 0xFF, 0xFC, 0x00, 0x78, 0x00, 0xE0, 0x03, 0x80, 0x0F, 0x00, 0x1C, 0x00,
    0x70, 0x01, 0xE0, 0x03, 0x80, 0x0E, 0x00, 0x38, 0x00, 0xF0, 0x01, 0xC0, 0x07, 0x00, 0x1E, 0x00,
    0x38, 0x00, 0xE0, 0x03, 0xC0, 0x07, 0xFF, 0xFF, 0xFF, 0xE0, 0x03, 0xFF, 0xF8, 0xE3, 0x8E, 0x38,
    0xE3, 0x8E, 0x38, 0xE3, 0x8E, 0x38, 0xE3, 0x8E, 0x38, 0xE3, 0x8E, 0x38, 0xE3, 0xFF, 0xC0, 0x60,
    0x1C, 0x07, 0x00, 0xC0, 0x30, 0x0E, 0x03, 0x80, 0x60, 0x18, 0x07, 0x01, 0xC0, 0x30, 0x0E, 0x03,
    0x80, 0x60, 0x18, 0x07, 0x01, 0xC0, 0x30, 0x0C, 0x03, 0x80, 0xE0, 0x18, 0x07, 0x01, 0xC0, 0x03,
    0xFF, 0xC7, 0x1C, 0x71, 0xC7, 0x1C, 0x71, 0xC7, 0x1C, 0x71, 0xC7, 0x1C, 0x71, 0xC7, 0x1C, 0x71,
    0xC7, 0x1F, 0xFF, 0xC0, 0x00, 0x00, 0x38, 0x03, 0xE0, 0x1F, 0x01, 0xDC, 0x0C, 0x60, 0xE3, 0x86,
    0x0C, 0x70, 0x73, 0x01, 0x80, 0x00, 0x07, 0xFF, 0xFF, 0xFE, 0xE3, 0x8C, 0x70, 0x0F, 0xC1, 0xFF,
    0x9F, 0x3C, 0xE0, 0x70, 0x03, 0x80, 0x1C, 0x03, 0xE3, 0xFF, 0x7F, 0xBF, 0x81, 0xF8, 0x0F, 0xC0,
    0x7E, 0x07, 0xFC, 0xFD, 0xFF, 0xE3, 0xE7, 0xE0, 0x03, 0x80, 0x0E, 0x00, 0x38, 0x00, 0xE0, 0x03,
    0x9F, 0x0E, 0xFF, 0x3F, 0x3C, 0xF0, 0x3B, 0x80, 0x7E, 0x01, 0xF8, 0x07, 0xE0, 0x1F, 0x80, 0x7E,
    0x01, 0xF8, 0x07, 0xE0, 0x3F, 0xC0, 0xEF, 0xCF, 0xBB, 0xFC, 0xE7, 0xC0, 0x0F, 0xC0, 0x7F, 0xC3,
    0xCF, 0x9C, 0x0E, 0x70, 0x1B, 0x80, 0x0E, 0x00, 0x38, 0x00, 0xE0, 0x03, 0x80, 0x0E, 0x00, 0x1C,
    0x06, 0x70, 0x38, 0xF3, 0xE1, 0xFF, 0x03, 0xF0, 0x00, 0x1C, 0x00, 0x70, 0x01, 0xC0, 0x07, 0x00,
    0x1C, 0x3E, 0x73, 0xFF, 0xCF, 0x3F, 0x70, 0x3F, 0x80, 0x7E, 0x01, 0xF8, 0x07, 0xE0, 0x1F, 0x80,
    0x7E, 0x01, 0xF8, 0x07, 0xE0, 0x1D, 0xC0, 0xF3, 0xCF, 0xCF, 0xF7, 0x0F, 0x9C, 0x0F, 0xC0, 0x7F,
    0xC3, 0xCF, 0x9C, 0x0E, 0x60, 0x1F, 0x80, 0x7E, 0x01, 0xFF, 0xFF, 0xFF, 0xFF, 0x80, 0x0E, 0x00,
    0x38, 0x00, 0x70, 0x3C, 0xF1, 0xE1, 0xFF, 0x03, 0xF8, 0x03, 0x83, 0xF1, 0xF8, 0x70, 0x1C, 0x07,
    0x0F, 0xFB, 0xFE, 0x1C, 0x07, 0x01, 0xC0, 0x70, 0x1C, 0x07, 0x01, 0xC0, 0x70, 0x1C, 0x07, 0x01,
    0xC0, 0x70, 0x1C, 0x07, 0x00, 0x0F, 0x9C, 0xFF, 0x73, 0xCF, 0xDC, 0x0F, 0xF0, 0x1F, 0x80, 0x7E,
    0x01, 0xF8, 0x07, 0xE0, 0x1F, 0x80, 0x7E, 0x01, 0xF8, 0x07, 0x70, 0x3D, 0xF3, 0xF3, 0xFD, 0xC3,
    0xE7, 0x00, 0x1C, 0x00, 0x77, 0x03, 0xDF, 0x3E, 0x3F, 0xF0, 0x3F, 0x80, 0xE0, 0x07, 0x00, 0x38,
    0x01, 0xC0, 0x0E, 0x00, 0x73, 0xE3, 0xFF, 0x9F, 0xBE, 0xF0, 0x77, 0x01, 0xF8, 0x0F, 0xC0, 0x7E,
    0x03, 0xF0, 0x1F, 0x80, 0xFC, 0x07, 0xE0, 0x3F, 0x01, 0xF8, 0x0F, 0xC0, 0x7E, 0x03, 0x80, 0x6F,
    0xF6, 0x00, 0xEE, 0xEE, 0xEE, 0xEE, 0xEE, 0xEE, 0xEE, 0xEE, 0x18, 0xF3, 0xC6, 0x00, 0x03, 0x8E,
    0x38, 0xE3, 0x8E, 0x38, 0xE3, 0x8E, 0x38, 0xE3, 0x8E, 0x38, 0xE3, 0x8E, 0x39, 0xEF, 0x38, 0xE0,
    0x03, 0x80, 0x0E, 0x00, 0x38, 0x00, 0xE0, 0x03, 0x81, 0xEE, 0x0F, 0x38, 0x78, 0xE3, 0xC3, 0x9E,
    0x0E, 0xF0, 0x3F, 0x80, 0xFE, 0x03, 0xFC, 0x0E, 0x70, 0x38, 0xE0, 0xE1, 0xC3, 0x87, 0x8E, 0x0F,
    0x38, 0x1C, 0xE0, 0x38, 0xFF, 0xFF, 0xFF, 0xFF, 0xFF, 0xFF, 0xFF, 0xFE, 0xE7, 0x83, 0xE3, 0xBF,
    0x3F, 0xCF, 0x9F, 0xEF, 0xBC, 0x1E, 0x0E, 0xE0, 0x70, 0x1B, 0x81, 0xC0, 0x7E, 0x07, 0x01, 0xF8,
    0x1C, 0x07, 0xE0, 0x70, 0x1F, 0x81, 0xC0, 0x7E, 0x07, 0x01, 0xF8, 0x1C, 0x07, 0xE0, 0x70, 0x1F,
    0x81, 0xC0, 0x7E, 0x07, 0x01, 0xF8, 0x1C, 0x07, 0xE7, 0xC7, 0xFF, 0x3F, 0x7D, 0xE0, 0xEE, 0x03,
    0xF0, 0x1F, 0x80, 0xFC, 0x07, 0xE0, 0x3F, 0x01, 0xF8, 0x0F, 0xC0, 0x7E, 0x03, 0xF0, 0x1F, 0x80,
    0xFC, 0x07, 0x0F, 0xC0, 0x3F, 0xE0, 0xF3, 0xE3, 0x81, 0xE7, 0x01, 0xDC, 0x03, 0xB8, 0x03, 0xF0,
    0x07, 0xE0, 0x0F, 0xC0, 0x1F, 0x80, 0x73, 0x80, 0xE7, 0x03, 0xC7, 0x9F, 0x07, 0xFC, 0x07, 0xE0,
    0xE7, 0xC3, 0xBF, 0xCF, 0xCF, 0xBC, 0x0E, 0xE0, 0x1F, 0x80, 0x7E, 0x01, 0xF8, 0x07, 0xE0, 0x1F,
    0x80, 0x7E, 0x01, 0xF8, 0x0F, 0xF0, 0x3B, 0xF3, 0xCF, 0xFF, 0x39, 0xF0, 0xE0, 0x03, 0x80, 0x0E,
    0x00, 0x38, 0x00, 0xE0, 0x03, 0x80, 0x00, 0x0F, 0x9C, 0xFF, 0x77, 0xCF, 0xDC, 0x0F, 0xE0, 0x1F,
    0x80, 0x7E, 0x01, 0xF8, 0x07, 0xE0, 0x1F, 0x80, 0x7E, 0x01, 0xF8, 0x07, 0x70, 0x3C, 0xF3, 0xF3,
    0xFD, 0xC3, 0xE7, 0x00, 0x1C, 0x00, 0x70, 0x01, 0xC0, 0x07, 0x00, 0x1C, 0x00, 0x70, 0xE7, 0x7F,
    0xBF, 0x1E, 0x0E, 0x07, 0x03, 0x81, 0xC0, 0xE0, 0x70, 0x38, 0x1C, 0x0E, 0x07, 0x03, 0x81, 0xC0,
    0x0F, 0xC1, 0xFF, 0x1F, 0x3C, 0xE0, 0x77, 0x00, 0x38, 0x01, 0xF0, 0x07, 0xF8, 0x0F, 0xF0, 0x07,
    0xC0, 0x0E, 0x40, 0x77, 0x03, 0xBE, 0x78, 0xFF, 0xC3, 0xF8, 0x1C, 0x07, 0x01, 0xC0, 0x70, 0xFF,
    0xBF, 0xE1, 0xC0, 0x70, 0x1C, 0x07, 0x01, 0xC0, 0x70, 0x1C, 0x07, 0x01, 0xC0, 0x70, 0x1C, 0x07,
    0x80, 0xF8, 0x1E, 0xE0, 0x3F, 0x01, 0xF8, 0x0F, 0xC0, 0x7E, 0x03, 0xF0, 0x1F, 0x80, 0xFC, 0x07,
    0xE0, 0x3F, 0x01, 0xF8, 0x0F, 0xC0, 0xFF, 0x07, 0xBC, 0xFD, 0xFE, 0xE3, 0xE7, 0x70, 0x07, 0x70,
    0x0E, 0x38, 0x0E, 0x38, 0x1C, 0x38, 0x1C, 0x1C, 0x1C, 0x1C, 0x38, 0x0C, 0x38, 0x0E, 0x30, 0x0E,
    0x70, 0x06, 0x70, 0x07, 0x60, 0x07, 0xE0, 0x03, 0xE0, 0x03, 0xC0, 0x01, 0xC0, 0xE0, 0x78, 0x1F,
    0x81, 0xE0, 0x77, 0x07, 0x83, 0x9C, 0x1E, 0x0E, 0x70, 0xFC, 0x38, 0xC3, 0x70, 0xC3, 0x8C, 0xC7,
    0x0E, 0x73, 0x1C, 0x39, 0xCE, 0x60, 0x66, 0x1B, 0x81, 0xD8, 0x6E, 0x07, 0xE1, 0xB8, 0x0F, 0x07,
    0xC0, 0x3C, 0x0F, 0x00, 0xF0, 0x3C, 0x01, 0xC0, 0xE0, 0x70, 0x1C, 0x70, 0x78, 0x70, 0xE0, 0xE3,
    0x80, 0xE7, 0x00, 0xFC, 0x01, 0xF0, 0x01, 0xE0, 0x03, 0xC0, 0x0F, 0x80, 0x3B, 0x80, 0x73, 0x81,
    0xC7, 0x07, 0x07, 0x0E, 0x07, 0x38, 0x0E, 0x70, 0x07, 0x70, 0x0E, 0x38, 0x0E, 0x38, 0x1C, 0x38,
    0x1C, 0x1C, 0x1C, 0x1C, 0x38, 0x0C, 0x38, 0x0E, 0x30, 0x0E, 0x70, 0x06, 0x70, 0x07, 0x60, 0x07,
    0xE0, 0x03, 0xE0, 0x03, 0xC0, 0x01, 0xC0, 0x01, 0x80, 0x03, 0x80, 0x03, 0x80, 0x07, 0x00, 0x3E,
    0x00, 0x3C, 0x00, 0xFF, 0xF7, 0xFF, 0x80, 0x3C, 0x01, 0xC0, 0x1C, 0x01, 0xC0, 0x0E, 0x00, 0xE0,
    0x0E, 0x00, 0xF0, 0x07, 0x00, 0x70, 0x07, 0x00, 0x78, 0x03, 0xFF, 0xFF, 0xFF, 0x00, 0x03, 0xC3,
    0xE3, 0xC1, 0xC0, 0xE0, 0x70, 0x38, 0x1C, 0x0E, 0x07, 0x03, 0x87, 0x87, 0x83, 0xC0, 0x70, 0x1C,
    0x0E, 0x07, 0x03, 0x81, 0xC0, 0xE0, 0x70, 0x38, 0x1E, 0x07, 0xC1, 0xE0, 0xDF, 0xFF, 0xFF, 0xFF,
    0xFF, 0xFF, 0xFF, 0xFF, 0xFF, 0xFF, 0xFF, 0xFF, 0xFF, 0x80, 0x00, 0x78, 0x3E, 0x07, 0x01, 0xC0,
    0xE0, 0x70, 0x38, 0x1C, 0x0E, 0x07, 0x03, 0x80, 0xF0, 0x3C, 0x1E, 0x3C, 0x1C, 0x0E, 0x07, 0x03,
    0x81, 0xC0, 0xE0, 0x70, 0x70, 0x78, 0x7C, 0x38, 0x00, 0x00, 0x00, 0x7C, 0x1D, 0xFC, 0x3F, 0x1E,
    0xEE, 0x1F, 0xD8, 0x1F, 0x00, 0x6F, 0xF6, 0x00, 0x0E, 0xEE, 0xEE, 0xEE, 0xEE, 0xEE, 0xEE, 0xE0,
    0x03, 0x00, 0x0C, 0x00, 0xFC, 0x07, 0xFC, 0x3F, 0xF9, 0xCC, 0xE7, 0x31, 0xF8, 0xC0, 0xE3, 0x03,
    0x8C, 0x0E, 0x30, 0x38, 0xC0, 0xE3, 0x03, 0x8C, 0x07, 0x31, 0xDC, 0xCE, 0x3F, 0xF8, 0x7F, 0xC0,
    0xFC, 0x00, 0xC0, 0x03, 0x00, 0x03, 0xE0, 0x1F, 0xF0, 0x79, 0xF0, 0xE0, 0xE3, 0x80, 0xE7, 0x00,
    0x0E, 0x00, 0x1C, 0x00, 0x38, 0x01, 0xFF, 0xC3, 0xFF, 0x81, 0xC0, 0x03, 0x80, 0x07, 0x00, 0x0E,
    0x00, 0x1C, 0x00, 0x38, 0x0C, 0x60, 0x1F, 0xC0, 0x7F, 0xFF, 0xEF, 0xFF, 0x80, 0x00, 0x00, 0x04,
    0x7F, 0x19, 0xFF, 0xFF, 0x1F, 0x8F, 0xC3, 0xC0, 0x78, 0x70, 0x07, 0x0E, 0x00, 0xE3, 0x80, 0x0E,
    0x70, 0x01, 0xCE, 0x00, 0x39, 0xC0, 0x07, 0x38, 0x00, 0xE7, 0x00, 0x1C, 0x70, 0x07, 0x0E, 0x00,
    0xE1, 0xE0, 0x3C, 0x7F, 0x1F, 0xCE, 0xFF, 0xB8, 0x8F, 0xE2, 0x00, 0x70, 0x07, 0x1C, 0x07, 0x0E,
    0x03, 0x83, 0x83, 0x81, 0xC1, 0xC0, 0x61, 0xC0, 0x38, 0xE0, 0x0C, 0xE0, 0x07, 0x70, 0x01, 0xF0,
    0x0F, 0xFF, 0x87, 0xFF, 0xC0, 0x1C, 0x00, 0x0E, 0x00, 0x07, 0x00, 0x7F, 0xFC, 0x3F, 0xFE, 0x00,
    0xE0, 0x00, 0x70, 0x00, 0x38, 0x00, 0x1C, 0x00, 0xFF, 0xFF, 0xFF, 0xFC, 0x00, 0x00, 0xFF, 0xFF,
    0xFF, 0xFC, 0x0F, 0x81, 0xFF, 0x0F, 0x38, 0xE0, 0xE7, 0x07, 0x38, 0x00, 0xE0, 0x03, 0x80, 0x3F,
    0x03, 0x1E, 0x38, 0x39, 0xC0, 0xEE, 0x03, 0xF8, 0x1D, 0xF0, 0xE7, 0xC7, 0x1F, 0xF0, 0x3F, 0x00,
    0x78, 0x01, 0xC0, 0x07, 0x30, 0x39, 0xC1, 0xCF, 0xBE, 0x3F, 0xE0, 0xFC, 0x00, 0xE3, 0xF1, 0xF8,
    0xE0, 0x00, 0x00, 0x00, 0x07, 0xF8, 0x00, 0x7F, 0xF8, 0x03, 0xC0, 0xF8, 0x1C, 0x00, 0xE0, 0xE3,
    0xF1, 0xC7, 0x1F, 0xE3, 0x9C, 0xF3, 0xCE, 0xE7, 0x83, 0x9F, 0x9C, 0x0E, 0x7E, 0x70, 0x01, 0xF9,
    0xC0, 0x07, 0xE7, 0x03, 0x1F, 0x9C, 0x0E, 0x7E, 0x3C, 0x71, 0xDC, 0x7F, 0x8E, 0x70, 0xFC, 0x38,
    0xE0, 0x01, 0xC1, 0xE0, 0x1E, 0x03, 0xF3, 0xF0, 0x07, 0xFF, 0x80, 0x07, 0xF8, 0x00, 0x1F, 0x0F,
    0xF9, 0xC7, 0x00, 0x70, 0x1E, 0x7F, 0xDF, 0xBF, 0x07, 0xE0, 0xFC, 0x3D, 0xFF, 0x9F, 0x70, 0x03,
    0x9E, 0x0E, 0x38, 0x38, 0xE0, 0xE3, 0x83, 0x8E, 0x0E, 0x38, 0x1C, 0xF0, 0x38, 0xE0, 0x38, 0xE0,
    0x38, 0xE0, 0x38, 0xE0, 0x39, 0xE0, 0x39, 0xE0, 0x00, 0x07, 0xFF, 0xFF, 0xFE, 0x00, 0x70, 0x03,
    0x80, 0x1C, 0x00, 0xE0, 0x00, 0x00, 0x03, 0xF8, 0x07, 0xFF, 0x07, 0x83, 0xC7, 0x80, 0xF3, 0xBF,
    0x3B, 0x98, 0xCF, 0xCC, 0x67, 0xE6, 0x33, 0xF3, 0xF1, 0xF9, 0x98, 0xFC, 0xC6, 0x77, 0x23, 0x73,
    0xC0, 0x78, 0xF8, 0xF8, 0x3F, 0xF8, 0x07, 0xF0, 0x00, 0x00, 0xFF, 0xFF, 0x00, 0x0F, 0xC7, 0xFB,
    0xCF, 0xE1, 0xF8, 0x7E, 0x1F, 0xCF, 0x7F, 0x87, 0x80, 0x07, 0x00, 0x38, 0x01, 0xC0, 0x0E, 0x0F,
    0xFF, 0xFF, 0xFC, 0x1C, 0x00, 0xE0, 0x07, 0x00, 0x38, 0x01, 0xC0, 0x00, 0x00, 0x00, 0x7F, 0xFF,
    0xFF, 0xE0, 0x3E, 0x1F, 0xEE, 0x3B, 0x87, 0x01, 0x80, 0xE0, 0x70, 0x78, 0x3C, 0x1E, 0x0F, 0xFF,
    0xFF, 0x1F, 0x87, 0xF9, 0xC7, 0x00, 0x70, 0x1C, 0x1F, 0x03, 0xF0, 0x07, 0x00, 0xEE, 0x1D, 0xFF,
    0x0F, 0xC0, 0x38, 0xC7, 0x18, 0xE0, 0x39, 0xC0, 0x73, 0x80, 0xE7, 0x01, 0xCE, 0x03, 0x9C, 0x07,
    0x38, 0x0E, 0x70, 0x1C, 0xE0, 0x39, 0xC0, 0x73, 0x80, 0xE7, 0x01, 0xCF, 0x07, 0x9F, 0x3F, 0x3F,
    0xFF, 0xF7, 0xCF, 0xE0, 0x01, 0xC0, 0x03, 0x80, 0x07, 0x00, 0x0E, 0x00, 0x1C, 0x00, 0x00, 0x0F,
    0xFC, 0xFF, 0xF7, 0xF1, 0xDF, 0xC7, 0xFF, 0x1F, 0xFC, 0x7F, 0xF1, 0xFF, 0xC7, 0xFF, 0x1F, 0xFC,
    0x77, 0xF1, 0xCF, 0xC7, 0x1F, 0x1C, 0x00, 0x70, 0x01, 0xC0, 0x07, 0x00, 0x1C, 0x00, 0x70, 0x01,
    0xC0, 0x07, 0x00, 0x1C, 0x6F, 0xF6, 0x61, 0x87, 0x83, 0x0D, 0xE0, 0x00, 0x3F, 0xFF, 0xE7, 0x1C,
    0x71, 0xC7, 0x1C, 0x71, 0xC7, 0x1F, 0x83, 0xFC, 0x70, 0xEE, 0x07, 0xE0, 0x7E, 0x07, 0xE0, 0x7E,
    0x07, 0xE0, 0x77, 0x0E, 0x3F, 0xC1, 0xF8, 0xF3, 0x80, 0xE3, 0x80, 0xE3, 0x80, 0xE3, 0x80, 0xE3,
    0x80, 0xE3, 0x81, 0xE7, 0x03, 0x8E, 0x0E, 0x38, 0x38, 0xE0, 0xE3, 0x83, 0x8E, 0x0F, 0x38, 0x00,
    0x3C, 0x00, 0xC7, 0xE0, 0x0E, 0x37, 0x00, 0xE1, 0x38, 0x06, 0x01, 0xC0, 0x70, 0x0E, 0x07, 0x00,
    0x70, 0x30, 0x03, 0x83, 0x80, 0x1C, 0x38, 0x00, 0xE1, 0x83, 0x87, 0x1C, 0x3C, 0x01, 0xC3, 0xE0,
    0x1C, 0x1F, 0x00, 0xE1, 0xF8, 0x0E, 0x0D, 0xC0, 0xE0, 0xCE, 0x07, 0x0E, 0x70, 0x70, 0x7F, 0xC7,
    0x03, 0xFE, 0x30, 0x00, 0xE3, 0x80, 0x07, 0x00, 0x3C, 0x00, 0xE1, 0xF8, 0x03, 0x83, 0x70, 0x06,
    0x04, 0xE0, 0x1C, 0x01, 0xC0, 0x70, 0x03, 0x80, 0xC0, 0x07, 0x03, 0x00, 0x0E, 0x0E, 0x00, 0x1C,
    0x38, 0x00, 0x38, 0x61, 0xF0, 0x71, 0xC7, 0xF0, 0x07, 0x1C, 0xF0, 0x0C, 0x00, 0xE0, 0x38, 0x01,
    0x80, 0xE0, 0x07, 0x03, 0x80, 0x1C, 0x07, 0x00, 0x70, 0x1C, 0x01, 0xC0, 0x70, 0x07, 0x80, 0xC0,
    0x1F, 0xF3, 0x80, 0x3F, 0xE0, 0x3E, 0x00, 0x30, 0xFE, 0x00, 0xE1, 0xDE, 0x03, 0x80, 0x1C, 0x06,
    0x01, 0xF0, 0x1C, 0x03, 0xE0, 0x70, 0x01, 0xE0, 0xC0, 0x01, 0xC3, 0x80, 0x43, 0x8E, 0x01, 0xFF,
    0x18, 0x39, 0xFC, 0x70, 0xF0, 0x01, 0xC3, 0xE0, 0x07, 0x07, 0xC0, 0x0C, 0x1F, 0x80, 0x38, 0x37,
    0x00, 0xE0, 0xCE, 0x01, 0x83, 0x9C, 0x07, 0x07, 0xFC, 0x1C, 0x0F, 0xF8, 0x30, 0x00, 0xE0, 0xE0,
    0x01, 0xC0, 0x03, 0x00, 0x78, 0x07, 0x80, 0x30, 0x00, 0x00, 0x00, 0x00, 0x00, 0x70, 0x07, 0x00,
    0x70, 0x0F, 0x03, 0xE0, 0x7C, 0x07, 0x00, 0xE0, 0x0E, 0x00, 0xE0, 0x7E, 0x07, 0xE0, 0x77, 0x9E,
    0x3F, 0xC1, 0xF8, 0x03, 0x80, 0x00, 0x30, 0x00, 0x07, 0x00, 0x00, 0x60, 0x00, 0x00, 0x00, 0x00,
    0x00, 0x00, 0x38, 0x00, 0x0F, 0x80, 0x01, 0xF0, 0x00, 0x76, 0x00, 0x0E, 0xE0, 0x01, 0xDC, 0x00,
    0x71, 0xC0, 0x0E, 0x38, 0x01, 0xC7, 0x00, 0x70, 0x70, 0x0E, 0x0E, 0x01, 0x81, 0xC0, 0x70, 0x3C,
    0x0F, 0xFF, 0x83, 0xFF, 0xF8, 0x70, 0x07, 0x0E, 0x00, 0xE3, 0x80, 0x0E, 0x70, 0x01, 0xCE, 0x00,
    0x3B, 0x80, 0x03, 0x80, 0x00, 0x18, 0x00, 0x07, 0x00, 0x01, 0xC0, 0x00, 0x38, 0x00, 0x0E, 0x00,
    0x00, 0x00, 0x00, 0x00, 0x00, 0x07, 0x00, 0x01, 0xF0, 0x00, 0x3E, 0x00, 0x0E, 0xC0, 0x01, 0xDC,
    0x00, 0x3B, 0x80, 0x0E, 0x38, 0x01, 0xC7, 0x00, 0x38, 0xE0, 0x0E, 0x0E, 0x01, 0xC1, 0xC0, 0x30,
    0x38, 0x0E, 0x07, 0x81, 0xFF, 0xF0, 0x7F, 0xFF, 0x0E, 0x00, 0xE1, 0xC0, 0x1C, 0x70, 0x01, 0xCE,
    0x00, 0x39, 0xC0, 0x07, 0x70, 0x00, 0x70, 0x00, 0xE0, 0x00, 0x3E, 0x00, 0x0E, 0xE0, 0x01, 0x8C,
    0x00, 0x60, 0xC0, 0x00, 0x00, 0x00, 0x00, 0x00, 0x07, 0x00, 0x01, 0xF0, 0x00, 0x3E, 0x00, 0x0E,
    0xC0, 0x01, 0xDC, 0x00, 0x3B, 0x80, 0x0E, 0x38, 0x01, 0xC7, 0x00, 0x38, 0xE0, 0x0E, 0x0E, 0x01,
    0xC1, 0xC0, 0x30, 0x38, 0x0E, 0x07, 0x81, 0xFF, 0xF0, 0x7F, 0xFF, 0x0E, 0x00, 0xE1, 0xC0, 0x1C,
    0x70, 0x01, 0xCE, 0x00, 0x39, 0xC0, 0x07, 0x70, 0x00, 0x70, 0x03, 0xCC, 0x00, 0xFF, 0x00, 0x1D,
    0xE0, 0x00, 0x00, 0x00, 0x00, 0x00, 0x00, 0x00, 0x00, 0x38, 0x00, 0x0F, 0x80, 0x01, 0xF0, 0x00,
    0x76, 0x00, 0x0E, 0xE0, 0x01, 0xDC, 0x00, 0x71, 0xC0, 0x0E, 0x38, 0x01, 0xC7, 0x00, 0x70, 0x70,
    0x0E, 0x0E, 0x01, 0x81, 0xC0, 0x70, 0x3C, 0x0F, 0xFF, 0x83, 0xFF, 0xF8, 0x70, 0x07, 0x0E, 0x00,
    0xE3, 0x80, 0x0E, 0x70, 0x01, 0xCE, 0x00, 0x3B, 0x80, 0x03, 0x80, 0x07, 0x1C, 0x00, 0xE3, 0x80,
    0x1C, 0x70, 0x00, 0x00, 0x00, 0x00, 0x00, 0x00, 0x00, 0x00, 0x78, 0x00, 0x0F, 0x80, 0x01, 0xF0,
    0x00, 0x77, 0x00, 0x0E, 0xE0, 0x01, 0xDC, 0x00, 0x71, 0xC0, 0x0E, 0x38, 0x01, 0xC7, 0x00, 0x70,
    0x70, 0x0E, 0x0E, 0x03, 0x81, 0xC0, 0x78, 0x3C, 0x0F, 0xFF, 0x83, 0xFF, 0xF8, 0x70, 0x07, 0x0E,
    0x00, 0xE3, 0x80, 0x0E, 0x70, 0x01, 0xCE, 0x00, 0x3B, 0x80, 0x03, 0x80, 0x00, 0xE0, 0x00, 0x3E,
    0x00, 0x0E, 0xE0, 0x01, 0x8C, 0x00, 0x39, 0x80, 0x07, 0xF0, 0x00, 0x7C, 0x00, 0x00, 0x00, 0x00,
    0xE0, 0x00, 0x3E, 0x00, 0x07, 0xC0, 0x00, 0xD8, 0x00, 0x3B, 0x80, 0x07, 0x70, 0x00, 0xC6, 0x00,
    0x38, 0xE0, 0x07, 0x1C, 0x01, 0xC1, 0xC0, 0x38, 0x38, 0x06, 0x07, 0x01, 0xC0, 0xF0, 0x3F, 0xFE,
    0x0F, 0xFF, 0xC1, 0xC0, 0x1C, 0x38, 0x03, 0x8E, 0x00, 0x39, 0xC0, 0x07, 0x38, 0x00, 0xEE, 0x00,
    0x0E, 0x00, 0x3F, 0xFF, 0xE0, 0x07, 0xFF, 0xFC, 0x01, 0xCE, 0x00, 0x00, 0x39, 0xC0, 0x00, 0x06,
    0x38, 0x00, 0x01, 0xC7, 0x00, 0x00, 0x38, 0xE0, 0x00, 0x0E, 0x1C, 0x00, 0x01, 0xC3, 0x80, 0x00,
    0x70, 0x7F, 0xF8, 0x0E, 0x0F, 0xFF, 0x03, 0x81, 0xC0, 0x00, 0x70, 0x38, 0x00, 0x1F, 0xFF, 0x00,
    0x03, 0xFF, 0xE0, 0x00, 0xE0, 0x1C, 0x00, 0x1C, 0x03, 0x80, 0x07, 0x00, 0x70, 0x00, 0xE0, 0x0E,
    0x00, 0x38, 0x01, 0xFF, 0xF7, 0x00, 0x3F, 0xFE, 0x03, 0xF8, 0x01, 0xFF, 0xC0, 0x7C, 0x7C, 0x1E,
    0x03, 0xC7, 0x80, 0x38, 0xE0, 0x03, 0xB8, 0x00, 0x77, 0x00, 0x00, 0xE0, 0x00, 0x1C, 0x00, 0x03,
    0x80, 0x00, 0x70, 0x00, 0x0E, 0x00, 0x01, 0xC0, 0x00, 0x38, 0x00, 0x73, 0x80, 0x0E, 0x78, 0x03,
    0x87, 0x80, 0xF0, 0x7C, 0x7C, 0x07, 0xFF, 0x00, 0x3F, 0x80, 0x00, 0x80, 0x00, 0x3C, 0x00, 0x03,
    0xC0, 0x00, 0x18, 0x00, 0x1F, 0x00, 0x03, 0xC0, 0x00, 0x1C, 0x00, 0x60, 0x03, 0x80, 0x0C, 0x00,
    0x00, 0x00, 0x03, 0xFF, 0xFF, 0xFF, 0xE0, 0x07, 0x00, 0x38, 0x01, 0xC0, 0x0E, 0x00, 0x70, 0x03,
    0x80, 0x1F, 0xFE, 0xFF, 0xF7, 0x00, 0x38, 0x01, 0xC0, 0x0E, 0x00, 0x70, 0x03, 0x80, 0x1C, 0x00,
    0xE0, 0x07, 0xFF, 0xFF, 0xFE, 0x01, 0xC0, 0x0E, 0x00, 0xE0, 0x06, 0x00, 0x70, 0x00, 0x00, 0x00,
    0x1F, 0xFF, 0xFF, 0xFF, 0x00, 0x38, 0x01, 0xC0, 0x0E, 0x00, 0x70, 0x03, 0x80, 0x1C, 0x00, 0xFF,
    0xF7, 0xFF, 0xB8, 0x01, 0xC0, 0x0E, 0x00, 0x70, 0x03, 0x80, 0x1C, 0x00, 0xE0, 0x07, 0x00, 0x3F,
    0xFF, 0xFF, 0xF0, 0x06, 0x00, 0x7C, 0x07, 0x60, 0x33, 0x83, 0x0C, 0x00, 0x00, 0x00, 0x1F, 0xFF,
    0xFF, 0xFF, 0x00, 0x38, 0x01, 0xC0, 0x0E, 0x00, 0x70, 0x03, 0x80, 0x1C, 0x00, 0xFF, 0xF7, 0xFF,
    0xB8, 0x01, 0xC0, 0x0E, 0x00, 0x70, 0x03, 0x80, 0x1C, 0x00, 0xE0, 0x07, 0x00, 0x3F, 0xFF, 0xFF,
    0xF0, 0x38, 0xE1, 0xC7, 0x0E, 0x38, 0x00, 0x00, 0x00, 0x00, 0x03, 0xFF, 0xFF, 0xFF, 0xE0, 0x07,
    0x00, 0x38, 0x01, 0xC0, 0x0E, 0x00, 0x70, 0x03, 0x80, 0x1F, 0xFE, 0xFF, 0xF7, 0x00, 0x38, 0x01,
    0xC0, 0x0E, 0x00, 0x70, 0x03, 0x80, 0x1C, 0x00, 0xE0, 0x07, 0xFF, 0xFF, 0xFE, 0x70, 0xC3, 0x86,
    0x00, 0x01, 0xC7, 0x1C, 0x71, 0xC7, 0x1C, 0x71, 0xC7, 0x1C, 0x71, 0xC7, 0x1C, 0x71, 0xC7, 0x1C,
    0x71, 0xC0, 0x39, 0x9C, 0xCE, 0x00, 0x1C, 0xE7, 0x39, 0xCE, 0x73, 0x9C, 0xE7, 0x39, 0xCE, 0x73,
    0x9C, 0xE7, 0x39, 0xC0, 0x0C, 0x07, 0x83, 0xB1, 0xCE, 0x61, 0x80, 0x00, 0x00, 0x38, 0x0E, 0x03,
    0x80, 0xE0, 0x38, 0x0E, 0x03, 0x80, 0xE0, 0x38, 0x0E, 0x03, 0x80, 0xE0, 0x38, 0x0E, 0x03, 0x80,
    0xE0, 0x38, 0x0E, 0x03, 0x80, 0xE0, 0x38, 0xE3, 0xF1, 0xF8, 0xE0, 0x00, 0x00, 0x00, 0x70, 0x38,
    0x1C, 0x0E, 0x07, 0x03, 0x81, 0xC0, 0xE0, 0x70, 0x38, 0x1C, 0x0E, 0x07, 0x03, 0x81, 0xC0, 0xE0,
    0x70, 0x38, 0x1C, 0x0E, 0x07, 0x00, 0x1F, 0xFC, 0x01, 0xFF, 0xF0, 0x1C, 0x1F, 0x81, 0xC0, 0x3C,
    0x1C, 0x01, 0xC1, 0xC0, 0x0E, 0x1C, 0x00, 0xE1, 0xC0, 0x06, 0x1C, 0x00, 0x7F, 0xFE, 0x07, 0xFF,
    0xE0, 0x71, 0xC0, 0x07, 0x1C, 0x00, 0x71, 0xC0, 0x06, 0x1C, 0x00, 0xE1, 0xC0, 0x0E, 0x1C, 0x01,
    0xC1, 0xC0, 0x3C, 0x1C, 0x1F, 0x81, 0xFF, 0xF0, 0x1F, 0xF8, 0x00, 0x07, 0x98, 0x07, 0xFC, 0x03,
    0xBC, 0x00, 0x00, 0x00, 0x00, 0x00, 0x00, 0x03, 0xC0, 0x0F, 0xE0, 0x07, 0xF8, 0x03, 0xFE, 0x01,
    0xFF, 0x00, 0xFD, 0xC0, 0x7E, 0xF0, 0x3F, 0x38, 0x1F, 0x8E, 0x0F, 0xC7, 0x07, 0xE1, 0xC3, 0xF0,
    0x71, 0xF8, 0x38, 0xFC, 0x0E, 0x7E, 0x03, 0xBF, 0x01, 0xDF, 0x80, 0x7F, 0xC0, 0x3F, 0xE0, 0x0F,
    0xF0, 0x03, 0xF8, 0x01, 0xE0, 0x03, 0x80, 0x00, 0x30, 0x00, 0x07, 0x00, 0x00, 0x60, 0x00, 0x00,
    0x00, 0x00, 0x00, 0x00, 0xFE, 0x00, 0x7F, 0xF0, 0x1F, 0x1F, 0x07, 0x80, 0xF1, 0xE0, 0x0F, 0x38,
    0x00, 0xEE, 0x00, 0x0F, 0xC0, 0x01, 0xF8, 0x00, 0x3F, 0x00, 0x07, 0xE0, 0x00, 0xFC, 0x00, 0x1F,
    0x80, 0x03, 0xF0, 0x00, 0x7E, 0x00, 0x0E, 0xE0, 0x03, 0x9E, 0x00, 0xF1, 0xE0, 0x3C, 0x1F, 0x1F,
    0x01, 0xFF, 0xC0, 0x0F, 0xE0, 0x00, 0x00, 0x18, 0x00, 0x07, 0x00, 0x01, 0xC0, 0x00, 0x30, 0x00,
    0x04, 0x00, 0x00, 0x00, 0x00, 0x00, 0x00, 0x1F, 0xC0, 0x0F, 0xFE, 0x03, 0xE3, 0xE0, 0xF0, 0x1E,
    0x3C, 0x01, 0xE7, 0x00, 0x1D, 0xC0, 0x01, 0xF8, 0x00, 0x3F, 0x00, 0x07, 0xE0, 0x00, 0xFC, 0x00,
    0x1F, 0x80, 0x03, 0xF0, 0x00, 0x7E, 0x00, 0x0F, 0xC0, 0x01, 0xDC, 0x00, 0x73, 0xC0, 0x1E, 0x3C,
    0x07, 0x83, 0xE3, 0xE0, 0x3F, 0xF8, 0x01, 0xFC, 0x00, 0x00, 0xE0, 0x00, 0x3E, 0x00, 0x0E, 0xE0,
    0x01, 0x8C, 0x00, 0x60, 0xC0, 0x00, 0x00, 0x00, 0x00, 0x00, 0x1F, 0xC0, 0x0F, 0xFE, 0x03, 0xE3,
    0xE0, 0xF0, 0x1E, 0x3C, 0x01, 0xE7, 0x00, 0x1D, 0xC0, 0x01, 0xF8, 0x00, 0x3F, 0x00, 0x07, 0xE0,
    0x00, 0xFC, 0x00, 0x1F, 0x80, 0x03, 0xF0, 0x00, 0x7E, 0x00, 0x0F, 0xC0, 0x01, 0xDC, 0x00, 0x73,
    0xC0, 0x1E, 0x3C, 0x07, 0x83, 0xE3, 0xE0, 0x3F, 0xF8, 0x01, 0xFC, 0x00, 0x00, 0x00, 0x00, 0x79,
    0x80, 0x1F, 0xE0, 0x03, 0x3C, 0x00, 0x00, 0x00, 0x00, 0x00, 0x00, 0x00, 0x00, 0x1F, 0xC0, 0x0F,
    0xFE, 0x03, 0xE3, 0xE0, 0xF0, 0x1E, 0x3C, 0x01, 0xE7, 0x00, 0x1D, 0xC0, 0x01, 0xF8, 0x00, 0x3F,
    0x00, 0x07, 0xE0, 0x00, 0xFC, 0x00, 0x1F, 0x80, 0x03, 0xF0, 0x00, 0x7E, 0x00, 0x0F, 0xC0, 0x01,
    0xDC, 0x00, 0x73, 0xC0, 0x1E, 0x3C, 0x07, 0x83, 0xE3, 0xE0, 0x3F, 0xF8, 0x01, 0xFC, 0x00, 0x07,
    0x1C, 0x00, 0xE3, 0x80, 0x1C, 0x70, 0x00, 0x00, 0x00, 0x00, 0x00, 0x00, 0x00, 0x00, 0xFE, 0x00,
    0x7F, 0xF0, 0x1F, 0x1F, 0x07, 0x80, 0xF1, 0xE0, 0x0F, 0x38, 0x00, 0xEE, 0x00, 0x0F, 0xC0, 0x01,
    0xF8, 0x00, 0x3F, 0x00, 0x07, 0xE0, 0x00, 0xFC, 0x00, 0x1F, 0x80, 0x03, 0xF0, 0x00, 0x7E, 0x00,
    0x0E, 0xE0, 0x03, 0x9E, 0x00, 0xF1, 0xE0, 0x3C, 0x1F, 0x1F, 0x01, 0xFF, 0xC0, 0x0F, 0xE0, 0x00,
    0x20, 0x08, 0xE0, 0x38, 0xE0, 0xF0, 0xE3, 0xC0, 0xEF, 0x00, 0xFC, 0x00, 0xF0, 0x03, 0xE0, 0x0F,
    0xE0, 0x3C, 0xE0, 0xF0, 0xE3, 0xC0, 0xE3, 0x00, 0xC0, 0x00, 0x00, 0x00, 0x00, 0x00, 0x7F, 0x38,
    0x3F, 0xFF, 0x0F, 0x8F, 0xC3, 0xC0, 0x78, 0xF0, 0x1F, 0x9C, 0x03, 0xF7, 0x00, 0xE7, 0xE0, 0x38,
    0xFC, 0x06, 0x1F, 0x81, 0xC3, 0xF0, 0x70, 0x7E, 0x1C, 0x0F, 0xC3, 0x81, 0xF8, 0xE0, 0x3F, 0x38,
    0x07, 0x7E, 0x01, 0xCF, 0xC0, 0x78, 0xF0, 0x1E, 0x1F, 0x8F, 0x87, 0xFF, 0xE0, 0xE7, 0xF0, 0x00,
    0x00, 0x00, 0x07, 0x00, 0x03, 0x80, 0x00, 0xE0, 0x00, 0x30, 0x00, 0x00, 0x00, 0x00, 0x00, 0x00,
    0x01, 0xC0, 0x07, 0xE0, 0x03, 0xF0, 0x01, 0xF8, 0x00, 0xFC, 0x00, 0x7E, 0x00, 0x3F, 0x00, 0x1F,
    0x80, 0x0F, 0xC0, 0x07, 0xE0, 0x03, 0xF0, 0x01, 0xF8, 0x00, 0xFC, 0x00, 0x7E, 0x00, 0x3F, 0x00,
    0x1F, 0x80, 0x0D, 0xE0, 0x0E, 0x78, 0x0F, 0x1F, 0x1F, 0x07, 0xFF, 0x00, 0xFE, 0x00, 0x00, 0x70,
    0x00, 0x38, 0x00, 0x38, 0x00, 0x18, 0x00, 0x08, 0x00, 0x00, 0x00, 0x00, 0x01, 0xC0, 0x07, 0xE0,
    0x03, 0xF0, 0x01, 0xF8, 0x00, 0xFC, 0x00, 0x7E, 0x00, 0x3F, 0x00, 0x1F, 0x80, 0x0F, 0xC0, 0x07,
    0xE0, 0x03, 0xF0, 0x01, 0xF8, 0x00, 0xFC, 0x00, 0x7E, 0x00, 0x3F, 0x00, 0x1F, 0x80, 0x0D, 0xE0,
    0x0E, 0x78, 0x0F, 0x1F, 0x1F, 0x07, 0xFF, 0x00, 0xFE, 0x00, 0x01, 0x80, 0x01, 0xF0, 0x01, 0xD8,
    0x01, 0xCE, 0x00, 0xC3, 0x00, 0x00, 0x00, 0x00, 0x01, 0xC0, 0x07, 0xE0, 0x03, 0xF0, 0x01, 0xF8,
    0x00, 0xFC, 0x00, 0x7E, 0x00, 0x3F, 0x00, 0x1F, 0x80, 0x0F, 0xC0, 0x07, 0xE0, 0x03, 0xF0, 0x01,
    0xF8, 0x00, 0xFC, 0x00, 0x7E, 0x00, 0x3F, 0x00, 0x1F, 0x80, 0x0D, 0xE0, 0x0E, 0x78, 0x0F, 0x1F,
    0x1F, 0x07, 0xFF, 0x00, 0xFE, 0x00, 0x0E, 0x38, 0x07, 0x1C, 0x03, 0x8E, 0x00, 0x00, 0x00, 0x00,
    0x00, 0x00, 0x03, 0x80, 0x0F, 0xC0, 0x07, 0xE0, 0x03, 0xF0, 0x01, 0xF8, 0x00, 0xFC, 0x00, 0x7E,
    0x00, 0x3F, 0x00, 0x1F, 0x80, 0x0F, 0xC0, 0x07, 0xE0, 0x03, 0xF0, 0x01, 0xF8, 0x00, 0xFC, 0x00,
    0x7E, 0x00, 0x3F, 0x00, 0x1B, 0xC0, 0x1C, 0xF0, 0x1E, 0x3E, 0x3E, 0x0F, 0xFE, 0x01, 0xFC, 0x00,
    0x00, 0x38, 0x00, 0x06, 0x00, 0x01, 0xC0, 0x00, 0x30, 0x00, 0x0E, 0x00, 0x00, 0x00, 0x00, 0x00,
    0x07, 0x80, 0x0E, 0x70, 0x03, 0xC7, 0x00, 0x70, 0xF0, 0x1C, 0x0E, 0x07, 0x80, 0xE0, 0xE0, 0x1C,
    0x38, 0x01, 0xC7, 0x00, 0x3D, 0xC0, 0x03, 0xB8, 0x00, 0x3E, 0x00, 0x07, 0x80, 0x00, 0x70, 0x00,
    0x0E, 0x00, 0x01, 0xC0, 0x00, 0x38, 0x00, 0x07, 0x00, 0x00, 0xE0, 0x00, 0x1C, 0x00, 0x03, 0x80,
    0x00, 0x70, 0x00, 0xE0, 0x03, 0x80, 0x0E, 0x00, 0x38, 0x00, 0xFF, 0xC3, 0xFF, 0xCE, 0x0F, 0xB8,
    0x0E, 0xE0, 0x1F, 0x80, 0x7E, 0x01, 0xF8, 0x07, 0xE0, 0x1F, 0x81, 0xEF, 0xFF, 0x3F, 0xF8, 0xE0,
    0x03, 0x80, 0x0E, 0x00, 0x38, 0x00, 0xE0, 0x00, 0x1F, 0x80, 0xFF, 0x87, 0x9F, 0x38, 0x1C, 0xE0,
    0x3B, 0x80, 0xEE, 0x03, 0xB8, 0x1C, 0xE0, 0xE3, 0x9F, 0x0E, 0x7E, 0x38, 0x3C, 0xE0, 0x3B, 0x80,
    0x6E, 0x01, 0xF8, 0x07, 0xE0, 0x1F, 0x80, 0xEE, 0x0F, 0xB9, 0xFC, 0xE7, 0xC0, 0x1C, 0x00, 0x70,
    0x01, 0x80, 0x0E, 0x00, 0x00, 0x00, 0x00, 0x3F, 0x07, 0xFE, 0x7C, 0xF3, 0x81, 0xC0, 0x0E, 0x00,
    0x70, 0x0F, 0x8F, 0xFD, 0xFE, 0xFE, 0x07, 0xE0, 0x3F, 0x01, 0xF8, 0x1F, 0xF3, 0xF7, 0xFF, 0x8F,
    0x9C, 0x00, 0xC0, 0x0E, 0x00, 0x60, 0x07, 0x00, 0x30, 0x00, 0x00, 0x00, 0x01, 0xF8, 0x3F, 0xF3,
    0xE7, 0x9C, 0x0E, 0x00, 0x70, 0x03, 0x80, 0x7C, 0x7F, 0xEF, 0xF7, 0xF0, 0x3F, 0x01, 0xF8, 0x0F,
    0xC0, 0xFF, 0x9F, 0xBF, 0xFC, 0x7C, 0xE0, 0x03, 0x00, 0x3C, 0x03, 0x70, 0x39, 0xC1, 0x86, 0x00,
    0x00, 0x00, 0x01, 0xF8, 0x3F, 0xF3, 0xE7, 0x9C, 0x0E, 0x00, 0x70, 0x03, 0x80, 0x7C, 0x7F, 0xEF,
    0xF7, 0xF0, 0x3F, 0x01, 0xF8, 0x0F, 0xC0, 0xFF, 0x9F, 0xBF, 0xFC, 0x7C, 0xE0, 0x0C, 0x60, 0xFF,
    0x07, 0xF0, 0x00, 0x00, 0x00, 0x00, 0x00, 0x3F, 0x07, 0xFE, 0x7C, 0xF3, 0x81, 0xC0, 0x0E, 0x00,
    0x70, 0x0F, 0x8F, 0xFD, 0xFE, 0xFE, 0x07, 0xE0, 0x3F, 0x01, 0xF8, 0x1F, 0xF3, 0xF7, 0xFF, 0x8F,
    0x9C, 0x10, 0x41, 0xC7, 0x0E, 0x38, 0x20, 0x80, 0x00, 0x00, 0x00, 0x3F, 0x07, 0xFE, 0x7C, 0xF3,
    0x81, 0xC0, 0x0E, 0x00, 0x70, 0x0F, 0x8F, 0xFD, 0xFE, 0xFE, 0x07, 0xE0, 0x3F, 0x01, 0xF8, 0x1F,
    0xF3, 0xF7, 0xFF, 0x8F, 0x9C, 0x07, 0x00, 0x7C, 0x07, 0x70, 0x31, 0x81, 0xDC, 0x07, 0xC0, 0x1C,
    0x00, 0x00, 0x0F, 0xC1, 0xFF, 0x9F, 0x3C, 0xE0, 0x70, 0x03, 0x80, 0x1C, 0x03, 0xE3, 0xFF, 0x7F,
    0xBF, 0x81, 0xF8, 0x0F, 0xC0, 0x7E, 0x07, 0xFC, 0xFD, 0xFF, 0xE3, 0xE7, 0x0F, 0xC3, 0xF0, 0x3F,
    0xE7, 0xFC, 0x7C, 0xFF, 0x3E, 0x70, 0x3C, 0x0E, 0x00, 0x38, 0x07, 0x00, 0x38, 0x07, 0x00, 0x38,
    0x07, 0x3F, 0xFF, 0xFF, 0x7F, 0xFF, 0xFF, 0xF0, 0x38, 0x00, 0xE0, 0x38, 0x00, 0xE0, 0x38, 0x04,
    0xE0, 0x7C, 0x0F, 0xF9, 0xEF, 0x3E, 0x7F, 0xC7, 0xFC, 0x1F, 0x03, 0xF8, 0x0F, 0xC0, 0x7F, 0xC3,
    0xCF, 0x9C, 0x0F, 0x70, 0x1F, 0x80, 0x0E, 0x00, 0x38, 0x00, 0xE0, 0x03, 0x80, 0x0E, 0x00, 0x1C,
    0x07, 0x70, 0x3C, 0xF3, 0xE1, 0xFF, 0x03, 0xF0, 0x03, 0x00, 0x0F, 0x00, 0x1E, 0x00, 0x18, 0x03,
    0xE0, 0x0F, 0x00, 0x0E, 0x00, 0x38, 0x00, 0x60, 0x00, 0xC0, 0x00, 0x00, 0x00, 0x00, 0xFC, 0x07,
    0xFC, 0x3C, 0xF9, 0xC0, 0xE6, 0x01, 0xF8, 0x07, 0xE0, 0x1F, 0xFF, 0xFF, 0xFF, 0xF8, 0x00, 0xE0,
    0x03, 0x80, 0x07, 0x03, 0xCF, 0x1E, 0x1F, 0xF0, 0x3F, 0x80, 0x00, 0xC0, 0x07, 0x00, 0x1C, 0x00,
    0xE0, 0x03, 0x00, 0x00, 0x00, 0x00, 0x03, 0xF0, 0x1F, 0xF0, 0xF3, 0xE7, 0x03, 0x98, 0x07, 0xE0,
    0x1F, 0x80, 0x7F, 0xFF, 0xFF, 0xFF, 0xE0, 0x03, 0x80, 0x0E, 0x00, 0x1C, 0x0F, 0x3C, 0x78, 0x7F,
    0xC0, 0xFE, 0x00, 0x03, 0x00, 0x1E, 0x00, 0xFC, 0x07, 0x38, 0x18, 0x60, 0x00, 0x00, 0x00, 0x03,
    0xF0, 0x1F, 0xF0, 0xF3, 0xE7, 0x03, 0x98, 0x07, 0xE0, 0x1F, 0x80, 0x7F, 0xFF, 0xFF, 0xFF, 0xE0,
    0x03, 0x80, 0x0E, 0x00, 0x1C, 0x0F, 0x3C, 0x78, 0x7F, 0xC0, 0xFE, 0x00, 0x08, 0x20, 0x71, 0xC1,
    0xC7, 0x02, 0x08, 0x00, 0x00, 0x00, 0x00, 0xFC, 0x07, 0xFC, 0x3C, 0xF9, 0xC0, 0xE7, 0x01, 0xF8,
    0x07, 0xE0, 0x1F, 0xFF, 0xFF, 0xFF, 0xF8, 0x00, 0xE0, 0x03, 0xC0, 0x07, 0x81, 0xCF, 0x9E, 0x1F,
    0xF0, 0x3F, 0x80, 0x71, 0xC3, 0x86, 0x00, 0x01, 0xC7, 0x1C, 0x71, 0xC7, 0x1C, 0x71, 0xC7, 0x1C,
    0x71, 0xC7, 0x1C, 0x70, 0x39, 0xC6, 0x38, 0x00, 0x0E, 0x38, 0xE3, 0x8E, 0x38, 0xE3, 0x8E, 0x38,
    0xE3, 0x8E, 0x38, 0xE3, 0x80, 0x0E, 0x07, 0xC3, 0xB9, 0xC7, 0x00, 0x00, 0x00, 0xE0, 0x38, 0x0E,
    0x03, 0x80, 0xE0, 0x38, 0x0E, 0x03, 0x80, 0xE0, 0x38, 0x0E, 0x03, 0x80, 0xE0, 0x38, 0x0E, 0x03,
    0x80, 0x41, 0x71, 0xF8, 0xE8, 0x20, 0x00, 0x00, 0x70, 0x38, 0x1C, 0x0E, 0x07, 0x03, 0x81, 0xC0,
    0xE0, 0x70, 0x38, 0x1C, 0x0E, 0x07, 0x03, 0x81, 0xC0, 0xE0, 0x08, 0x00, 0x78, 0xC0, 0xFF, 0x01,
    0xF0, 0x0F, 0xC0, 0x73, 0x80, 0x07, 0x00, 0x1C, 0x1F, 0xB8, 0xFF, 0xE7, 0x87, 0x9C, 0x0F, 0xE0,
    0x1F, 0x80, 0x7E, 0x01, 0xF8, 0x07, 0xE0, 0x1F, 0x80, 0x7E, 0x01, 0xDC, 0x0E, 0x3C, 0xF0, 0xFF,
    0x80, 0xFC, 0x00, 0x08, 0x40, 0xF6, 0x0F, 0xF0, 0x67, 0x00, 0x00, 0x00, 0x03, 0x9F, 0x1F, 0xFC,
    0xFD, 0xF7, 0x83, 0xB8, 0x0F, 0xC0, 0x7E, 0x03, 0xF0, 0x1F, 0x80, 0xFC, 0x07, 0xE0, 0x3F, 0x01,
    0xF8, 0x0F, 0xC0, 0x7E, 0x03, 0xF0, 0x1C, 0x0E, 0x00, 0x1C, 0x00, 0x1C, 0x00, 0x18, 0x00, 0x00,
    0x00, 0x00, 0x03, 0xF0, 0x0F, 0xF8, 0x3C, 0xF8, 0xE0, 0x79, 0xC0, 0x77, 0x00, 0xEE, 0x00, 0xFC,
    0x01, 0xF8, 0x03, 0xF0, 0x07, 0xE0, 0x1C, 0xE0, 0x39, 0xC0, 0xF1, 0xE7, 0xC1, 0xFF, 0x01, 0xF8,
    0x00, 0x00, 0xE0, 0x01, 0xC0, 0x07, 0x00, 0x0C, 0x00, 0x38, 0x00, 0x00, 0x00, 0x00, 0x07, 0xE0,
    0x1F, 0xF0, 0x79, 0xF1, 0xC0, 0xF3, 0x80, 0xEE, 0x01, 0xDC, 0x01, 0xF8, 0x03, 0xF0, 0x07, 0xE0,
    0x0F, 0xC0, 0x39, 0xC0, 0x73, 0x81, 0xE3, 0xCF, 0x83, 0xFE, 0x03, 0xF0, 0x00, 0x03, 0x00, 0x0F,
    0x00, 0x3B, 0x00, 0xE7, 0x01, 0x86, 0x00, 0x00, 0x00, 0x00, 0x07, 0xE0, 0x1F, 0xF0, 0x79, 0xF1,
    0xC0, 0xF3, 0x80, 0xEE, 0x01, 0xDC, 0x01, 0xF8, 0x03, 0xF0, 0x07, 0xE0, 0x0F, 0xC0, 0x39, 0xC0,
    0x73, 0x81, 0xE3, 0xCF, 0x83, 0xFE, 0x03, 0xF0, 0x00, 0x04, 0x20, 0x3F, 0xC0, 0x7F, 0x80, 0x00,
    0x00, 0x00, 0x00, 0x00, 0x03, 0xF0, 0x0F, 0xF8, 0x3C, 0xF8, 0xE0, 0x79, 0xC0, 0x77, 0x00, 0xEE,
    0x00, 0xFC, 0x01, 0xF8, 0x03, 0xF0, 0x07, 0xE0, 0x1C, 0xE0, 0x39, 0xC0, 0xF1, 0xE7, 0xC1, 0xFF,
    0x01, 0xF8, 0x00, 0x08, 0x20, 0x38, 0xE0, 0x71, 0xC0, 0x41, 0x00, 0x00, 0x00, 0x00, 0x03, 0xF0,
    0x0F, 0xF8, 0x3C, 0xF8, 0xF0, 0x79, 0xC0, 0x77, 0x00, 0x6E, 0x00, 0xFC, 0x01, 0xF8, 0x03, 0xF0,
    0x07, 0xE0, 0x0C, 0xE0, 0x39, 0xE0, 0xF1, 0xE7, 0xC1, 0xFF, 0x01, 0xF8, 0x00, 0x03, 0x00, 0x3C,
    0x01, 0xE0, 0x06, 0x00, 0x00, 0x00, 0x03, 0xFF, 0xFF, 0xFF, 0x00, 0x00, 0x00, 0x00, 0x00, 0x06,
    0x00, 0x78, 0x03, 0xC0, 0x0C, 0x00, 0x00, 0x00, 0x07, 0xE7, 0x0F, 0xFE, 0x1E, 0x7E, 0x38, 0x1E,
    0x38, 0x3E, 0x70, 0x7E, 0x70, 0xE7, 0x71, 0xC7, 0x71, 0x87, 0x73, 0x87, 0x77, 0x0E, 0x3E, 0x0E,
    0x3C, 0x1E, 0x3E, 0x7C, 0x7F, 0xF8, 0x67, 0xE0, 0x00, 0x00, 0x1C, 0x00, 0x60, 0x03, 0x80, 0x0C,
    0x00, 0x00, 0x00, 0x03, 0x80, 0xFC, 0x07, 0xE0, 0x3F, 0x01, 0xF8, 0x0F, 0xC0, 0x7E, 0x03, 0xF0,
    0x1F, 0x80, 0xFC, 0x07, 0xE0, 0x3F, 0x03, 0xFC, 0x1E, 0xF3, 0xF7, 0xFB, 0x8F, 0x9C, 0x01, 0xC0,
    0x1C, 0x00, 0xC0, 0x0E, 0x00, 0x00, 0x00, 0x03, 0x80, 0xFC, 0x07, 0xE0, 0x3F, 0x01, 0xF8, 0x0F,
    0xC0, 0x7E, 0x03, 0xF0, 0x1F, 0x80, 0xFC, 0x07, 0xE0, 0x3F, 0x03, 0xFC, 0x1E, 0xF3, 0xF7, 0xFB,
    0x8F, 0x9C, 0x07, 0x00, 0x7C, 0x06, 0x70, 0x61, 0x80, 0x00, 0x00, 0x03, 0x80, 0xFC, 0x07, 0xE0,
    0x3F, 0x01, 0xF8, 0x0F, 0xC0, 0x7E, 0x03, 0xF0, 0x1F, 0x80, 0xFC, 0x07, 0xE0, 0x3F, 0x03, 0xFC,
    0x1E, 0xF3, 0xF7, 0xFB, 0x8F, 0x9C, 0x10, 0x41, 0xC7, 0x0E, 0x38, 0x20, 0x80, 0x00, 0x00, 0x03,
    0x80, 0xFC, 0x07, 0xE0, 0x3F, 0x01, 0xF8, 0x0F, 0xC0, 0x7E, 0x03, 0xF0, 0x1F, 0x80, 0xFC, 0x07,
    0xE0, 0x3F, 0x03, 0xFC, 0x1E, 0xF3, 0xF7, 0xFB, 0x8F, 0x9C, 0x00, 0x70, 0x00, 0xE0, 0x00, 0xC0,
    0x01, 0xC0, 0x00, 0x00, 0x00, 0x00, 0x70, 0x07, 0x70, 0x0E, 0x38, 0x0E, 0x38, 0x1C, 0x38, 0x1C,
    0x1C, 0x1C, 0x1C, 0x38, 0x0C, 0x38, 0x0E, 0x30, 0x0E, 0x70, 0x06, 0x70, 0x07, 0x60, 0x07, 0xE0,
    0x03, 0xE0, 0x03, 0xC0, 0x01, 0xC0, 0x01, 0x80, 0x03, 0x80, 0x03, 0x80, 0x07, 0x00, 0x3E, 0x00,
    0x3C, 0x00, 0xE0, 0x03, 0x80, 0x0E, 0x00, 0x38, 0x00, 0xE0, 0x03, 0x9F, 0x0E, 0xFF, 0x3F, 0x3C,
    0xF0, 0x3B, 0x80, 0x7E, 0x01, 0xF8, 0x07, 0xE0, 0x1F, 0x80, 0x7E, 0x01, 0xF8, 0x07, 0xE0, 0x3F,
    0xC0, 0xEF, 0xCF, 0x3F, 0xFC, 0xE7, 0xC3, 0x80, 0x0E, 0x00, 0x38, 0x00, 0xE0, 0x03, 0x80, 0x0E,
    0x00, 0x00, 0x08, 0x20, 0x38, 0xE0, 0x71, 0xC0, 0x41, 0x00, 0x00, 0x00, 0x00, 0x38, 0x03, 0xB8,
    0x0E, 0x70, 0x1C, 0xE0, 0x38, 0xE0, 0xE1, 0xC1, 0xC3, 0x83, 0x03, 0x8E, 0x07, 0x1C, 0x06, 0x30,
    0x0E, 0xE0, 0x1D, 0xC0, 0x1F, 0x00, 0x3E, 0x00, 0x78, 0x00, 0x70, 0x00, 0xE0, 0x03, 0x80, 0x07,
    0x00, 0x1C, 0x00, 0xF8, 0x01, 0xE0, 0x00, 0x00, 0x00, 0x00, 0xFF, 0x00, 0x1F, 0xE0, 0x00, 0x00,
    0x00, 0x00, 0x00, 0x00, 0x00, 0x00, 0x78, 0x00, 0x0F, 0x00, 0x03, 0xF0, 0x00, 0x7E, 0x00, 0x0C,
    0xC0, 0x03, 0x9C, 0x00, 0x73, 0x80, 0x0E, 0x38, 0x03, 0x87, 0x00, 0x70, 0xE0, 0x0E, 0x0E, 0x03,
    0x81, 0xC0, 0x70, 0x3C, 0x0F, 0xFF, 0x83, 0xFF, 0xF0, 0x70, 0x07, 0x0E, 0x00, 0xE3, 0x80, 0x0E,
    0x70, 0x01, 0xCE, 0x00, 0x3B, 0x80, 0x03, 0x80, 0x1F, 0xE0, 0xFF, 0x00, 0x00, 0x00, 0x00, 0x00,
    0x07, 0xE0, 0xFF, 0xCF, 0x9E, 0x70, 0x38, 0x01, 0xC0, 0x0E, 0x01, 0xF1, 0xFF, 0xBF, 0xDF, 0xC0,
    0xFC, 0x07, 0xE0, 0x3F, 0x03, 0xFE, 0x7E, 0xFF, 0xF1, 0xF3, 0x80, 0x06, 0x0C, 0x00, 0xC1, 0x80,
    0x1E, 0xF0, 0x01, 0xFC, 0x00, 0x1F, 0x00, 0x00, 0x00, 0x00, 0x00, 0x00, 0x0F, 0x00, 0x01, 0xF0,
    0x00, 0x3E, 0x00, 0x0E, 0xE0, 0x01, 0xDC, 0x00, 0x3B, 0x80, 0x0E, 0x38, 0x01, 0xC7, 0x00, 0x38,
    0xE0, 0x0E, 0x0E, 0x01, 0xC1, 0xC0, 0x70, 0x38, 0x0F, 0x07, 0x81, 0xFF, 0xF0, 0x7F, 0xFF, 0x0E,
    0x00, 0xE1, 0xC0, 0x1C, 0x70, 0x01, 0xCE, 0x00, 0x39, 0xC0, 0x07, 0x70, 0x00, 0x70, 0x30, 0x61,
    0xEF, 0x07, 0xF0, 0x1F, 0x00, 0x00, 0x00, 0x00, 0x3F, 0x07, 0xFE, 0x7C, 0xF3, 0x81, 0xC0, 0x0E,
    0x00, 0x70, 0x0F, 0x8F, 0xFD, 0xFE, 0xFE, 0x07, 0xE0, 0x3F, 0x01, 0xF8, 0x1F, 0xF3, 0xF7, 0xFF,
    0x8F, 0x9C, 0x00, 0xE0, 0x00, 0x1F, 0x00, 0x01, 0xF0, 0x00, 0x1B, 0x80, 0x03, 0xB8, 0x00, 0x3B,
    0x80, 0x07, 0x1C, 0x00, 0x71, 0xC0, 0x07, 0x1C, 0x00, 0xE0, 0xE0, 0x0E, 0x0E, 0x00, 0xE0, 0x70,
    0x1E, 0x07, 0x01, 0xFF, 0xF0, 0x3F, 0xFF, 0x83, 0x80, 0x38, 0x38, 0x03, 0x87, 0x00, 0x1C, 0x70,
    0x01, 0xC7, 0x00, 0x1E, 0xE0, 0x00, 0xE0, 0x00, 0x1C, 0x00, 0x01, 0x80, 0x00, 0x38, 0x00, 0x03,
    0xA0, 0x00, 0x3F, 0x00, 0x01, 0xF0, 0x0F, 0xC0, 0xFF, 0xC7, 0xCF, 0x1C, 0x0E, 0x00, 0x38, 0x00,
    0xE0, 0x0F, 0x87, 0xFE, 0x7F, 0xBB, 0xC0, 0xEE, 0x03, 0xB8, 0x0E, 0xE0, 0x7B, 0xE7, 0xE7, 0xFF,
    0x87, 0xCE, 0x00, 0x70, 0x03, 0x80, 0x0E, 0x00, 0x3A, 0x00, 0xFC, 0x01, 0xF0, 0x00, 0x38, 0x00,
    0x0E, 0x00, 0x07, 0x00, 0x01, 0x80, 0x00, 0x40, 0x00, 0x00, 0x00, 0x00, 0x00, 0x0F, 0xE0, 0x0F,
    0xFE, 0x07, 0xC7, 0xC3, 0xC0, 0x79, 0xE0, 0x0E, 0x70, 0x01, 0xF8, 0x00, 0x7E, 0x00, 0x03, 0x80,
    0x00, 0xE0, 0x00, 0x38, 0x00, 0x0E, 0x00, 0x03, 0x80, 0x00, 0xE0, 0x00, 0x38, 0x00, 0x77, 0x00,
    0x1D, 0xE0, 0x0E, 0x3C, 0x07, 0x87, 0xC7, 0xC0, 0xFF, 0xE0, 0x0F, 0xE0, 0x00, 0xE0, 0x03, 0x00,
    0x1C, 0x00, 0x60, 0x03, 0x80, 0x00, 0x00, 0x00, 0x03, 0xF0, 0x1F, 0xF0, 0xF3, 0xE7, 0x03, 0x9C,
    0x06, 0xE0, 0x03, 0x80, 0x0E, 0x00, 0x38, 0x00, 0xE0, 0x03, 0x80, 0x07, 0x01, 0x9C, 0x0E, 0x3C,
    0xF8, 0x7F, 0xC0, 0xFC, 0x00, 0x00, 0xC0, 0x00, 0x7C, 0x00, 0x3B, 0x00, 0x1C, 0xE0, 0x06, 0x18,
    0x00, 0x00, 0x00, 0x00, 0x00, 0x0F, 0xE0, 0x0F, 0xFE, 0x07, 0xC7, 0xC3, 0xC0, 0x79, 0xE0, 0x0E,
    0x70, 0x01, 0xF8, 0x00, 0x7E, 0x00, 0x03, 0x80, 0x00, 0xE0, 0x00, 0x38, 0x00, 0x0E, 0x00, 0x03,
    0x80, 0x00, 0xE0, 0x00, 0x38, 0x00, 0x77, 0x00, 0x1D, 0xE0, 0x0E, 0x3C, 0x07, 0x87, 0xC7, 0xC0,
    0xFF, 0xE0, 0x0F, 0xE0, 0x03, 0x00, 0x1E, 0x00, 0xEC, 0x07, 0x38, 0x18, 0x60, 0x00, 0x00, 0x00,
    0x03, 0xF0, 0x1F, 0xF0, 0xF3, 0xE7, 0x03, 0x9C, 0x06, 0xE0, 0x03, 0x80, 0x0E, 0x00, 0x38, 0x00,
    0xE0, 0x03, 0x80, 0x07, 0x01, 0x9C, 0x0E, 0x3C, 0xF8, 0x7F, 0xC0, 0xFC, 0x00, 0x01, 0xE0, 0x00,
    0x78, 0x00, 0x1E, 0x00, 0x00, 0x00, 0x00, 0x00, 0x00, 0x00, 0x00, 0x3F, 0x80, 0x3F, 0xF8, 0x1F,
    0x3F, 0x0F, 0x01, 0xE7, 0x80, 0x39, 0xC0, 0x07, 0xE0, 0x01, 0xF8, 0x00, 0x0E, 0x00, 0x03, 0x80,
    0x00, 0xE0, 0x00, 0x38, 0x00, 0x0E, 0x00, 0x03, 0x80, 0x00, 0xE0, 0x01, 0xDC, 0x00, 0x77, 0x80,
    0x38, 0xF0, 0x1E, 0x1F, 0x1F, 0x03, 0xFF, 0x80, 0x3F, 0x80, 0x03, 0x00, 0x1E, 0x00, 0x78, 0x00,
    0xC0, 0x00, 0x00, 0x00, 0x00, 0xFC, 0x07, 0xFC, 0x3C, 0xF9, 0xC0, 0xE7, 0x01, 0xB8, 0x00, 0xE0,
    0x03, 0x80, 0x0E, 0x00, 0x38, 0x00, 0xE0, 0x01, 0xC0, 0x67, 0x03, 0x8F, 0x3E, 0x1F, 0xF0, 0x3F,
    0x00, 0x06, 0x1C, 0x00, 0xCE, 0x00, 0x3B, 0x00, 0x07, 0xC0, 0x00, 0xE0, 0x00, 0x00, 0x00, 0x00,
    0x00, 0x0F, 0xE0, 0x0F, 0xFE, 0x07, 0xC7, 0xC3, 0xC0, 0x79, 0xE0, 0x0E, 0x70, 0x01, 0xF8, 0x00,
    0x7E, 0x00, 0x03, 0x80, 0x00, 0xE0, 0x00, 0x38, 0x00, 0x0E, 0x00, 0x03, 0x80, 0x00, 0xE0, 0x00,
    0x38, 0x00, 0x77, 0x00, 0x1D, 0xE0, 0x0E, 0x3C, 0x07, 0x87, 0xC7, 0xC0, 0xFF, 0xE0, 0x0F, 0xE0,
    0x18, 0x60, 0x73, 0x80, 0xEC, 0x01, 0xE0, 0x03, 0x00, 0x00, 0x00, 0x00, 0x03, 0xF0, 0x1F, 0xF0,
    0xF3, 0xE7, 0x03, 0x9C, 0x06, 0xE0, 0x03, 0x80, 0x0E, 0x00, 0x38, 0x00, 0xE0, 0x03, 0x80, 0x07,
    0x01, 0x9C, 0x0E, 0x3C, 0xF8, 0x7F, 0xC0, 0xFC, 0x00, 0x30, 0xC0, 0x1C, 0xE0, 0x07, 0xE0, 0x01,
    0xE0, 0x00, 0x60, 0x00, 0x00, 0x00, 0x00, 0x01, 0xFF, 0xC0, 0xFF, 0xF8, 0x70, 0x7E, 0x38, 0x07,
    0x9C, 0x01, 0xCE, 0x00, 0x77, 0x00, 0x3B, 0x80, 0x0D, 0xC0, 0x07, 0xE0, 0x03, 0xF0, 0x01, 0xF8,
    0x00, 0xFC, 0x00, 0x7E, 0x00, 0x37, 0x00, 0x3B, 0x80, 0x1D, 0xC0, 0x1C, 0xE0, 0x1E, 0x70, 0x7E,
    0x3F, 0xFE, 0x1F, 0xF8, 0x00, 0x00, 0x00, 0xE0, 0x03, 0x98, 0x00, 0x73, 0x00, 0x0E, 0x60, 0x01,
    0xCC, 0x00, 0x38, 0x03, 0xE7, 0x01, 0xFF, 0xE0, 0x3C, 0xFC, 0x0E, 0x07, 0x83, 0x80, 0x70, 0x70,
    0x0E, 0x0E, 0x01, 0xC1, 0xC0, 0x38, 0x38, 0x07, 0x07, 0x00, 0xE0, 0xE0, 0x1C, 0x1C, 0x03, 0x81,
    0xC0, 0xF0, 0x1E, 0x7E, 0x03, 0xFD, 0xC0, 0x1F, 0x38, 0x00, 0x1F, 0xFC, 0x01, 0xFF, 0xF0, 0x1C,
    0x1F, 0x81, 0xC0, 0x3C, 0x1C, 0x01, 0xC1, 0xC0, 0x0E, 0x1C, 0x00, 0xE1, 0xC0, 0x06, 0x1C, 0x00,
    0x7F, 0xFE, 0x07, 0xFF, 0xE0, 0x71, 0xC0, 0x07, 0x1C, 0x00, 0x71, 0xC0, 0x06, 0x1C, 0x00, 0xE1,
    0xC0, 0x0E, 0x1C, 0x01, 0xC1, 0xC0, 0x3C, 0x1C, 0x1F, 0x81, 0xFF, 0xF0, 0x1F, 0xF8, 0x00, 0x00,
    0x0E, 0x01, 0xFF, 0x01, 0xFF, 0x00, 0x0E, 0x00, 0x0E, 0x0F, 0xCE, 0x1F, 0xFE, 0x3C, 0x7E, 0x70,
    0x1E, 0x70, 0x0E, 0xE0, 0x0E, 0xE0, 0x0E, 0xE0, 0x0E, 0xE0, 0x0E, 0xE0, 0x0E, 0xE0, 0x0E, 0x70,
    0x1E, 0x70, 0x1E, 0x3C, 0x7E, 0x1F, 0xEE, 0x0F, 0xCE, 0x00, 0x00, 0xFF, 0x07, 0xF8, 0x00, 0x00,
    0x00, 0x00, 0x03, 0xFF, 0xFF, 0xFF, 0xE0, 0x07, 0x00, 0x38, 0x01, 0xC0, 0x0E, 0x00, 0x70, 0x03,
    0x80, 0x1F, 0xFE, 0xFF, 0xF7, 0x00, 0x38, 0x01, 0xC0, 0x0E, 0x00, 0x70, 0x03, 0x80, 0x1C, 0x00,
    0xE0, 0x07, 0xFF, 0xFF, 0xFE, 0x1F, 0xE0, 0x7F, 0x80, 0x00, 0x00, 0x00, 0x00, 0x00, 0x3F, 0x01,
    0xFF, 0x0F, 0x3E, 0x70, 0x39, 0x80, 0x7E, 0x01, 0xF8, 0x07, 0xFF, 0xFF, 0xFF, 0xFE, 0x00, 0x38,
    0x00, 0xE0, 0x01, 0xC0, 0xF3, 0xC7, 0x87, 0xFC, 0x0F, 0xE0, 0x30, 0x61, 0x83, 0x0F, 0x78, 0x3F,
    0x80, 0xF8, 0x00, 0x00, 0x00, 0x1F, 0xFF, 0xFF, 0xFF, 0x00, 0x38, 0x01, 0xC0, 0x0E, 0x00, 0x70,
    0x03, 0x80, 0x1C, 0x00, 0xFF, 0xF7, 0xFF, 0xB8, 0x01, 0xC0, 0x0E, 0x00, 0x70, 0x03, 0x80, 0x1C,
    0x00, 0xE0, 0x07, 0x00, 0x3F, 0xFF, 0xFF, 0xF0, 0x18, 0x60, 0x61, 0x81, 0xCE, 0x03, 0xF0, 0x07,
    0x80, 0x00, 0x00, 0x00, 0x03, 0xF0, 0x1F, 0xF0, 0xF3, 0xE7, 0x03, 0x98, 0x07, 0xE0, 0x1F, 0x80,
    0x7F, 0xFF, 0xFF, 0xFF, 0xE0, 0x03, 0x80, 0x0E, 0x01, 0x1C, 0x0F, 0x3C, 0xF8, 0x7F, 0xC0, 0xFE,
    0x00, 0x07, 0x80, 0x3C, 0x01, 0xE0, 0x00, 0x00, 0x00, 0x00, 0x03, 0xFF, 0xFF, 0xFF, 0xE0, 0x07,
    0x00, 0x38, 0x01, 0xC0, 0x0E, 0x00, 0x70, 0x03, 0x80, 0x1F, 0xFE, 0xFF, 0xF7, 0x00, 0x38, 0x01,
    0xC0, 0x0E, 0x00, 0x70, 0x03, 0x80, 0x1C, 0x00, 0xE0, 0x07, 0xFF, 0xFF, 0xFE, 0x03, 0x00, 0x1E,
    0x00, 0x78, 0x00, 0xC0, 0x00, 0x00, 0x00, 0x00, 0xFC, 0x07, 0xFC, 0x3C, 0xF9, 0xC0, 0xE6, 0x01,
    0xF8, 0x07, 0xE0, 0x1F, 0xFF, 0xFF, 0xFF, 0xF8, 0x00, 0xE0, 0x03, 0x80, 0x07, 0x03, 0xCF, 0x1E,
    0x1F, 0xF0, 0x3F, 0x80, 0xFF, 0xF9, 0xFF, 0xF3, 0x80, 0x07, 0x00, 0x0E, 0x00, 0x1C, 0x00, 0x38,
    0x00, 0x70, 0x00, 0xE0, 0x01, 0xFF, 0xE3, 0xFF, 0xC7, 0x00, 0x0E, 0x00, 0x1C, 0x00, 0x38, 0x00,
    0x70, 0x00, 0xE0, 0x01, 0xC0, 0x03, 0x80, 0x07, 0xFF, 0xCF, 0xFF, 0x80, 0x0F, 0x00, 0x18, 0x00,
    0x70, 0x00, 0xE0, 0x01, 0xF8, 0x01, 0xF0, 0x0F, 0xC0, 0x7F, 0xC3, 0xCF, 0x9C, 0x0E, 0x60, 0x1F,
    0x80, 0x7E, 0x01, 0xFF, 0xFF, 0xFF, 0xFF, 0x80, 0x0E, 0x00, 0x38, 0x00, 0x70, 0x1C, 0xF1, 0xE1,
    0xFF, 0x83, 0xFC, 0x00, 0x70, 0x03, 0x80, 0x0E, 0x00, 0x3A, 0x00, 0xF8, 0x01, 0xE0, 0x30, 0xC0,
    0xCE, 0x07, 0x60, 0x1F, 0x00, 0x60, 0x00, 0x00, 0x00, 0x1F, 0xFF, 0xFF, 0xFF, 0x00, 0x38, 0x01,
    0xC0, 0x0E, 0x00, 0x70, 0x03, 0x80, 0x1C, 0x00, 0xFF, 0xF7, 0xFF, 0xB8, 0x01, 0xC0, 0x0E, 0x00,
    0x70, 0x03, 0x80, 0x1C, 0x00, 0xE0, 0x07, 0x00, 0x3F, 0xFF, 0xFF, 0xF0, 0x18, 0x60, 0x73, 0x80,
    0xFC, 0x01, 0xE0, 0x03, 0x00, 0x00, 0x00, 0x00, 0x03, 0xF0, 0x1F, 0xF0, 0xF3, 0xE7, 0x03, 0x98,
    0x07, 0xE0, 0x1F, 0x80, 0x7F, 0xFF, 0xFF, 0xFF, 0xE0, 0x03, 0x80, 0x0E, 0x00, 0x1C, 0x0F, 0x3C,
    0x78, 0x7F, 0xC0, 0xFE, 0x00, 0x00, 0xC0, 0x00, 0x78, 0x00, 0x3B, 0x00, 0x1C, 0xE0, 0x06, 0x18,
    0x00, 0x00, 0x00, 0x00, 0x00, 0x0F, 0xE0, 0x0F, 0xFE, 0x07, 0xC7, 0xC3, 0xC0, 0x79, 0xE0, 0x0E,
    0x70, 0x01, 0xF8, 0x00, 0x0E, 0x00, 0x03, 0x80, 0x00, 0xE0, 0x00, 0x38, 0x0F, 0xFE, 0x03, 0xFF,
    0x80, 0x07, 0xE0, 0x01, 0xF8, 0x00, 0x77, 0x00, 0x1D, 0xE0, 0x0E, 0x3C, 0x07, 0x87, 0xC7, 0xC0,
    0xFF, 0xE0, 0x0F, 0xE0, 0x03, 0x00, 0x1E, 0x00, 0xFC, 0x07, 0x38, 0x18, 0x60, 0x00, 0x00, 0x00,
    0x03, 0xE7, 0x3F, 0xDC, 0xF3, 0xF7, 0x03, 0xFC, 0x07, 0xE0, 0x1F, 0x80, 0x7E, 0x01, 0xF8, 0x07,
    0xE0, 0x1F, 0x80, 0x7E, 0x01, 0xDC, 0x0F, 0x7C, 0xFC, 0xFF, 0x70, 0xF9, 0xC0, 0x07, 0x00, 0x1D,
    0xC0, 0xF7, 0xCF, 0x8F, 0xFC, 0x0F, 0xE0, 0x06, 0x0C, 0x01, 0x83, 0x00, 0x71, 0xC0, 0x0F, 0xE0,
    0x01, 0xF0, 0x00, 0x00, 0x00, 0x00, 0x00, 0x0F, 0xE0, 0x0F, 0xFE, 0x07, 0xC7, 0xC3, 0xC0, 0x79,
    0xE0, 0x0E, 0x70, 0x01, 0xF8, 0x00, 0x0E, 0x00, 0x03, 0x80, 0x00, 0xE0, 0x00, 0x38, 0x0F, 0xFE,
    0x03, 0xFF, 0x80, 0x07, 0xE0, 0x01, 0xF8, 0x00, 0x77, 0x00, 0x1D, 0xE0, 0x0E, 0x3C, 0x07, 0x87,
    0xC7, 0xC0, 0xFF, 0xE0, 0x0F, 0xE0, 0x18, 0x60, 0x61, 0x81, 0xCE, 0x03, 0xF0, 0x07, 0x80, 0x00,
    0x00, 0x00, 0x03, 0xE7, 0x3F, 0xDC, 0xF3, 0xF7, 0x03, 0xFC, 0x07, 0xE0, 0x1F, 0x80, 0x7E, 0x01,
    0xF8, 0x07, 0xE0, 0x1F, 0x80, 0x7E, 0x01, 0xDC, 0x0F, 0x7C, 0xFC, 0xFF, 0x70, 0xF9, 0xC0, 0x07,
    0x00, 0x1D, 0xC0, 0xF7, 0xCF, 0x8F, 0xFC, 0x0F, 0xE0, 0x01, 0xE0, 0x00, 0x78, 0x00, 0x1E, 0x00,
    0x00, 0x00, 0x00, 0x00, 0x00, 0x00, 0x00, 0x3F, 0x80, 0x3F, 0xF8, 0x1F, 0x1F, 0x0F, 0x01, 0xE7,
    0x80, 0x39, 0xC0, 0x07, 0xE0, 0x00, 0x38, 0x00, 0x0E, 0x00, 0x03, 0x80, 0x00, 0xE0, 0x3F, 0xF8,
    0x0F, 0xFE, 0x00, 0x1F, 0x80, 0x07, 0xE0, 0x01, 0xDC, 0x00, 0x77, 0x80, 0x38, 0xF0, 0x1E, 0x1F,
    0x1F, 0x03, 0xFF, 0x80, 0x3F, 0x80, 0x03, 0x00, 0x1E, 0x00, 0x78, 0x00, 0xC0, 0x00, 0x00, 0x00,
    0x00, 0xF9, 0xCF, 0xF7, 0x3C, 0xFD, 0xC0, 0xFF, 0x01, 0xF8, 0x07, 0xE0, 0x1F, 0x80, 0x7E, 0x01,
    0xF8, 0x07, 0xE0, 0x1F, 0x80, 0x77, 0x03, 0xDF, 0x3F, 0x3F, 0xDC, 0x3E, 0x70, 0x01, 0xC0, 0x07,
    0x70, 0x3D, 0xF3, 0xE3, 0xFF, 0x03, 0xF8, 0x03, 0xF8, 0x03, 0xFF, 0x81, 0xF1, 0xF0, 0xF0, 0x1E,
    0x78, 0x03, 0x9C, 0x00, 0x7E, 0x00, 0x03, 0x80, 0x00, 0xE0, 0x00, 0x38, 0x00, 0x0E, 0x03, 0xFF,
    0x80, 0xFF, 0xE0, 0x01, 0xF8, 0x00, 0x7E, 0x00, 0x1D, 0xC0, 0x07, 0x78, 0x03, 0x8F, 0x01, 0xE1,
    0xF1, 0xF0, 0x3F, 0xF8, 0x03, 0xF8, 0x00, 0x00, 0x00, 0x00, 0x00, 0x03, 0x00, 0x01, 0xC0, 0x00,
    0x70, 0x00, 0x18, 0x00, 0x06, 0x00, 0x00, 0x00, 0x06, 0x00, 0x18, 0x00, 0xE0, 0x03, 0x80, 0x0E,
    0x00, 0x30, 0x00, 0x00, 0x0F, 0x9C, 0xFF, 0x73, 0xCF, 0xDC, 0x0F, 0xF0, 0x1F, 0x80, 0x7E, 0x01,
    0xF8, 0x07, 0xE0, 0x1F, 0x80, 0x7E, 0x01, 0xF8, 0x07, 0x70, 0x3D, 0xF3, 0xF3, 0xFD, 0xC3, 0xE7,
    0x00, 0x1C, 0x00, 0x77, 0x03, 0xDF, 0x3E, 0x3F, 0xF0, 0x3F, 0x80, 0x01, 0x80, 0x01, 0xE0, 0x01,
    0xD8, 0x01, 0xCE, 0x00, 0xC3, 0x00, 0x00, 0x00, 0x00, 0x01, 0xC0, 0x07, 0xE0, 0x03, 0xF0, 0x01,
    0xF8, 0x00, 0xFC, 0x00, 0x7E, 0x00, 0x3F, 0x00, 0x1F, 0x80, 0x0F, 0xC0, 0x07, 0xFF, 0xFF, 0xFF,
    0xFF, 0xF8, 0x00, 0xFC, 0x00, 0x7E, 0x00, 0x3F, 0x00, 0x1F, 0x80, 0x0F, 0xC0, 0x07, 0xE0, 0x03,
    0xF0, 0x01, 0xF8, 0x00, 0xFC, 0x00, 0x70, 0x0C, 0x00, 0x0F, 0x00, 0x0E, 0xC0, 0x0E, 0x70, 0x06,
    0x18, 0x00, 0x00, 0x00, 0x00, 0x00, 0x1C, 0x00, 0x0E, 0x00, 0x07, 0x00, 0x03, 0x80, 0x01, 0xC0,
    0x00, 0xE7, 0xC0, 0x7F, 0xF0, 0x3F, 0x7C, 0x1E, 0x0E, 0x0E, 0x03, 0x87, 0x01, 0xC3, 0x80, 0xE1,
    0xC0, 0x70, 0xE0, 0x38, 0x70, 0x1C, 0x38, 0x0E, 0x1C, 0x07, 0x0E, 0x03, 0x87, 0x01, 0xC3, 0x80,
    0xE1, 0xC0, 0x70, 0x38, 0x00, 0xE3, 0x80, 0x0E, 0x38, 0x00, 0xE3, 0x80, 0x0E, 0xFF, 0xFF, 0xFF,
    0xFF, 0xFF, 0x38, 0x00, 0xE3, 0x80, 0x0E, 0x38, 0x00, 0xE3, 0xFF, 0xFE, 0x3F, 0xFF, 0xE3, 0x80,
    0x0E, 0x38, 0x00, 0xE3, 0x80, 0x0E, 0x38, 0x00, 0xE3, 0x80, 0x0E, 0x38, 0x00, 0xE3, 0x80, 0x0E,
    0x38, 0x00, 0xE3, 0x80, 0x0E, 0x38, 0x00, 0xE0, 0x38, 0x00, 0x70, 0x03, 0xFE, 0x07, 0xFC, 0x03,
    0x80, 0x07, 0x3E, 0x0F, 0xFE, 0x1F, 0xBE, 0x3C, 0x1C, 0x70, 0x1C, 0xE0, 0x39, 0xC0, 0x73, 0x80,
    0xE7, 0x01, 0xCE, 0x03, 0x9C, 0x07, 0x38, 0x0E, 0x70, 0x1C, 0xE0, 0x39, 0xC0, 0x73, 0x80, 0xE0,
    0x73, 0xFF, 0xB7, 0xC0, 0x00, 0x00, 0x00, 0x70, 0x38, 0x1C, 0x0E, 0x07, 0x03, 0x81, 0xC0, 0xE0,
    0x70, 0x38, 0x1C, 0x0E, 0x07, 0x03, 0x81, 0xC0, 0xE0, 0x70, 0x38, 0x1C, 0x0E, 0x07, 0x00, 0x21,
    0x7D, 0xFF, 0xD9, 0xC0, 0x00, 0x00, 0x70, 0x38, 0x1C, 0x0E, 0x07, 0x03, 0x81, 0xC0, 0xE0, 0x70,
    0x38, 0x1C, 0x0E, 0x07, 0x03, 0x81, 0xC0, 0xE0, 0x00, 0xFF, 0xFF, 0x00, 0x00, 0x00, 0x38, 0x38,
    0x38, 0x38, 0x38, 0x38, 0x38, 0x38, 0x38, 0x38, 0x38, 0x38, 0x38, 0x38, 0x38, 0x38, 0x38, 0x38,
    0x38, 0x38, 0x38, 0xFF, 0xFF, 0x00, 0x00, 0x00, 0x38, 0x38, 0x38, 0x38, 0x38, 0x38, 0x38, 0x38,
    0x38, 0x38, 0x38, 0x38, 0x38, 0x38, 0x38, 0x38, 0xC3, 0xC3, 0xE7, 0x7E, 0x3C, 0x00, 0x00, 0x1C,
    0x1C, 0x1C, 0x1C, 0x1C, 0x1C, 0x1C, 0x1C, 0x1C, 0x1C, 0x1C, 0x1C, 0x1C, 0x1C, 0x1C, 0x1C, 0x1C,
    0x1C, 0x1C, 0x1C, 0x1C, 0xC3, 0xE7, 0x7E, 0x3C, 0x00, 0x00, 0x1C, 0x1C, 0x1C, 0x1C, 0x1C, 0x1C,
    0x1C, 0x1C, 0x1C, 0x1C, 0x1C, 0x1C, 0x1C, 0x1C, 0x1C, 0x1C, 0x38, 0xE3, 0x8E, 0x38, 0xE3, 0x8E,
    0x38, 0xE3, 0x8E, 0x38, 0xE3, 0x8E, 0x38, 0xE3, 0x8E, 0x39, 0xC6, 0x38, 0xEB, 0xF7, 0xC0, 0x18,
    0x78, 0xF0, 0xC0, 0x00, 0x0E, 0x1C, 0x38, 0x70, 0xE1, 0xC3, 0x87, 0x0E, 0x1C, 0x38, 0x70, 0xE1,
    0xC3, 0x87, 0x1C, 0x30, 0xE1, 0xC3, 0xF3, 0xE0, 0xFF, 0xF0, 0x00, 0xEE, 0xEE, 0xEE, 0xEE, 0xEE,
    0xEE, 0xEE, 0xEE, 0xEE, 0xEE, 0xE0, 0xFF, 0xFF, 0xFF, 0xFF, 0xFF, 0xFF, 0xE0, 0x00, 0xFC, 0x00,
    0x1F, 0x80, 0x03, 0xF0, 0x00, 0x7E, 0x00, 0x0F, 0xC0, 0x01, 0xF8, 0x00, 0x3F, 0x00, 0x07, 0xE0,
    0x00, 0xFC, 0x00, 0x1F, 0x80, 0x03, 0xF0, 0x00, 0x7E, 0x00, 0x0F, 0xC0, 0x01, 0xF8, 0x70, 0x3F,
    0x0E, 0x07, 0xE1, 0xC0, 0xFC, 0x38, 0x1F, 0x83, 0xCF, 0x70, 0x3F, 0xCE, 0x03, 0xF0, 0x60, 0xDE,
    0x3F, 0xC7, 0xB0, 0x60, 0x00, 0x00, 0x38, 0x77, 0x0E, 0xE1, 0xDC, 0x3B, 0x87, 0x70, 0xEE, 0x1D,
    0xC3, 0xB8, 0x77, 0x0E, 0xE1, 0xDC, 0x3B, 0x87, 0x70, 0xEE, 0x1D, 0xC3, 0x80, 0x70, 0x0E, 0x01,
    0xC0, 0x78, 0x1E, 0x03, 0x80, 0x00, 0x30, 0x00, 0x78, 0x00, 0xEC, 0x01, 0xCE, 0x01, 0x86, 0x00,
    0x00, 0x00, 0x00, 0x00, 0x38, 0x00, 0x38, 0x00, 0x38, 0x00, 0x38, 0x00, 0x38, 0x00, 0x38, 0x00,
    0x38, 0x00, 0x38, 0x00, 0x38, 0x00, 0x38, 0x00, 0x38, 0x00, 0x38, 0x00, 0x38, 0x00, 0x38, 0xE0,
    0x38, 0xE0, 0x38, 0xE0, 0x38, 0xF0, 0x70, 0x79, 0xF0, 0x3F, 0xE0, 0x1F, 0x80, 0x0E, 0x07, 0xC3,
    0xB9, 0xC7, 0x00, 0x00, 0x00, 0xE0, 0x38, 0x0E, 0x03, 0x80, 0xE0, 0x38, 0x0E, 0x03, 0x80, 0xE0,
    0x38, 0x0E, 0x03, 0x80, 0xE0, 0x38, 0x0E, 0x03, 0x80, 0xE0, 0x38, 0x0E, 0x07, 0x07, 0xC1, 0xE0,
    0xE0, 0x0F, 0x70, 0x0F, 0x38, 0x0F, 0x1C, 0x0F, 0x0E, 0x0F, 0x07, 0x0F, 0x03, 0x8F, 0x01, 0xC7,
    0x00, 0xE7, 0x00, 0x77, 0x80, 0x3F, 0xE0, 0x1F, 0x70, 0x0F, 0x1C, 0x07, 0x0F, 0x03, 0x83, 0xC1,
    0xC0, 0xE0, 0xE0, 0x38, 0x70, 0x1E, 0x38, 0x07, 0x1C, 0x01, 0xCE, 0x00, 0xF0, 0x00, 0x00, 0x00,
    0x00, 0x07, 0x00, 0x03, 0x00, 0x03, 0x80, 0x01, 0xC0, 0x00, 0xC0, 0x00, 0xE0, 0x03, 0x80, 0x0E,
    0x00, 0x38, 0x00, 0xE0, 0x03, 0x81, 0xEE, 0x0F, 0x38, 0x78, 0xE3, 0xC3, 0x9E, 0x0E, 0xF0, 0x3F,
    0x80, 0xFE, 0x03, 0xFC, 0x0E, 0x70, 0x38, 0xE0, 0xE1, 0xC3, 0x87, 0x8E, 0x0F, 0x38, 0x1C, 0xE0,
    0x38, 0x00, 0x00, 0x00, 0x01, 0x80, 0x0E, 0x00, 0x38, 0x00, 0xC0, 0x03, 0x00, 0xE0, 0x77, 0x07,
    0xB8, 0x39, 0xC3, 0x8E, 0x38, 0x73, 0x83, 0xB8, 0x1F, 0xC0, 0xFC, 0x07, 0x70, 0x39, 0xC1, 0xC7,
    0x0E, 0x3C, 0x70, 0xF3, 0x83, 0x9C, 0x0E, 0x38, 0x01, 0x80, 0x1C, 0x00, 0xC0, 0x0E, 0x00, 0x00,
    0x00, 0x00, 0x1C, 0x00, 0xE0, 0x07, 0x00, 0x38, 0x01, 0xC0, 0x0E, 0x00, 0x70, 0x03, 0x80, 0x1C,
    0x00, 0xE0, 0x07, 0x00, 0x38, 0x01, 0xC0, 0x0E, 0x00, 0x70, 0x03, 0x80, 0x1C, 0x00, 0xE0, 0x07,
    0x00, 0x3F, 0xFF, 0xFF, 0xF0, 0x38, 0xE7, 0x18, 0xE0, 0x00, 0x38, 0xE3, 0x8E, 0x38, 0xE3, 0x8E,
    0x38, 0xE3, 0x8E, 0x38, 0xE3, 0x8E, 0x38, 0xE3, 0x8E, 0x38, 0xE0, 0x07, 0x00, 0x38, 0x01, 0xC0,
    0x0E, 0x00, 0x70, 0x03, 0x80, 0x1C, 0x00, 0xE0, 0x07, 0x00, 0x38, 0x01, 0xC0, 0x0E, 0x00, 0x70,
    0x03, 0x80, 0x1C, 0x00, 0xE0, 0x07, 0x00, 0x38, 0x01, 0xFF, 0xFF, 0xFF, 0x80, 0x00, 0x00, 0x00,
    0xC0, 0x0E, 0x00, 0x70, 0x03, 0x00, 0x18, 0x00, 0x39, 0xCE, 0x73, 0x9C, 0xE7, 0x39, 0xCE, 0x73,
    0x9C, 0xE7, 0x39, 0xCE, 0x73, 0x80, 0x06, 0x73, 0x98, 0xC0, 0x03, 0x87, 0x1C, 0x38, 0xE1, 0xC7,
    0x0E, 0x30, 0x70, 0x03, 0x80, 0x1C, 0x00, 0xE0, 0x07, 0x00, 0x38, 0x01, 0xC0, 0x0E, 0x00, 0x70,
    0x03, 0x80, 0x1C, 0x00, 0xE0, 0x07, 0x00, 0x38, 0x01, 0xC0, 0x0F, 0xFF, 0xFF, 0xFC, 0x0E, 0xEE,
    0xEE, 0xEE, 0xEE, 0xE0, 0xE0, 0xE0, 0xE0, 0xE0, 0xE0, 0xE0, 0xE0, 0xE0, 0xE0, 0xE0, 0xE0, 0xE0,
    0xE0, 0xE0, 0xE0, 0xE0, 0xE0, 0x07, 0x00, 0x38, 0x01, 0xC0, 0x0E, 0x00, 0x70, 0x03, 0x80, 0x1C,
    0x78, 0xE3, 0xC7, 0x1E, 0x38, 0x01, 0xC0, 0x0E, 0x00, 0x70, 0x03, 0x80, 0x1C, 0x00, 0xE0, 0x07,
    0x00, 0x38, 0x01, 0xFF, 0xFF, 0xFF, 0x80, 0xE0, 0xE0, 0xE0, 0xE0, 0xE0, 0xE0, 0xE0, 0xE0, 0xE6,
    0xEF, 0xEF, 0xE6, 0xE0, 0xE0, 0xE0, 0xE0, 0xE0, 0xE0, 0xE0, 0xE0, 0xE0, 0x1C, 0x00, 0x1C, 0x00,
    0x1C, 0x00, 0x1C, 0x00, 0x1C, 0x00, 0x1C, 0x20, 0x1C, 0xE0, 0x1D, 0xE0, 0x1F, 0xC0, 0x1F, 0x00,
    0x7C, 0x00, 0xFC, 0x00, 0xFC, 0x00, 0x1C, 0x00, 0x1C, 0x00, 0x1C, 0x00, 0x1C, 0x00, 0x1C, 0x00,
    0x1C, 0x00, 0x1F, 0xFF, 0x1F, 0xFF, 0x1C, 0x1C, 0x1C, 0x1C, 0x1C, 0x1D, 0x1F, 0x1F, 0x3C, 0x7C,
    0xFC, 0x1C, 0x1C, 0x1C, 0x1C, 0x1C, 0x1C, 0x1C, 0x1C, 0x1C, 0x1C, 0x00, 0x30, 0x00, 0x38, 0x00,
    0x38, 0x00, 0x1C, 0x00, 0x0C, 0x00, 0x00, 0x00, 0x00, 0x01, 0xE0, 0x07, 0xF0, 0x03, 0xFC, 0x01,
    0xFF, 0x00, 0xFF, 0x80, 0x7E, 0xE0, 0x3F, 0x78, 0x1F, 0x9C, 0x0F, 0xC7, 0x07, 0xE3, 0x83, 0xF0,
    0xE1, 0xF8, 0x38, 0xFC, 0x1C, 0x7E, 0x07, 0x3F, 0x01, 0xDF, 0x80, 0xEF, 0xC0, 0x3F, 0xE0, 0x1F,
    0xF0, 0x07, 0xF8, 0x01, 0xFC, 0x00, 0xF0, 0x01, 0xC0, 0x1C, 0x00, 0xC0, 0x0E, 0x00, 0x00, 0x00,
    0x03, 0x9F, 0x1F, 0xFC, 0xFD, 0xF7, 0x83, 0xB8, 0x0F, 0xC0, 0x7E, 0x03, 0xF0, 0x1F, 0x80, 0xFC,
    0x07, 0xE0, 0x3F, 0x01, 0xF8, 0x0F, 0xC0, 0x7E, 0x03, 0xF0, 0x1C, 0xF0, 0x03, 0xF8, 0x01, 0xFE,
    0x00, 0xFF, 0x80, 0x7F, 0xC0, 0x3F, 0x70, 0x1F, 0xBC, 0x0F, 0xCE, 0x07, 0xE3, 0x83, 0xF1, 0xC1,
    0xF8, 0x70, 0xFC, 0x1C, 0x7E, 0x0E, 0x3F, 0x03, 0x9F, 0x80, 0xEF, 0xC0, 0x77, 0xE0, 0x1F, 0xF0,
    0x0F, 0xF8, 0x03, 0xFC, 0x00, 0xFE, 0x00, 0x78, 0x00, 0x00, 0x00, 0x00, 0x03, 0x80, 0x01, 0x80,
    0x01, 0xC0, 0x00, 0xE0, 0x00, 0x60, 0x00, 0xE7, 0xC7, 0xFF, 0x3F, 0x7D, 0xE0, 0xEE, 0x03, 0xF0,
    0x1F, 0x80, 0xFC, 0x07, 0xE0, 0x3F, 0x01, 0xF8, 0x0F, 0xC0, 0x7E, 0x03, 0xF0, 0x1F, 0x80, 0xFC,
    0x07, 0x00, 0x00, 0x00, 0x01, 0x80, 0x0C, 0x00, 0xE0, 0x06, 0x00, 0x30, 0x00, 0x0C, 0x18, 0x03,
    0x1C, 0x01, 0xDC, 0x00, 0x7C, 0x00, 0x1C, 0x00, 0x00, 0x00, 0x00, 0x01, 0xE0, 0x07, 0xF0, 0x03,
    0xFC, 0x01, 0xFF, 0x00, 0xFF, 0x80, 0x7E, 0xE0, 0x3F, 0x78, 0x1F, 0x9C, 0x0F, 0xC7, 0x07, 0xE3,
    0x83, 0xF0, 0xE1, 0xF8, 0x38, 0xFC, 0x1C, 0x7E, 0x07, 0x3F, 0x01, 0xDF, 0x80, 0xEF, 0xC0, 0x3F,
    0xE0, 0x1F, 0xF0, 0x07, 0xF8, 0x01, 0xFC, 0x00, 0xF0, 0x38, 0xE0, 0xEE, 0x03, 0xE0, 0x0E, 0x00,
    0x00, 0x00, 0x03, 0x9F, 0x1F, 0xFC, 0xFD, 0xF7, 0x83, 0xB8, 0x0F, 0xC0, 0x7E, 0x03, 0xF0, 0x1F,
    0x80, 0xFC, 0x07, 0xE0, 0x3F, 0x01, 0xF8, 0x0F, 0xC0, 0x7E, 0x03, 0xF0, 0x1C, 0xF0, 0x03, 0xF8,
    0x01, 0xFE, 0x00, 0xFF, 0x80, 0x7F, 0xC0, 0x3F, 0x70, 0x1F, 0xB8, 0x0F, 0xCE, 0x07, 0xE3, 0x83,
    0xF1, 0xC1, 0xF8, 0x70, 0xFC, 0x1C, 0x7E, 0x0E, 0x3F, 0x03, 0x9F, 0x81, 0xEF, 0xC0, 0x77, 0xE0,
    0x1F, 0xF0, 0x0F, 0xF8, 0x03, 0xFC, 0x00, 0xFE, 0x00, 0x78, 0x00, 0x1C, 0x00, 0x0E, 0x00, 0x07,
    0x00, 0x07, 0x80, 0x0F, 0x80, 0x07, 0x80, 0xE7, 0xC7, 0xFF, 0x3F, 0x7D, 0xE0, 0xEE, 0x03, 0xF0,
    0x1F, 0x80, 0xFC, 0x07, 0xE0, 0x3F, 0x01, 0xF8, 0x0F, 0xC0, 0x7E, 0x03, 0xF0, 0x1F, 0x80, 0xFC,
    0x07, 0x00, 0x38, 0x01, 0xC0, 0x0E, 0x00, 0xF0, 0x1F, 0x00, 0xF0, 0x07, 0xF8, 0x00, 0xFF, 0x00,
    0x00, 0x00, 0x00, 0x00, 0x00, 0x00, 0x00, 0x00, 0x00, 0x00, 0xFE, 0x00, 0x7F, 0xF0, 0x1F, 0x1F,
    0x07, 0x80, 0xF1, 0xE0, 0x0F, 0x38, 0x00, 0xEE, 0x00, 0x0F, 0xC0, 0x01, 0xF8, 0x00, 0x3F, 0x00,
    0x07, 0xE0, 0x00, 0xFC, 0x00, 0x1F, 0x80, 0x03, 0xF0, 0x00, 0x7E, 0x00, 0x0E, 0xE0, 0x03, 0x9E,
    0x00, 0xF1, 0xE0, 0x3C, 0x1F, 0x1F, 0x01, 0xFF, 0xC0, 0x0F, 0xE0, 0x00, 0x1F, 0xE0, 0x3F, 0xC0,
    0x00, 0x00, 0x00, 0x00, 0x00, 0x01, 0xF8, 0x07, 0xFC, 0x1E, 0x7C, 0x70, 0x3C, 0xE0, 0x3B, 0x80,
    0x77, 0x00, 0x7E, 0x00, 0xFC, 0x01, 0xF8, 0x03, 0xF0, 0x0E, 0x70, 0x1C, 0xE0, 0x78, 0xF3, 0xE0,
    0xFF, 0x80, 0xFC, 0x00, 0x06, 0x0C, 0x00, 0xC1, 0x80, 0x1C, 0x70, 0x01, 0xFC, 0x00, 0x1F, 0x00,
    0x00, 0x00, 0x00, 0x00, 0x00, 0x1F, 0xC0, 0x0F, 0xFE, 0x03, 0xE3, 0xE0, 0xF0, 0x1E, 0x3C, 0x01,
    0xE7, 0x00, 0x1D, 0xC0, 0x01, 0xF8, 0x00, 0x3F, 0x00, 0x07, 0xE0, 0x00, 0xFC, 0x00, 0x1F, 0x80,
    0x03, 0xF0, 0x00, 0x7E, 0x00, 0x0F, 0xC0, 0x01, 0xDC, 0x00, 0x73, 0xC0, 0x1E, 0x3C, 0x07, 0x83,
    0xE3, 0xE0, 0x3F, 0xF8, 0x01, 0xFC, 0x00, 0x18, 0x60, 0x30, 0xC0, 0x73, 0x80, 0x7E, 0x00, 0x78,
    0x00, 0x00, 0x00, 0x00, 0x07, 0xE0, 0x1F, 0xF0, 0x79, 0xF1, 0xC0, 0xF3, 0x80, 0xEE, 0x01, 0xDC,
    0x01, 0xF8, 0x03, 0xF0, 0x07, 0xE0, 0x0F, 0xC0, 0x39, 0xC0, 0x73, 0x81, 0xE3, 0xCF, 0x83, 0xFE,
    0x03, 0xF0, 0x00, 0x03, 0x8E, 0x00, 0x73, 0x80, 0x1C, 0xE0, 0x03, 0x18, 0x00, 0x00, 0x00, 0x00,
    0x00, 0x00, 0xFE, 0x00, 0x7F, 0xF0, 0x1F, 0x1F, 0x07, 0x80, 0xF1, 0xE0, 0x0F, 0x38, 0x00, 0xEE,
    0x00, 0x0F, 0xC0, 0x01, 0xF8, 0x00, 0x3F, 0x00, 0x07, 0xE0, 0x00, 0xFC, 0x00, 0x1F, 0x80, 0x03,
    0xF0, 0x00, 0x7E, 0x00, 0x0E, 0xE0, 0x03, 0x9E, 0x00, 0xF1, 0xE0, 0x3C, 0x1F, 0x1F, 0x01, 0xFF,
    0xC0, 0x0F, 0xE0, 0x00, 0x0E, 0x70, 0x18, 0xE0, 0x73, 0x80, 0xC6, 0x00, 0x00, 0x00, 0x00, 0x03,
    0xF0, 0x0F, 0xF8, 0x3C, 0xF8, 0xE0, 0x79, 0xC0, 0x77, 0x00, 0xEE, 0x00, 0xFC, 0x01, 0xF8, 0x03,
    0xF0, 0x07, 0xE0, 0x1C, 0xE0, 0x39, 0xC0, 0xF1, 0xE7, 0xC1, 0xFF, 0x01, 0xF8, 0x00, 0x03, 0xFF,
    0xFF, 0xC3, 0xFF, 0xFF, 0xF1, 0xF0, 0xE0, 0x00, 0xF0, 0x38, 0x00, 0x78, 0x0E, 0x00, 0x1C, 0x03,
    0x80, 0x0E, 0x00, 0xE0, 0x03, 0x80, 0x38, 0x00, 0xE0, 0x0E, 0x00, 0x38, 0x03, 0xFF, 0xEE, 0x00,
    0xFF, 0xFB, 0x80, 0x38, 0x00, 0xE0, 0x0E, 0x00, 0x38, 0x03, 0x80, 0x0E, 0x00, 0xE0, 0x01, 0xC0,
    0x38, 0x00, 0x78, 0x0E, 0x00, 0x0F, 0x03, 0x80, 0x01, 0xF0, 0xE0, 0x00, 0x3F, 0xFF, 0xFF, 0x03,
    0xFF, 0xFF, 0xC0, 0x0F, 0xC0, 0xFC, 0x07, 0xFC, 0x7F, 0xC3, 0xCF, 0xBC, 0xF9, 0xC0, 0xFC, 0x0E,
    0x70, 0x1E, 0x01, 0xF8, 0x07, 0x80, 0x7E, 0x00, 0xE0, 0x1F, 0x80, 0x3F, 0xFF, 0xE0, 0x0F, 0xFF,
    0xF8, 0x03, 0x80, 0x0E, 0x01, 0xE0, 0x01, 0xC0, 0x78, 0x00, 0x70, 0x3F, 0x03, 0xCF, 0x3E, 0xF1,
    0xE1, 0xFF, 0x1F, 0xF0, 0x3F, 0x03, 0xF8, 0x00, 0xC0, 0x01, 0xC0, 0x01, 0x80, 0x03, 0x80, 0x03,
    0x00, 0x00, 0x00, 0x00, 0x00, 0xFF, 0xE0, 0xFF, 0xF8, 0xE0, 0x78, 0xE0, 0x1C, 0xE0, 0x1C, 0xE0,
    0x0E, 0xE0, 0x0E, 0xE0, 0x0E, 0xE0, 0x0C, 0xE0, 0x1C, 0xE0, 0x7C, 0xFF, 0xF8, 0xFF, 0xE0, 0xE0,
    0xE0, 0xE0, 0x70, 0xE0, 0x70, 0xE0, 0x38, 0xE0, 0x3C, 0xE0, 0x1C, 0xE0, 0x1E, 0xE0, 0x0E, 0x0E,
    0x07, 0x07, 0x03, 0x00, 0x00, 0x03, 0x9D, 0xFE, 0xFC, 0x78, 0x38, 0x1C, 0x0E, 0x07, 0x03, 0x81,
    0xC0, 0xE0, 0x70, 0x38, 0x1C, 0x0E, 0x07, 0x00, 0xFF, 0xE0, 0xFF, 0xF8, 0xE0, 0x78, 0xE0, 0x1C,
    0xE0, 0x1C, 0xE0, 0x0E, 0xE0, 0x0E, 0xE0, 0x0E, 0xE0, 0x0C, 0xE0, 0x1C, 0xE0, 0x7C, 0xFF, 0xF8,
    0xFF, 0xE0, 0xE0, 0xE0, 0xE0, 0x70, 0xE0, 0x70, 0xE0, 0x38, 0xE0, 0x3C, 0xE0, 0x1C, 0xE0, 0x1E,
    0xE0, 0x0E, 0x00, 0x00, 0x00, 0x00, 0x03, 0x00, 0x07, 0x00, 0x07, 0x00, 0x06, 0x00, 0x06, 0x00,
    0x39, 0xC7, 0xF8, 0xFC, 0x1E, 0x03, 0x80, 0x70, 0x0E, 0x01, 0xC0, 0x38, 0x07, 0x00, 0xE0, 0x1C,
    0x03, 0x80, 0x70, 0x0E, 0x01, 0xC0, 0x00, 0x00, 0x00, 0xE0, 0x38, 0x07, 0x00, 0xC0, 0x18, 0x00,
    0x18, 0x60, 0x1C, 0xE0, 0x0D, 0xC0, 0x07, 0x80, 0x03, 0x00, 0x00, 0x00, 0x00, 0x00, 0xFF, 0xE0,
    0xFF, 0xF8, 0xE0, 0x78, 0xE0, 0x1C, 0xE0, 0x1C, 0xE0, 0x0E, 0xE0, 0x0E, 0xE0, 0x0E, 0xE0, 0x0C,
    0xE0, 0x1C, 0xE1, 0xFC, 0xFF, 0xF8, 0xFF, 0xE0, 0xE0, 0xE0, 0xE0, 0x70, 0xE0, 0x70, 0xE0, 0x38,
    0xE0, 0x3C, 0xE0, 0x1C, 0xE0, 0x1E, 0xE0, 0x0E, 0x63, 0x9C, 0xC3, 0xF0, 0x78, 0x00, 0x00, 0x07,
    0x39, 0xFE, 0x7E, 0x1E, 0x07, 0x01, 0xC0, 0x70, 0x1C, 0x07, 0x01, 0xC0, 0x70, 0x1C, 0x07, 0x01,
    0xC0, 0x70, 0x1C, 0x00, 0x00, 0x60, 0x00, 0xE0, 0x00, 0xC0, 0x01, 0xC0, 0x01, 0x80, 0x00, 0x00,
    0x00, 0x00, 0x07, 0xF0, 0x1F, 0xF8, 0x3E, 0x7C, 0x78, 0x0E, 0x70, 0x0E, 0x70, 0x06, 0x70, 0x00,
    0x78, 0x00, 0x3E, 0x00, 0x1F, 0xC0, 0x0F, 0xF8, 0x00, 0xFC, 0x00, 0x1E, 0x00, 0x0E, 0x00, 0x07,
    0x60, 0x07, 0x70, 0x07, 0x70, 0x0E, 0x3E, 0x7C, 0x1F, 0xF8, 0x0F, 0xF0, 0x00, 0xC0, 0x0E, 0x00,
    0x70, 0x07, 0x00, 0x30, 0x00, 0x00, 0x00, 0x01, 0xF8, 0x3F, 0xE3, 0xE7, 0x9C, 0x0E, 0xE0, 0x07,
    0x00, 0x3E, 0x00, 0xFF, 0x01, 0xFE, 0x00, 0xF8, 0x01, 0xC8, 0x0E, 0xE0, 0x77, 0xCF, 0x1F, 0xF8,
    0x7F, 0x00, 0x01, 0x80, 0x03, 0xC0, 0x06, 0x60, 0x0E, 0x70, 0x00, 0x00, 0x00, 0x00, 0x00, 0x00,
    0x07, 0xF0, 0x1F, 0xF8, 0x3E, 0x7C, 0x78, 0x0E, 0x70, 0x0E, 0x70, 0x06, 0x70, 0x00, 0x78, 0x00,
    0x3E, 0x00, 0x1F, 0xC0, 0x0F, 0xF8, 0x00, 0xFC, 0x00, 0x1E, 0x00, 0x0E, 0x00, 0x07, 0x60, 0x07,
    0x70, 0x07, 0x70, 0x0E, 0x3E, 0x7C, 0x1F, 0xF8, 0x0F, 0xF0, 0x03, 0x00, 0x3C, 0x03, 0xF0, 0x39,
    0xC1, 0x86, 0x00, 0x00, 0x00, 0x01, 0xF8, 0x3F, 0xE3, 0xE7, 0x9C, 0x0E, 0xE0, 0x07, 0x00, 0x3E,
    0x00, 0xFF, 0x01, 0xFE, 0x00, 0xF8, 0x01, 0xC8, 0x0E, 0xE0, 0x77, 0xCF, 0x1F, 0xF8, 0x7F, 0x00,
    0x07, 0xF0, 0x1F, 0xF8, 0x3E, 0x7C, 0x78, 0x0E, 0x70, 0x0E, 0x70, 0x06, 0x70, 0x00, 0x78, 0x00,
    0x3E, 0x00, 0x1F, 0xC0, 0x0F, 0xF8, 0x00, 0xFC, 0x00, 0x1E, 0x00, 0x0E, 0x00, 0x07, 0x60, 0x07,
    0x70, 0x07, 0x70, 0x0E, 0x3E, 0x7C, 0x1F, 0xF8, 0x0F, 0xF0, 0x01, 0x80, 0x01, 0xE0, 0x00, 0xF0,
    0x00, 0x30, 0x01, 0xF0, 0x01, 0xE0, 0x0F, 0xC1, 0xFF, 0x1F, 0x3C, 0xE0, 0x77, 0x00, 0x38, 0x01,
    0xF0, 0x07, 0xF8, 0x0F, 0xF0, 0x07, 0xC0, 0x0E, 0x40, 0x77, 0x03, 0xBE, 0x78, 0xFF, 0xC3, 0xF8,
    0x02, 0x00, 0x1C, 0x00, 0xF0, 0x01, 0x80, 0x7C, 0x03, 0xC0, 0x0C, 0x30, 0x0E, 0x70, 0x07, 0xE0,
    0x03, 0xC0, 0x00, 0x00, 0x00, 0x00, 0x00, 0x00, 0x07, 0xF0, 0x1F, 0xF8, 0x3E, 0x7C, 0x78, 0x0E,
    0x70, 0x0E, 0x70, 0x06, 0x70, 0x00, 0x78, 0x00, 0x3E, 0x00, 0x1F, 0xC0, 0x0F, 0xF8, 0x00, 0xFC,
    0x00, 0x1E, 0x00, 0x0E, 0x00, 0x07, 0x60, 0x07, 0x70, 0x07, 0x70, 0x0E, 0x3E, 0x7C, 0x1F, 0xF8,
    0x0F, 0xF0, 0x18, 0x60, 0xE7, 0x03, 0xF0, 0x0F, 0x00, 0x30, 0x00, 0x00, 0x00, 0x01, 0xF8, 0x3F,
    0xE3, 0xE7, 0x9C, 0x0E, 0xE0, 0x07, 0x00, 0x3E, 0x00, 0xFF, 0x01, 0xFE, 0x00, 0xF8, 0x01, 0xC8,
    0x0E, 0xE0, 0x77, 0xCF, 0x1F, 0xF8, 0x7F, 0x00, 0xFF, 0xFF, 0xFF, 0xFF, 0x01, 0xC0, 0x01, 0xC0,
    0x01, 0xC0, 0x01, 0xC0, 0x01, 0xC0, 0x01, 0xC0, 0x01, 0xC0, 0x01, 0xC0, 0x01, 0xC0, 0x01, 0xC0,
    0x01, 0xC0, 0x01, 0xC0, 0x01, 0xC0, 0x01, 0xC0, 0x01, 0xC0, 0x01, 0xC0, 0x01, 0xC0, 0x01, 0xC0,
    0x01, 0xC0, 0x01, 0x80, 0x01, 0xC0, 0x01, 0xE0, 0x00, 0x60, 0x01, 0xE0, 0x01, 0xC0, 0x18, 0x07,
    0x01, 0xC0, 0x70, 0xFF, 0xBF, 0xE1, 0xC0, 0x70, 0x1C, 0x07, 0x01, 0xC0, 0x70, 0x1C, 0x07, 0x01,
    0xC0, 0x70, 0x1C, 0x07, 0x80, 0xF8, 0x1E, 0x02, 0x01, 0xE0, 0x3C, 0x03, 0x07, 0xC1, 0xE0, 0x0C,
    0x30, 0x0E, 0x70, 0x07, 0x60, 0x03, 0xC0, 0x01, 0x80, 0x00, 0x00, 0x00, 0x00, 0xFF, 0xFF, 0xFF,
    0xFF, 0x01, 0xC0, 0x01, 0xC0, 0x01, 0xC0, 0x01, 0xC0, 0x01, 0xC0, 0x01, 0xC0, 0x01, 0xC0, 0x01,
    0xC0, 0x01, 0xC0, 0x01, 0xC0, 0x01, 0xC0, 0x01, 0xC0, 0x01, 0xC0, 0x01, 0xC0, 0x01, 0xC0, 0x01,
    0xC0, 0x01, 0xC0, 0x01, 0xC0, 0x01, 0xC0, 0x01, 0xC0, 0x70, 0x1C, 0x77, 0x1D, 0x87, 0x01, 0xC3,
    0xFE, 0xFF, 0x87, 0x01, 0xC0, 0x70, 0x1C, 0x07, 0x01, 0xC0, 0x70, 0x1C, 0x07, 0x01, 0xC0, 0x70,
    0x1E, 0x03, 0xE0, 0x78, 0xFF, 0xFF, 0xFF, 0xFF, 0x01, 0xC0, 0x01, 0xC0, 0x01, 0xC0, 0x01, 0xC0,
    0x01, 0xC0, 0x01, 0xC0, 0x01, 0xC0, 0x3F, 0xFC, 0x3F, 0xFC, 0x01, 0xC0, 0x01, 0xC0, 0x01, 0xC0,
    0x01, 0xC0, 0x01, 0xC0, 0x01, 0xC0, 0x01, 0xC0, 0x01, 0xC0, 0x01, 0xC0, 0x01, 0xC0, 0x1C, 0x07,
    0x01, 0xC0, 0x70, 0xFF, 0xBF, 0xE1, 0xC0, 0x70, 0x1C, 0x3F, 0xEF, 0xF8, 0x70, 0x1C, 0x07, 0x01,
    0xC0, 0x70, 0x1C, 0x07, 0x80, 0xF8, 0x1E, 0x00, 0x00, 0x03, 0xDC, 0x03, 0xFC, 0x01, 0x9C, 0x00,
    0x00, 0x00, 0x00, 0x00, 0x00, 0x01, 0xC0, 0x07, 0xE0, 0x03, 0xF0, 0x01, 0xF8, 0x00, 0xFC, 0x00,
    0x7E, 0x00, 0x3F, 0x00, 0x1F, 0x80, 0x0F, 0xC0, 0x07, 0xE0, 0x03, 0xF0, 0x01, 0xF8, 0x00, 0xFC,
    0x00, 0x7E, 0x00, 0x3F, 0x00, 0x1F, 0x80, 0x0D, 0xE0, 0x0E, 0x78, 0x0F, 0x1F, 0x1F, 0x07, 0xFF,
    0x00, 0xFE, 0x00, 0x08, 0x40, 0xFE, 0x0F, 0xF0, 0x00, 0x00, 0x00, 0x00, 0x03, 0x80, 0xFC, 0x07,
    0xE0, 0x3F, 0x01, 0xF8, 0x0F, 0xC0, 0x7E, 0x03, 0xF0, 0x1F, 0x80, 0xFC, 0x07, 0xE0, 0x3F, 0x03,
    0xFC, 0x1E, 0xF3, 0xF7, 0xFB, 0x8F, 0x9C, 0x0F, 0xF0, 0x07, 0xF8, 0x00, 0x00, 0x00, 0x00, 0x00,
    0x00, 0x00, 0x00, 0x03, 0x80, 0x0F, 0xC0, 0x07, 0xE0, 0x03, 0xF0, 0x01, 0xF8, 0x00, 0xFC, 0x00,
    0x7E, 0x00, 0x3F, 0x00, 0x1F, 0x80, 0x0F, 0xC0, 0x07, 0xE0, 0x03, 0xF0, 0x01, 0xF8, 0x00, 0xFC,
    0x00, 0x7E, 0x00, 0x3F, 0x00, 0x1B, 0xC0, 0x1C, 0xF0, 0x1E, 0x3E, 0x3E, 0x0F, 0xFE, 0x01, 0xFC,
    0x00, 0x3F, 0xC1, 0xFE, 0x00, 0x00, 0x00, 0x00, 0x00, 0x70, 0x1F, 0x80, 0xFC, 0x07, 0xE0, 0x3F,
    0x01, 0xF8, 0x0F, 0xC0, 0x7E, 0x03, 0xF0, 0x1F, 0x80, 0xFC, 0x07, 0xE0, 0x7F, 0x83, 0xDE, 0x7E,
    0xFF, 0x71, 0xF3, 0x80, 0x0C, 0x30, 0x07, 0x38, 0x01, 0xF8, 0x00, 0x78, 0x00, 0x00, 0x00, 0x00,
    0x00, 0x00, 0x01, 0xC0, 0x07, 0xE0, 0x03, 0xF0, 0x01, 0xF8, 0x00, 0xFC, 0x00, 0x7E, 0x00, 0x3F,
    0x00, 0x1F, 0x80, 0x0F, 0xC0, 0x07, 0xE0, 0x03, 0xF0, 0x01, 0xF8, 0x00, 0xFC, 0x00, 0x7E, 0x00,
    0x3F, 0x00, 0x1F, 0x80, 0x0D, 0xE0, 0x0E, 0x78, 0x0F, 0x1F, 0x1F, 0x07, 0xFF, 0x00, 0xFE, 0x00,
    0x30, 0x61, 0xEF, 0x07, 0xF0, 0x1F, 0x00, 0x00, 0x00, 0x03, 0x80, 0xFC, 0x07, 0xE0, 0x3F, 0x01,
    0xF8, 0x0F, 0xC0, 0x7E, 0x03, 0xF0, 0x1F, 0x80, 0xFC, 0x07, 0xE0, 0x3F, 0x03, 0xFC, 0x1E, 0xF3,
    0xF7, 0xFF, 0x8F, 0x9C, 0x00, 0x00, 0x01, 0xF0, 0x01, 0xFC, 0x00, 0xE6, 0x00, 0x63, 0x00, 0x3B,
    0x80, 0x0F, 0x80, 0x03, 0x80, 0x00, 0x00, 0x70, 0x01, 0xF8, 0x00, 0xFC, 0x00, 0x7E, 0x00, 0x3F,
    0x00, 0x1F, 0x80, 0x0F, 0xC0, 0x07, 0xE0, 0x03, 0xF0, 0x01, 0xF8, 0x00, 0xFC, 0x00, 0x7E, 0x00,
    0x3F, 0x00, 0x1F, 0x80, 0x0F, 0xC0, 0x07, 0xE0, 0x03, 0x78, 0x03, 0x9E, 0x03, 0xC7, 0xC7, 0xC1,
    0xFF, 0xC0, 0x3F, 0x80, 0x00, 0x00, 0x7C, 0x07, 0xF0, 0x3B, 0x81, 0x8C, 0x0E, 0xE0, 0x7F, 0x01,
    0xF0, 0x00, 0x07, 0x01, 0xF8, 0x0F, 0xC0, 0x7E, 0x03, 0xF0, 0x1F, 0x80, 0xFC, 0x07, 0xE0, 0x3F,
    0x01, 0xF8, 0x0F, 0xC0, 0x7E, 0x07, 0xF8, 0x3D, 0xE7, 0xEF, 0xF7, 0x1F, 0x38, 0x07, 0x3C, 0x03,
    0x1C, 0x03, 0x9C, 0x01, 0x8C, 0x00, 0x00, 0x00, 0x00, 0x00, 0x00, 0x01, 0xC0, 0x07, 0xE0, 0x03,
    0xF0, 0x01, 0xF8, 0x00, 0xFC, 0x00, 0x7E, 0x00, 0x3F, 0x00, 0x1F, 0x80, 0x0F, 0xC0, 0x07, 0xE0,
    0x03, 0xF0, 0x01, 0xF8, 0x00, 0xFC, 0x00, 0x7E, 0x00, 0x3F, 0x00, 0x1F, 0x80, 0x0D, 0xE0, 0x0E,
    0x78, 0x0F, 0x1F, 0x1F, 0x07, 0xFF, 0x00, 0xFE, 0x00, 0x1C, 0xE0, 0xC7, 0x0E, 0x70, 0x63, 0x00,
    0x00, 0x00, 0x03, 0x80, 0xFC, 0x07, 0xE0, 0x3F, 0x01, 0xF8, 0x0F, 0xC0, 0x7E, 0x03, 0xF0, 0x1F,
    0x80, 0xFC, 0x07, 0xE0, 0x3F, 0x03, 0xFC, 0x1E, 0xF3, 0xF7, 0xFB, 0x8F, 0x9C, 0xE0, 0x03, 0xF0,
    0x01, 0xF8, 0x00, 0xFC, 0x00, 0x7E, 0x00, 0x3F, 0x00, 0x1F, 0x80, 0x0F, 0xC0, 0x07, 0xE0, 0x03,
    0xF0, 0x01, 0xF8, 0x00, 0xFC, 0x00, 0x7E, 0x00, 0x3F, 0x00, 0x1F, 0x80, 0x0F, 0xC0, 0x07, 0xF0,
    0x07, 0x3C, 0x07, 0x8F, 0x8F, 0x83, 0xFF, 0x80, 0x7F, 0x00, 0x07, 0x00, 0x06, 0x00, 0x07, 0x00,
    0x03, 0xA0, 0x01, 0xF8, 0x00, 0x7C, 0x00, 0xE0, 0x3B, 0x80, 0xEE, 0x03, 0xB8, 0x0E, 0xE0, 0x3B,
    0x80, 0xEE, 0x03, 0xB8, 0x0E, 0xE0, 0x3B, 0x80, 0xEE, 0x03, 0xB8, 0x1E, 0xF0, 0x79, 0xE7, 0xE7,
    0xFB, 0x87, 0xCE, 0x00, 0x70, 0x03, 0x80, 0x0E, 0x00, 0x3A, 0x00, 0xF8, 0x01, 0xE0, 0x00, 0x06,
    0x00, 0x00, 0x00, 0xF8, 0x00, 0x00, 0x1D, 0x80, 0x00, 0x03, 0x9C, 0x00, 0x00, 0x30, 0xC0, 0x00,
    0x00, 0x00, 0x00, 0x00, 0x00, 0x00, 0x07, 0x00, 0x70, 0x07, 0x70, 0x0F, 0x00, 0x77, 0x00, 0xF8,
    0x0E, 0x38, 0x0F, 0x80, 0xE3, 0x80, 0xF8, 0x0E, 0x38, 0x1D, 0x80, 0xE3, 0x81, 0xDC, 0x1C, 0x1C,
    0x19, 0xC1, 0xC1, 0xC3, 0x8C, 0x1C, 0x1C, 0x38, 0xE1, 0x80, 0xC3, 0x8E, 0x38, 0x0E, 0x30, 0xE3,
    0x80, 0xE7, 0x06, 0x38, 0x0E, 0x70, 0x73, 0x00, 0x67, 0x07, 0x70, 0x07, 0x60, 0x77, 0x00, 0x7E,
    0x03, 0x70, 0x07, 0xE0, 0x3E, 0x00, 0x3C, 0x03, 0xE0, 0x03, 0xC0, 0x1E, 0x00, 0x3C, 0x01, 0xC0,
    0x00, 0x78, 0x00, 0x03, 0xF0, 0x00, 0x1C, 0xC0, 0x00, 0x63, 0x80, 0x00, 0x00, 0x00, 0x00, 0x00,
    0x0E, 0x07, 0x81, 0xF8, 0x1E, 0x07, 0x70, 0x78, 0x39, 0xC1, 0xE0, 0xE7, 0x0F, 0xC3, 0x8C, 0x37,
    0x0C, 0x38, 0xCC, 0x70, 0xE7, 0x31, 0xC3, 0x9C, 0xE6, 0x06, 0x61, 0xB8, 0x1D, 0x86, 0xE0, 0x7E,
    0x1B, 0x80, 0xF0, 0x7C, 0x03, 0xC0, 0xF0, 0x0F, 0x03, 0xC0, 0x1C, 0x0E, 0x00, 0x00, 0xE0, 0x00,
    0x3E, 0x00, 0x0C, 0xE0, 0x03, 0x8C, 0x00, 0x00, 0x00, 0x00, 0x00, 0x3C, 0x00, 0x73, 0x80, 0x1E,
    0x38, 0x03, 0x87, 0x80, 0xE0, 0x70, 0x1C, 0x0F, 0x07, 0x00, 0xE1, 0xE0, 0x0E, 0x38, 0x01, 0xCE,
    0x00, 0x1D, 0xC0, 0x03, 0xF0, 0x00, 0x3C, 0x00, 0x03, 0x80, 0x00, 0x70, 0x00, 0x0E, 0x00, 0x01,
    0xC0, 0x00, 0x38, 0x00, 0x07, 0x00, 0x00, 0xE0, 0x00, 0x1C, 0x00, 0x03, 0x80, 0x00, 0x03, 0xC0,
    0x07, 0xE0, 0x06, 0x70, 0x0C, 0x30, 0x00, 0x00, 0x00, 0x00, 0x70, 0x07, 0x70, 0x0E, 0x38, 0x0E,
    0x38, 0x1C, 0x38, 0x1C, 0x1C, 0x1C, 0x1C, 0x38, 0x0C, 0x38, 0x0E, 0x30, 0x0E, 0x70, 0x06, 0x70,
    0x07, 0x60, 0x07, 0xE0, 0x03, 0xE0, 0x03, 0xC0, 0x01, 0xC0, 0x01, 0x80, 0x03, 0x80, 0x03, 0x80,
    0x1F, 0x00, 0x3E, 0x00, 0x3C, 0x00, 0x07, 0x1C, 0x00, 0xE3, 0x80, 0x1C, 0x70, 0x00, 0x00, 0x00,
    0x00, 0x00, 0x00, 0x00, 0x1C, 0x00, 0x73, 0xC0, 0x1E, 0x38, 0x03, 0x83, 0x80, 0xE0, 0x78, 0x1C,
    0x07, 0x07, 0x00, 0x71, 0xE0, 0x0E, 0x38, 0x00, 0xEE, 0x00, 0x1F, 0xC0, 0x01, 0xF0, 0x00, 0x1E,
    0x00, 0x03, 0x80, 0x00, 0x70, 0x00, 0x0E, 0x00, 0x01, 0xC0, 0x00, 0x38, 0x00, 0x07, 0x00, 0x00,
    0xE0, 0x00, 0x1C, 0x00, 0x03, 0x80, 0x00, 0x00, 0x60, 0x01, 0xC0, 0x07, 0x00, 0x0E, 0x00, 0x38,
    0x00, 0x00, 0x00, 0x00, 0x7F, 0xFF, 0xFF, 0xFE, 0x00, 0x3C, 0x00, 0x70, 0x01, 0xC0, 0x07, 0x80,
    0x0E, 0x00, 0x38, 0x00, 0xF0, 0x01, 0xC0, 0x07, 0x00, 0x1C, 0x00, 0x78, 0x00, 0xE0, 0x03, 0x80,
    0x0F, 0x00, 0x1C, 0x00, 0x70, 0x01, 0xE0, 0x03, 0xFF, 0xFF, 0xFF, 0xF0, 0x03, 0x80, 0x1C, 0x01,
    0xC0, 0x0C, 0x00, 0x00, 0x00, 0x03, 0xFF, 0xDF, 0xFE, 0x00, 0xF0, 0x07, 0x00, 0x70, 0x07, 0x00,
    0x38, 0x03, 0x80, 0x38, 0x03, 0xC0, 0x1C, 0x01, 0xC0, 0x1C, 0x01, 0xE0, 0x0F, 0xFF, 0xFF, 0xFC,
    0x07, 0x80, 0x0F, 0x00, 0x1E, 0x00, 0x00, 0x00, 0x00, 0x00, 0x00, 0x3F, 0xFF, 0xFF, 0xFF, 0x00,
    0x1E, 0x00, 0x38, 0x00, 0xE0, 0x03, 0xC0, 0x07, 0x00, 0x1C, 0x00, 0x70, 0x01, 0xE0, 0x03, 0x80,
    0x0E, 0x00, 0x3C, 0x00, 0x70, 0x01, 0xC0, 0x07, 0x00, 0x0E, 0x00, 0x38, 0x00, 0xE0, 0x01, 0xFF,
    0xFF, 0xFF, 0xF8, 0x06, 0x00, 0x78, 0x03, 0xC0, 0x0C, 0x00, 0x00, 0x00, 0x03, 0xFF, 0xDF, 0xFE,
    0x00, 0xF0, 0x07, 0x00, 0x70, 0x07, 0x00, 0x38, 0x03, 0x80, 0x38, 0x03, 0x80, 0x1C, 0x01, 0xC0,
    0x1C, 0x01, 0xE0, 0x0F, 0xFF, 0xFF, 0xFC, 0x18, 0x30, 0x18, 0xE0, 0x3B, 0x80, 0x3E, 0x00, 0x38,
    0x00, 0x00, 0x00, 0x00, 0x7F, 0xFF, 0xFF, 0xFE, 0x00, 0x3C, 0x00, 0x70, 0x01, 0xC0, 0x07, 0x80,
    0x0E, 0x00, 0x38, 0x00, 0xF0, 0x01, 0xC0, 0x07, 0x00, 0x1C, 0x00, 0x78, 0x00, 0xE0, 0x03, 0x80,
    0x0F, 0x00, 0x1C, 0x00, 0x70, 0x01, 0xE0, 0x03, 0xFF, 0xFF, 0xFF, 0xF0, 0x31, 0xC1, 0xCC, 0x07,
    0xC0, 0x1E, 0x00, 0x00, 0x00, 0x03, 0xFF, 0xDF, 0xFE, 0x00, 0xF0, 0x07, 0x00, 0x70, 0x07, 0x00,
    0x38, 0x03, 0x80, 0x38, 0x03, 0xC0, 0x1C, 0x01, 0xC0, 0x1C, 0x01, 0xE0, 0x0F, 0xFF, 0xFF, 0xFC,
    0x0C, 0xFF, 0xFF, 0x0E, 0x1C, 0x38, 0x70, 0xE1, 0xC3, 0x87, 0x0E, 0x1C, 0x38, 0x70, 0xE1, 0xC3,
    0x87, 0x0E, 0x1C, 0x00, 0x00, 0x00, 0x60, 0x00, 0x1C, 0x00, 0x03, 0x80, 0x00, 0x70, 0x3F, 0xFE,
    0x1F, 0xFF, 0xC7, 0xE7, 0xE1, 0xE0, 0x3C, 0x78, 0x03, 0xCE, 0x00, 0x3B, 0x80, 0x03, 0xF0, 0x00,
    0x7E, 0x00, 0x0F, 0xC0, 0x01, 0xF8, 0x00, 0x3F, 0x00, 0x07, 0xE0, 0x00, 0xFC, 0x00, 0x1F, 0x80,
    0x03, 0xB8, 0x00, 0xE7, 0x80, 0x3C, 0x78, 0x0F, 0x07, 0xC7, 0xC0, 0x7F, 0xF0, 0x03, 0xF8, 0x00,
    0x00, 0x06, 0x00, 0x1C, 0x00, 0x38, 0x00, 0x70, 0xFF, 0xE3, 0xFF, 0x8F, 0x3E, 0x38, 0x1E, 0x70,
    0x1D, 0xC0, 0x3B, 0x80, 0x3F, 0x00, 0x7E, 0x00, 0xFC, 0x01, 0xF8, 0x07, 0x38, 0x0E, 0x70, 0x3C,
    0x79, 0xF0, 0x7F, 0xC0, 0x7E, 0x00, 0x00, 0x00, 0x60, 0x00, 0x1C, 0x00, 0x03, 0x80, 0x00, 0x7E,
    0x00, 0x3F, 0xC0, 0x07, 0xF8, 0x00, 0xE7, 0x00, 0x1C, 0xE0, 0x03, 0x9C, 0x00, 0x73, 0x80, 0x0E,
    0x70, 0x01, 0xCE, 0x00, 0x39, 0xC0, 0x07, 0x38, 0x00, 0xE7, 0x00, 0x1C, 0xE0, 0x03, 0x9C, 0x00,
    0x73, 0x80, 0x0E, 0x70, 0x01, 0x8F, 0x00, 0x70, 0xF0, 0x1E, 0x0F, 0x8F, 0x80, 0xFF, 0xE0, 0x07,
    0xF0, 0x00, 0x00, 0x06, 0x00, 0x07, 0x00, 0x07, 0x00, 0x07, 0xE0, 0x3F, 0xE0, 0x3E, 0xE0, 0x38,
    0xE0, 0x38, 0xE0, 0x38, 0xE0, 0x38, 0xE0, 0x38, 0xE0, 0x38, 0xE0, 0x38, 0xE0, 0x38, 0xE0, 0x38,
    0xE0, 0x78, 0xF0, 0x78, 0x79, 0xF8, 0x7F, 0xB8, 0x1F, 0x38, 0x00, 0x00, 0x01, 0x8E, 0x7F, 0xF0,
    0x00, 0xE6, 0x3F, 0xFE, 0x00, 0x3E, 0x1C, 0x1F, 0x80, 0x0E, 0x0E, 0x01, 0xE0, 0x00, 0x07, 0x00,
    0x70, 0x00, 0x03, 0x80, 0x1C, 0x1F, 0xFF, 0xC0, 0x0E, 0x0F, 0xFF, 0xE0, 0x03, 0x00, 0x07, 0xF0,
    0x01, 0xC0, 0x03, 0xB8, 0x00, 0xE0, 0x03, 0x9C, 0x00, 0x70, 0x03, 0x8E, 0x00, 0x38, 0x03, 0xC7,
    0x00, 0x1C, 0x03, 0xC3, 0x80, 0x0C, 0x01, 0xC1, 0xC0, 0x0E, 0x01, 0xE0, 0xE0, 0x07, 0x01, 0xE0,
    0x70, 0x07, 0x01, 0xE0, 0x38, 0x07, 0x81, 0xE0, 0x1C, 0x1F, 0x81, 0xF0, 0x0F, 0xFF, 0x80, 0xFF,
    0xFF, 0xFE, 0x00, 0x7F, 0xFC, 0x00, 0x00, 0x0C, 0x30, 0x00, 0x00, 0x1C, 0xE0, 0x00, 0x70, 0x1B,
    0x80, 0x00, 0xE0, 0x3E, 0x00, 0x01, 0xC0, 0x38, 0x00, 0x03, 0x80, 0x00, 0x00, 0x07, 0x00, 0x00,
    0x07, 0xEE, 0x1F, 0xFE, 0x3F, 0xFC, 0x3F, 0xFC, 0x79, 0xF8, 0x00, 0x79, 0xC0, 0xF0, 0x00, 0xE7,
    0x00, 0xE0, 0x03, 0x8E, 0x01, 0xC0, 0x0F, 0x1C, 0x03, 0x80, 0x3C, 0x38, 0x07, 0x00, 0x70, 0x70,
    0x0E, 0x01, 0xC0, 0xE0, 0x1C, 0x07, 0x81, 0xC0, 0x38, 0x1E, 0x03, 0x80, 0x70, 0x38, 0x03, 0x81,
    0xE0, 0xE0, 0x03, 0xCF, 0xC3, 0xC0, 0x07, 0xFF, 0x87, 0xFF, 0xC3, 0xE7, 0x0F, 0xFF, 0x80, 0xE0,
    0x00, 0x00, 0x7E, 0x00, 0x00, 0x07, 0xE0, 0x00, 0x00, 0x7E, 0x00, 0x00, 0x07, 0xE0, 0x00, 0x00,
    0x7E, 0x00, 0x00, 0x07, 0xE0, 0x00, 0x00, 0x7E, 0x00, 0x00, 0x07, 0xE0, 0x00, 0x00, 0x7E, 0x00,
    0x00, 0x07, 0xE0, 0x00, 0x00, 0x7E, 0x00, 0x00, 0x07, 0xE0, 0x00, 0x00, 0x7E, 0x00, 0x00, 0x07,
    0xE0, 0x01, 0xC0, 0x7E, 0x00, 0x1C, 0x07, 0xE0, 0x01, 0xC0, 0x7E, 0x00, 0x0E, 0x0F, 0xE0, 0x00,
    0xF9, 0xEF, 0xFF, 0x87, 0xFC, 0xFF, 0xF8, 0x1F, 0x80, 0x00, 0x00, 0xDC, 0x00, 0x3F, 0x80, 0x07,
    0xF0, 0x00, 0x6E, 0x00, 0x01, 0xC0, 0x00, 0x38, 0x00, 0x3F, 0x00, 0x07, 0xE0, 0x00, 0xFC, 0x00,
    0x1F, 0x80, 0x03, 0xF0, 0x00, 0x7E, 0x00, 0x0F, 0xC0, 0x01, 0xF8, 0x00, 0x3F, 0x00, 0x07, 0xE0,
    0x00, 0xFC, 0x00, 0x1F, 0x80, 0x03, 0xF0, 0x00, 0x7F, 0xFF, 0x0F, 0xFF, 0xE1, 0xC0, 0x00, 0x38,
    0x00, 0x07, 0x00, 0x00, 0xE0, 0x00, 0x78, 0x00, 0x1F, 0x00, 0x03, 0x80, 0x01, 0xB8, 0xFE, 0x3F,
    0x86, 0xE0, 0x38, 0x0E, 0x1F, 0x87, 0xE1, 0xF8, 0x7E, 0x1F, 0x87, 0xE1, 0xF8, 0x7E, 0x1F, 0x87,
    0xE1, 0xF8, 0x7E, 0x1F, 0x87, 0xE1, 0xF8, 0x70, 0x1C, 0x07, 0x01, 0xC0, 0xE0, 0xF8, 0x38, 0xF0,
    0x03, 0x80, 0x01, 0xFC, 0x00, 0xE0, 0x00, 0x7F, 0x80, 0x38, 0x00, 0x1F, 0xF0, 0x0E, 0x00, 0x07,
    0xFC, 0x03, 0x80, 0x01, 0xFB, 0x80, 0xE0, 0x00, 0x7E, 0xF0, 0x38, 0x00, 0x1F, 0x9C, 0x0E, 0x00,
    0x07, 0xE3, 0x83, 0x80, 0x01, 0xF8, 0xE0, 0xE0, 0x00, 0x7E, 0x1C, 0x38, 0x00, 0x1F, 0x83, 0x8E,
    0x00, 0x07, 0xE0, 0xE3, 0x80, 0x01, 0xF8, 0x1C, 0xE0, 0x00, 0x7E, 0x03, 0xB8, 0x70, 0x1F, 0x80,
    0xEE, 0x1C, 0x07, 0xE0, 0x1F, 0x87, 0x01, 0xF8, 0x07, 0xE1, 0xE0, 0xEE, 0x00, 0xF8, 0x3C, 0xFB,
    0x80, 0x1E, 0x07, 0xFC, 0xE0, 0x07, 0x80, 0xFC, 0x00, 0x00, 0x00, 0x03, 0x78, 0x01, 0xC3, 0xFC,
    0x00, 0xE1, 0xFF, 0x00, 0x70, 0x6F, 0xC0, 0x38, 0x07, 0xE0, 0x1C, 0x03, 0xB8, 0x0E, 0x1D, 0xDE,
    0x07, 0x0E, 0xE7, 0x03, 0x87, 0x71, 0xC1, 0xC3, 0xB8, 0xE0, 0xE1, 0xDC, 0x38, 0x70, 0xEE, 0x0E,
    0x38, 0x77, 0x07, 0x1C, 0x3B, 0x81, 0xCE, 0x1D, 0xC0, 0x77, 0x0E, 0xE0, 0x3B, 0x87, 0x70, 0x0F,
    0xC3, 0xB8, 0x07, 0xE1, 0xDC, 0x01, 0xF0, 0xEE, 0x00, 0x78, 0x77, 0x00, 0x3C, 0x38, 0x00, 0x00,
    0x1C, 0x00, 0x00, 0x0E, 0x00, 0x00, 0x07, 0x00, 0x00, 0x07, 0x80, 0x00, 0x07, 0x80, 0x00, 0x03,
    0x80, 0x00, 0x00, 0x30, 0x00, 0x03, 0xC0, 0x00, 0x1E, 0x00, 0x00, 0x60, 0x00, 0x00, 0x00, 0x00,
    0x03, 0x9F, 0x01, 0xDF, 0xFC, 0x0E, 0xFD, 0xF0, 0x77, 0x83, 0x83, 0xB8, 0x0E, 0x1D, 0xC0, 0x70,
    0xEE, 0x03, 0x87, 0x70, 0x1C, 0x3B, 0x80, 0xE1, 0xDC, 0x07, 0x0E, 0xE0, 0x38, 0x77, 0x01, 0xC3,
    0xB8, 0x0E, 0x1D, 0xC0, 0x70, 0xEE, 0x03, 0x87, 0x70, 0x1C, 0x38, 0x00, 0x01, 0xC0, 0x00, 0x0E,
    0x00, 0x00, 0x70, 0x00, 0x07, 0x80, 0x00, 0x78, 0x00, 0x03, 0x80, 0x06, 0x0C, 0x00, 0x63, 0x00,
    0x0E, 0xE0, 0x00, 0xF8, 0x00, 0x0E, 0x00, 0x00, 0x00, 0x00, 0x00, 0x00, 0x07, 0x00, 0x01, 0xF0,
    0x00, 0x3E, 0x00, 0x0E, 0xC0, 0x01, 0xDC, 0x00, 0x3B, 0x80, 0x0E, 0x38, 0x01, 0xC7, 0x00, 0x38,
    0xE0, 0x0E, 0x0E, 0x01, 0xC1, 0xC0, 0x30, 0x38, 0x0E, 0x07, 0x81, 0xFF, 0xF0, 0x7F, 0xFF, 0x0E,
    0x00, 0xE1, 0xC0, 0x1C, 0x70, 0x01, 0xCE, 0x00, 0x39, 0xC0, 0x07, 0x70, 0x00, 0x70, 0x38, 0xE0,
    0xEE, 0x03, 0xE0, 0x0E, 0x00, 0x00, 0x00, 0x00, 0x3F, 0x07, 0xFE, 0x7C, 0xF3, 0x81, 0xC0, 0x0E,
    0x00, 0x70, 0x0F, 0x8F, 0xFD, 0xFE, 0xFE, 0x07, 0xE0, 0x3F, 0x01, 0xF8, 0x1F, 0xF3, 0xF7, 0xFF,
    0x8F, 0x9C, 0x61, 0x8C, 0xE3, 0xB0, 0x78, 0x0C, 0x00, 0x00, 0x00, 0x38, 0x0E, 0x03, 0x80, 0xE0,
    0x38, 0x0E, 0x03, 0x80, 0xE0, 0x38, 0x0E, 0x03, 0x80, 0xE0, 0x38, 0x0E, 0x03, 0x80, 0xE0, 0x38,
    0x0E, 0x03, 0x80, 0xE0, 0x38, 0x71, 0xCE, 0xE1, 0xF0, 0x38, 0x00, 0x00, 0x00, 0xE0, 0x38, 0x0E,
    0x03, 0x80, 0xE0, 0x38, 0x0E, 0x03, 0x80, 0xE0, 0x38, 0x0E, 0x03, 0x80, 0xE0, 0x38, 0x0E, 0x03,
    0x80, 0x06, 0x0C, 0x00, 0x63, 0x80, 0x0E, 0xE0, 0x00, 0xF8, 0x00, 0x0E, 0x00, 0x00, 0x00, 0x00,
    0x00, 0x00, 0x1F, 0xC0, 0x0F, 0xFE, 0x03, 0xE3, 0xE0, 0xF0, 0x1E, 0x3C, 0x01, 0xE7, 0x00, 0x1D,
    0xC0, 0x01, 0xF8, 0x00, 0x3F, 0x00, 0x07, 0xE0, 0x00, 0xFC, 0x00, 0x1F, 0x80, 0x03, 0xF0, 0x00,
    0x7E, 0x00, 0x0F, 0xC0, 0x01, 0xDC, 0x00, 0x73, 0xC0, 0x1E, 0x3C, 0x07, 0x83, 0xE3, 0xE0, 0x3F,
    0xF8, 0x01, 0xFC, 0x00, 0x18, 0x60, 0x39, 0xC0, 0x3B, 0x00, 0x3C, 0x00, 0x30, 0x00, 0x00, 0x00,
    0x00, 0x07, 0xE0, 0x1F, 0xF0, 0x79, 0xF1, 0xC0, 0xF3, 0x80, 0xEE, 0x01, 0xDC, 0x01, 0xF8, 0x03,
    0xF0, 0x07, 0xE0, 0x0F, 0xC0, 0x39, 0xC0, 0x73, 0x81, 0xE3, 0xCF, 0x83, 0xFE, 0x03, 0xF0, 0x00,
    0x0C, 0x38, 0x07, 0x38, 0x01, 0xD8, 0x00, 0x7C, 0x00, 0x18, 0x00, 0x00, 0x00, 0x00, 0x01, 0xC0,
    0x07, 0xE0, 0x03, 0xF0, 0x01, 0xF8, 0x00, 0xFC, 0x00, 0x7E, 0x00, 0x3F, 0x00, 0x1F, 0x80, 0x0F,
    0xC0, 0x07, 0xE0, 0x03, 0xF0, 0x01, 0xF8, 0x00, 0xFC, 0x00, 0x7E, 0x00, 0x3F, 0x00, 0x1F, 0x80,
    0x0D, 0xE0, 0x0E, 0x78, 0x0F, 0x1F, 0x1F, 0x07, 0xFF, 0x00, 0xFE, 0x00, 0x38, 0xE0, 0xEE, 0x03,
    0xE0, 0x0C, 0x00, 0x00, 0x00, 0x03, 0x80, 0xFC, 0x07, 0xE0, 0x3F, 0x01, 0xF8, 0x0F, 0xC0, 0x7E,
    0x03, 0xF0, 0x1F, 0x80, 0xFC, 0x07, 0xE0, 0x3F, 0x03, 0xFC, 0x1E, 0xF3, 0xF7, 0xFB, 0x8F, 0x9C,
    0x0F, 0xF0, 0x07, 0xF8, 0x00, 0x00, 0x00, 0x00, 0x00, 0xE3, 0x80, 0x71, 0xC0, 0x38, 0xE0, 0x00,
    0x00, 0x00, 0x00, 0x00, 0x00, 0x38, 0x00, 0xFC, 0x00, 0x7E, 0x00, 0x3F, 0x00, 0x1F, 0x80, 0x0F,
    0xC0, 0x07, 0xE0, 0x03, 0xF0, 0x01, 0xF8, 0x00, 0xFC, 0x00, 0x7E, 0x00, 0x3F, 0x00, 0x1F, 0x80,
    0x0F, 0xC0, 0x07, 0xE0, 0x03, 0xF0, 0x01, 0xBC, 0x01, 0xCF, 0x01, 0xE3, 0xE3, 0xE0, 0xFF, 0xE0,
    0x1F, 0xC0, 0x3F, 0xC1, 0xFE, 0x00, 0x00, 0x00, 0x03, 0x8E, 0x1C, 0x70, 0xE3, 0x80, 0x00, 0x00,
    0x07, 0x01, 0xF8, 0x0F, 0xC0, 0x7E, 0x03, 0xF0, 0x1F, 0x80, 0xFC, 0x07, 0xE0, 0x3F, 0x01, 0xF8,
    0x0F, 0xC0, 0x7E, 0x07, 0xF8, 0x3D, 0xE7, 0xEF, 0xF7, 0x1F, 0x38, 0x00, 0x30, 0x00, 0x38, 0x00,
    0x38, 0x00, 0x18, 0x00, 0x08, 0x00, 0x00, 0x00, 0x38, 0xE0, 0x1C, 0x70, 0x0E, 0x38, 0x00, 0x00,
    0x00, 0x00, 0x00, 0x00, 0x0E, 0x00, 0x3F, 0x00, 0x1F, 0x80, 0x0F, 0xC0, 0x07, 0xE0, 0x03, 0xF0,
    0x01, 0xF8, 0x00, 0xFC, 0x00, 0x7E, 0x00, 0x3F, 0x00, 0x1F, 0x80, 0x0F, 0xC0, 0x07, 0xE0, 0x03,
    0xF0, 0x01, 0xF8, 0x00, 0xFC, 0x00, 0x6F, 0x00, 0x73, 0xC0, 0x78, 0xF8, 0xF8, 0x3F, 0xF8, 0x07,
    0xF0, 0x00, 0x01, 0xC0, 0x0C, 0x00, 0xE0, 0x0E, 0x00, 0x00, 0x00, 0x00, 0xE3, 0x87, 0x1C, 0x38,
    0xE0, 0x00, 0x00, 0x01, 0xC0, 0x7E, 0x03, 0xF0, 0x1F, 0x80, 0xFC, 0x07, 0xE0, 0x3F, 0x01, 0xF8,
    0x0F, 0xC0, 0x7E, 0x03, 0xF0, 0x1F, 0x81, 0xFE, 0x0F, 0x79, 0xFB, 0xFD, 0xC7, 0xCE, 0x04, 0x18,
    0x03, 0x18, 0x00, 0xDC, 0x00, 0x7C, 0x00, 0x1C, 0x00, 0x00, 0x00, 0x38, 0xE0, 0x1C, 0x70, 0x0E,
    0x38, 0x00, 0x00, 0x00, 0x00, 0x00, 0x00, 0x0E, 0x00, 0x3F, 0x00, 0x1F, 0x80, 0x0F, 0xC0, 0x07,
    0xE0, 0x03, 0xF0, 0x01, 0xF8, 0x00, 0xFC, 0x00, 0x7E, 0x00, 0x3F, 0x00, 0x1F, 0x80, 0x0F, 0xC0,
    0x07, 0xE0, 0x03, 0xF0, 0x01, 0xF8, 0x00, 0xFC, 0x00, 0x6F, 0x00, 0x73, 0xC0, 0x78, 0xF8, 0xF8,
    0x3F, 0xF8, 0x07, 0xF0, 0x00, 0x38, 0xE0, 0xEE, 0x03, 0xE0, 0x0E, 0x00, 0x00, 0x00, 0x00, 0xE3,
    0x87, 0x1C, 0x38, 0xE0, 0x00, 0x00, 0x01, 0xC0, 0x7E, 0x03, 0xF0, 0x1F, 0x80, 0xFC, 0x07, 0xE0,
    0x3F, 0x01, 0xF8, 0x0F, 0xC0, 0x7E, 0x03, 0xF0, 0x1F, 0x81, 0xFE, 0x0F, 0x79, 0xFB, 0xFD, 0xC7,
    0xCE, 0x07, 0x00, 0x03, 0x80, 0x00, 0xE0, 0x00, 0x30, 0x00, 0x00, 0x00, 0x71, 0xC0, 0x38, 0xE0,
    0x1C, 0x70, 0x00, 0x00, 0x00, 0x00, 0x00, 0x00, 0x1C, 0x00, 0x7E, 0x00, 0x3F, 0x00, 0x1F, 0x80,
    0x0F, 0xC0, 0x07, 0xE0, 0x03, 0xF0, 0x01, 0xF8, 0x00, 0xFC, 0x00, 0x7E, 0x00, 0x3F, 0x00, 0x1F,
    0x80, 0x0F, 0xC0, 0x07, 0xE0, 0x03, 0xF0, 0x01, 0xF8, 0x00, 0xDE, 0x00, 0xE7, 0x80, 0xF1, 0xF1,
    0xF0, 0x7F, 0xF0, 0x0F, 0xE0, 0x1C, 0x00, 0xE0, 0x03, 0x80, 0x0C, 0x00, 0x00, 0x00, 0x00, 0xE3,
    0x87, 0x1C, 0x38, 0xE0, 0x00, 0x00, 0x01, 0xC0, 0x7E, 0x03, 0xF0, 0x1F, 0x80, 0xFC, 0x07, 0xE0,
    0x3F, 0x01, 0xF8, 0x0F, 0xC0, 0x7E, 0x03, 0xF0, 0x1F, 0x81, 0xFE, 0x0F, 0x79, 0xFB, 0xFD, 0xC7,
    0xCE, 0x1F, 0xC0, 0xFF, 0x87, 0x8F, 0x3C, 0x0E, 0x00, 0x1C, 0x00, 0x70, 0x01, 0xFF, 0xFF, 0xFF,
    0xFF, 0x80, 0x7E, 0x01, 0xF8, 0x06, 0x70, 0x39, 0xF3, 0xC3, 0xFE, 0x03, 0xF0, 0x00, 0x00, 0x00,
    0xFF, 0x00, 0x1F, 0xE0, 0x00, 0x00, 0x00, 0x00, 0x00, 0x00, 0x00, 0x01, 0xC7, 0x00, 0x38, 0xE0,
    0x07, 0x1C, 0x00, 0x00, 0x00, 0x00, 0x00, 0x00, 0xF0, 0x00, 0x1F, 0x00, 0x03, 0xE0, 0x00, 0xEE,
    0x00, 0x1D, 0xC0, 0x03, 0x38, 0x00, 0xE3, 0x80, 0x1C, 0x70, 0x07, 0x0E, 0x00, 0xE0, 0xE0, 0x1C,
    0x1C, 0x07, 0x03, 0x80, 0xE0, 0x78, 0x1F, 0xFF, 0x07, 0xFF, 0xF0, 0xE0, 0x0E, 0x1C, 0x01, 0xC7,
    0x00, 0x1C, 0xE0, 0x03, 0x9C, 0x00, 0x77, 0x00, 0x07, 0x1F, 0xE0, 0xFF, 0x00, 0x00, 0x00, 0x00,
    0x00, 0x1C, 0x70, 0xE3, 0x87, 0x1C, 0x00, 0x00, 0x00, 0x03, 0xF0, 0x7F, 0xE7, 0xCF, 0x38, 0x1C,
    0x00, 0xE0, 0x07, 0x00, 0xF8, 0xFF, 0xDF, 0xEF, 0xE0, 0x7E, 0x03, 0xF0, 0x1F, 0x81, 0xFF, 0x3F,
    0x7F, 0xF8, 0xF9, 0xC0, 0x00, 0x00, 0x00, 0xFF, 0x00, 0x1F, 0xE0, 0x00, 0x00, 0x00, 0x00, 0x00,
    0x00, 0x00, 0x00, 0x78, 0x00, 0x0F, 0x00, 0x01, 0xE0, 0x00, 0x00, 0x00, 0x00, 0x00, 0x00, 0xF0,
    0x00, 0x1E, 0x00, 0x07, 0xE0, 0x00, 0xFC, 0x00, 0x19, 0xC0, 0x07, 0x38, 0x00, 0xE7, 0x00, 0x1C,
    0x70, 0x07, 0x0E, 0x00, 0xE1, 0xC0, 0x1C, 0x1C, 0x07, 0x03, 0x80, 0xE0, 0x78, 0x1F, 0xFF, 0x07,
    0xFF, 0xE0, 0xE0, 0x0E, 0x1C, 0x01, 0xC7, 0x00, 0x1C, 0xE0, 0x03, 0x9C, 0x00, 0x77, 0x00, 0x07,
    0x1F, 0xE0, 0xFF, 0x00, 0x00, 0x00, 0x00, 0x00, 0x03, 0xC0, 0x1E, 0x00, 0xF0, 0x00, 0x00, 0x00,
    0x03, 0xF0, 0x7F, 0xE7, 0xCF, 0x38, 0x1C, 0x00, 0xE0, 0x07, 0x00, 0xF8, 0xFF, 0xDF, 0xEF, 0xE0,
    0x7E, 0x03, 0xF0, 0x1F, 0x81, 0xFF, 0x3F, 0x7F, 0xF8, 0xF9, 0xC0, 0x00, 0x00, 0x00, 0x00, 0x00,
    0x3F, 0xC0, 0x00, 0x07, 0xF8, 0x00, 0x00, 0x00, 0x00, 0x00, 0x00, 0x00, 0x00, 0x00, 0x00, 0x00,
    0x0F, 0xFF, 0xF8, 0x01, 0xFF, 0xFF, 0x00, 0x73, 0x80, 0x00, 0x0E, 0x70, 0x00, 0x01, 0x8E, 0x00,
    0x00, 0x71, 0xC0, 0x00, 0x0E, 0x38, 0x00, 0x03, 0x87, 0x00, 0x00, 0x70, 0xE0, 0x00, 0x1C, 0x1F,
    0xFE, 0x03, 0x83, 0xFF, 0xC0, 0xE0, 0x70, 0x00, 0x1C, 0x0E, 0x00, 0x07, 0xFF, 0xC0, 0x00, 0xFF,
    0xF8, 0x00, 0x38, 0x07, 0x00, 0x07, 0x00, 0xE0, 0x01, 0xC0, 0x1C, 0x00, 0x38, 0x03, 0x80, 0x0E,
    0x00, 0x7F, 0xFD, 0xC0, 0x0F, 0xFF, 0x80, 0x00, 0xFF, 0x00, 0x00, 0xFF, 0x00, 0x00, 0x00, 0x00,
    0x00, 0x00, 0x00, 0x00, 0x00, 0x00, 0x0F, 0xC3, 0xF0, 0x3F, 0xE7, 0xFC, 0x7C, 0xFF, 0x3E, 0x70,
    0x3C, 0x0E, 0x00, 0x38, 0x07, 0x00, 0x38, 0x07, 0x00, 0x38, 0x07, 0x3F, 0xFF, 0xFF, 0x7F, 0xFF,
    0xFF, 0xF0, 0x38, 0x00, 0xE0, 0x38, 0x00, 0xE0, 0x38, 0x00, 0xE0, 0x7C, 0x07, 0xF9, 0xEF, 0x1E,
    0x7F, 0xC7, 0xFC, 0x1F, 0x03, 0xF8, 0x03, 0xF8, 0x00, 0xFF, 0xE0, 0x1F, 0x1F, 0x03, 0xC0, 0x78,
    0x78, 0x03, 0x87, 0x00, 0x1C, 0xE0, 0x00, 0x0E, 0x00, 0x00, 0xE0, 0x00, 0x0E, 0x00, 0x00, 0xE0,
    0x3F, 0xCE, 0x03, 0xFC, 0xE0, 0x01, 0xCE, 0x00, 0x1C, 0xE0, 0x3F, 0xF7, 0x03, 0xFF, 0x78, 0x03,
    0x83, 0xC0, 0x78, 0x1F, 0x1F, 0x00, 0xFF, 0xE0, 0x03, 0xF8, 0x00, 0x0F, 0x9C, 0x0F, 0xF7, 0x03,
    0xCF, 0xC1, 0xC0, 0xF0, 0xF0, 0x1C, 0x38, 0x07, 0x0E, 0x01, 0xC3, 0x83, 0xFF, 0xE0, 0xFF, 0xF8,
    0x07, 0x0E, 0x01, 0xC3, 0x80, 0x70, 0x70, 0x3C, 0x1F, 0x3F, 0x03, 0xFD, 0xC0, 0x3E, 0x70, 0x00,
    0x1C, 0x00, 0x07, 0x07, 0x03, 0xC1, 0xF3, 0xE0, 0x3F, 0xF0, 0x03, 0xF8, 0x00, 0x06, 0x18, 0x01,
    0xCE, 0x00, 0x3B, 0x00, 0x07, 0x80, 0x00, 0xC0, 0x00, 0x00, 0x00, 0x00, 0x00, 0x0F, 0xE0, 0x0F,
    0xFE, 0x07, 0xC7, 0xC3, 0xC0, 0x79, 0xE0, 0x0E, 0x70, 0x01, 0xF8, 0x00, 0x0E, 0x00, 0x03, 0x80,
    0x00, 0xE0, 0x00, 0x38, 0x0F, 0xFE, 0x03, 0xFF, 0x80, 0x07, 0xE0, 0x01, 0xF8, 0x00, 0x77, 0x00,
    0x1D, 0xE0, 0x0E, 0x3C, 0x07, 0x87, 0xC7, 0xC0, 0xFF, 0xE0, 0x0F, 0xE0, 0x18, 0x60, 0x73, 0x80,
    0xFC, 0x01, 0xE0, 0x03, 0x00, 0x00, 0x00, 0x00, 0x03, 0xE7, 0x3F, 0xDC, 0xF3, 0xF7, 0x03, 0xFC,
    0x07, 0xE0, 0x1F, 0x80, 0x7E, 0x01, 0xF8, 0x07, 0xE0, 0x1F, 0x80, 0x7E, 0x01, 0xDC, 0x0F, 0x7C,
    0xFC, 0xFF, 0x70, 0xF9, 0xC0, 0x07, 0x00, 0x1D, 0xC0, 0xF7, 0xCF, 0x8F, 0xFC, 0x0F, 0xE0, 0x18,
    0x30, 0x06, 0x30, 0x03, 0xB0, 0x00, 0xF8, 0x00, 0x38, 0x00, 0x00, 0x00, 0x00, 0x01, 0xC0, 0x1E,
    0xE0, 0x1E, 0x70, 0x1E, 0x38, 0x1E, 0x1C, 0x1E, 0x0E, 0x1E, 0x07, 0x1E, 0x03, 0x8E, 0x01, 0xCE,
    0x00, 0xEF, 0x00, 0x7F, 0xC0, 0x3E, 0xE0, 0x1E, 0x38, 0x0E, 0x1E, 0x07, 0x07, 0x83, 0x81, 0xC1,
    0xC0, 0x70, 0xE0, 0x3C, 0x70, 0x0E, 0x38, 0x03, 0x9C, 0x01, 0xE0, 0x71, 0xC0, 0x0E, 0xE0, 0x01,
    0xF0, 0x00, 0x38, 0x00, 0x00, 0x00, 0x00, 0x00, 0x00, 0xE0, 0x00, 0x38, 0x00, 0x0E, 0x00, 0x03,
    0x80, 0x00, 0xE0, 0x00, 0x38, 0x1E, 0x0E, 0x0F, 0x03, 0x87, 0x80, 0xE3, 0xC0, 0x39, 0xE0, 0x0E,
    0xF0, 0x03, 0xF8, 0x00, 0xFE, 0x00, 0x3F, 0xC0, 0x0F, 0x70, 0x03, 0x8E, 0x00, 0xE3, 0xC0, 0x38,
    0x78, 0x0E, 0x0F, 0x03, 0x81, 0xC0, 0xE0, 0x38, 0x03, 0xF8, 0x01, 0xFF, 0xC0, 0x7C, 0x7C, 0x1E,
    0x03, 0xC7, 0x80, 0x3C, 0xE0, 0x03, 0xB8, 0x00, 0x3F, 0x00, 0x07, 0xE0, 0x00, 0xFC, 0x00, 0x1F,
    0x80, 0x03, 0xF0, 0x00, 0x7E, 0x00, 0x0F, 0xC0, 0x01, 0xF8, 0x00, 0x3B, 0x80, 0x0E, 0x78, 0x03,
    0xC7, 0x80, 0xF0, 0x7C, 0x7C, 0x07, 0xFF, 0x00, 0x3F, 0xC0, 0x00, 0xE0, 0x00, 0x30, 0x00, 0x0E,
    0x00, 0x01, 0xD0, 0x00, 0x3F, 0x00, 0x03, 0xE0, 0x00, 0x0F, 0xC0, 0x3F, 0xE0, 0xF3, 0xE3, 0x81,
    0xE7, 0x01, 0xDC, 0x03, 0xB8, 0x03, 0xF0, 0x07, 0xE0, 0x0F, 0xC0, 0x1F, 0x80, 0x73, 0x80, 0xE7,
    0x03, 0xC7, 0x9F, 0x07, 0xFC, 0x07, 0xF0, 0x03, 0x80, 0x0E, 0x00, 0x1C, 0x00, 0x3A, 0x00, 0x7E,
    0x00, 0x78, 0x00, 0x00, 0x00, 0x00, 0xFF, 0x00, 0x1F, 0xE0, 0x00, 0x00, 0x00, 0x00, 0x00, 0x00,
    0x00, 0x00, 0xFE, 0x00, 0x7F, 0xF0, 0x1F, 0x1F, 0x07, 0x80, 0xF1, 0xE0, 0x0F, 0x38, 0x00, 0xEE,
    0x00, 0x0F, 0xC0, 0x01, 0xF8, 0x00, 0x3F, 0x00, 0x07, 0xE0, 0x00, 0xFC, 0x00, 0x1F, 0x80, 0x03,
    0xF0, 0x00, 0x7E, 0x00, 0x0E, 0xE0, 0x03, 0x9E, 0x00, 0xF1, 0xE0, 0x3C, 0x1F, 0x1F, 0x01, 0xFF,
    0xC0, 0x0F, 0xF0, 0x00, 0x38, 0x00, 0x0C, 0x00, 0x03, 0x80, 0x00, 0x74, 0x00, 0x0F, 0x80, 0x00,
    0xF0, 0x00, 0x1F, 0xE0, 0x3F, 0xC0, 0x00, 0x00, 0x00, 0x00, 0x00, 0x01, 0xF8, 0x07, 0xFC, 0x1E,
    0x7C, 0x70, 0x3C, 0xE0, 0x3B, 0x80, 0x77, 0x00, 0x7E, 0x00, 0xFC, 0x01, 0xF8, 0x03, 0xF0, 0x0E,
    0x70, 0x1C, 0xE0, 0x78, 0xF3, 0xE0, 0xFF, 0x80, 0xFE, 0x00, 0x70, 0x01, 0xC0, 0x03, 0x80, 0x07,
    0x40, 0x0F, 0x80, 0x0F, 0x00, 0x0C, 0x18, 0x03, 0x1C, 0x01, 0xDC, 0x00, 0x7C, 0x00, 0x1C, 0x00,
    0x00, 0x00, 0x00, 0x00, 0xFF, 0xFE, 0x7F, 0xFF, 0x00, 0x07, 0x00, 0x07, 0x80, 0x07, 0x80, 0x07,
    0x80, 0x07, 0x80, 0x07, 0x80, 0x07, 0x80, 0x03, 0x80, 0x03, 0xFC, 0x00, 0xFF, 0x00, 0x03, 0xC0,
    0x00, 0xF0, 0x00, 0x38, 0x00, 0x0E, 0x00, 0x07, 0x00, 0x03, 0x80, 0x01, 0xC0, 0x00, 0xFC, 0x00,
    0x7E, 0x00, 0x3F, 0x80, 0x39, 0xE0, 0x3C, 0x7C, 0x7C, 0x1F, 0xFC, 0x03, 0xF8, 0x00, 0x0C, 0x38,
    0x0E, 0x70, 0x07, 0x60, 0x03, 0xC0, 0x01, 0x80, 0x00, 0x00, 0x3F, 0xFE, 0x3F, 0xFE, 0x00, 0x1E,
    0x00, 0x3C, 0x00, 0x78, 0x00, 0x70, 0x00, 0xE0, 0x01, 0xC0, 0x03, 0x80, 0x03, 0xE0, 0x03, 0xF8,
    0x00, 0x3C, 0x00, 0x0E, 0x00, 0x0E, 0x00, 0x07, 0x00, 0x07, 0x70, 0x07, 0x70, 0x0E, 0x78, 0x0E,
    0x3E, 0x3C, 0x1F, 0xF8, 0x07, 0xF0, 0x71, 0xCE, 0xE1, 0xF0, 0x38, 0x00, 0x00, 0x00, 0xE0, 0x38,
    0x0E, 0x03, 0x80, 0xE0, 0x38, 0x0E, 0x03, 0x80, 0xE0, 0x38, 0x0E, 0x03, 0x80, 0xE0, 0x38, 0x0E,
    0x03, 0x80, 0xE0, 0x38, 0x0E, 0x07, 0x07, 0xC1, 0xE0, 0xFF, 0xE0, 0x0F, 0xFF, 0xFF, 0xFF, 0x01,
    0xFF, 0xFF, 0x83, 0xF0, 0x00, 0x07, 0xF0, 0x0F, 0x00, 0x00, 0xEE, 0x00, 0xE0, 0x00, 0x39, 0xC0,
    0x0E, 0x00, 0x0F, 0x38, 0x01, 0xC0, 0x01, 0xC7, 0x00, 0x18, 0x00, 0x70, 0xE0, 0x03, 0x80, 0x1E,
    0x1C, 0x00, 0x70, 0x03, 0x83, 0x80, 0x0E, 0x00, 0xE0, 0x70, 0x01, 0xC0, 0x38, 0x0E, 0x00, 0x38,
    0x07, 0x01, 0xC0, 0x06, 0x01, 0xC0, 0x38, 0x01, 0xC0, 0x70, 0x07, 0x00, 0x38, 0x1E, 0x00, 0xE0,
    0x0E, 0x03, 0x80, 0x1C, 0x03, 0xC0, 0xE0, 0x03, 0x83, 0xF0, 0x3C, 0x00, 0x7F, 0xFC, 0x07, 0xFF,
    0xFF, 0xFC, 0x00, 0xFF, 0xFE, 0xFF, 0xE0, 0x00, 0x00, 0x7F, 0xFC, 0x00, 0x00, 0x38, 0x3F, 0x00,
    0x00, 0x1C, 0x03, 0xC0, 0x00, 0x0E, 0x00, 0xE0, 0x00, 0x07, 0x00, 0x38, 0x3F, 0xFF, 0x80, 0x1C,
    0x1F, 0xFF, 0xC0, 0x06, 0x00, 0x0F, 0xE0, 0x03, 0x80, 0x07, 0x70, 0x01, 0xC0, 0x07, 0x38, 0x00,
    0xE0, 0x07, 0x1C, 0x00, 0x70, 0x07, 0x8E, 0x00, 0x38, 0x07, 0x87, 0x00, 0x18, 0x03, 0x83, 0x80,
    0x1C, 0x03, 0xC1, 0xC0, 0x0E, 0x03, 0xC0, 0xE0, 0x0E, 0x03, 0xC0, 0x70, 0x0F, 0x03, 0xC0, 0x38,
    0x3F, 0x03, 0xE0, 0x1F, 0xFF, 0x01, 0xFF, 0xFF, 0xFC, 0x00, 0xFF, 0xF8, 0x00, 0x1C, 0x00, 0x00,
    0x00, 0x38, 0x00, 0x00, 0x00, 0x70, 0x00, 0x00, 0x00, 0xE0, 0x00, 0x00, 0x01, 0xC0, 0x00, 0x01,
    0xFB, 0x87, 0xFF, 0x8F, 0xFF, 0x0F, 0xFF, 0x1E, 0x7E, 0x00, 0x1E, 0x70, 0x3C, 0x00, 0x39, 0xC0,
    0x38, 0x00, 0xE3, 0x80, 0x70, 0x03, 0xC7, 0x00, 0xE0, 0x0F, 0x0E, 0x01, 0xC0, 0x1C, 0x1C, 0x03,
    0x80, 0x70, 0x38, 0x07, 0x01, 0xE0, 0x70, 0x0E, 0x07, 0x80, 0xE0, 0x1C, 0x0E, 0x00, 0xE0, 0x78,
    0x38, 0x00, 0xF3, 0xF0, 0xF0, 0x01, 0xFF, 0xE1, 0xFF, 0xF0, 0xF9, 0xC3, 0xFF, 0xE0, 0x00, 0x30,
    0x00, 0x1C, 0x00, 0x07, 0x00, 0x01, 0x80, 0x00, 0x40, 0x00, 0x00, 0x00, 0x00, 0x00, 0x0F, 0xE0,
    0x0F, 0xFE, 0x07, 0xC7, 0xC3, 0xC0, 0x79, 0xE0, 0x0E, 0x70, 0x01, 0xF8, 0x00, 0x0E, 0x00, 0x03,
    0x80, 0x00, 0xE0, 0x00, 0x38, 0x0F, 0xFE, 0x03, 0xFF, 0x80, 0x07, 0xE0, 0x01, 0xF8, 0x00, 0x77,
    0x00, 0x1D, 0xE0, 0x0E, 0x3C, 0x07, 0x87, 0xC7, 0xC0, 0xFF, 0xE0, 0x0F, 0xE0, 0x00, 0xC0, 0x07,
    0x00, 0x1C, 0x00, 0xE0, 0x03, 0x00, 0x00, 0x00, 0x00, 0x03, 0xE7, 0x3F, 0xDC, 0xF3, 0xF7, 0x03,
    0xFC, 0x07, 0xE0, 0x1F, 0x80, 0x7E, 0x01, 0xF8, 0x07, 0xE0, 0x1F, 0x80, 0x7E, 0x01, 0xDC, 0x0F,
    0x7C, 0xFC, 0xFF, 0x70, 0xF9, 0xC0, 0x07, 0x00, 0x1D, 0xC0, 0xF7, 0xCF, 0x8F, 0xFC, 0x0F, 0xE0,
    0xE0, 0x03, 0x80, 0x0E, 0x00, 0x38, 0x00, 0xE0, 0x03, 0x80, 0x0E, 0x00, 0x38, 0x00, 0xE0, 0x03,
    0x80, 0x0E, 0x00, 0x38, 0x07, 0xE0, 0x03, 0x80, 0x7E, 0x00, 0x38, 0x07, 0xE0, 0x03, 0x80, 0x7F,
    0xFF, 0xF8, 0x07, 0xFF, 0xFF, 0x80, 0x7E, 0x00, 0x38, 0x07, 0xE0, 0x03, 0x80, 0x7E, 0x00, 0x38,
    0x07, 0xE0, 0x03, 0x80, 0x7E, 0x00, 0x38, 0x07, 0xE0, 0x03, 0x80, 0xEE, 0x00, 0x1C, 0x0E, 0xE0,
    0x01, 0xF3, 0xCE, 0x00, 0x0F, 0xFC, 0xE0, 0x00, 0x3F, 0x00, 0xFF, 0xC1, 0xFF, 0xE3, 0xF3, 0xE7,
    0x00, 0xEE, 0x01, 0xDC, 0x01, 0xF8, 0x03, 0xF0, 0x07, 0xE0, 0x0F, 0xC0, 0x1F, 0x80, 0x3F, 0x00,
    0x7E, 0x00, 0xFC, 0x01, 0xB8, 0x07, 0x70, 0x1E, 0xE0, 0x39, 0xC0, 0xE3, 0x83, 0xC7, 0x1F, 0x0E,
    0xF8, 0x1F, 0xE0, 0x3F, 0x00, 0x70, 0x00, 0xE0, 0x01, 0xC0, 0x03, 0x80, 0x00, 0x07, 0x00, 0x01,
    0x80, 0x00, 0xE0, 0x00, 0x30, 0x00, 0x00, 0x00, 0x00, 0x03, 0xC0, 0x0F, 0xE0, 0x07, 0xF8, 0x03,
    0xFE, 0x01, 0xFF, 0x00, 0xFD, 0xC0, 0x7E, 0xF0, 0x3F, 0x38, 0x1F, 0x8E, 0x0F, 0xC7, 0x07, 0xE1,
    0xC3, 0xF0, 0x71, 0xF8, 0x38, 0xFC, 0x0E, 0x7E, 0x03, 0xBF, 0x01, 0xDF, 0x80, 0x7F, 0xC0, 0x3F,
    0xE0, 0x0F, 0xF0, 0x03, 0xF8, 0x01, 0xE0, 0x1C, 0x00, 0x60, 0x03, 0x80, 0x0C, 0x00, 0x00, 0x00,
    0x03, 0x9F, 0x1F, 0xFC, 0xFD, 0xF7, 0x83, 0xB8, 0x0F, 0xC0, 0x7E, 0x03, 0xF0, 0x1F, 0x80, 0xFC,
    0x07, 0xE0, 0x3F, 0x01, 0xF8, 0x0F, 0xC0, 0x7E, 0x03, 0xF0, 0x1C, 0x00, 0x30, 0x00, 0x0C, 0x00,
    0x01, 0x00, 0x00, 0x70, 0x00, 0x1F, 0x00, 0x07, 0x70, 0x00, 0xC6, 0x00, 0x1C, 0xC0, 0x03, 0xF8,
    0x00, 0x3E, 0x00, 0x00, 0x00, 0x00, 0x70, 0x00, 0x1F, 0x00, 0x03, 0xE0, 0x00, 0x6C, 0x00, 0x1D,
    0xC0, 0x03, 0xB8, 0x00, 0x63, 0x00, 0x1C, 0x70, 0x03, 0x8E, 0x00, 0xE0, 0xE0, 0x1C, 0x1C, 0x03,
    0x03, 0x80, 0xE0, 0x78, 0x1F, 0xFF, 0x07, 0xFF, 0xE0, 0xE0, 0x0E, 0x1C, 0x01, 0xC7, 0x00, 0x1C,
    0xE0, 0x03, 0x9C, 0x00, 0x77, 0x00, 0x07, 0x00, 0x80, 0x0C, 0x00, 0xC0, 0x00, 0x00, 0x70, 0x07,
    0xC0, 0x77, 0x03, 0x18, 0x1D, 0xC0, 0x7C, 0x01, 0xC0, 0x00, 0x00, 0xFC, 0x1F, 0xF9, 0xF3, 0xCE,
    0x07, 0x00, 0x38, 0x01, 0xC0, 0x3E, 0x3F, 0xF7, 0xFB, 0xF8, 0x1F, 0x80, 0xFC, 0x07, 0xE0, 0x7F,
    0xCF, 0xDF, 0xFE, 0x3E, 0x70, 0x00, 0x00, 0x0C, 0x00, 0x00, 0x03, 0x80, 0x00, 0x00, 0x60, 0x00,
    0x00, 0x1C, 0x00, 0x00, 0x03, 0x00, 0x00, 0x00, 0x00, 0x00, 0x00, 0x00, 0x00, 0x01, 0xFF, 0xFF,
    0x00, 0x3F, 0xFF, 0xE0, 0x0E, 0x70, 0x00, 0x01, 0xCE, 0x00, 0x00, 0x31, 0xC0, 0x00, 0x0E, 0x38,
    0x00, 0x01, 0xC7, 0x00, 0x00, 0x70, 0xE0, 0x00, 0x0E, 0x1C, 0x00, 0x03, 0x83, 0xFF, 0xC0, 0x70,
    0x7F, 0xF8, 0x1C, 0x0E, 0x00, 0x03, 0x81, 0xC0, 0x00, 0xFF, 0xF8, 0x00, 0x1F, 0xFF, 0x00, 0x07,
    0x00, 0xE0, 0x00, 0xE0, 0x1C, 0x00, 0x38, 0x03, 0x80, 0x07, 0x00, 0x70, 0x01, 0xC0, 0x0F, 0xFF,
    0xB8, 0x01, 0xFF, 0xF0, 0x00, 0x06, 0x00, 0x00, 0x0E, 0x00, 0x00, 0x0E, 0x00, 0x00, 0x1C, 0x00,
    0x00, 0x18, 0x00, 0x00, 0x00, 0x00, 0x00, 0x00, 0x00, 0x0F, 0xC3, 0xF0, 0x3F, 0xE7, 0xFC, 0x7C,
    0xFF, 0x3E, 0x70, 0x3C, 0x0E, 0x20, 0x38, 0x07, 0x00, 0x38, 0x07, 0x00, 0x38, 0x07, 0x1F, 0xFF,
    0xFF, 0x7F, 0xFF, 0xFF, 0xF0, 0x38, 0x00, 0xE0, 0x38, 0x00, 0xE0, 0x38, 0x04, 0xE0, 0x7C, 0x0F,
    0xF9, 0xEF, 0x3E, 0x7F, 0xC7, 0xFC, 0x1F, 0x03, 0xF8, 0x00, 0x18, 0x00, 0x07, 0x00, 0x01, 0xC0,
    0x00, 0x30, 0x00, 0x04, 0x00, 0x00, 0x00, 0x00, 0x00, 0x00, 0x1F, 0xCE, 0x0F, 0xFF, 0xC3, 0xE3,
    0xF0, 0xF0, 0x1E, 0x3C, 0x07, 0xE7, 0x00, 0xFD, 0xC0, 0x39, 0xF8, 0x0E, 0x3F, 0x03, 0x87, 0xE0,
    0x70, 0xFC, 0x1C, 0x1F, 0x87, 0x03, 0xF0, 0xE0, 0x7E, 0x38, 0x0F, 0xCE, 0x01, 0xDF, 0x80, 0x73,
    0xF0, 0x1E, 0x3C, 0x07, 0x87, 0xE3, 0xE1, 0xFF, 0xF8, 0x39, 0xFC, 0x00, 0x00, 0x00, 0x00, 0x70,
    0x00, 0x70, 0x00, 0xE0, 0x00, 0xC0, 0x01, 0xC0, 0x00, 0x00, 0x00, 0x00, 0x07, 0xE7, 0x0F, 0xFE,
    0x1E, 0x7E, 0x38, 0x1E, 0x38, 0x3E, 0x70, 0x7E, 0x70, 0xE7, 0x71, 0xC7, 0x71, 0x87, 0x73, 0x87,
    0x77, 0x0E, 0x3E, 0x0E, 0x3C, 0x1E, 0x3E, 0x7C, 0x7F, 0xF8, 0x67, 0xE0, 0x00, 0x00, 0x1C, 0x70,
    0x01, 0xCE, 0x00, 0x18, 0xC0, 0x01, 0x9C, 0x00, 0x00, 0x00, 0x00, 0x00, 0x00, 0x38, 0x00, 0x0F,
    0x80, 0x01, 0xF0, 0x00, 0x76, 0x00, 0x0E, 0xE0, 0x01, 0xDC, 0x00, 0x71, 0xC0, 0x0E, 0x38, 0x01,
    0xC7, 0x00, 0x70, 0x70, 0x0E, 0x0E, 0x01, 0x81, 0xC0, 0x70, 0x3C, 0x0F, 0xFF, 0x83, 0xFF, 0xF8,
    0x70, 0x07, 0x0E, 0x00, 0xE3, 0x80, 0x0E, 0x70, 0x01, 0xCE, 0x00, 0x3B, 0x80, 0x03, 0x80, 0xE3,
    0x83, 0x9C, 0x0E, 0x70, 0x31, 0x80, 0x00, 0x00, 0x00, 0x3F, 0x07, 0xFE, 0x7C, 0xF3, 0x81, 0xC0,
    0x0E, 0x00, 0x70, 0x0F, 0x8F, 0xFD, 0xFE, 0xFE, 0x07, 0xE0, 0x3F, 0x01, 0xF8, 0x1F, 0xF3, 0xF7,
    0xFF, 0x8F, 0x9C, 0x01, 0xF0, 0x00, 0x7F, 0x00, 0x0E, 0xF0, 0x03, 0x06, 0x00, 0x60, 0xC0, 0x00,
    0x00, 0x00, 0x00, 0x00, 0x07, 0x00, 0x01, 0xF0, 0x00, 0x3E, 0x00, 0x0E, 0xC0, 0x01, 0xDC, 0x00,
    0x3B, 0x80, 0x0E, 0x38, 0x01, 0xC7, 0x00, 0x38, 0xE0, 0x0E, 0x0E, 0x01, 0xC1, 0xC0, 0x30, 0x38,
    0x0F, 0x07, 0x81, 0xFF, 0xF0, 0x7F, 0xFF, 0x0E, 0x00, 0xE1, 0xC0, 0x1C, 0x70, 0x01, 0xCE, 0x00,
    0x39, 0xC0, 0x07, 0x70, 0x00, 0x70, 0x0F, 0x80, 0xFE, 0x07, 0x78, 0x60, 0xC3, 0x06, 0x00, 0x00,
    0x00, 0x01, 0xF8, 0x3F, 0xF3, 0xE7, 0x9C, 0x0E, 0x00, 0x70, 0x03, 0x80, 0x7C, 0x7F, 0xEF, 0xF7,
    0xF0, 0x3F, 0x01, 0xF8, 0x0F, 0xC0, 0xFF, 0x9F, 0xBF, 0xFC, 0x7C, 0xE0, 0xE7, 0x03, 0x9C, 0x0C,
    0x60, 0x33, 0x80, 0x00, 0x00, 0x03, 0xFF, 0xFF, 0xFF, 0xE0, 0x07, 0x00, 0x38, 0x01, 0xC0, 0x0E,
    0x00, 0x70, 0x03, 0x80, 0x1F, 0xFE, 0xFF, 0xF7, 0x00, 0x38, 0x01, 0xC0, 0x0E, 0x00, 0x70, 0x03,
    0x80, 0x1C, 0x00, 0xE0, 0x07, 0xFF, 0xFF, 0xFE, 0x73, 0x80, 0xC6, 0x03, 0x9C, 0x07, 0x30, 0x00,
    0x00, 0x00, 0x00, 0xFC, 0x07, 0xFC, 0x3C, 0xF9, 0xC0, 0xE6, 0x01, 0xF8, 0x07, 0xE0, 0x1F, 0xFF,
    0xFF, 0xFF, 0xF8, 0x00, 0xE0, 0x03, 0x80, 0x07, 0x03, 0xCF, 0x1E, 0x1F, 0xF0, 0x3F, 0x80, 0x0F,
    0x80, 0xFE, 0x0F, 0x78, 0x60, 0xC3, 0x06, 0x00, 0x00, 0x00, 0x1F, 0xFF, 0xFF, 0xFF, 0x00, 0x38,
    0x01, 0xC0, 0x0E, 0x00, 0x70, 0x03, 0x80, 0x1C, 0x00, 0xFF, 0xF7, 0xFF, 0xB8, 0x01, 0xC0, 0x0E,
    0x00, 0x70, 0x03, 0x80, 0x1C, 0x00, 0xE0, 0x07, 0x00, 0x3F, 0xFF, 0xFF, 0xF0, 0x07, 0xC0, 0x3F,
    0x81, 0xEE, 0x06, 0x0C, 0x18, 0x30, 0x00, 0x00, 0x00, 0x03, 0xF0, 0x1F, 0xF0, 0xF3, 0xE7, 0x03,
    0x98, 0x07, 0xE0, 0x1F, 0x80, 0x7F, 0xFF, 0xFF, 0xFF, 0xE0, 0x03, 0x80, 0x06, 0x00, 0x1C, 0x07,
    0x3E, 0x78, 0x7F, 0xC0, 0xFE, 0x00, 0x73, 0x87, 0x38, 0x63, 0x0E, 0x70, 0x00, 0x00, 0x00, 0xE0,
    0x1C, 0x03, 0x80, 0x70, 0x0E, 0x01, 0xC0, 0x38, 0x07, 0x00, 0xE0, 0x1C, 0x03, 0x80, 0x70, 0x0E,
    0x01, 0xC0, 0x38, 0x07, 0x00, 0xE0, 0x1C, 0x03, 0x80, 0x70, 0x0E, 0x00, 0x73, 0x87, 0x38, 0x63,
    0x0E, 0x70, 0x00, 0x00, 0x00, 0xE0, 0x1C, 0x03, 0x80, 0x70, 0x0E, 0x01, 0xC0, 0x38, 0x07, 0x00,
    0xE0, 0x1C, 0x03, 0x80, 0x70, 0x0E, 0x01, 0xC0, 0x38, 0x07, 0x00, 0x3E, 0x3F, 0xBD, 0xD8, 0x3C,
    0x18, 0x00, 0x00, 0x38, 0x1C, 0x0E, 0x07, 0x03, 0x81, 0xC0, 0xE0, 0x70, 0x38, 0x1C, 0x0E, 0x07,
    0x03, 0x81, 0xC0, 0xE0, 0x70, 0x38, 0x1C, 0x0E, 0x07, 0x03, 0x80, 0x00, 0x1F, 0x1F, 0xDC, 0x7C,
    0x18, 0x00, 0x00, 0x38, 0x1C, 0x0E, 0x07, 0x03, 0x81, 0xC0, 0xE0, 0x70, 0x38, 0x1C, 0x0E, 0x07,
    0x03, 0x81, 0xC0, 0xE0, 0x70, 0x1C, 0x70, 0x01, 0xCE, 0x00, 0x18, 0xC0, 0x01, 0x9C, 0x00, 0x00,
    0x00, 0x00, 0x00, 0x00, 0xFE, 0x00, 0x7F, 0xF0, 0x1F, 0x1F, 0x07, 0x80, 0xF1, 0xE0, 0x0F, 0x38,
    0x00, 0xEE, 0x00, 0x0F, 0xC0, 0x01, 0xF8, 0x00, 0x3F, 0x00, 0x07, 0xE0, 0x00, 0xFC, 0x00, 0x1F,
    0x80, 0x03, 0xF0, 0x00, 0x7E, 0x00, 0x0E, 0xE0, 0x03, 0x9E, 0x00, 0xF1, 0xE0, 0x3C, 0x1F, 0x1F,
    0x01, 0xFF, 0xC0, 0x0F, 0xE0, 0x00, 0x73, 0x80, 0x73, 0x80, 0x63, 0x00, 0xE7, 0x00, 0x00, 0x00,
    0x00, 0x03, 0xF0, 0x0F, 0xF8, 0x3C, 0xF8, 0xE0, 0x79, 0xC0, 0x77, 0x00, 0xEE, 0x00, 0xFC, 0x01,
    0xF8, 0x03, 0xF0, 0x07, 0xE0, 0x1C, 0xE0, 0x39, 0xC0, 0xF1, 0xE7, 0xC1, 0xFF, 0x01, 0xF8, 0x00,
    0x01, 0xF0, 0x00, 0x7F, 0x00, 0x0E, 0xE0, 0x03, 0x06, 0x00, 0x60, 0xC0, 0x00, 0x00, 0x00, 0x00,
    0x00, 0x1F, 0xC0, 0x0F, 0xFE, 0x03, 0xE3, 0xE0, 0xF0, 0x1E, 0x3C, 0x01, 0xE7, 0x00, 0x1D, 0xC0,
    0x01, 0xF8, 0x00, 0x3F, 0x00, 0x07, 0xE0, 0x00, 0xFC, 0x00, 0x1F, 0x80, 0x03, 0xF0, 0x00, 0x7E,
    0x00, 0x0F, 0xC0, 0x01, 0xDC, 0x00, 0x73, 0xC0, 0x1E, 0x3C, 0x07, 0x83, 0xE3, 0xE0, 0x3F, 0xF8,
    0x01, 0xFC, 0x00, 0x07, 0xC0, 0x1F, 0xC0, 0x7B, 0x80, 0xC1, 0x81, 0x83, 0x00, 0x00, 0x00, 0x00,
    0x07, 0xE0, 0x1F, 0xF0, 0x79, 0xF1, 0xC0, 0xF3, 0x80, 0xEE, 0x01, 0xDC, 0x01, 0xF8, 0x03, 0xF0,
    0x07, 0xE0, 0x0F, 0xC0, 0x39, 0xC0, 0x73, 0x81, 0xE3, 0xCF, 0x83, 0xFE, 0x03, 0xF0, 0x00, 0xE3,
    0x80, 0x73, 0x80, 0x39, 0xC0, 0x18, 0xC0, 0x00, 0x00, 0x00, 0x00, 0xFF, 0xE0, 0xFF, 0xF8, 0xE0,
    0x78, 0xE0, 0x1C, 0xE0, 0x1C, 0xE0, 0x0E, 0xE0, 0x0E, 0xE0, 0x0E, 0xE0, 0x0C, 0xE0, 0x1C, 0xE0,
    0x7C, 0xFF, 0xF8, 0xFF, 0xE0, 0xE0, 0xE0, 0xE0, 0x70, 0xE0, 0x70, 0xE0, 0x38, 0xE0, 0x3C, 0xE0,
    0x1C, 0xE0, 0x1E, 0xE0, 0x0E, 0x73, 0x87, 0x18, 0x39, 0xC1, 0x8C, 0x00, 0x00, 0x00, 0x1C, 0xE1,
    0xFE, 0x1F, 0x81, 0xE0, 0x1C, 0x01, 0xC0, 0x1C, 0x01, 0xC0, 0x1C, 0x01, 0xC0, 0x1C, 0x01, 0xC0,
    0x1C, 0x01, 0xC0, 0x1C, 0x01, 0xC0, 0x0F, 0x80, 0x1F, 0xC0, 0x1D, 0xE0, 0x30, 0x60, 0x30, 0x60,
    0x00, 0x00, 0x00, 0x00, 0xFF, 0xE0, 0xFF, 0xF8, 0xE0, 0x78, 0xE0, 0x1C, 0xE0, 0x1C, 0xE0, 0x0E,
    0xE0, 0x0E, 0xE0, 0x0E, 0xE0, 0x0C, 0xE0, 0x1C, 0xE0, 0x7C, 0xFF, 0xF8, 0xFF, 0xE0, 0xE0, 0xE0,
    0xE0, 0xF0, 0xE0, 0x70, 0xE0, 0x38, 0xE0, 0x38, 0xE0, 0x1C, 0xE0, 0x1E, 0xE0, 0x0E, 0x00, 0x1F,
    0x1F, 0xDC, 0x7C, 0x18, 0x00, 0x01, 0xCF, 0xEF, 0xFE, 0x3C, 0x1C, 0x0E, 0x07, 0x03, 0x81, 0xC0,
    0xE0, 0x70, 0x38, 0x1C, 0x0E, 0x07, 0x03, 0x80, 0x39, 0xC0, 0x0E, 0x70, 0x03, 0x18, 0x01, 0xCE,
    0x00, 0x00, 0x00, 0x00, 0x00, 0x00, 0x01, 0xC0, 0x07, 0xE0, 0x03, 0xF0, 0x01, 0xF8, 0x00, 0xFC,
    0x00, 0x7E, 0x00, 0x3F, 0x00, 0x1F, 0x80, 0x0F, 0xC0, 0x07, 0xE0, 0x03, 0xF0, 0x01, 0xF8, 0x00,
    0xFC, 0x00, 0x7E, 0x00, 0x3F, 0x00, 0x1F, 0x80, 0x0D, 0xE0, 0x0E, 0x78, 0x0F, 0x1F, 0x1F, 0x07,
    0xFF, 0x00, 0xFE, 0x00, 0x73, 0x80, 0xE7, 0x01, 0x8C, 0x03, 0x30, 0x00, 0x00, 0x00, 0x07, 0x01,
    0xDC, 0x07, 0x70, 0x1D, 0xC0, 0x77, 0x01, 0xDC, 0x07, 0x70, 0x1D, 0xC0, 0x77, 0x01, 0xDC, 0x07,
    0x70, 0x1D, 0xC0, 0xF7, 0x83, 0xCF, 0x3F, 0x3F, 0xDC, 0x3E, 0x70, 0x00, 0x00, 0x01, 0xF0, 0x01,
    0xFC, 0x01, 0xC7, 0x00, 0xC1, 0x80, 0x60, 0xC0, 0x00, 0x00, 0x00, 0x00, 0xE0, 0x03, 0xF0, 0x01,
    0xF8, 0x00, 0xFC, 0x00, 0x7E, 0x00, 0x3F, 0x00, 0x1F, 0x80, 0x0F, 0xC0, 0x07, 0xE0, 0x03, 0xF0,
    0x01, 0xF8, 0x00, 0xFC, 0x00, 0x7E, 0x00, 0x3F, 0x00, 0x1F, 0x80, 0x0F, 0xC0, 0x06, 0xF0, 0x07,
    0x3C, 0x07, 0x8F, 0x8F, 0x83, 0xFF, 0x80, 0x7F, 0x00, 0x0F, 0x80, 0xFE, 0x0F, 0x70, 0x60, 0xC3,
    0x06, 0x00, 0x00, 0x00, 0x1C, 0x07, 0xE0, 0x3F, 0x01, 0xF8, 0x0F, 0xC0, 0x7E, 0x03, 0xF0, 0x1F,
    0x80, 0xFC, 0x07, 0xE0, 0x3F, 0x01, 0xF8, 0x1F, 0xE0, 0xF7, 0x9F, 0xBF, 0xDC, 0x7C, 0xE0, 0x07,
    0xF0, 0x1F, 0xF8, 0x3E, 0x7C, 0x78, 0x0E, 0x70, 0x0E, 0x70, 0x06, 0x70, 0x00, 0x78, 0x00, 0x3E,
    0x00, 0x1F, 0xC0, 0x0F, 0xF8, 0x00, 0xFC, 0x00, 0x1E, 0x00, 0x0E, 0x00, 0x07, 0x60, 0x07, 0x70,
    0x07, 0x70, 0x0E, 0x3E, 0x7C, 0x1F, 0xF8, 0x0F, 0xF0, 0x00, 0x00, 0x03, 0x80, 0x03, 0x80, 0x03,
    0x00, 0x03, 0x00, 0x03, 0x00, 0x0F, 0xC1, 0xFF, 0x1F, 0x3C, 0xE0, 0x77, 0x00, 0x38, 0x01, 0xF0,
    0x07, 0xF8, 0x0F, 0xF0, 0x07, 0xC0, 0x0E, 0x40, 0x77, 0x03, 0xBE, 0x78, 0xFF, 0xC3, 0xF8, 0x00,
    0x00, 0x38, 0x01, 0xC0, 0x0C, 0x00, 0x60, 0x07, 0x00, 0xFF, 0xFF, 0xFF, 0xFF, 0x01, 0xC0, 0x01,
    0xC0, 0x01, 0xC0, 0x01, 0xC0, 0x01, 0xC0, 0x01, 0xC0, 0x01, 0xC0, 0x01, 0xC0, 0x01, 0xC0, 0x01,
    0xC0, 0x01, 0xC0, 0x01, 0xC0, 0x01, 0xC0, 0x01, 0xC0, 0x01, 0xC0, 0x01, 0xC0, 0x01, 0xC0, 0x01,
    0xC0, 0x01, 0xC0, 0x00, 0x00, 0x00, 0x00, 0x01, 0x80, 0x01, 0x80, 0x03, 0x80, 0x03, 0x00, 0x03,
    0x00, 0x1C, 0x07, 0x01, 0xC0, 0x70, 0xFF, 0xBF, 0xE1, 0xC0, 0x70, 0x1C, 0x07, 0x01, 0xC0, 0x70,
    0x1C, 0x07, 0x01, 0xC0, 0x70, 0x1C, 0x07, 0x80, 0xF8, 0x1E, 0x00, 0x00, 0x00, 0xE0, 0x38, 0x0C,
    0x07, 0x01, 0x80, 0x0F, 0xC0, 0x7F, 0xE1, 0xF3, 0xE7, 0x81, 0xEE, 0x01, 0xC0, 0x03, 0x80, 0x07,
    0x00, 0x0E, 0x00, 0x1C, 0x00, 0x70, 0x01, 0xC0, 0x0F, 0xC0, 0x7F, 0xC7, 0xF3, 0x9F, 0x83, 0xB8,
    0x07, 0x00, 0x0E, 0x00, 0x1C, 0x00, 0x30, 0x00, 0xE0, 0x03, 0xC0, 0x0F, 0x00, 0x3C, 0x03, 0xF0,
    0x7F, 0x80, 0xFC, 0x01, 0xC0, 0x00, 0x00, 0x00, 0x1F, 0x87, 0xFC, 0x79, 0xEE, 0x07, 0xE0, 0x70,
    0x07, 0x00, 0xE0, 0x0E, 0x01, 0xC0, 0x7E, 0x3F, 0xF7, 0xC7, 0x60, 0x70, 0x07, 0x00, 0x70, 0x07,
    0x00, 0xE0, 0x1E, 0x07, 0xC3, 0xF8, 0x7E, 0x07, 0x00, 0x0C, 0x38, 0x07, 0x38, 0x01, 0xD8, 0x00,
    0x7C, 0x00, 0x18, 0x00, 0x00, 0x00, 0x00, 0x01, 0xC0, 0x07, 0xE0, 0x03, 0xF0, 0x01, 0xF8, 0x00,
    0xFC, 0x00, 0x7E, 0x00, 0x3F, 0x00, 0x1F, 0x80, 0x0F, 0xC0, 0x07, 0xFF, 0xFF, 0xFF, 0xFF, 0xF8,
    0x00, 0xFC, 0x00, 0x7E, 0x00, 0x3F, 0x00, 0x1F, 0x80, 0x0F, 0xC0, 0x07, 0xE0, 0x03, 0xF0, 0x01,
    0xF8, 0x00, 0xFC, 0x00, 0x70, 0x61, 0x80, 0x39, 0xC0, 0x0E, 0xC0, 0x03, 0xC0, 0x00, 0xC0, 0x00,
    0x00, 0x00, 0x00, 0x00, 0x1C, 0x00, 0x0E, 0x00, 0x07, 0x00, 0x03, 0x80, 0x01, 0xC0, 0x00, 0xE7,
    0xC0, 0x7F, 0xF0, 0x3F, 0x7C, 0x1E, 0x0E, 0x0E, 0x03, 0x87, 0x01, 0xC3, 0x80, 0xE1, 0xC0, 0x70,
    0xE0, 0x38, 0x70, 0x1C, 0x38, 0x0E, 0x1C, 0x07, 0x0E, 0x03, 0x87, 0x01, 0xC3, 0x80, 0xE1, 0xC0,
    0x70, 0xE3, 0x8C, 0x70, 0x38, 0xC7, 0x18, 0x1E, 0x0F, 0xC3, 0x31, 0x86, 0x00, 0x3D, 0xFF, 0xD9,
    0xE0, 0x00, 0xFF, 0xFF, 0xC3, 0xE7, 0x7E, 0x3C, 0xFF, 0xF0, 0xE3, 0xF1, 0xF8, 0xE0, 0xF7, 0x8C,
    0x62, 0x00, 0x00, 0x7E, 0xFE, 0xE7, 0xC3, 0xE7, 0x7E, 0x3C, 0x61, 0x8C, 0xE3, 0xF0, 0x78, 0xE3,
    0x8E, 0x70, 0xE7, 0x0C, 0x60, 0x39, 0xCE, 0x73, 0x39, 0xCC, 0x00, 0x39, 0xCE, 0x73, 0x39, 0xCC,
    0x00, 0x39, 0xCC, 0xE6, 0x30, 0xFF, 0xF0, 0x39, 0xCC, 0xE7, 0x10, 0x61, 0x87, 0x83, 0x0D, 0xE0,
    0x00, 0x31, 0xCE, 0x38, 0xEB, 0xF7, 0xC0, 0x61, 0x8C, 0xE3, 0xF0, 0x78, 0x00, 0x30, 0x03, 0x80,
    0x18, 0x01, 0xC0, 0x0C, 0x00, 0xE0, 0x06, 0x00, 0x70, 0x03, 0x00, 0x38, 0x01, 0x80, 0x1C, 0x00,
    0xC0, 0x0E, 0x00, 0x60, 0x07, 0x00, 0x30, 0x03, 0x80, 0x18, 0x00, 0x00, 0x03, 0x00, 0x01, 0x80,
    0x01, 0x80, 0x00, 0x80, 0x00, 0xC0, 0x00, 0xC0, 0x00, 0x60, 0x00, 0x60, 0x00, 0x60, 0x00, 0x30,
    0x00, 0x30, 0x00, 0x10, 0x00, 0x18, 0x00, 0x18, 0x00, 0x0C, 0x00, 0x0C, 0x00, 0x0C, 0x00, 0x06,
    0x00, 0x06, 0x00, 0x03, 0x00, 0x03, 0x00, 0x03, 0x00, 0x01, 0x80, 0x00, 0x00, 0x3D, 0xFF, 0xD9,
    0xE0, 0x73, 0x9C, 0xC6, 0x00, 0x00, 0x3F, 0xFF, 0xFF, 0x87, 0xE1, 0xF8, 0x7C, 0x0C, 0xFF, 0xFF,
    0x00, 0x00, 0xFF, 0xFF, 0xEF, 0xDF, 0xBF, 0x7E, 0xFD, 0xC0, 0x01, 0xFF, 0xF8, 0x70, 0xE1, 0xC3,
    0x00, 0x00, 0x01, 0xA7, 0xFF, 0xFF, 0xCF, 0x82, 0x00, 0x00, 0x0E, 0x03, 0x80, 0xE1, 0xE3, 0x7D,
    0xFB, 0xEC, 0x78, 0x38, 0x0E, 0x03, 0x80, 0x00, 0x0F, 0x1F, 0xFF, 0x63, 0xC7, 0x8F, 0xFF, 0xBB,
    0xE0, 0x18, 0x80, 0x86, 0x0C, 0x18, 0xFF, 0xE7, 0x06, 0x18, 0x30, 0x63, 0x00, 0x00, 0x21, 0xF7,
    0xB9, 0x22, 0x04, 0x00, 0x00, 0x1C, 0x03, 0xE0, 0x3F, 0x80, 0xFC, 0x07, 0xC1, 0xF9, 0xFC, 0xFC,
    0x1E, 0x02, 0x00, 0x00, 0x7B, 0x66, 0x00, 0x00, 0x1F, 0x1F, 0xDC, 0x7E, 0x3E, 0x0C, 0x70, 0x38,
    0x1C, 0x00, 0x00, 0x66, 0x7E, 0x3C, 0x3C, 0x7E, 0x66, 0x00, 0x03, 0x1E, 0xF8, 0xE0, 0x7C, 0x0F,
    0x00, 0xC0, 0xF0, 0x3E, 0x0F, 0x7C, 0xF0, 0x80, 0x00, 0x11, 0xC0, 0x71, 0xF0, 0xE0, 0x7B, 0x41,
    0xE6, 0xDF, 0x19, 0xB0, 0x31, 0x80, 0x00, 0x0E, 0xE7, 0x37, 0xEC, 0xFF, 0xF0, 0x10, 0x23, 0xF1,
    0xC3, 0x8D, 0x80, 0x00, 0x7B, 0xCE, 0xF6, 0xC6, 0x3C, 0x63, 0xEF, 0x77, 0xFE, 0x00, 0x00, 0x21,
    0x86, 0x1F, 0xF8, 0x61, 0x84, 0xC0, 0x00, 0x33, 0x80, 0x07, 0x0F, 0xC3, 0xF0, 0x3F, 0xFF, 0x00,
    0x3F, 0xC0, 0x00, 0xC0, 0x00, 0x33, 0x80, 0x07, 0x0F, 0xC3, 0xF0, 0x3F, 0xFF, 0x00, 0x3F, 0xC0,
    0x00, 0x00, 0x00, 0x7F, 0xFF, 0xFF, 0xFF, 0xE0, 0x00, 0x00, 0x7F, 0xFF, 0xFF, 0xFF, 0xE0, 0x00,
    0x00, 0x00, 0x23, 0xFF, 0xFF, 0x0F, 0x7F, 0xFF, 0xFF, 0xE6, 0x00, 0xFF, 0xFC, 0x00, 0x00, 0x00,
    0x00, 0x00, 0x00, 0x00, 0x3F, 0xF0, 0x07, 0xFF, 0xE0, 0x7C, 0x0F, 0x87, 0x00, 0x0E, 0x60, 0x00,
    0x18, 0x00, 0x01, 0xC0, 0x00, 0x03, 0x80, 0x00, 0x03, 0x3F, 0xFF, 0xFE, 0x00, 0x00, 0x78, 0x00,
    0x03, 0x80, 0x00, 0x1C, 0x00, 0x3C, 0x7E, 0xE6, 0x06, 0x7E, 0xC6, 0xCE, 0x7E, 0x00, 0x3C, 0xFF,
    0x1F, 0xFC, 0x18, 0x9F, 0x9E, 0xF3, 0xFF, 0xFC, 0x3C, 0x7E, 0xE7, 0xC3, 0xC3, 0xC7, 0x7E, 0x3C,
    0xC7, 0x8F, 0x1E, 0x3C, 0x78, 0xF3, 0xBF, 0x00, 0x3C, 0xFF, 0x1E, 0x0C, 0x18, 0xDF, 0x9E, 0x06,
    0x0C, 0x19, 0xF7, 0xFD, 0xF1, 0xE3, 0xC7, 0xDD, 0xF8, 0x00, 0xC1, 0x83, 0x07, 0xEF, 0xF8, 0xF1,
    0xE3, 0xC7, 0x8F, 0x18, 0xFD, 0xEE, 0xF7, 0xC6, 0x3C, 0x63, 0xC6, 0x3C, 0x63, 0xC6, 0x3C, 0x63,
    0xFF, 0xF9, 0x8C, 0x63, 0x18, 0x30, 0xCF, 0xDE, 0x30, 0xC3, 0x0C, 0x3C, 0x70, 0xE7, 0x66, 0x66,
    0x7E, 0x3C, 0x3C, 0x38, 0x18, 0xE6, 0x6E, 0x3C, 0x38, 0x38, 0x7C, 0x6E, 0xE6, 0x1C, 0x00, 0x60,
    0x03, 0x80, 0x0C, 0x00, 0x00, 0x00, 0x03, 0xFF, 0xFF, 0xFF, 0xE0, 0x07, 0x00, 0x38, 0x01, 0xC0,
    0x0E, 0x00, 0x70, 0x03, 0x80, 0x1F, 0xFE, 0xFF, 0xF7, 0x00, 0x38, 0x01, 0xC0, 0x0E, 0x00, 0x70,
    0x03, 0x80, 0x1C, 0x00, 0xE0, 0x07, 0xFF, 0xFF, 0xFE, 0x38, 0xE1, 0xC7, 0x0E, 0x38, 0x00, 0x00,
    0x00, 0x00, 0x03, 0xFF, 0xFF, 0xFF, 0xE0, 0x07, 0x00, 0x38, 0x01, 0xC0, 0x0E, 0x00, 0x70, 0x03,
    0x80, 0x1F, 0xFE, 0xFF, 0xF7, 0x00, 0x38, 0x01, 0xC0, 0x0E, 0x00, 0x70, 0x03, 0x80, 0x1C, 0x00,
    0xE0, 0x07, 0xFF, 0xFF, 0xFE, 0xFF, 0xFF, 0x03, 0xFF, 0xFC, 0x00, 0x1C, 0x00, 0x00, 0x70, 0x00,
    0x01, 0xC0, 0x00, 0x07, 0x00, 0x00, 0x1C, 0x00, 0x00, 0x70, 0x00, 0x01, 0xDF, 0x80, 0x07, 0xFF,
    0x80, 0x1F, 0x9F, 0x00, 0x78, 0x1E, 0x01, 0xC0, 0x38, 0x07, 0x00, 0x70, 0x1C, 0x01, 0xC0, 0x70,
    0x07, 0x01, 0xC0, 0x1C, 0x07, 0x00, 0xE0, 0x1C, 0x03, 0x80, 0x70, 0x3C, 0x01, 0xC7, 0xE0, 0x00,
    0x1F, 0x00, 0x00, 0x00, 0x00, 0x00, 0xC0, 0x0E, 0x00, 0xE0, 0x06, 0x00, 0x70, 0x00, 0x00, 0x00,
    0x1F, 0xFF, 0xFF, 0xFF, 0x00, 0x38, 0x01, 0xC0, 0x0E, 0x00, 0x70, 0x03, 0x80, 0x1C, 0x00, 0xE0,
    0x07, 0x00, 0x38, 0x01, 0xC0, 0x0E, 0x00, 0x70, 0x03, 0x80, 0x1C, 0x00, 0xE0, 0x07, 0x00, 0x38,
    0x01, 0xC0, 0x00, 0x03, 0xF8, 0x03, 0xFF, 0x81, 0xF1, 0xF0, 0xF0, 0x1E, 0x78, 0x03, 0x9C, 0x00,
    0x7E, 0x00, 0x03, 0x80, 0x00, 0xE0, 0x00, 0x3F, 0xFC, 0x0F, 0xFF, 0x03, 0x80, 0x00, 0xE0, 0x00,
    0x38, 0x00, 0x0E, 0x00, 0x1D, 0xC0, 0x07, 0x78, 0x03, 0x8F, 0x01, 0xE1, 0xF1, 0xF0, 0x3F, 0xF8,
    0x03, 0xF8, 0x00, 0x07, 0xF0, 0x1F, 0xF8, 0x3E, 0x7C, 0x78, 0x0E, 0x70, 0x0E, 0x70, 0x06, 0x70,
    0x00, 0x78, 0x00, 0x3E, 0x00, 0x1F, 0xC0, 0x0F, 0xF8, 0x00, 0xFC, 0x00, 0x1E, 0x00, 0x0E, 0x00,
    0x07, 0x60, 0x07, 0x70, 0x07, 0x70, 0x0E, 0x3E, 0x7C, 0x1F, 0xF8, 0x0F, 0xF0, 0xFF, 0xFF, 0xFF,
    0xFF, 0xFF, 0xFF, 0xFF, 0xFE, 0xE3, 0xF1, 0xF8, 0xE0, 0x00, 0x00, 0x00, 0x70, 0x38, 0x1C, 0x0E,
    0x07, 0x03, 0x81, 0xC0, 0xE0, 0x70, 0x38, 0x1C, 0x0E, 0x07, 0x03, 0x81, 0xC0, 0xE0, 0x70, 0x38,
    0x1C, 0x0E, 0x07, 0x00, 0x00, 0x38, 0x01, 0xC0, 0x0E, 0x00, 0x70, 0x03, 0x80, 0x1C, 0x00, 0xE0,
    0x07, 0x00, 0x38, 0x01, 0xC0, 0x0E, 0x00, 0x70, 0x03, 0x80, 0x1F, 0x80, 0xFC, 0x07, 0xE0, 0x3F,
    0x83, 0x9E, 0x7C, 0x7F, 0xC1, 0xF8, 0x00, 0x07, 0xFF, 0xC0, 0x00, 0x1F, 0xFF, 0x00, 0x00, 0x70,
    0x1C, 0x00, 0x01, 0xC0, 0x70, 0x00, 0x06, 0x01, 0xC0, 0x00, 0x18, 0x07, 0x00, 0x00, 0x60, 0x1C,
    0x00, 0x03, 0x80, 0x70, 0x00, 0x0E, 0x01, 0xFF, 0xC0, 0x38, 0x07, 0xFF, 0xC0, 0xE0, 0x1C, 0x0F,
    0x83, 0x80, 0x70, 0x0E, 0x0E, 0x01, 0xC0, 0x1C, 0x38, 0x07, 0x00, 0x70, 0xE0, 0x1C, 0x01, 0xC3,
    0x80, 0x70, 0x07, 0x0C, 0x01, 0xC0, 0x1C, 0x70, 0x07, 0x00, 0xE3, 0xC0, 0x1C, 0x0F, 0xBE, 0x00,
    0x7F, 0xFC, 0xF0, 0x01, 0xFF, 0xC0, 0xE0, 0x03, 0x80, 0x07, 0x00, 0x1C, 0x00, 0x38, 0x00, 0xE0,
    0x01, 0xC0, 0x07, 0x00, 0x0E, 0x00, 0x38, 0x00, 0x70, 0x01, 0xC0, 0x03, 0x80, 0x0E, 0x00, 0x1C,
    0x00, 0x70, 0x00, 0xFF, 0xFF, 0xFF, 0x87, 0xFF, 0xFF, 0xFF, 0x38, 0x00, 0xE0, 0x79, 0xC0, 0x07,
    0x00, 0xEE, 0x00, 0x38, 0x03, 0x70, 0x01, 0xC0, 0x1F, 0x80, 0x0E, 0x00, 0xFC, 0x00, 0x70, 0x07,
    0xE0, 0x03, 0x80, 0x77, 0x00, 0x1C, 0x03, 0xB8, 0x00, 0xE0, 0x79, 0xC0, 0x07, 0xFF, 0x8E, 0x00,
    0x3F, 0xF8, 0x00, 0xFF, 0xFF, 0xC1, 0xFF, 0xFF, 0x80, 0x07, 0x00, 0x00, 0x0E, 0x00, 0x00, 0x1C,
    0x00, 0x00, 0x38, 0x00, 0x00, 0x70, 0x00, 0x00, 0xE0, 0x00, 0x01, 0xCF, 0xE0, 0x03, 0xFF, 0xF0,
    0x07, 0xF3, 0xF0, 0x0F, 0x00, 0xE0, 0x1C, 0x01, 0xC0, 0x38, 0x01, 0xC0, 0x70, 0x03, 0x80, 0xE0,
    0x07, 0x01, 0xC0, 0x0E, 0x03, 0x80, 0x1C, 0x07, 0x00, 0x38, 0x0E, 0x00, 0x70, 0x1C, 0x00, 0xE0,
    0x00, 0xC0, 0x00, 0xE0, 0x00, 0x70, 0x00, 0x30, 0x00, 0x30, 0x00, 0x00, 0x00, 0x00, 0x01, 0xC0,
    0x1C, 0xE0, 0x1E, 0x70, 0x1E, 0x38, 0x0E, 0x1C, 0x0E, 0x0E, 0x0F, 0x07, 0x0F, 0x03, 0x87, 0x01,
    0xC7, 0x00, 0xFF, 0x00, 0x7F, 0x80, 0x38, 0xE0, 0x1C, 0x78, 0x0E, 0x1E, 0x07, 0x07, 0x03, 0x81,
    0xC1, 0xC0, 0xF0, 0xE0, 0x3C, 0x70, 0x0E, 0x38, 0x03, 0x9C, 0x01, 0xE0, 0x07, 0x00, 0x01, 0x80,
    0x00, 0xE0, 0x00, 0x30, 0x00, 0x00, 0x00, 0x00, 0x03, 0x80, 0x1F, 0xC0, 0x0F, 0xE0, 0x0F, 0xF0,
    0x0F, 0xF8, 0x07, 0xFC, 0x07, 0x7E, 0x07, 0xBF, 0x03, 0x9F, 0x83, 0x8F, 0xC1, 0xC7, 0xE1, 0xC3,
    0xF1, 0xC1, 0xF8, 0xE0, 0xFC, 0xE0, 0x7E, 0xE0, 0x3F, 0x70, 0x1F, 0xF0, 0x0F, 0xF8, 0x07, 0xF8,
    0x03, 0xF8, 0x01, 0xFC, 0x00, 0xE0, 0x06, 0x18, 0x01, 0x86, 0x00, 0x73, 0x80, 0x0F, 0xC0, 0x01,
    0xE0, 0x00, 0x00, 0x00, 0x00, 0x01, 0xC0, 0x0E, 0x70, 0x03, 0x8E, 0x01, 0xC3, 0x80, 0x70, 0x70,
    0x1C, 0x1C, 0x0E, 0x07, 0x83, 0x80, 0xE1, 0xC0, 0x38, 0x70, 0x07, 0x18, 0x01, 0xCE, 0x00, 0x33,
    0x80, 0x0E, 0xC0, 0x01, 0xF0, 0x00, 0x78, 0x00, 0x0E, 0x00, 0x03, 0x80, 0x01, 0xC0, 0x00, 0xF0,
    0x01, 0xF8, 0x00, 0x7C, 0x00, 0xE0, 0x07, 0xE0, 0x07, 0xE0, 0x07, 0xE0, 0x07, 0xE0, 0x07, 0xE0,
    0x07, 0xE0, 0x07, 0xE0, 0x07, 0xE0, 0x07, 0xE0, 0x07, 0xE0, 0x07, 0xE0, 0x07, 0xE0, 0x07, 0xE0,
    0x07, 0xE0, 0x07, 0xE0, 0x07, 0xE0, 0x07, 0xE0, 0x07, 0xE0, 0x07, 0xFF, 0xFF, 0xFF, 0xFF, 0x03,
    0x80, 0x03, 0x80, 0x03, 0x80, 0x03, 0x80, 0x01, 0x80, 0x00, 0xE0, 0x00, 0x3E, 0x00, 0x07, 0xC0,
    0x01, 0xD8, 0x00, 0x3B, 0x80, 0x07, 0x70, 0x01, 0xC7, 0x00, 0x38, 0xE0, 0x07, 0x1C, 0x01, 0xC1,
    0xC0, 0x38, 0x38, 0x06, 0x07, 0x01, 0xC0, 0xF0, 0x3F, 0xFE, 0x0F, 0xFF, 0xE1, 0xC0, 0x1C, 0x38,
    0x03, 0x8E, 0x00, 0x39, 0xC0, 0x07, 0x38, 0x00, 0xEE, 0x00, 0x0E, 0xFF, 0xF9, 0xFF, 0xF3, 0x80,
    0x07, 0x00, 0x0E, 0x00, 0x1C, 0x00, 0x38, 0x00, 0x70, 0x00, 0xE0, 0x01, 0xFF, 0xE3, 0xFF, 0xE7,
    0x01, 0xEE, 0x01, 0xDC, 0x01, 0xF8, 0x03, 0xF0, 0x07, 0xE0, 0x0D, 0xC0, 0x3B, 0x81, 0xF7, 0xFF,
    0xCF, 0xFE, 0x00, 0xFF, 0xE1, 0xFF, 0xE3, 0x81, 0xE7, 0x00, 0xEE, 0x01, 0xDC, 0x03, 0xB8, 0x07,
    0x70, 0x0E, 0xE0, 0x79, 0xFF, 0xC3, 0xFF, 0xC7, 0x03, 0xEE, 0x01, 0xDC, 0x01, 0xF8, 0x03, 0xF0,
    0x07, 0xE0, 0x0F, 0xC0, 0x3F, 0x81, 0xF7, 0xFF, 0xCF, 0xFF, 0x00, 0xFF, 0xFF, 0xFF, 0xF8, 0x01,
    0xC0, 0x0E, 0x00, 0x70, 0x03, 0x80, 0x1C, 0x00, 0xE0, 0x07, 0x00, 0x38, 0x01, 0xC0, 0x0E, 0x00,
    0x70, 0x03, 0x80, 0x1C, 0x00, 0xE0, 0x07, 0x00, 0x38, 0x01, 0xC0, 0x0E, 0x00, 0x00, 0x07, 0xFF,
    0xE0, 0x3F, 0xFF, 0x01, 0xC0, 0x38, 0x0E, 0x01, 0xC0, 0x70, 0x0E, 0x03, 0x80, 0x70, 0x1C, 0x03,
    0x80, 0xE0, 0x1C, 0x07, 0x00, 0xE0, 0x30, 0x07, 0x03, 0x80, 0x38, 0x1C, 0x01, 0xC0, 0xE0, 0x0E,
    0x07, 0x00, 0x70, 0x38, 0x03, 0x81, 0x80, 0x1C, 0x1C, 0x00, 0xE0, 0xE0, 0x07, 0x0E, 0x00, 0x39,
    0xFF, 0xFF, 0xFF, 0xFF, 0xFF, 0xF0, 0x00, 0x1F, 0x80, 0x00, 0xFC, 0x00, 0x07, 0xE0, 0x00, 0x3F,
    0x00, 0x01, 0xC0, 0xFF, 0xFF, 0xFF, 0xF8, 0x01, 0xC0, 0x0E, 0x00, 0x70, 0x03, 0x80, 0x1C, 0x00,
    0xE0, 0x07, 0xFF, 0xBF, 0xFD, 0xC0, 0x0E, 0x00, 0x70, 0x03, 0x80, 0x1C, 0x00, 0xE0, 0x07, 0x00,
    0x38, 0x01, 0xFF, 0xFF, 0xFF, 0x80, 0x70, 0x0E, 0x03, 0xC7, 0x01, 0xC0, 0x70, 0xF0, 0x38, 0x1C,
    0x0E, 0x07, 0x07, 0x80, 0xE0, 0xE0, 0xE0, 0x1C, 0x1C, 0x38, 0x01, 0xC3, 0x87, 0x00, 0x3C, 0x71,
    0xC0, 0x03, 0x8E, 0x78, 0x00, 0x3F, 0xFE, 0x00, 0x0F, 0xFF, 0xC0, 0x01, 0xC7, 0x3C, 0x00, 0x70,
    0xE3, 0x80, 0x0E, 0x1C, 0x38, 0x03, 0x83, 0x87, 0x80, 0xF0, 0x70, 0x70, 0x1C, 0x0E, 0x07, 0x07,
    0x01, 0xC0, 0xE0, 0xE0, 0x38, 0x0E, 0x38, 0x07, 0x01, 0xEF, 0x00, 0xE0, 0x1C, 0x07, 0xE0, 0x3F,
    0xE0, 0xF9, 0xE3, 0x80, 0xE7, 0x01, 0xC0, 0x03, 0x80, 0x07, 0x00, 0x1E, 0x00, 0xF8, 0x07, 0xC0,
    0x0F, 0xE0, 0x01, 0xE0, 0x01, 0xE0, 0x01, 0xC0, 0x03, 0xB0, 0x07, 0x70, 0x0E, 0xE0, 0x38, 0xF9,
    0xF0, 0xFF, 0xC0, 0xFE, 0x00, 0xE0, 0x07, 0xF0, 0x03, 0xF8, 0x03, 0xFC, 0x03, 0xFE, 0x01, 0xFF,
    0x01, 0xDF, 0x81, 0xEF, 0xC0, 0xE7, 0xE0, 0xE3, 0xF0, 0x71, 0xF8, 0x70, 0xFC, 0x70, 0x7E, 0x38,
    0x3F, 0x38, 0x1F, 0xB8, 0x0F, 0xDC, 0x07, 0xFC, 0x03, 0xFE, 0x01, 0xFE, 0x00, 0xFE, 0x00, 0x7F,
    0x00, 0x38, 0x0C, 0x18, 0x06, 0x0C, 0x03, 0xDE, 0x00, 0xFE, 0x00, 0x3E, 0x00, 0x00, 0x00, 0x00,
    0x01, 0xC0, 0x0F, 0xE0, 0x07, 0xF0, 0x07, 0xF8, 0x07, 0xFC, 0x03, 0xFE, 0x03, 0xBF, 0x01, 0xDF,
    0x81, 0xCF, 0xC1, 0xC7, 0xE0, 0xE3, 0xF0, 0xE1, 0xF8, 0xE0, 0xFC, 0x70, 0x7E, 0x70, 0x3F, 0x70,
    0x1F, 0xB8, 0x0F, 0xF8, 0x07, 0xF8, 0x03, 0xFC, 0x01, 0xFC, 0x00, 0xFE, 0x00, 0x70, 0xE0, 0x0E,
    0x70, 0x0F, 0x38, 0x0F, 0x1C, 0x07, 0x0E, 0x07, 0x07, 0x07, 0x83, 0x87, 0x81, 0xC3, 0x80, 0xE3,
    0x80, 0x7F, 0x80, 0x3F, 0xC0, 0x1C, 0x70, 0x0E, 0x3C, 0x07, 0x0F, 0x03, 0x83, 0x81, 0xC0, 0xE0,
    0xE0, 0x78, 0x70, 0x1E, 0x38, 0x07, 0x1C, 0x01, 0xCE, 0x00, 0xF0, 0x07, 0xFF, 0xC3, 0xFF, 0xF0,
    0xE0, 0x1C, 0x38, 0x07, 0x0E, 0x01, 0xC3, 0x80, 0x70, 0xE0, 0x1C, 0x38, 0x07, 0x0E, 0x01, 0xC3,
    0x80, 0x70, 0xE0, 0x1C, 0x30, 0x07, 0x0C, 0x01, 0xC7, 0x00, 0x71, 0xC0, 0x1C, 0x70, 0x07, 0x1C,
    0x01, 0xC7, 0x00, 0x77, 0x80, 0x1F, 0xE0, 0x07, 0xE0, 0x01, 0xC0, 0xF0, 0x00, 0x7F, 0xC0, 0x07,
    0xFE, 0x00, 0x3F, 0xF0, 0x01, 0xFF, 0xC0, 0x1F, 0xFE, 0x00, 0xFF, 0xB8, 0x06, 0xFD, 0xC0, 0x77,
    0xEE, 0x03, 0xBF, 0x38, 0x39, 0xF9, 0xC1, 0xCF, 0xC6, 0x0C, 0x7E, 0x38, 0xE3, 0xF1, 0xC7, 0x1F,
    0x87, 0x30, 0xFC, 0x3B, 0x87, 0xE1, 0xDC, 0x3F, 0x07, 0xC1, 0xF8, 0x3E, 0x0F, 0xC0, 0xE0, 0x7E,
    0x07, 0x03, 0x80, 0xE0, 0x03, 0xF0, 0x01, 0xF8, 0x00, 0xFC, 0x00, 0x7E, 0x00, 0x3F, 0x00, 0x1F,
    0x80, 0x0F, 0xC0, 0x07, 0xE0, 0x03, 0xFF, 0xFF, 0xFF, 0xFF, 0xFC, 0x00, 0x7E, 0x00, 0x3F, 0x00,
    0x1F, 0x80, 0x0F, 0xC0, 0x07, 0xE0, 0x03, 0xF0, 0x01, 0xF8, 0x00, 0xFC, 0x00, 0x7E, 0x00, 0x38,
    0x03, 0xF8, 0x01, 0xFF, 0xC0, 0x7C, 0x7C, 0x1E, 0x03, 0xC7, 0x80, 0x3C, 0xE0, 0x03, 0xB8, 0x00,
    0x3F, 0x00, 0x07, 0xE0, 0x00, 0xFC, 0x00, 0x1F, 0x80, 0x03, 0xF0, 0x00, 0x7E, 0x00, 0x0F, 0xC0,
    0x01, 0xF8, 0x00, 0x3B, 0x80, 0x0E, 0x78, 0x03, 0xC7, 0x80, 0xF0, 0x7C, 0x7C, 0x07, 0xFF, 0x00,
    0x3F, 0x80, 0xFF, 0xFF, 0xFF, 0xFF, 0xF8, 0x00, 0xFC, 0x00, 0x7E, 0x00, 0x3F, 0x00, 0x1F, 0x80,
    0x0F, 0xC0, 0x07, 0xE0, 0x03, 0xF0, 0x01, 0xF8, 0x00, 0xFC, 0x00, 0x7E, 0x00, 0x3F, 0x00, 0x1F,
    0x80, 0x0F, 0xC0, 0x07, 0xE0, 0x03, 0xF0, 0x01, 0xF8, 0x00, 0xFC, 0x00, 0x7E, 0x00, 0x38, 0xFF,
    0xE1, 0xFF, 0xE3, 0x83, 0xE7, 0x00, 0xEE, 0x01, 0xDC, 0x01, 0xF8, 0x03, 0xF0, 0x07, 0xE0, 0x0D,
    0xC0, 0x3B, 0x80, 0xF7, 0xFF, 0xCF, 0xFE, 0x1C, 0x00, 0x38, 0x00, 0x70, 0x00, 0xE0, 0x01, 0xC0,
    0x03, 0x80, 0x07, 0x00, 0x0E, 0x00, 0x00, 0x03, 0xF8, 0x03, 0xFF, 0x81, 0xF1, 0xF0, 0xF0, 0x1E,
    0x78, 0x03, 0x9C, 0x00, 0x7E, 0x00, 0x1F, 0x80, 0x00, 0xE0, 0x00, 0x38, 0x00, 0x0E, 0x00, 0x03,
    0x80, 0x00, 0xE0, 0x00, 0x38, 0x00, 0x0E, 0x00, 0x1D, 0xC0, 0x07, 0x78, 0x03, 0x8F, 0x01, 0xE1,
    0xF1, 0xF0, 0x3F, 0xF8, 0x03, 0xF8, 0x00, 0xFF, 0xFF, 0xFF, 0xFF, 0x01, 0xC0, 0x01, 0xC0, 0x01,
    0xC0, 0x01, 0xC0, 0x01, 0xC0, 0x01, 0xC0, 0x01, 0xC0, 0x01, 0xC0, 0x01, 0xC0, 0x01, 0xC0, 0x01,
    0xC0, 0x01, 0xC0, 0x01, 0xC0, 0x01, 0xC0, 0x01, 0xC0, 0x01, 0xC0, 0x01, 0xC0, 0x01, 0xC0, 0x01,
    0xC0, 0xE0, 0x03, 0xB8, 0x03, 0x9C, 0x01, 0xC7, 0x00, 0xE3, 0x80, 0xE1, 0xE0, 0x70, 0x70, 0x70,
    0x38, 0x38, 0x0E, 0x18, 0x07, 0x1C, 0x01, 0xCE, 0x00, 0xEE, 0x00, 0x37, 0x00, 0x1F, 0x00, 0x07,
    0x80, 0x03, 0xC0, 0x01, 0xC0, 0x00, 0xE0, 0x00, 0xE0, 0x03, 0xF0, 0x01, 0xE0, 0x00, 0x00, 0x70,
    0x00, 0x03, 0x80, 0x00, 0x1C, 0x00, 0x07, 0xFC, 0x00, 0xFF, 0xF8, 0x1F, 0xFF, 0xE0, 0xE1, 0xC7,
    0x8E, 0x0E, 0x1E, 0xF0, 0x70, 0x77, 0x03, 0x81, 0xB8, 0x1C, 0x0F, 0xC0, 0xE0, 0x7E, 0x07, 0x03,
    0xF0, 0x38, 0x1F, 0x81, 0xC0, 0xDC, 0x0E, 0x0E, 0x70, 0x70, 0x71, 0xC3, 0x8F, 0x0F, 0xDD, 0xF0,
    0x1F, 0xFF, 0x00, 0x3F, 0xE0, 0x00, 0x38, 0x00, 0x01, 0xC0, 0x00, 0x0E, 0x00, 0x78, 0x01, 0xE3,
    0x80, 0x1C, 0x1C, 0x03, 0x80, 0xE0, 0x70, 0x0F, 0x0F, 0x00, 0x70, 0xE0, 0x03, 0x9C, 0x00, 0x3F,
    0xC0, 0x01, 0xF8, 0x00, 0x0F, 0x00, 0x00, 0xF0, 0x00, 0x1F, 0x80, 0x01, 0xF8, 0x00, 0x39, 0xC0,
    0x07, 0x9E, 0x00, 0xF0, 0xF0, 0x0E, 0x07, 0x01, 0xC0, 0x78, 0x3C, 0x03, 0xC3, 0x80, 0x1C, 0x70,
    0x00, 0xE0, 0xE0, 0x07, 0x38, 0x01, 0xCE, 0x00, 0x73, 0x80, 0x1C, 0xE0, 0x07, 0x38, 0x01, 0xCE,
    0x00, 0x73, 0x80, 0x1C, 0xE0, 0x07, 0x38, 0x01, 0xCE, 0x00, 0x73, 0x80, 0x1C, 0xE0, 0x07, 0x38,
    0x01, 0xCE, 0x00, 0x73, 0x80, 0x1C, 0xE0, 0x07, 0x38, 0x01, 0xCE, 0x00, 0x73, 0xFF, 0xFF, 0xFF,
    0xFF, 0xC0, 0x00, 0x70, 0x00, 0x1C, 0x00, 0x07, 0x00, 0x01, 0xC0, 0x00, 0x30, 0xE0, 0x07, 0xE0,
    0x07, 0xE0, 0x07, 0xE0, 0x07, 0xE0, 0x07, 0xE0, 0x07, 0xE0, 0x07, 0xE0, 0x07, 0xE0, 0x07, 0xF0,
    0x0F, 0x7C, 0x7F, 0x3F, 0xFF, 0x0F, 0xE7, 0x00, 0x07, 0x00, 0x07, 0x00, 0x07, 0x00, 0x07, 0x00,
    0x07, 0x00, 0x07, 0x00, 0x07, 0x00, 0x07, 0xE0, 0x38, 0x0F, 0xC0, 0x70, 0x1F, 0x80, 0xE0, 0x3F,
    0x01, 0xC0, 0x7E, 0x03, 0x80, 0xFC, 0x07, 0x01, 0xF8, 0x0E, 0x03, 0xF0, 0x1C, 0x07, 0xE0, 0x38,
    0x0F, 0xC0, 0x70, 0x1F, 0x80, 0xE0, 0x3F, 0x01, 0xC0, 0x7E, 0x03, 0x80, 0xFC, 0x07, 0x01, 0xF8,
    0x0E, 0x03, 0xF0, 0x1C, 0x07, 0xE0, 0x38, 0x0F, 0xC0, 0x70, 0x1F, 0x80, 0xE0, 0x3F, 0xFF, 0xFF,
    0xFF, 0xFF, 0xFF, 0xE0, 0xE0, 0x38, 0x0E, 0x70, 0x1C, 0x07, 0x38, 0x0E, 0x03, 0x9C, 0x07, 0x01,
    0xCE, 0x03, 0x80, 0xE7, 0x01, 0xC0, 0x73, 0x80, 0xE0, 0x39, 0xC0, 0x70, 0x1C, 0xE0, 0x38, 0x0E,
    0x70, 0x1C, 0x07, 0x38, 0x0E, 0x03, 0x9C, 0x07, 0x01, 0xCE, 0x03, 0x80, 0xE7, 0x01, 0xC0, 0x73,
    0x80, 0xE0, 0x39, 0xC0, 0x70, 0x1C, 0xE0, 0x38, 0x0E, 0x70, 0x1C, 0x07, 0x38, 0x0E, 0x03, 0x9F,
    0xFF, 0xFF, 0xFF, 0xFF, 0xFF, 0xF8, 0x00, 0x00, 0x1C, 0x00, 0x00, 0x0E, 0x00, 0x00, 0x07, 0x00,
    0x00, 0x03, 0x80, 0x00, 0x00, 0xC0, 0xFF, 0x80, 0x07, 0xFC, 0x00, 0x00, 0xE0, 0x00, 0x07, 0x00,
    0x00, 0x38, 0x00, 0x01, 0xC0, 0x00, 0x0E, 0x00, 0x00, 0x70, 0x00, 0x03, 0xFF, 0x80, 0x1F, 0xFF,
    0x00, 0xE0, 0x7C, 0x07, 0x00, 0xE0, 0x38, 0x03, 0x81, 0xC0, 0x1C, 0x0E, 0x00, 0xE0, 0x70, 0x07,
    0x03, 0x80, 0x38, 0x1C, 0x03, 0x80, 0xE0, 0x7C, 0x07, 0xFF, 0xC0, 0x3F, 0xF8, 0x00, 0xE0, 0x00,
    0x3F, 0x00, 0x01, 0xF8, 0x00, 0x0F, 0xC0, 0x00, 0x7E, 0x00, 0x03, 0xF0, 0x00, 0x1F, 0x80, 0x00,
    0xFC, 0x00, 0x07, 0xFF, 0xE0, 0x3F, 0xFF, 0xC1, 0xF8, 0x3F, 0x0F, 0xC0, 0x38, 0x7E, 0x00, 0xE3,
    0xF0, 0x07, 0x1F, 0x80, 0x38, 0xFC, 0x01, 0xC7, 0xE0, 0x0E, 0x3F, 0x00, 0xE1, 0xF8, 0x1F, 0x0F,
    0xFF, 0xF0, 0x7F, 0xFE, 0x03, 0x80, 0xE0, 0x01, 0xC0, 0x03, 0x80, 0x07, 0x00, 0x0E, 0x00, 0x1C,
    0x00, 0x38, 0x00, 0x70, 0x00, 0xFF, 0xE1, 0xFF, 0xF3, 0x83, 0xF7, 0x00, 0xEE, 0x00, 0xFC, 0x01,
    0xF8, 0x03, 0xF0, 0x07, 0xE0, 0x0F, 0xC0, 0x3B, 0x81, 0xF7, 0xFF, 0xCF, 0xFE, 0x00, 0x03, 0xF8,
    0x01, 0xFF, 0x80, 0xFC, 0xFC, 0x1C, 0x03, 0xC7, 0x00, 0x38, 0xE0, 0x03, 0x80, 0x00, 0x70, 0x00,
    0x06, 0x00, 0x01, 0xE0, 0x3F, 0xFC, 0x07, 0xFF, 0x80, 0x00, 0x70, 0x00, 0x0E, 0x00, 0x01, 0x98,
    0x00, 0x73, 0x80, 0x0E, 0x70, 0x03, 0x87, 0x00, 0xF0, 0x7C, 0xFC, 0x07, 0xFE, 0x00, 0x3F, 0x80,
    0xE0, 0x0F, 0xE0, 0x70, 0x1F, 0xFC, 0x38, 0x1F, 0x9F, 0x1C, 0x1E, 0x03, 0xCE, 0x0E, 0x00, 0xF7,
    0x0E, 0x00, 0x3B, 0x87, 0x00, 0x0F, 0xC3, 0x00, 0x07, 0xE3, 0x80, 0x03, 0xFF, 0xC0, 0x01, 0xFF,
    0xE0, 0x00, 0xFC, 0x70, 0x00, 0x7E, 0x38, 0x00, 0x3F, 0x0C, 0x00, 0x1F, 0x87, 0x00, 0x0F, 0xC3,
    0x80, 0x0E, 0xE0, 0xE0, 0x0F, 0x70, 0x78, 0x0F, 0x38, 0x1F, 0x9F, 0x1C, 0x07, 0xFF, 0x0E, 0x00,
    0xFE, 0x00, 0x07, 0xFF, 0x1F, 0xFF, 0x3E, 0x07, 0x38, 0x07, 0x70, 0x07, 0x70, 0x07, 0x70, 0x07,
    0x70, 0x07, 0x70, 0x07, 0x38, 0x07, 0x3E, 0x07, 0x1F, 0xFF, 0x0F, 0xFF, 0x0F, 0x07, 0x0E, 0x07,
    0x1C, 0x07, 0x1C, 0x07, 0x38, 0x07, 0x78, 0x07, 0x70, 0x07, 0xF0, 0x07, 0x0F, 0xC1, 0xFF, 0x9F,
    0x3C, 0xE0, 0x70, 0x03, 0x80, 0x1C, 0x03, 0xE3, 0xFF, 0x7F, 0xBF, 0x81, 0xF8, 0x0F, 0xC0, 0x7E,
    0x07, 0xFC, 0xFD, 0xFF, 0xE3, 0xE7, 0x00, 0x18, 0x0F, 0xF0, 0x7F, 0xC1, 0xF0, 0x07, 0x00, 0x0C,
    0x00, 0x39, 0xF8, 0x77, 0xFC, 0xDC, 0x79, 0xE0, 0x3B, 0x80, 0x77, 0x00, 0x7E, 0x00, 0xFC, 0x01,
    0xF8, 0x03, 0xF0, 0x06, 0x60, 0x1C, 0xE0, 0x78, 0xF3, 0xE0, 0xFF, 0x80, 0xFC, 0x00, 0xFF, 0xC7,
    0xFF, 0x38, 0x3D, 0xC0, 0xEE, 0x07, 0x70, 0x3B, 0x87, 0x9F, 0xF8, 0xFF, 0xE7, 0x03, 0xB8, 0x0F,
    0xC0, 0x7E, 0x03, 0xF0, 0x7B, 0xFF, 0xDF, 0xF8, 0xFF, 0xFF, 0xFE, 0x03, 0x80, 0xE0, 0x38, 0x0E,
    0x03, 0x80, 0xE0, 0x38, 0x0E, 0x03, 0x80, 0xE0, 0x38, 0x0E, 0x03, 0x80, 0x0F, 0xFE, 0x07, 0xFF,
    0x03, 0x83, 0x81, 0x81, 0xC0, 0xC0, 0xE0, 0x60, 0x70, 0x70, 0x38, 0x38, 0x1C, 0x1C, 0x0E, 0x0E,
    0x07, 0x07, 0x03, 0x83, 0x01, 0xC3, 0x80, 0xE3, 0xC0, 0x73, 0xFF, 0xFF, 0xFF, 0xFF, 0xE0, 0x03,
    0xF0, 0x01, 0xF8, 0x00, 0xFC, 0x00, 0x7E, 0x00, 0x38, 0x0F, 0xC0, 0x7F, 0xC3, 0xCF, 0x9C, 0x0E,
    0x60, 0x1F, 0x80, 0x7E, 0x01, 0xFF, 0xFF, 0xFF, 0xFF, 0x80, 0x0E, 0x00, 0x38, 0x00, 0x70, 0x3C,
    0xF1, 0xE1, 0xFF, 0x03, 0xF8, 0x70, 0x38, 0x1C, 0x70, 0x70, 0x70, 0xE0, 0xE1, 0xC0, 0xE1, 0xC7,
    0x00, 0xE3, 0x8E, 0x00, 0xE7, 0x38, 0x01, 0xCE, 0xE0, 0x01, 0xFF, 0x80, 0x03, 0xFF, 0x00, 0x0F,
    0x77, 0x00, 0x1C, 0xE7, 0x00, 0x71, 0xCF, 0x01, 0xC3, 0x8E, 0x07, 0x87, 0x0E, 0x1E, 0x0E, 0x0E,
    0x38, 0x1C, 0x0E, 0x1F, 0x07, 0xFC, 0xF9, 0xEE, 0x0E, 0x00, 0xE0, 0x0E, 0x03, 0xC0, 0xF8, 0x0F,
    0xC0, 0x0E, 0x00, 0x70, 0x07, 0xE0, 0x7F, 0x9E, 0x7F, 0xC1, 0xF8, 0xE0, 0x3F, 0x03, 0xF8, 0x3F,
    0xC1, 0xFE, 0x1F, 0xF0, 0xDF, 0x8E, 0xFC, 0xE7, 0xE6, 0x3F, 0x71, 0xFF, 0x0F, 0xF0, 0x7F, 0x83,
    0xF8, 0x1F, 0xC0, 0xFC, 0x07, 0x30, 0x61, 0xC7, 0x07, 0xF0, 0x1F, 0x00, 0x00, 0x00, 0x03, 0x80,
    0xFC, 0x0F, 0xE0, 0x7F, 0x07, 0xF8, 0x7F, 0xC3, 0x7E, 0x3B, 0xF3, 0x9F, 0x98, 0xFD, 0xC7, 0xFC,
    0x3F, 0xC1, 0xFE, 0x0F, 0xE0, 0x7E, 0x03, 0xF0, 0x1C, 0xE0, 0x7B, 0x81, 0xCE, 0x0E, 0x38, 0x70,
    0xE3, 0xC3, 0x9E, 0x0E, 0xF0, 0x3F, 0x80, 0xFE, 0x03, 0x9C, 0x0E, 0x38, 0x38, 0xF0, 0xE1, 0xE3,
    0x83, 0x8E, 0x07, 0x38, 0x1E, 0x0F, 0xFE, 0x1F, 0xFC, 0x38, 0x38, 0x70, 0x70, 0xE0, 0xE1, 0xC1,
    0xC3, 0x83, 0x87, 0x07, 0x0E, 0x0E, 0x1C, 0x1C, 0x38, 0x38, 0x60, 0x71, 0xC0, 0xE7, 0x81, 0xFE,
    0x03, 0xF8, 0x07, 0xF0, 0x03, 0xFE, 0x01, 0xFF, 0x80, 0x7F, 0xE0, 0x1F, 0xFC, 0x0F, 0xFF, 0x03,
    0xFE, 0xE1, 0xDF, 0xB8, 0x77, 0xE6, 0x19, 0xF9, 0xCE, 0x7E, 0x73, 0x1F, 0x8F, 0xC7, 0xE3, 0xF1,
    0xF8, 0x78, 0x7E, 0x1E, 0x1F, 0x83, 0x07, 0xE0, 0x3F, 0x01, 0xF8, 0x0F, 0xC0, 0x7E, 0x03, 0xF0,
    0x1F, 0x80, 0xFF, 0xFF, 0xFF, 0xFF, 0x01, 0xF8, 0x0F, 0xC0, 0x7E, 0x03, 0xF0, 0x1F, 0x80, 0xFC,
    0x07, 0x0F, 0xC0, 0x3F, 0xE0, 0xF3, 0xE3, 0x81, 0xE7, 0x01, 0xDC, 0x03, 0xB8, 0x03, 0xF0, 0x07,
    0xE0, 0x0F, 0xC0, 0x1F, 0x80, 0x73, 0x80, 0xE7, 0x03, 0xC7, 0x9F, 0x07, 0xFC, 0x07, 0xE0, 0xFF,
    0xFF, 0xFF, 0xF8, 0x0F, 0xC0, 0x7E, 0x03, 0xF0, 0x1F, 0x80, 0xFC, 0x07, 0xE0, 0x3F, 0x01, 0xF8,
    0x0F, 0xC0, 0x7E, 0x03, 0xF0, 0x1F, 0x80, 0xFC, 0x07, 0xE7, 0xC3, 0xBF, 0xCF, 0xCF, 0xBC, 0x0E,
    0xE0, 0x1F, 0x80, 0x7E, 0x01, 0xF8, 0x07, 0xE0, 0x1F, 0x80, 0x7E, 0x01, 0xF8, 0x0F, 0xF0, 0x3B,
    0xF3, 0xCF, 0xFF, 0x39, 0xF0, 0xE0, 0x03, 0x80, 0x0E, 0x00, 0x38, 0x00, 0xE0, 0x03, 0x80, 0x00,
    0x0F, 0xC0, 0x7F, 0xC3, 0xCF, 0x9C, 0x0E, 0x70, 0x1B, 0x80, 0x0E, 0x00, 0x38, 0x00, 0xE0, 0x03,
    0x80, 0x0E, 0x00, 0x1C, 0x06, 0x70, 0x38, 0xF3, 0xE1, 0xFF, 0x03, 0xF0, 0xFF, 0xFF, 0xFF, 0xC1,
    0xC0, 0x0E, 0x00, 0x70, 0x03, 0x80, 0x1C, 0x00, 0xE0, 0x07, 0x00, 0x38, 0x01, 0xC0, 0x0E, 0x00,
    0x70, 0x03, 0x80, 0x1C, 0x00, 0xE0, 0x70, 0x07, 0x70, 0x0E, 0x38, 0x0E, 0x38, 0x1C, 0x38, 0x1C,
    0x1C, 0x1C, 0x1C, 0x38, 0x0C, 0x38, 0x0E, 0x30, 0x0E, 0x70, 0x06, 0x70, 0x07, 0x60, 0x07, 0xE0,
    0x03, 0xE0, 0x03, 0xC0, 0x01, 0xC0, 0x01, 0x80, 0x03, 0x80, 0x03, 0x80, 0x07, 0x00, 0x3E, 0x00,
    0x3C, 0x00, 0x01, 0xC0, 0x00, 0x70, 0x00, 0x1C, 0x00, 0x07, 0x00, 0x01, 0xC0, 0x03, 0xFE, 0x01,
    0xFF, 0xE0, 0xF7, 0x7C, 0x71, 0xC7, 0x1C, 0x70, 0xEE, 0x1C, 0x3B, 0x87, 0x06, 0xE1, 0xC1, 0xB8,
    0x70, 0x6E, 0x1C, 0x1B, 0x87, 0x0E, 0x71, 0xC3, 0x9C, 0x71, 0xC3, 0xDD, 0xF0, 0x7F, 0xF8, 0x0F,
    0xF8, 0x00, 0x70, 0x00, 0x1C, 0x00, 0x07, 0x00, 0x01, 0xC0, 0x00, 0x70, 0x00, 0x1C, 0x00, 0x70,
    0x1C, 0x70, 0x78, 0x70, 0xE0, 0xE3, 0x80, 0xE7, 0x00, 0xFC, 0x01, 0xF0, 0x01, 0xE0, 0x03, 0xC0,
    0x0F, 0x80, 0x3B, 0x80, 0x73, 0x81, 0xC7, 0x07, 0x07, 0x0E, 0x07, 0x38, 0x0E, 0xE0, 0x39, 0xC0,
    0x73, 0x80, 0xE7, 0x01, 0xCE, 0x03, 0x9C, 0x07, 0x38, 0x0E, 0x70, 0x1C, 0xE0, 0x39, 0xC0, 0x73,
    0x80, 0xE7, 0x01, 0xCE, 0x03, 0x9C, 0x07, 0x3F, 0xFF, 0xFF, 0xFF, 0x00, 0x0E, 0x00, 0x1C, 0x00,
    0x38, 0x00, 0x70, 0x00, 0xC0, 0xE0, 0x3F, 0x01, 0xF8, 0x0F, 0xC0, 0x7E, 0x03, 0xF0, 0x1F, 0x80,
    0xFC, 0x07, 0x78, 0xF9, 0xFF, 0xC7, 0xFE, 0x00, 0x70, 0x03, 0x80, 0x1C, 0x00, 0xE0, 0x07, 0xE0,
    0xE0, 0x7E, 0x0E, 0x07, 0xE0, 0xE0, 0x7E, 0x0E, 0x07, 0xE0, 0xE0, 0x7E, 0x0E, 0x07, 0xE0, 0xE0,
    0x7E, 0x0E, 0x07, 0xE0, 0xE0, 0x7E, 0x0E, 0x07, 0xE0, 0xE0, 0x7E, 0x0E, 0x07, 0xE0, 0xE0, 0x7E,
    0x0E, 0x0F, 0xFF, 0xFF, 0xFF, 0xFF, 0xFF, 0xE0, 0xE0, 0x73, 0x83, 0x81, 0xCE, 0x0E, 0x07, 0x38,
    0x38, 0x1C, 0xE0, 0xE0, 0x73, 0x83, 0x81, 0xCE, 0x0E, 0x07, 0x38, 0x38, 0x1C, 0xE0, 0xE0, 0x73,
    0x83, 0x81, 0xCE, 0x0E, 0x07, 0x38, 0x38, 0x1C, 0xE0, 0xE0, 0x73, 0x83, 0x81, 0xCF, 0xFF, 0xFF,
    0xFF, 0xFF, 0xFF, 0x00, 0x00, 0x1C, 0x00, 0x00, 0x70, 0x00, 0x01, 0xC0, 0x00, 0x07, 0x00, 0x00,
    0x18, 0xFF, 0x00, 0x3F, 0xC0, 0x00, 0x70, 0x00, 0x1C, 0x00, 0x07, 0x00, 0x01, 0xC0, 0x00, 0x7F,
    0xE0, 0x1F, 0xFC, 0x07, 0x07, 0x81, 0xC0, 0xE0, 0x70, 0x1C, 0x1C, 0x07, 0x07, 0x03, 0x81, 0xC1,
    0xE0, 0x7F, 0xF0, 0x1F, 0xF8, 0xE0, 0x03, 0xF0, 0x01, 0xF8, 0x00, 0xFC, 0x00, 0x7E, 0x00, 0x3F,
    0x00, 0x1F, 0xFF, 0x0F, 0xFF, 0xC7, 0xE1, 0xF3, 0xF0, 0x39, 0xF8, 0x0E, 0xFC, 0x07, 0x7E, 0x07,
    0x3F, 0x07, 0x9F, 0xFF, 0x8F, 0xFF, 0x87, 0xE0, 0x07, 0x00, 0x38, 0x01, 0xC0, 0x0E, 0x00, 0x70,
    0x03, 0xFF, 0x1F, 0xFC, 0xE1, 0xF7, 0x03, 0xB8, 0x0F, 0xC0, 0x7E, 0x07, 0x70, 0x7B, 0xFF, 0x9F,
    0xF8, 0x0F, 0xC0, 0x3F, 0xE0, 0xF3, 0xE3, 0x81, 0xE7, 0x01, 0xC0, 0x03, 0x80, 0x07, 0x83, 0xFF,
    0x07, 0xFE, 0x00, 0x1C, 0x00, 0x73, 0x80, 0xE7, 0x03, 0xC7, 0x9F, 0x07, 0xFC, 0x07, 0xE0, 0xE0,
    0x1F, 0x87, 0x03, 0xFE, 0x38, 0x3E, 0x79, 0xC3, 0xC0, 0xEE, 0x1C, 0x07, 0x70, 0xE0, 0x1F, 0x8E,
    0x00, 0xFF, 0xF0, 0x07, 0xFF, 0x80, 0x3F, 0x1C, 0x01, 0xF8, 0x70, 0x0F, 0xC3, 0x80, 0xEE, 0x1E,
    0x07, 0x70, 0x7C, 0xF3, 0x81, 0xFF, 0x1C, 0x03, 0xF0, 0x0F, 0xFC, 0xFF, 0xF3, 0xC1, 0xDC, 0x07,
    0x70, 0x1D, 0xC0, 0x77, 0x01, 0xDE, 0x07, 0x3F, 0xFC, 0x7F, 0xF0, 0xE1, 0xC7, 0x07, 0x3C, 0x1C,
    0xE0, 0x77, 0x01, 0xDC, 0x07, 0x0E, 0x00, 0x38, 0x00, 0x60, 0x00, 0xC0, 0x00, 0x00, 0x00, 0x00,
    0xFC, 0x07, 0xFC, 0x3C, 0xF9, 0xC0, 0xE6, 0x01, 0xF8, 0x07, 0xE0, 0x1F, 0xFF, 0xFF, 0xFF, 0xF8,
    0x00, 0xE0, 0x03, 0x80, 0x07, 0x03, 0xCF, 0x1E, 0x1F, 0xF0, 0x3F, 0x80, 0x1C, 0x70, 0x71, 0xC1,
    0xC7, 0x00, 0x00, 0x00, 0x00, 0x3F, 0x01, 0xFF, 0x0F, 0x3E, 0x70, 0x39, 0xC0, 0x7E, 0x01, 0xF8,
    0x07, 0xFF, 0xFF, 0xFF, 0xFE, 0x00, 0x38, 0x00, 0xF0, 0x01, 0xE0, 0x73, 0xE7, 0x87, 0xFC, 0x0F,
    0xE0, 0x38, 0x00, 0x70, 0x03, 0xFE, 0x07, 0xFC, 0x03, 0x80, 0x07, 0x3E, 0x0F, 0xFE, 0x1F, 0xBE,
    0x3C, 0x1C, 0x70, 0x1C, 0xE0, 0x39, 0xC0, 0x73, 0x80, 0xE7, 0x01, 0xCE, 0x03, 0x9C, 0x07, 0x38,
    0x0E, 0x70, 0x1C, 0xE0, 0x39, 0xC0, 0x73, 0x80, 0xE0, 0x01, 0xC0, 0x03, 0x80, 0x07, 0x00, 0x1E,
    0x00, 0xF8, 0x01, 0xE0, 0x07, 0x01, 0xC0, 0xE0, 0x30, 0x00, 0x00, 0x0F, 0xFF, 0xFF, 0xE0, 0x38,
    0x0E, 0x03, 0x80, 0xE0, 0x38, 0x0E, 0x03, 0x80, 0xE0, 0x38, 0x0E, 0x03, 0x80, 0xE0, 0x38, 0x00,
    0x0F, 0xC0, 0x7F, 0xC3, 0xCF, 0x9C, 0x0E, 0x70, 0x1B, 0x80, 0x0E, 0x00, 0x3F, 0xF0, 0xFF, 0xC3,
    0x80, 0x0E, 0x00, 0x1C, 0x06, 0x70, 0x38, 0xF3, 0xE1, 0xFF, 0x03, 0xF0, 0x0F, 0xC1, 0xFF, 0x1F,
    0x3C, 0xE0, 0x77, 0x00, 0x38, 0x01, 0xF0, 0x07, 0xF8, 0x0F, 0xF0, 0x07, 0xC0, 0x0E, 0x40, 0x77,
    0x03, 0xBE, 0x78, 0xFF, 0xC3, 0xF8, 0xFF, 0xF0, 0x0E, 0xEE, 0xEE, 0xEE, 0xEE, 0xEE, 0xEE, 0xEE,
    0xE0, 0xE3, 0xF1, 0xF8, 0xE0, 0x00, 0x00, 0xE0, 0x70, 0x38, 0x1C, 0x0E, 0x07, 0x03, 0x81, 0xC0,
    0xE0, 0x70, 0x38, 0x1C, 0x0E, 0x07, 0x03, 0x81, 0xC0, 0x3C, 0xF3, 0xC0, 0x00, 0xE3, 0x8E, 0x38,
    0xE3, 0x8E, 0x38, 0xE3, 0x8E, 0x38, 0xE3, 0x8E, 0x38, 0xE3, 0x8E, 0x7B, 0xCE, 0x00, 0x0F, 0xFF,
    0x00, 0x03, 0xFF, 0xC0, 0x00, 0xE0, 0xF0, 0x00, 0x38, 0x3C, 0x00, 0x0E, 0x0F, 0x00, 0x03, 0x83,
    0xC0, 0x00, 0xE0, 0xFF, 0xE0, 0x38, 0x3F, 0xFC, 0x0E, 0x0F, 0x0F, 0x83, 0x83, 0xC0, 0xE0, 0xE0,
    0xF0, 0x1C, 0x30, 0x3C, 0x07, 0x1C, 0x0F, 0x03, 0x8F, 0x03, 0xC1, 0xEF, 0x80, 0xFF, 0xF3, 0xC0,
    0x3F, 0xF8, 0xE0, 0x38, 0x01, 0xC0, 0x70, 0x03, 0x80, 0xE0, 0x07, 0x01, 0xC0, 0x0E, 0x03, 0x80,
    0x1C, 0x07, 0x00, 0x38, 0x0E, 0x00, 0x7F, 0xFF, 0xFC, 0xFF, 0xFF, 0xFD, 0xC0, 0x70, 0x3B, 0x80,
    0xE0, 0x3F, 0x01, 0xC0, 0x7E, 0x03, 0x80, 0xFC, 0x07, 0x07, 0xB8, 0x0F, 0xFE, 0x70, 0x1F, 0xF8,
    0x38, 0x00, 0x70, 0x03, 0xFE, 0x07, 0xFC, 0x03, 0x80, 0x07, 0x3E, 0x0F, 0xFE, 0x1F, 0xBE, 0x3C,
    0x1C, 0x70, 0x1C, 0xE0, 0x39, 0xC0, 0x73, 0x80, 0xE7, 0x01, 0xCE, 0x03, 0x9C, 0x07, 0x38, 0x0E,
    0x70, 0x1C, 0xE0, 0x39, 0xC0, 0x73, 0x80, 0xE0, 0x03, 0x80, 0x0E, 0x00, 0x70, 0x01, 0x80, 0x00,
    0x00, 0x00, 0x0E, 0x07, 0xB8, 0x1C, 0xE0, 0xE3, 0x87, 0x0E, 0x3C, 0x39, 0xE0, 0xEF, 0x03, 0xF8,
    0x0F, 0xE0, 0x39, 0xC0, 0xE3, 0x83, 0x8F, 0x0E, 0x1E, 0x38, 0x38, 0xE0, 0x73, 0x81, 0xE0, 0x1C,
    0x00, 0x60, 0x03, 0x80, 0x0C, 0x00, 0x00, 0x00, 0x03, 0x80, 0xFC, 0x0F, 0xE0, 0xFF, 0x07, 0xF8,
    0x7F, 0xC3, 0x7E, 0x3B, 0xF3, 0x9F, 0x98, 0xFD, 0xC7, 0xFC, 0x3F, 0xC1, 0xFE, 0x0F, 0xE0, 0x7F,
    0x03, 0xF0, 0x1C, 0x0C, 0x30, 0x0E, 0x70, 0x07, 0xE0, 0x03, 0xC0, 0x00, 0x00, 0x00, 0x00, 0x70,
    0x0E, 0x70, 0x0E, 0x30, 0x0C, 0x38, 0x1C, 0x38, 0x1C, 0x1C, 0x38, 0x1C, 0x38, 0x1C, 0x38, 0x0E,
    0x70, 0x0E, 0x70, 0x06, 0x60, 0x07, 0xE0, 0x07, 0xE0, 0x03, 0xC0, 0x03, 0xC0, 0x03, 0xC0, 0x03,
    0x80, 0x03, 0x80, 0x03, 0x00, 0x0F, 0x00, 0x3E, 0x00, 0x3C, 0x00, 0xE0, 0x3F, 0x01, 0xF8, 0x0F,
    0xC0, 0x7E, 0x03, 0xF0, 0x1F, 0x80, 0xFC, 0x07, 0xE0, 0x3F, 0x01, 0xF8, 0x0F, 0xC0, 0x7E, 0x03,
    0xF0, 0x1F, 0xFF, 0xFF, 0xFF, 0x07, 0x00, 0x38, 0x01, 0xC0, 0x0E, 0x00, 0x60, 0x00, 0xE0, 0x70,
    0x1F, 0x81, 0xC0, 0x7E, 0x07, 0x01, 0xF8, 0x1C, 0x07, 0xE0, 0x70, 0x1F, 0x81, 0xC0, 0x7E, 0x07,
    0x01, 0xF8, 0x1C, 0x07, 0xE0, 0x70, 0x1F, 0x81, 0xC0, 0x7E, 0x07, 0x01, 0xF8, 0x1C, 0x07, 0xE0,
    0x70, 0x1F, 0x81, 0xC0, 0x7E, 0x07, 0x01, 0xF8, 0x1C, 0x06, 0xE0, 0x70, 0x1B, 0x81, 0xE0, 0xE7,
    0x9F, 0xCF, 0x8F, 0xFF, 0xFC, 0x1F, 0x8F, 0xC0, 0xE0, 0xE0, 0xFC, 0x1C, 0x1F, 0x83, 0x83, 0xF0,
    0x70, 0x7E, 0x0E, 0x0F, 0xC1, 0xC1, 0xF8, 0x38, 0x3F, 0x07, 0x07, 0xE0, 0xE0, 0xFC, 0x1C, 0x1F,
    0x83, 0x83, 0xF0, 0x70, 0x7E, 0x0F, 0x0E, 0xF7, 0xF7, 0x9F, 0xEF, 0xF0, 0xF8, 0x78, 0x0E, 0x00,
    0x01, 0xC0, 0x00, 0x38, 0x00, 0x7F, 0xF8, 0x0F, 0xFF, 0x00, 0x1C, 0x00, 0x03, 0x80, 0x00, 0x70,
    0x00, 0x0F, 0xFE, 0x01, 0xFF, 0xF0, 0x38, 0x1F, 0x07, 0x00, 0xE0, 0xE0, 0x0E, 0x1C, 0x01, 0xC3,
    0x80, 0x38, 0x70, 0x07, 0x0E, 0x00, 0xE1, 0xC0, 0x38, 0x38, 0x1F, 0x07, 0xFF, 0xC0, 0xFF, 0xE0,
    0x0E, 0x00, 0x07, 0x00, 0x03, 0x80, 0x01, 0xC0, 0x00, 0xE0, 0x07, 0xFF, 0x83, 0xFF, 0xC0, 0x1C,
    0x00, 0x0E, 0x00, 0x07, 0x00, 0x03, 0x80, 0x01, 0xFF, 0x80, 0xFF, 0xE0, 0x70, 0x78, 0x38, 0x1C,
    0x1C, 0x07, 0x0E, 0x03, 0x87, 0x03, 0x83, 0x83, 0xC1, 0xFF, 0xC0, 0xFF, 0xC0, 0xE0, 0x0F, 0xE0,
    0xE0, 0x3F, 0xF8, 0xE0, 0x7C, 0xFC, 0xE0, 0xF0, 0x1E, 0xE1, 0xE0, 0x0E, 0xE1, 0xC0, 0x07, 0xE3,
    0x80, 0x06, 0xE3, 0x80, 0x00, 0xE3, 0x80, 0x00, 0xFF, 0xFF, 0x80, 0xFF, 0xFF, 0x80, 0xE3, 0x80,
    0x00, 0xE3, 0x80, 0x00, 0xE3, 0x80, 0x00, 0xE3, 0x80, 0x07, 0xE1, 0xC0, 0x06, 0xE1, 0xE0, 0x0E,
    0xE0, 0xF0, 0x1C, 0xE0, 0x7C, 0xFC, 0xE0, 0x3F, 0xF8, 0xE0, 0x0F, 0xE0, 0xE0, 0x3F, 0x0E, 0x0F,
    0xF8, 0xE1, 0xF3, 0xCE, 0x3C, 0x0E, 0xE3, 0x80, 0xEE, 0x30, 0x00, 0xE7, 0x80, 0x0F, 0xFF, 0xE0,
    0xFF, 0xFE, 0x0E, 0x70, 0x00, 0xE3, 0x80, 0x0E, 0x38, 0x0E, 0xE3, 0xC0, 0xEE, 0x1F, 0x3C, 0xE0,
    0xFF, 0x8E, 0x03, 0xF0, 0x01, 0xE0, 0x00, 0x3C, 0x00, 0x07, 0xC0, 0x01, 0xD8, 0x00, 0x3B, 0x80,
    0x06, 0x70, 0x01, 0xC6, 0x00, 0x38, 0xE0, 0x06, 0x1C, 0x01, 0xC1, 0xC0, 0x38, 0x38, 0x0E, 0x07,
    0x01, 0xFF, 0xF0, 0x3F, 0xFE, 0x0F, 0x39, 0xC1, 0xC7, 0x1C, 0x38, 0xE3, 0x8E, 0x1C, 0x39, 0xC3,
    0x87, 0x38, 0x70, 0xEE, 0x0E, 0x0E, 0x01, 0xC0, 0x03, 0xC0, 0x03, 0xE0, 0x07, 0xE0, 0x07, 0xE0,
    0x06, 0x70, 0x0E, 0x70, 0x0E, 0x30, 0x1E, 0x78, 0x1F, 0xF8, 0x1F, 0xFC, 0x39, 0xDC, 0x39, 0xDC,
    0x71, 0xCE, 0x71, 0xCE, 0x71, 0xCE, 0xE0, 0x07, 0x00, 0xE0, 0x0F, 0x80, 0xE0, 0x0F, 0x80, 0xE0,
    0x0D, 0xC0, 0xE0, 0x1D, 0xC0, 0xE0, 0x1C, 0xC0, 0xE0, 0x18, 0xE0, 0xE0, 0x38, 0xE0, 0xE0, 0x38,
    0x60, 0xE0, 0x70, 0x70, 0xE0, 0x70, 0x70, 0xE0, 0x70, 0x30, 0xFF, 0xFF, 0xF8, 0xFF, 0xFF, 0xF8,
    0xE1, 0xE7, 0x3C, 0xE1, 0xC7, 0x1C, 0xE1, 0xC7, 0x1C, 0xE3, 0xC7, 0x0E, 0xE3, 0x87, 0x0E, 0xE3,
    0x87, 0x0E, 0xE7, 0x07, 0x07, 0xE0, 0x1C, 0x0E, 0x03, 0xC0, 0xE0, 0x3E, 0x0E, 0x07, 0xE0, 0xE0,
    0x7E, 0x0E, 0x06, 0x70, 0xE0, 0xE7, 0x0E, 0x0E, 0x30, 0xFF, 0xE7, 0x8F, 0xFF, 0xF8, 0xE3, 0xFF,
    0xCE, 0x39, 0xDC, 0xE3, 0x9D, 0xCE, 0x71, 0xCE, 0xE7, 0x1C, 0xEE, 0x71, 0xCE, 0x3F, 0xFF, 0xE1,
    0xFF, 0xFE, 0x07, 0x80, 0xF0, 0x1C, 0x07, 0x00, 0xF0, 0x70, 0x03, 0x83, 0x80, 0x1E, 0x38, 0x00,
    0x71, 0xC0, 0x01, 0xDC, 0x00, 0x0F, 0xE0, 0x07, 0xFF, 0xF0, 0xFF, 0xFF, 0xC7, 0x87, 0x0F, 0x70,
    0x38, 0x3B, 0x81, 0xC0, 0xFC, 0x0E, 0x07, 0xE0, 0x70, 0x3F, 0x03, 0x81, 0xF8, 0x1C, 0x0F, 0xC0,
    0xE0, 0x7E, 0x07, 0x03, 0x80, 0x3F, 0xFF, 0x0F, 0xFF, 0xC1, 0xC0, 0xE0, 0x78, 0x70, 0x0E, 0x1C,
    0x01, 0xCE, 0x00, 0x73, 0x80, 0x1F, 0xC0, 0x3F, 0xFE, 0x1F, 0xFF, 0xC7, 0x1C, 0x7B, 0x87, 0x0E,
    0xE1, 0xC1, 0xF8, 0x70, 0x7E, 0x1C, 0x1F, 0x87, 0x07, 0xE0, 0x3F, 0xFF, 0xE7, 0x00, 0xFF, 0xFE,
    0x38, 0x07, 0x80, 0xF1, 0xC0, 0x1C, 0x07, 0x0E, 0x00, 0xF0, 0x70, 0x70, 0x03, 0x83, 0x83, 0x80,
    0x0E, 0x38, 0x1C, 0x00, 0x71, 0x80, 0xE0, 0x01, 0xDC, 0x07, 0x00, 0x1F, 0xE0, 0x3F, 0xFF, 0xFF,
    0xF1, 0xFF, 0xFF, 0xFF, 0xCE, 0x07, 0x87, 0x0F, 0x70, 0x38, 0x38, 0x3B, 0x83, 0x81, 0xC0, 0xFC,
    0x1C, 0x0E, 0x07, 0xE0, 0xE0, 0x70, 0x3F, 0x07, 0x03, 0x81, 0xF8, 0x38, 0x1C, 0x0F, 0xC1, 0xC0,
    0xE0, 0x7E, 0x0E, 0x07, 0x03, 0x80, 0xE0, 0x7F, 0xFE, 0x70, 0x3F, 0xFF, 0x38, 0x0E, 0x0F, 0x1C,
    0x07, 0x07, 0x0E, 0x01, 0xC7, 0x87, 0x00, 0x63, 0x83, 0x80, 0x3B, 0xC1, 0xC0, 0x1F, 0xC0, 0xFF,
    0xFF, 0xFC, 0x7F, 0xFF, 0xFF, 0x38, 0x38, 0xE3, 0xDC, 0x38, 0x70, 0xEE, 0x1C, 0x38, 0x3F, 0x0E,
    0x1C, 0x1F, 0x87, 0x0E, 0x0F, 0xC3, 0x87, 0x07, 0x10, 0x61, 0x8E, 0x0C, 0xC0, 0x78, 0x03, 0x00,
    0x00, 0x00, 0x07, 0xF0, 0x7F, 0xC0, 0x1E, 0x00, 0x70, 0x07, 0x00, 0x70, 0x07, 0x00, 0xF0, 0x3E,
    0x3F, 0xC3, 0xFC, 0x1F, 0xE0, 0x0F, 0x00, 0x70, 0x07, 0x00, 0x70, 0x07, 0x00, 0xF0, 0x1E, 0x7F,
    0xCF, 0xF0, 0xE0, 0x0E, 0x00, 0xE0, 0x0F, 0x00, 0x78, 0x01, 0x00, 0x00, 0x00, 0x31, 0xC1, 0x98,
    0x1F, 0x80, 0xF0, 0x00, 0x00, 0x00, 0x7F, 0x87, 0xFE, 0x01, 0xE0, 0x07, 0x00, 0x70, 0x06, 0x01,
    0xE1, 0xFC, 0x1F, 0xC0, 0x0E, 0x00, 0x70, 0x07, 0x00, 0x70, 0x1E, 0x3F, 0xE7, 0xF8, 0xE0, 0x0E,
    0x00, 0xE0, 0x0F, 0x00, 0x7C, 0x03, 0xC0, 0xE0, 0x70, 0x3F, 0x03, 0x81, 0xF8, 0x1C, 0x0F, 0xC0,
    0xE0, 0x7E, 0x07, 0x03, 0xF0, 0x38, 0x1F, 0x81, 0xC0, 0xFC, 0x0E, 0x07, 0xE0, 0x70, 0x37, 0x03,
    0x83, 0x9C, 0x1C, 0x1C, 0xF0, 0xE1, 0xC3, 0xF7, 0x7C, 0x0F, 0xFF, 0xC0, 0x1F, 0xF8, 0x00, 0x0E,
    0x00, 0x00, 0x70, 0x00, 0x03, 0x80, 0x00, 0x1C, 0x00, 0x00, 0xE0, 0x00, 0x07, 0x00, 0x00, 0x00,
    0xC0, 0x00, 0x1C, 0x00, 0x03, 0x80, 0x00, 0x70, 0x0E, 0x0E, 0x0F, 0xC1, 0xC1, 0xF8, 0x38, 0x3F,
    0x07, 0x07, 0xE0, 0xE0, 0xFC, 0x1C, 0x1F, 0x83, 0x83, 0xF0, 0x70, 0x7E, 0x0E, 0x0F, 0xC1, 0xC1,
    0xF8, 0x38, 0x73, 0x87, 0x0E, 0x70, 0xE3, 0xC7, 0xDD, 0xF0, 0x7F, 0xFC, 0x03, 0xFE, 0x00, 0x0E,
    0x00, 0x01, 0xC0, 0x00, 0x38, 0x00, 0x07, 0x00, 0x00, 0xE0, 0x00, 0x1C, 0x00, 0x03, 0xF8, 0x01,
    0xFF, 0xC0, 0x7C, 0x7C, 0x1E, 0x03, 0xC7, 0x80, 0x3C, 0xE0, 0x03, 0xB8, 0x00, 0x3F, 0x00, 0x07,
    0xE0, 0x00, 0xFF, 0xFF, 0xFF, 0xFF, 0xFF, 0xF0, 0x00, 0x7E, 0x00, 0x0F, 0xC0, 0x01, 0xF8, 0x00,
    0x3B, 0x80, 0x0E, 0x78, 0x03, 0xC7, 0x80, 0xF0, 0x7C, 0x7C, 0x07, 0xFF, 0x00, 0x3F, 0x80, 0x0F,
    0xC0, 0x3F, 0xE0, 0xF3, 0xE3, 0x81, 0xE7, 0x01, 0xDC, 0x03, 0xBF, 0xC7, 0xFF, 0xFF, 0xF3, 0xFF,
    0xC0, 0x1F, 0x80, 0x73, 0x80, 0xE7, 0x03, 0xC7, 0x9F, 0x07, 0xFC, 0x07, 0xE0, 0x70, 0x00, 0x77,
    0x00, 0x0F, 0x38, 0x00, 0xE3, 0x80, 0x1C, 0x1C, 0x01, 0xC1, 0xC0, 0x18, 0x1C, 0x03, 0x80, 0xE0,
    0x38, 0x0E, 0x07, 0x00, 0xE0, 0x70, 0x07, 0x07, 0x00, 0x70, 0xE0, 0x07, 0x0E, 0x00, 0x38, 0xC0,
    0x03, 0x9C, 0x00, 0x19, 0xC0, 0x01, 0xD8, 0x00, 0x1F, 0x80, 0x00, 0xF8, 0x00, 0x0F, 0x00, 0x00,
    0xF0, 0x00, 0xE0, 0x07, 0x70, 0x0F, 0x70, 0x1C, 0x70, 0x18, 0x38, 0x38, 0x38, 0x38, 0x18, 0x30,
    0x1C, 0x70, 0x1C, 0x70, 0x0C, 0x60, 0x0E, 0xE0, 0x0E, 0xE0, 0x07, 0xC0, 0x07, 0xC0, 0x07, 0x80,
    0x03, 0x80, 0x0E, 0x38, 0x00, 0x73, 0x80, 0x03, 0x18, 0x00, 0x19, 0xC0, 0x00, 0x00, 0x00, 0x00,
    0x00, 0x70, 0x00, 0x77, 0x00, 0x0F, 0x38, 0x00, 0xE3, 0x80, 0x1C, 0x1C, 0x01, 0xC1, 0xC0, 0x18,
    0x1C, 0x03, 0x80, 0xE0, 0x38, 0x0E, 0x07, 0x00, 0xE0, 0x70, 0x07, 0x07, 0x00, 0x70, 0xE0, 0x07,
    0x0E, 0x00, 0x38, 0xC0, 0x03, 0x9C, 0x00, 0x19, 0xC0, 0x01, 0xD8, 0x00, 0x1F, 0x80, 0x00, 0xF8,
    0x00, 0x0F, 0x00, 0x00, 0xF0, 0x00, 0x71, 0x80, 0x39, 0xC0, 0x18, 0xC0, 0x0C, 0xE0, 0x00, 0x00,
    0x00, 0x00, 0xE0, 0x07, 0x70, 0x0F, 0x70, 0x1C, 0x70, 0x18, 0x38, 0x38, 0x38, 0x38, 0x18, 0x30,
    0x1C, 0x70, 0x1C, 0x70, 0x0C, 0x60, 0x0E, 0xE0, 0x0E, 0xE0, 0x07, 0xC0, 0x07, 0xC0, 0x07, 0x80,
    0x03, 0x80, 0x03, 0xF8, 0x00, 0x00, 0x00, 0x7F, 0xF0, 0x00, 0x00, 0x07, 0xC7, 0xC0, 0x00, 0x00,
    0x78, 0x0F, 0x00, 0x00, 0x07, 0x80, 0x3C, 0x00, 0x00, 0x38, 0x00, 0xE1, 0xC0, 0x3B, 0x80, 0x03,
    0x8E, 0x01, 0xDC, 0x00, 0x1C, 0x70, 0x0E, 0xE0, 0x00, 0xE1, 0xC0, 0xE7, 0x00, 0x07, 0x0E, 0x07,
    0x38, 0x00, 0x38, 0x30, 0x71, 0xC0, 0x01, 0xC1, 0xC3, 0x8E, 0x00, 0x0E, 0x0E, 0x1C, 0x70, 0x00,
    0x70, 0x31, 0xC3, 0x80, 0x03, 0x81, 0xCE, 0x0E, 0x00, 0x38, 0x0E, 0x60, 0x78, 0x03, 0xC0, 0x37,
    0x01, 0xE0, 0x3C, 0x01, 0xF8, 0x07, 0xC7, 0xC0, 0x07, 0x80, 0x1F, 0xFC, 0x00, 0x3C, 0x00, 0x3F,
    0x80, 0x01, 0xE0, 0x00, 0x00, 0x00, 0x0E, 0x00, 0x00, 0x00, 0x00, 0x70, 0x00, 0x00, 0x00, 0x07,
    0x00, 0x00, 0x00, 0x00, 0xF8, 0x00, 0x00, 0x00, 0x0F, 0x80, 0x00, 0x00, 0x00, 0x78, 0x00, 0x0F,
    0xC0, 0xE0, 0x0E, 0x1F, 0xF0, 0x70, 0x0E, 0x3C, 0xF8, 0x70, 0x1C, 0x70, 0x3C, 0x30, 0x1C, 0x70,
    0x1C, 0x38, 0x1C, 0xE0, 0x1C, 0x38, 0x38, 0xE0, 0x0E, 0x1C, 0x38, 0xE0, 0x0E, 0x1C, 0x70, 0xE0,
    0x0E, 0x1C, 0x70, 0xE0, 0x0E, 0x0E, 0x70, 0xE0, 0x1C, 0x0E, 0xE0, 0x70, 0x1C, 0x06, 0xE0, 0x70,
    0x3C, 0x07, 0xC0, 0x3C, 0xF8, 0x07, 0xC0, 0x1F, 0xF0, 0x03, 0xC0, 0x0F, 0xC0, 0x03, 0x80, 0x00,
    0x00, 0x03, 0x80, 0x00, 0x00, 0x03, 0x80, 0x00, 0x00, 0x07, 0x00, 0x00, 0x00, 0x3F, 0x00, 0x00,
    0x00, 0x3E, 0x00, 0x00, 0x00, 0x3C, 0x00, 0x07, 0xF0, 0x07, 0xFE, 0x0F, 0xCF, 0x87, 0x00, 0xE7,
    0x00, 0x3B, 0x80, 0x1F, 0x80, 0x01, 0xC0, 0x00, 0xE0, 0x00, 0x70, 0x00, 0x38, 0x00, 0x1C, 0x00,
    0x0E, 0x00, 0x03, 0x80, 0x1D, 0xC0, 0x0E, 0x70, 0x0F, 0x3F, 0x3F, 0x87, 0xFD, 0xC1, 0xFC, 0xE0,
    0x00, 0x70, 0x00, 0x38, 0x0F, 0xC0, 0x7F, 0xC3, 0xCF, 0x9C, 0x0E, 0x70, 0x1B, 0x80, 0x0E, 0x00,
    0x38, 0x00, 0xE0, 0x03, 0x80, 0x0E, 0x00, 0x3C, 0x00, 0x70, 0x00, 0xF0, 0x01, 0xF8, 0x03, 0xE0,
    0x03, 0x80, 0x0E, 0x00, 0x38, 0x00, 0xE0, 0x03, 0x00, 0x00, 0x0E, 0x00, 0x1C, 0x04, 0x1C, 0x07,
    0x38, 0x07, 0xF0, 0x01, 0xF0, 0x00, 0xF8, 0x00, 0xFE, 0x01, 0xCF, 0x41, 0xC2, 0x73, 0x80, 0x7F,
    0x00, 0x1F, 0x00, 0x0F, 0x80, 0x0F, 0xE0, 0x1C, 0xF0, 0x1C, 0x20, 0x38, 0x00, 0x30, 0x00, 0x00,
    0xFF, 0xFF, 0xFF, 0xF0, 0x0E, 0x00, 0x07, 0xC7, 0xFF, 0xFB, 0xF8, 0x30, 0xEE, 0x66, 0x00, 0x77,
    0x6C, 0x00, 0x3E, 0x0F, 0xF8, 0xE7, 0xFC, 0x1F, 0x00, 0x1F, 0x00, 0x00, 0x01, 0x98, 0x00, 0x00,
    0x00, 0x00, 0x00, 0xE0, 0x00, 0xF0, 0x1B, 0x00, 0x19, 0x83, 0x10, 0x01, 0x98, 0x00, 0x00, 0x00,
    0x00, 0x00, 0x00, 0x00, 0x00, 0x00, 0x00, 0x00, 0x00, 0x00, 0x00, 0x00, 0x00, 0x00, 0x07, 0x80,
    0x00, 0x3E, 0xCC, 0x00, 0x03, 0x28, 0x00, 0x00, 0x22, 0x00, 0x00, 0x00, 0x00, 0x00, 0x00, 0x00,
    0x00, 0x00, 0x00, 0x00, 0x00, 0x00, 0x00, 0x0E, 0x00, 0x0F, 0x01, 0xB0, 0x01, 0x98, 0x11, 0x00,
    0x11, 0x80, 0x00, 0x00, 0x00, 0x00, 0x0F, 0x00, 0x00, 0x01, 0x98, 0x00, 0x00, 0x11, 0x80, 0x00,
    0x00, 0x06, 0x00, 0x00, 0x00, 0xC0, 0x00, 0x00, 0x18, 0x00, 0x00, 0x06, 0x00, 0x00, 0xC0, 0xC0,
    0x00, 0x0C, 0x00, 0x0E, 0x01, 0x80, 0x07, 0x80, 0x18, 0x00, 0xC0, 0x02, 0x00, 0x00, 0x00, 0x00,
    0x00, 0x00, 0x00, 0x00, 0x00, 0x00, 0x00, 0x00, 0x0E, 0x00, 0x00, 0x31, 0xF0, 0x00, 0x07, 0xC6,
    0x00, 0x00, 0x38, 0x00, 0x00, 0x00, 0x00, 0x00, 0x00, 0x00, 0x00, 0x00, 0x00, 0x00, 0x00, 0x00,
    0x00, 0x00, 0x04, 0x00, 0x70, 0x01, 0xC0, 0x1E, 0x00, 0x18, 0x07, 0x01, 0x81, 0x80, 0x00, 0x30,
    0x30, 0x00, 0x0C, 0x00, 0x00, 0x01, 0x80, 0x00, 0x00, 0x30, 0x00, 0x00, 0x0C, 0x18, 0x00, 0xC1,
    0x80, 0x0F, 0x78, 0x00, 0x7F, 0x00, 0x03, 0xE0, 0x00, 0x00, 0x00, 0x00, 0x00, 0x0E, 0x00, 0x78,
    0xE0, 0x07, 0x8E, 0x00, 0xF8, 0xE0, 0x1F, 0x8E, 0x01, 0xF8, 0xE0, 0x3B, 0x8E, 0x03, 0xB8, 0xE0,
    0x73, 0x8E, 0x0E, 0x38, 0xE0, 0xE3, 0x8E, 0x1C, 0x38, 0xE3, 0x83, 0x8E, 0x38, 0x38, 0xE7, 0x03,
    0x8E, 0xF0, 0x38, 0xEE, 0x03, 0x8F, 0xC0, 0x38, 0xFC, 0x03, 0x8F, 0x80, 0x38, 0xF0, 0x03, 0xFF,
    0x00, 0x3E, 0x00, 0x00, 0xE0, 0x00, 0x0E, 0x00, 0x00, 0xC0, 0x00, 0x1C, 0x00, 0x00, 0x80, 0x30,
    0x60, 0x38, 0xE0, 0x1F, 0xC0, 0x0F, 0x80, 0x00, 0x00, 0x00, 0x00, 0xE0, 0x38, 0xE0, 0x78, 0xE0,
    0x78, 0xE0, 0xF8, 0xE1, 0xF8, 0xE1, 0xB8, 0xE3, 0xB8, 0xE7, 0x38, 0xE6, 0x38, 0xEE, 0x38, 0xFC,
    0x38, 0xF8, 0x38, 0xF8, 0x38, 0xF0, 0x38, 0xE0, 0x3E, 0xE0, 0x3E, 0x00, 0x0E, 0x00, 0x0C, 0x00,
    0x1C, 0x00, 0x1C, 0x00, 0x18, 0x0E, 0x00, 0x01, 0xC0, 0x00, 0x38, 0x00, 0x7F, 0xF8, 0x0F, 0xFF,
    0x00, 0x1C, 0x00, 0x03, 0x80, 0x00, 0x70, 0x00, 0x0F, 0xFE, 0x01, 0xFF, 0xF0, 0x38, 0x1F, 0x07,
    0x00, 0xE0, 0xE0, 0x0E, 0x1C, 0x01, 0xC3, 0x80, 0x38, 0x70, 0x07, 0x0E, 0x00, 0xE1, 0xC0, 0x38,
    0x38, 0x1F, 0x07, 0xFF, 0xC0, 0xFF, 0xE0, 0x0E, 0x00, 0x07, 0x00, 0x03, 0x80, 0x01, 0xC0, 0x0F,
    0xFF, 0x07, 0xFF, 0x80, 0x38, 0x00, 0x1C, 0x00, 0x0E, 0x00, 0x07, 0x00, 0x03, 0xFF, 0x01, 0xFF,
    0xC0, 0xE0, 0xF0, 0x70, 0x38, 0x38, 0x0E, 0x1C, 0x07, 0x0E, 0x07, 0x07, 0x07, 0x83, 0xFF, 0x81,
    0xFF, 0x80, 0xFF, 0xE1, 0xFF, 0xE3, 0x83, 0xE7, 0x00, 0xEE, 0x01, 0xDC, 0x01, 0xF8, 0x03, 0xF0,
    0x07, 0xE0, 0xCD, 0xC1, 0xFB, 0x83, 0xF7, 0xFF, 0xCF, 0xFF, 0x9C, 0x03, 0x38, 0x06, 0x70, 0x00,
    0xE0, 0x01, 0xC0, 0x03, 0x80, 0x07, 0x00, 0x0E, 0x00, 0x00, 0xE7, 0xC3, 0xBF, 0xCF, 0xCF, 0xBC,
    0x0E, 0xE0, 0x1F, 0x80, 0x7E, 0x01, 0xF8, 0x07, 0xE0, 0x1F, 0x80, 0x7E, 0x09, 0xF8, 0x3F, 0xF0,
    0xFB, 0xF3, 0xEF, 0xFF, 0xB9, 0xFF, 0xE0, 0x1B, 0x80, 0x0E, 0x00, 0x38, 0x00, 0xE0, 0x03, 0x80,
    0x00, 0x00, 0x18, 0x01, 0xC0, 0x0E, 0x00, 0x70, 0x03, 0xFF, 0xFF, 0xFF, 0xFC, 0x00, 0xE0, 0x07,
    0x00, 0x38, 0x01, 0xC0, 0x0E, 0x00, 0x70, 0x03, 0x80, 0x1C, 0x00, 0xE0, 0x07, 0x00, 0x38, 0x01,
    0xC0, 0x0E, 0x00, 0x70, 0x03, 0x80, 0x1C, 0x00, 0xE0, 0x07, 0x00, 0x00, 0x01, 0xC0, 0x70, 0x1C,
    0x07, 0xFF, 0xFF, 0xFE, 0x03, 0x80, 0xE0, 0x38, 0x0E, 0x03, 0x80, 0xE0, 0x38, 0x0E, 0x03, 0x80,
    0xE0, 0x38, 0x0E, 0x03, 0x80, 0x1F, 0xFF, 0x1F, 0xFF, 0x1C, 0x00, 0x1C, 0x00, 0x1C, 0x00, 0x1C,
    0x00, 0x1C, 0x00, 0x1C, 0x00, 0x1C, 0x00, 0xFF, 0xF0, 0xFF, 0xF0, 0x1C, 0x00, 0x1C, 0x00, 0x1C,
    0x00, 0x1C, 0x00, 0x1C, 0x00, 0x1C, 0x00, 0x1C, 0x00, 0x1C, 0x00, 0x1C, 0x00, 0x1C, 0x00, 0x3F,
    0xF3, 0xFF, 0x38, 0x03, 0x80, 0x38, 0x03, 0x80, 0x38, 0x0F, 0xF8, 0xFF, 0x83, 0x80, 0x38, 0x03,
    0x80, 0x38, 0x03, 0x80, 0x38, 0x03, 0x80, 0xFF, 0xF9, 0xFF, 0xF3, 0x80, 0x07, 0x00, 0x0E, 0x00,
    0x1C, 0x00, 0x38, 0x00, 0x70, 0x00, 0xE7, 0xE1, 0xFF, 0xE3, 0xF1, 0xE7, 0x80, 0xEE, 0x00, 0xFC,
    0x01, 0xF8, 0x03, 0xF0, 0x07, 0xE0, 0x0F, 0xC0, 0x1F, 0x80, 0x77, 0x01, 0xEE, 0x3F, 0x80, 0x7C,
    0x00, 0x00, 0x00, 0xFF, 0xCF, 0xFC, 0xE0, 0x0E, 0x00, 0xE0, 0x0E, 0x00, 0xE0, 0x0E, 0xF8, 0xFF,
    0xCF, 0x9E, 0xF0, 0x7E, 0x07, 0xE0, 0x7E, 0x07, 0xE0, 0x7E, 0x07, 0x00, 0xE0, 0x1E, 0x0F, 0xC0,
    0xF8, 0x00, 0x00, 0x70, 0x0E, 0x03, 0xC3, 0x80, 0xE0, 0x38, 0x3C, 0x0E, 0x07, 0x01, 0xC0, 0xE0,
    0xF0, 0x0E, 0x0E, 0x0E, 0x00, 0xE0, 0xE1, 0xC0, 0x07, 0x0E, 0x1C, 0x00, 0x78, 0xE3, 0x80, 0x03,
    0x8E, 0x70, 0x00, 0x1F, 0xFF, 0x00, 0x03, 0xFF, 0xF0, 0x00, 0x38, 0xE7, 0x80, 0x07, 0x0E, 0x38,
    0x00, 0x70, 0xE1, 0xC0, 0x0E, 0x0E, 0x1E, 0x01, 0xE0, 0xE0, 0xE0, 0x1C, 0x0E, 0x07, 0x03, 0x80,
    0xE0, 0x70, 0x38, 0x0E, 0x03, 0x87, 0x00, 0xE0, 0x3F, 0xF0, 0x0E, 0x01, 0xF0, 0x00, 0x00, 0x07,
    0x00, 0x00, 0x00, 0x70, 0x00, 0x00, 0x07, 0x00, 0x00, 0x00, 0x70, 0x00, 0x00, 0x06, 0x70, 0x38,
    0x1C, 0x38, 0x38, 0x38, 0x38, 0x38, 0x70, 0x1C, 0x38, 0xF0, 0x0E, 0x38, 0xE0, 0x07, 0x39, 0xC0,
    0x07, 0x3B, 0x80, 0x03, 0xFF, 0x00, 0x03, 0xFF, 0x00, 0x07, 0xBB, 0x80, 0x07, 0x39, 0xC0, 0x0E,
    0x38, 0xE0, 0x1C, 0x38, 0xF0, 0x3C, 0x38, 0x78, 0x78, 0x38, 0x3F, 0x70, 0x38, 0x1F, 0x00, 0x00,
    0x07, 0x00, 0x00, 0x07, 0x00, 0x00, 0x07, 0x00, 0x00, 0x07, 0x00, 0x00, 0x06, 0x07, 0xE0, 0x3F,
    0xE0, 0xF9, 0xE3, 0xC0, 0xE7, 0x00, 0xC0, 0x01, 0x80, 0x03, 0x00, 0x0E, 0x00, 0x38, 0x07, 0xE0,
    0x0F, 0xC0, 0x03, 0xE0, 0x01, 0xC0, 0x01, 0xC0, 0x03, 0xB0, 0x07, 0x70, 0x0E, 0xE0, 0x3D, 0xF9,
    0xF1, 0xFF, 0xC0, 0xFE, 0x00, 0x30, 0x00, 0x78, 0x00, 0x78, 0x00, 0x30, 0x03, 0xE0, 0x07, 0x80,
    0x1F, 0x07, 0xFC, 0xF9, 0xEE, 0x0E, 0x00, 0xE0, 0x0E, 0x01, 0xC0, 0xF8, 0x0F, 0xC0, 0x1E, 0x00,
    0x60, 0x07, 0xE0, 0x7F, 0x9E, 0x7F, 0xC1, 0xF8, 0x04, 0x00, 0x70, 0x07, 0x80, 0x18, 0x0F, 0x80,
    0xF0, 0xE0, 0x0F, 0x38, 0x07, 0x8E, 0x01, 0xC3, 0x80, 0xE0, 0xE0, 0x70, 0x38, 0x3C, 0x0E, 0x1E,
    0x03, 0x87, 0x00, 0xE3, 0x80, 0x3F, 0xC0, 0x0F, 0xF0, 0x03, 0x8E, 0x00, 0xE1, 0xC0, 0x38, 0x78,
    0x0E, 0x0E, 0x03, 0x81, 0xC0, 0xE0, 0x38, 0x38, 0x0F, 0x0E, 0x01, 0xE3, 0x80, 0x3F, 0xE0, 0x07,
    0xC0, 0x00, 0x70, 0x00, 0x1C, 0x00, 0x07, 0x00, 0x01, 0xC0, 0x00, 0x60, 0xE0, 0x7B, 0x83, 0xCE,
    0x0E, 0x38, 0x70, 0xE3, 0x83, 0x9E, 0x0E, 0xF0, 0x3F, 0x80, 0xFE, 0x03, 0x9C, 0x0E, 0x38, 0x38,
    0xF0, 0xE1, 0xC3, 0x83, 0x8E, 0x07, 0xF8, 0x1F, 0x00, 0x1C, 0x00, 0x70, 0x01, 0xC0, 0x07, 0x00,
    0x0C, 0xE0, 0x0F, 0x70, 0x07, 0x38, 0x07, 0x9C, 0x03, 0x8E, 0x03, 0xC7, 0x01, 0xC3, 0xB9, 0xE1,
    0xDC, 0xE0, 0xEE, 0xF0, 0x7F, 0xF0, 0x3F, 0xF8, 0x1F, 0xFC, 0x0E, 0xEF, 0x07, 0x73, 0x83, 0xB9,
    0xE1, 0xC0, 0x70, 0xE0, 0x1C, 0x70, 0x0E, 0x38, 0x03, 0x9C, 0x01, 0xEE, 0x00, 0x70, 0xE0, 0x1D,
    0xC0, 0x3B, 0x80, 0xE7, 0x03, 0x8E, 0xE7, 0x1D, 0xDC, 0x3B, 0xF0, 0x7F, 0xE0, 0xFF, 0xC1, 0xDF,
    0xC3, 0xBB, 0x87, 0x73, 0x8E, 0x07, 0x9C, 0x07, 0x38, 0x07, 0x70, 0x0E, 0xFF, 0x80, 0x39, 0xFF,
    0x00, 0xF0, 0x0E, 0x03, 0xC0, 0x1C, 0x07, 0x00, 0x38, 0x1C, 0x00, 0x70, 0x78, 0x00, 0xE1, 0xE0,
    0x01, 0xC3, 0x80, 0x03, 0x8E, 0x00, 0x07, 0xF8, 0x00, 0x0F, 0xF0, 0x00, 0x1C, 0x70, 0x00, 0x38,
    0xF0, 0x00, 0x70, 0xF0, 0x00, 0xE0, 0xE0, 0x01, 0xC0, 0xE0, 0x03, 0x81, 0xE0, 0x07, 0x01, 0xE0,
    0x0E, 0x01, 0xC0, 0x1C, 0x01, 0xC0, 0x38, 0x03, 0xC0, 0xFF, 0x03, 0xDF, 0xE0, 0x70, 0x1C, 0x1C,
    0x03, 0x87, 0x00, 0x71, 0xE0, 0x0E, 0x78, 0x01, 0xDE, 0x00, 0x3F, 0x80, 0x07, 0xF0, 0x00, 0xE7,
    0x00, 0x1C, 0x70, 0x03, 0x8F, 0x00, 0x70, 0xF0, 0x0E, 0x0E, 0x01, 0xC0, 0xE0, 0x38, 0x1E, 0xE0,
    0x03, 0x9C, 0x00, 0x73, 0x80, 0x0E, 0x70, 0x01, 0xCE, 0x00, 0x39, 0xC0, 0x07, 0x38, 0x00, 0xE7,
    0x00, 0x1C, 0xE0, 0x03, 0x9F, 0xFF, 0xF3, 0xFF, 0xFE, 0x70, 0x01, 0xCE, 0x00, 0x39, 0xC0, 0x07,
    0x38, 0x00, 0xE7, 0x00, 0x1C, 0xE0, 0x03, 0x9C, 0x00, 0x73, 0x80, 0x0E, 0x70, 0x01, 0xFE, 0x00,
    0x3E, 0x00, 0x01, 0xC0, 0x00, 0x38, 0x00, 0x07, 0x00, 0x00, 0xE0, 0x00, 0x18, 0xE0, 0x39, 0xC0,
    0x73, 0x80, 0xE7, 0x01, 0xCE, 0x03, 0x9C, 0x07, 0x38, 0x0E, 0x7F, 0xFC, 0xFF, 0xF9, 0xC0, 0x73,
    0x80, 0xE7, 0x01, 0xCE, 0x03, 0x9C, 0x07, 0x38, 0x0F, 0xF0, 0x1F, 0x00, 0x0E, 0x00, 0x1C, 0x00,
    0x38, 0x00, 0x70, 0x00, 0xC0, 0xE0, 0x03, 0xFF, 0xF0, 0x01, 0xFF, 0xF8, 0x00, 0xE0, 0x1C, 0x00,
    0x70, 0x0E, 0x00, 0x38, 0x07, 0x00, 0x1C, 0x03, 0x80, 0x0E, 0x01, 0xC0, 0x07, 0x00, 0xE0, 0x03,
    0x80, 0x7F, 0xFF, 0xC0, 0x3F, 0xFF, 0xE0, 0x1C, 0x00, 0x70, 0x0E, 0x00, 0x38, 0x07, 0x00, 0x1C,
    0x03, 0x80, 0x0E, 0x01, 0xC0, 0x07, 0x00, 0xE0, 0x03, 0x80, 0x70, 0x01, 0xC0, 0x38, 0x00, 0xE0,
    0x1C, 0x00, 0x70, 0x0E, 0x00, 0x38, 0x00, 0xE0, 0x3F, 0xF0, 0x1F, 0xF8, 0x0E, 0x1C, 0x07, 0x0E,
    0x03, 0x87, 0x01, 0xC3, 0x80, 0xE1, 0xFF, 0xF0, 0xFF, 0xF8, 0x70, 0x1C, 0x38, 0x0E, 0x1C, 0x07,
    0x0E, 0x03, 0x87, 0x01, 0xC3, 0x80, 0xE1, 0xC0, 0x70, 0xFF, 0xFF, 0x80, 0x0F, 0xFF, 0xF8, 0x00,
    0xE0, 0x03, 0x80, 0x0E, 0x00, 0x38, 0x00, 0xE0, 0x03, 0x80, 0x0E, 0x00, 0x38, 0x00, 0xE0, 0x03,
    0x80, 0x0E, 0x00, 0x38, 0x00, 0xE0, 0x03, 0xBF, 0x0E, 0x00, 0x3F, 0xF8, 0xE0, 0x03, 0xF3, 0xEE,
    0x00, 0x3C, 0x0E, 0xE0, 0x03, 0x80, 0x7E, 0x00, 0x38, 0x07, 0xE0, 0x03, 0x80, 0x7E, 0x00, 0x38,
    0x07, 0xE0, 0x03, 0x80, 0x7E, 0x00, 0x38, 0x07, 0xE0, 0x03, 0x80, 0xEE, 0x00, 0x38, 0x1E, 0xE0,
    0x03, 0x9F, 0xC0, 0x00, 0x01, 0xF0, 0x00, 0x00, 0x00, 0x00, 0xFF, 0xF8, 0x01, 0xFF, 0xF0, 0x03,
    0x80, 0xE0, 0x07, 0x01, 0xC0, 0x0E, 0x03, 0x80, 0x1C, 0x07, 0x00, 0x38, 0x0E, 0x00, 0x70, 0x1F,
    0xF0, 0xE0, 0x3F, 0xF9, 0xC0, 0x70, 0xFB, 0x80, 0xE0, 0x77, 0x01, 0xC0, 0x7E, 0x03, 0x80, 0xFC,
    0x07, 0x01, 0xF8, 0x0E, 0x03, 0xF0, 0x1C, 0x07, 0x00, 0x00, 0x1C, 0x00, 0x00, 0xF8, 0x00, 0x01,
    0xE0, 0x00, 0x03, 0x00, 0x00, 0x00, 0x00, 0x03, 0x80, 0x00, 0x03, 0xE0, 0x00, 0x01, 0xF0, 0x3F,
    0x00, 0xF0, 0x1F, 0xE0, 0x78, 0x0F, 0x3C, 0x1C, 0x07, 0x03, 0x8E, 0x03, 0x80, 0x73, 0x80, 0xE0,
    0x1C, 0xE0, 0x38, 0x07, 0x38, 0x0E, 0x01, 0xCE, 0x03, 0x80, 0x73, 0x80, 0xE0, 0x1C, 0xE0, 0x38,
    0x07, 0x38, 0x07, 0x03, 0x8E, 0x01, 0xC1, 0xE1, 0xC0, 0x38, 0xF0, 0x78, 0x0F, 0x78, 0x0F, 0x01,
    0xFC, 0x01, 0xF8, 0xFF, 0x18, 0x3F, 0xFF, 0xFE, 0x03, 0xFE, 0x3F, 0x80, 0x0F, 0x00, 0x00, 0xF8,
    0x00, 0x0F, 0x0F, 0xC0, 0xE0, 0xFF, 0x87, 0x0F, 0x1C, 0x70, 0x70, 0x73, 0x83, 0x03, 0x9C, 0x18,
    0x1C, 0xE0, 0xC0, 0xE7, 0x06, 0x07, 0x38, 0x38, 0x38, 0xE0, 0xE3, 0x87, 0x87, 0xF8, 0x1F, 0x3F,
    0xD8, 0x7F, 0xFF, 0xC0, 0xFE, 0xFE, 0x03, 0xF8, 0x01, 0xFF, 0xC0, 0x7C, 0x7C, 0x1E, 0x03, 0xC7,
    0x80, 0x38, 0xE0, 0x03, 0xB8, 0x00, 0x77, 0x00, 0x00, 0xE0, 0x00, 0x1C, 0x00, 0x03, 0x80, 0x00,
    0x70, 0x00, 0x0E, 0x00, 0x01, 0xC0, 0x00, 0x38, 0x00, 0x73, 0x80, 0x0E, 0x78, 0x03, 0x87, 0x80,
    0xF0, 0x7C, 0x7C, 0x07, 0xFF, 0x00, 0x3F, 0x80, 0x00, 0x80, 0x00, 0x3C, 0x00, 0x03, 0xC0, 0x00,
    0x18, 0x00, 0x1F, 0x00, 0x03, 0xC0, 0x00, 0x0F, 0xC0, 0x7F, 0xC3, 0xCF, 0x9C, 0x0F, 0x70, 0x1F,
    0x80, 0x0E, 0x00, 0x38, 0x00, 0xE0, 0x03, 0x80, 0x0E, 0x00, 0x1C, 0x07, 0x70, 0x3C, 0xF3, 0xE1,
    0xFF, 0x03, 0xF0, 0x03, 0x00, 0x0F, 0x00, 0x1E, 0x00, 0x18, 0x03, 0xE0, 0x0F, 0x00, 0xFF, 0xFF,
    0xFF, 0xFF, 0x01, 0xC0, 0x01, 0xC0, 0x01, 0xC0, 0x01, 0xC0, 0x01, 0xC0, 0x01, 0xC0, 0x01, 0xC0,
    0x01, 0xC0, 0x01, 0xC0, 0x01, 0xC0, 0x01, 0xC0, 0x01, 0xC0, 0x01, 0xC0, 0x01, 0xC0, 0x01, 0xC0,
    0x01, 0xC0, 0x01, 0xC0, 0x01, 0xF0, 0x01, 0xF0, 0x00, 0x70, 0x00, 0x70, 0x00, 0x70, 0x00, 0x70,
    0x00, 0x60, 0xFF, 0xFF, 0xFF, 0xC1, 0xC0, 0x0E, 0x00, 0x70, 0x03, 0x80, 0x1C, 0x00, 0xE0, 0x07,
    0x00, 0x38, 0x01, 0xC0, 0x0E, 0x00, 0x70, 0x03, 0x80, 0x1F, 0x00, 0xF8, 0x01, 0xC0, 0x0E, 0x00,
    0x70, 0x03, 0x80, 0x0C, 0x00, 0xF0, 0x01, 0xCE, 0x00, 0x78, 0xE0, 0x0E, 0x1E, 0x03, 0x81, 0xC0,
    0xF0, 0x1C, 0x1C, 0x03, 0x87, 0x00, 0x38, 0xE0, 0x07, 0xB8, 0x00, 0x77, 0x00, 0x07, 0xC0, 0x00,
    0xF0, 0x00, 0x0E, 0x00, 0x01, 0xC0, 0x00, 0x38, 0x00, 0x07, 0x00, 0x00, 0xE0, 0x00, 0x1C, 0x00,
    0x03, 0x80, 0x00, 0x70, 0x00, 0x0E, 0x00, 0x70, 0x07, 0x70, 0x0E, 0x38, 0x0E, 0x38, 0x0C, 0x38,
    0x1C, 0x1C, 0x1C, 0x1C, 0x38, 0x0E, 0x38, 0x0E, 0x38, 0x0E, 0x70, 0x07, 0x70, 0x07, 0x60, 0x03,
    0xE0, 0x03, 0xE0, 0x03, 0xC0, 0x01, 0xC0, 0x01, 0xC0, 0x01, 0xC0, 0x01, 0xC0, 0x01, 0xC0, 0x01,
    0xC0, 0x01, 0xC0, 0xF0, 0x01, 0xCE, 0x00, 0x78, 0xE0, 0x0E, 0x1C, 0x03, 0x81, 0xC0, 0xF0, 0x3C,
    0x1C, 0x03, 0x87, 0x00, 0x38, 0xE0, 0x07, 0x38, 0x00, 0x77, 0x00, 0x07, 0xC0, 0x00, 0xF0, 0x00,
    0x0E, 0x00, 0x01, 0xC0, 0x00, 0x38, 0x00, 0xFF, 0xF0, 0x1F, 0xFE, 0x00, 0x1C, 0x00, 0x03, 0x80,
    0x00, 0x70, 0x00, 0x0E, 0x00, 0x70, 0x07, 0x70, 0x0E, 0x38, 0x0E, 0x38, 0x0E, 0x38, 0x1C, 0x1C,
    0x1C, 0x1C, 0x18, 0x0C, 0x38, 0x0E, 0x38, 0x0E, 0x70, 0x06, 0x70, 0x07, 0x60, 0x03, 0x60, 0x03,
    0xE0, 0x03, 0xC0, 0x01, 0xC0, 0x1F, 0xF8, 0x1F, 0xF8, 0x01, 0xC0, 0x01, 0xC0, 0x01, 0xC0, 0x01,
    0xC0, 0x70, 0x01, 0xC3, 0x80, 0x38, 0x3C, 0x07, 0x01, 0xC0, 0xF0, 0x0E, 0x0E, 0x00, 0xF1, 0xC0,
    0x07, 0x3C, 0x00, 0x3B, 0x80, 0x03, 0xF0, 0x00, 0x1F, 0x00, 0x01, 0xE0, 0x00, 0x1F, 0x00, 0x03,
    0xF8, 0x00, 0x7B, 0x80, 0x07, 0x1C, 0x00, 0xE1, 0xE0, 0x1E, 0x0E, 0x01, 0xC0, 0x70, 0x38, 0x03,
    0x87, 0x00, 0x3F, 0xF0, 0x01, 0xF0, 0x00, 0x07, 0x00, 0x00, 0x70, 0x00, 0x07, 0x00, 0x00, 0x70,
    0x00, 0x06, 0x70, 0x1C, 0x78, 0x38, 0x38, 0x70, 0x1C, 0x70, 0x1C, 0xE0, 0x0E, 0xC0, 0x07, 0xC0,
    0x07, 0x80, 0x07, 0x80, 0x07, 0xC0, 0x0E, 0xE0, 0x1C, 0xE0, 0x1C, 0x70, 0x38, 0x38, 0x70, 0x3F,
    0xF0, 0x1F, 0x00, 0x07, 0x00, 0x07, 0x00, 0x07, 0x00, 0x07, 0x00, 0x06, 0xFF, 0xFF, 0x0E, 0x7F,
    0xFF, 0x87, 0x00, 0x70, 0x03, 0x80, 0x38, 0x01, 0xC0, 0x1C, 0x00, 0xE0, 0x0E, 0x00, 0x70, 0x07,
    0x00, 0x38, 0x03, 0x80, 0x1C, 0x01, 0xC0, 0x0E, 0x00, 0xE0, 0x07, 0x00, 0x70, 0x03, 0x80, 0x38,
    0x01, 0xC0, 0x1C, 0x00, 0xE0, 0x0E, 0x00, 0x70, 0x07, 0x00, 0x38, 0x03, 0x80, 0x1C, 0x01, 0xC0,
    0x0E, 0x00, 0xE0, 0x07, 0x00, 0x70, 0x03, 0x80, 0x3F, 0xFF, 0xF0, 0x1F, 0xFF, 0xF8, 0x00, 0x00,
    0x1C, 0x00, 0x00, 0x0E, 0x00, 0x00, 0x07, 0x00, 0x00, 0x03, 0x80, 0x00, 0x00, 0xC0, 0xFF, 0xC3,
    0x9F, 0xF8, 0x70, 0x38, 0x0E, 0x07, 0x01, 0xC0, 0xE0, 0x38, 0x1C, 0x07, 0x03, 0x80, 0xE0, 0x70,
    0x1C, 0x0E, 0x03, 0x81, 0xC0, 0x70, 0x38, 0x0E, 0x07, 0x01, 0xC0, 0xE0, 0x38, 0x1C, 0x07, 0x03,
    0xFF, 0xF8, 0x7F, 0xFF, 0x00, 0x00, 0xE0, 0x00, 0x1C, 0x00, 0x03, 0x80, 0x00, 0x70, 0x00, 0x0C,
    0xE0, 0x07, 0x38, 0x01, 0xCE, 0x00, 0x73, 0x80, 0x1C, 0xE0, 0x07, 0x38, 0x01, 0xCE, 0x00, 0x73,
    0x80, 0x1C, 0xE0, 0x07, 0x3C, 0x03, 0xC7, 0xC7, 0xF0, 0xFF, 0xFC, 0x0F, 0xE7, 0x00, 0x01, 0xC0,
    0x00, 0x70, 0x00, 0x1C, 0x00, 0x07, 0x00, 0x01, 0xC0, 0x00, 0x70, 0x00, 0x1F, 0x00, 0x07, 0xC0,
    0x00, 0x70, 0x00, 0x1C, 0x00, 0x07, 0x00, 0x01, 0xC0, 0x00, 0x60, 0xE0, 0x39, 0xC0, 0x73, 0x80,
    0xE7, 0x01, 0xCE, 0x03, 0x9C, 0x07, 0x38, 0x0E, 0x70, 0x1C, 0x78, 0xF8, 0x7F, 0xF0, 0x7F, 0xE0,
    0x01, 0xC0, 0x03, 0x80, 0x07, 0x00, 0x0F, 0x80, 0x1F, 0x00, 0x0E, 0x00, 0x1C, 0x00, 0x38, 0x00,
    0x70, 0x00, 0xC0, 0xE0, 0x07, 0xE0, 0x07, 0xE0, 0x07, 0xE0, 0x07, 0xE0, 0x07, 0xE0, 0x07, 0xE0,
    0x07, 0xE1, 0x87, 0xE3, 0x87, 0xF3, 0x8F, 0x7F, 0xFF, 0x3F, 0xFF, 0x0F, 0xE7, 0x03, 0x87, 0x03,
    0x87, 0x03, 0x87, 0x01, 0x87, 0x00, 0x07, 0x00, 0x07, 0x00, 0x07, 0x00, 0x07, 0xE0, 0x3F, 0x01,
    0xF8, 0x0F, 0xC0, 0x7E, 0x03, 0xF3, 0x9F, 0x9C, 0xFC, 0xE7, 0x7F, 0xF9, 0xFF, 0xC7, 0xFE, 0x0E,
    0x70, 0x73, 0x83, 0x9C, 0x00, 0xE0, 0x07, 0xE0, 0x00, 0xE0, 0x00, 0xE0, 0x00, 0xE0, 0x00, 0xE0,
    0x00, 0xE0, 0x00, 0xE0, 0x00, 0xE0, 0x00, 0xE7, 0xF0, 0xFF, 0xFC, 0xFE, 0x7E, 0xF0, 0x0E, 0xE0,
    0x0E, 0xE0, 0x07, 0xE0, 0x07, 0xE0, 0x07, 0xE0, 0x07, 0xE0, 0x07, 0xE0, 0x07, 0xE0, 0x07, 0xE0,
    0x07, 0xE0, 0x07, 0x00, 0x38, 0x01, 0xC0, 0x0E, 0x00, 0x73, 0xE3, 0xFF, 0x9F, 0xBE, 0xF0, 0x77,
    0x01, 0xF8, 0x0F, 0xC0, 0x7E, 0x03, 0xF0, 0x1F, 0x80, 0xFC, 0x07, 0xE0, 0x3F, 0x01, 0xF8, 0x0F,
    0xC0, 0x7E, 0x03, 0x80, 0x00, 0x3F, 0x80, 0x01, 0xFF, 0xC0, 0x07, 0xE7, 0xC0, 0x1E, 0x01, 0xC0,
    0x38, 0x01, 0xC0, 0xE0, 0x03, 0xB9, 0xC0, 0x03, 0x73, 0x00, 0x07, 0xEE, 0x00, 0x0E, 0xFF, 0xFF,
    0xFD, 0xFF, 0xFF, 0xF8, 0x70, 0x00, 0x00, 0xE0, 0x00, 0x00, 0xC0, 0x00, 0x01, 0xC0, 0x03, 0x03,
    0x80, 0x0E, 0x03, 0x80, 0x3C, 0x07, 0x80, 0xF0, 0x07, 0xE7, 0xC0, 0x07, 0xFF, 0x00, 0x03, 0xF8,
    0x00, 0x00, 0x7E, 0x00, 0x1F, 0xF0, 0x07, 0x9F, 0x01, 0xC0, 0xEE, 0x30, 0x0F, 0xCE, 0x01, 0xFD,
    0xC0, 0x3B, 0xFF, 0xFF, 0x3F, 0xFF, 0xE0, 0xE0, 0x00, 0x1C, 0x00, 0x03, 0x80, 0x00, 0x38, 0x1E,
    0x03, 0xC7, 0x80, 0x3F, 0xE0, 0x03, 0xF8, 0x00, 0x3F, 0x80, 0x01, 0xFF, 0xC0, 0x07, 0xE7, 0xC0,
    0x1E, 0x01, 0xC0, 0x38, 0x01, 0xC0, 0xE0, 0x03, 0xB9, 0xC0, 0x03, 0x73, 0x00, 0x07, 0xEE, 0x00,
    0x0E, 0xFF, 0xFF, 0xFD, 0xFF, 0xFF, 0xF8, 0x70, 0x00, 0x00, 0xE0, 0x00, 0x00, 0xC0, 0x00, 0x01,
    0xC0, 0x03, 0x03, 0x80, 0x0E, 0x03, 0x80, 0x3C, 0x07, 0x80, 0xF0, 0x07, 0xE7, 0xC0, 0x07, 0xFF,
    0x00, 0x03, 0xF8, 0x00, 0x01, 0xC0, 0x00, 0x03, 0x80, 0x00, 0x07, 0x00, 0x00, 0x0E, 0x00, 0x00,
    0x7E, 0x00, 0x1F, 0xF0, 0x07, 0x9F, 0x01, 0xC0, 0xEE, 0x30, 0x0F, 0xCE, 0x01, 0xFD, 0xC0, 0x3B,
    0xFF, 0xFF, 0x3F, 0xFF, 0xE0, 0xE0, 0x00, 0x1C, 0x00, 0x03, 0x80, 0x00, 0x38, 0x0E, 0x03, 0xC7,
    0x80, 0x3F, 0xE0, 0x03, 0xF8, 0x00, 0x18, 0x00, 0x03, 0xC0, 0x00, 0x3C, 0x00, 0x01, 0x80, 0x01,
    0xF0, 0x00, 0x3C, 0x00, 0xFF, 0xFF, 0xFF, 0xFF, 0xFF, 0xFF, 0xFF, 0xFE, 0x00, 0x30, 0xC0, 0x00,
    0x03, 0x0C, 0x00, 0x00, 0x39, 0xC0, 0x00, 0x01, 0xF8, 0x00, 0x00, 0x0F, 0x00, 0x00, 0x00, 0x00,
    0x00, 0x00, 0x00, 0x00, 0x03, 0x80, 0x70, 0x1C, 0x3C, 0x07, 0x03, 0xC1, 0xC0, 0x70, 0x38, 0x0E,
    0x07, 0x07, 0x00, 0xF0, 0x70, 0xF0, 0x07, 0x07, 0x0E, 0x00, 0x38, 0x71, 0xC0, 0x03, 0x87, 0x1C,
    0x00, 0x1C, 0x73, 0x80, 0x01, 0xFF, 0xF8, 0x00, 0x1F, 0xFF, 0x80, 0x01, 0xC7, 0x38, 0x00, 0x38,
    0x71, 0xC0, 0x07, 0x87, 0x1E, 0x00, 0x70, 0x70, 0xE0, 0x0E, 0x07, 0x07, 0x00, 0xE0, 0x70, 0x70,
    0x1C, 0x07, 0x03, 0x83, 0xC0, 0x70, 0x3C, 0x38, 0x07, 0x01, 0xC7, 0x00, 0x70, 0x0E, 0x01, 0x86,
    0x00, 0x07, 0x38, 0x00, 0x0F, 0xC0, 0x00, 0x1E, 0x00, 0x00, 0x00, 0x00, 0x00, 0x00, 0x07, 0x03,
    0x83, 0x9E, 0x0E, 0x1E, 0x38, 0x38, 0x70, 0x70, 0xE3, 0x80, 0xE3, 0x9C, 0x01, 0xCE, 0xE0, 0x07,
    0x3B, 0x80, 0x0F, 0xFC, 0x00, 0x3F, 0xF0, 0x01, 0xEF, 0xE0, 0x07, 0x3B, 0x80, 0x38, 0xE7, 0x01,
    0xC3, 0x8E, 0x0E, 0x0E, 0x1C, 0x78, 0x38, 0x79, 0xC0, 0xE0, 0xE0, 0xE0, 0x0F, 0xE0, 0x1E, 0xE0,
    0x3C, 0xE0, 0x38, 0xE0, 0x70, 0xE0, 0xE0, 0xE1, 0xC0, 0xE3, 0xC0, 0xE7, 0x80, 0xFF, 0xE0, 0xFF,
    0xF0, 0xE0, 0xFC, 0xE0, 0x1C, 0xE0, 0x0E, 0xE0, 0x0E, 0xE0, 0x07, 0xE0, 0x07, 0xE0, 0x07, 0xE0,
    0x07, 0xE0, 0x07, 0xE0, 0x0E, 0x00, 0x0E, 0x00, 0x3C, 0x00, 0xF8, 0x00, 0xF0, 0x00, 0x00, 0xE0,
    0x7B, 0x81, 0xCE, 0x0E, 0x38, 0x70, 0xE3, 0xC3, 0x9E, 0x0E, 0x70, 0x3F, 0xE0, 0xFF, 0xE3, 0x87,
    0xCE, 0x03, 0xB8, 0x0E, 0xE0, 0x1F, 0x80, 0x7E, 0x01, 0xF8, 0x0E, 0x00, 0x78, 0x03, 0xC0, 0x0E,
    0x00, 0x20, 0x07, 0xFF, 0xC0, 0x7F, 0xFE, 0x03, 0x80, 0x70, 0x1C, 0x03, 0x80, 0xE0, 0x1C, 0x07,
    0x00, 0xE0, 0x38, 0x07, 0x01, 0xC0, 0x38, 0x0E, 0x01, 0xC0, 0x70, 0x0E, 0x03, 0x80, 0x70, 0x18,
    0x03, 0x80, 0xC0, 0x1C, 0x0E, 0x00, 0xE0, 0x70, 0x07, 0x03, 0x80, 0x38, 0x1C, 0x01, 0xC0, 0xE0,
    0x0E, 0x1E, 0x00, 0x71, 0xF0, 0x03, 0xEE, 0x00, 0x1F, 0x00, 0x00, 0x38, 0x00, 0x01, 0x80, 0x00,
    0x1C, 0x00, 0x00, 0xE0, 0x00, 0x06, 0x00, 0x0F, 0xFE, 0x03, 0xFF, 0x80, 0xE0, 0xE0, 0x38, 0x38,
    0x0E, 0x0E, 0x03, 0x83, 0x80, 0xE0, 0xE0, 0x38, 0x38, 0x0E, 0x0E, 0x03, 0x83, 0x80, 0xE0, 0xE0,
    0x30, 0x38, 0x1C, 0x0E, 0x0F, 0x03, 0x8F, 0x80, 0xFF, 0xC0, 0x3E, 0x00, 0x03, 0x80, 0x00, 0xE0,
    0x00, 0x30, 0x00, 0x1C, 0x00, 0x02, 0x00, 0xE0, 0x03, 0xF0, 0x01, 0xF8, 0x00, 0xFC, 0x00, 0x7E,
    0x00, 0x3F, 0x00, 0x1F, 0x80, 0x0F, 0xC0, 0x07, 0xE0, 0x03, 0xFF, 0xFF, 0xFF, 0xFF, 0xFC, 0x00,
    0x7E, 0x00, 0x3F, 0x00, 0x1F, 0x80, 0x0F, 0xC0, 0x07, 0xE0, 0x03, 0xF0, 0x01, 0xF8, 0x00, 0xFC,
    0x00, 0x7E, 0x00, 0x38, 0x00, 0x1C, 0x00, 0x0E, 0x00, 0x07, 0x00, 0x07, 0x80, 0x0F, 0x80, 0x07,
    0x80, 0xE0, 0x3F, 0x01, 0xF8, 0x0F, 0xC0, 0x7E, 0x03, 0xF0, 0x1F, 0x80, 0xFF, 0xFF, 0xFF, 0xFF,
    0x01, 0xF8, 0x0F, 0xC0, 0x7E, 0x03, 0xF0, 0x1F, 0x80, 0xFC, 0x07, 0x00, 0x38, 0x01, 0xC0, 0x0E,
    0x00, 0xF0, 0x1F, 0x00, 0xF0, 0xE0, 0x03, 0x8E, 0x00, 0x38, 0xE0, 0x03, 0x8E, 0x00, 0x38, 0xE0,
    0x03, 0x8E, 0x00, 0x38, 0xE0, 0x03, 0x8E, 0x00, 0x38, 0xE0, 0x03, 0x8F, 0xFF, 0xF8, 0xFF, 0xFF,
    0x8E, 0x00, 0x38, 0xE0, 0x03, 0x8E, 0x00, 0x38, 0xE0, 0x03, 0x8E, 0x00, 0x38, 0xE0, 0x03, 0x8E,
    0x00, 0x38, 0xE0, 0x03, 0x8E, 0x00, 0x3E, 0xE0, 0x03, 0xE0, 0x00, 0x0E, 0x00, 0x00, 0xC0, 0x00,
    0x1C, 0x00, 0x01, 0xC0, 0x00, 0x18, 0xE0, 0x38, 0xE0, 0x38, 0xE0, 0x38, 0xE0, 0x38, 0xE0, 0x38,
    0xE0, 0x38, 0xE0, 0x38, 0xFF, 0xF8, 0xFF, 0xF8, 0xE0, 0x38, 0xE0, 0x38, 0xE0, 0x38, 0xE0, 0x38,
    0xE0, 0x38, 0xE0, 0x3E, 0xE0, 0x3E, 0x00, 0x0E, 0x00, 0x0C, 0x00, 0x1C, 0x00, 0x1C, 0x00, 0x18,
    0xE0, 0x07, 0x38, 0x01, 0xCE, 0x00, 0x73, 0x80, 0x1C, 0xE0, 0x07, 0x38, 0x01, 0xCE, 0x00, 0x73,
    0x80, 0x1C, 0xE0, 0x07, 0x3C, 0x03, 0xC7, 0xC7, 0xF0, 0xFF, 0xFC, 0x0F, 0xE7, 0x00, 0x01, 0xC0,
    0x00, 0x70, 0x00, 0x1C, 0x00, 0x07, 0x00, 0x01, 0xC0, 0x00, 0x70, 0x00, 0x1F, 0x00, 0x07, 0xC0,
    0x00, 0x70, 0x00, 0x1C, 0x00, 0x07, 0x00, 0x01, 0xC0, 0x00, 0x60, 0xE0, 0x39, 0xC0, 0x73, 0x80,
    0xE7, 0x01, 0xCE, 0x03, 0x9C, 0x07, 0x38, 0x0E, 0x70, 0x1C, 0x78, 0xF8, 0x7F, 0xF0, 0x7F, 0xE0,
    0x01, 0xC0, 0x03, 0x80, 0x07, 0x00, 0x0F, 0x80, 0x1F, 0x00, 0x0E, 0x00, 0x1C, 0x00, 0x38, 0x00,
    0x70, 0x00, 0xC0, 0xF0, 0x00, 0x78, 0xF8, 0x00, 0xF8, 0xF8, 0x00, 0xF8, 0xF8, 0x00, 0xF8, 0xFC,
    0x01, 0xF8, 0xFC, 0x01, 0xF8, 0xEE, 0x01, 0xB8, 0xEE, 0x03, 0xB8, 0xEE, 0x03, 0xB8, 0xE7, 0x07,
    0x38, 0xE7, 0x07, 0x38, 0xE3, 0x06, 0x38, 0xE3, 0x8E, 0x38, 0xE3, 0x8E, 0x38, 0xE1, 0xCC, 0x38,
    0xE1, 0xDC, 0x38, 0xE1, 0xDC, 0x38, 0xE0, 0xF8, 0x38, 0xE0, 0xF8, 0x38, 0xE0, 0x70, 0x3F, 0xE0,
    0x70, 0x3E, 0x00, 0x00, 0x0E, 0x00, 0x00, 0x0E, 0x00, 0x00, 0x0C, 0x00, 0x00, 0x1C, 0x00, 0x00,
    0x18, 0xF0, 0x03, 0xC7, 0xC0, 0x3E, 0x3E, 0x01, 0xF1, 0xF0, 0x0F, 0x8F, 0xC0, 0xFC, 0x7E, 0x07,
    0xE3, 0xB8, 0x77, 0x1D, 0xC3, 0xB8, 0xE6, 0x19, 0xC7, 0x39, 0xCE, 0x39, 0xCC, 0x71, 0xC7, 0xE3,
    0x8E, 0x3F, 0x1C, 0x70, 0xF0, 0xE3, 0x87, 0x87, 0xFC, 0x18, 0x3E, 0x00, 0x00, 0x70, 0x00, 0x03,
    0x80, 0x00, 0x18, 0x00, 0x01, 0xC0, 0x00, 0x0C, 0x00, 0xFF, 0xFF, 0xFF, 0xFF, 0xFF, 0xFF, 0xFF,
    0xFE, 0x06, 0x0C, 0x00, 0xC1, 0x80, 0x1E, 0xF0, 0x01, 0xFC, 0x00, 0x1F, 0x00, 0x00, 0x00, 0x00,
    0x00, 0x00, 0x0F, 0x00, 0x01, 0xF0, 0x00, 0x3E, 0x00, 0x0E, 0xE0, 0x01, 0xDC, 0x00, 0x3B, 0x80,
    0x0E, 0x38, 0x01, 0xC7, 0x00, 0x38, 0xE0, 0x0E, 0x0E, 0x01, 0xC1, 0xC0, 0x70, 0x38, 0x0F, 0x07,
    0x81, 0xFF, 0xF0, 0x7F, 0xFF, 0x0E, 0x00, 0xE1, 0xC0, 0x1C, 0x70, 0x01, 0xCE, 0x00, 0x39, 0xC0,
    0x07, 0x70, 0x00, 0x70, 0x30, 0x61, 0xEF, 0x07, 0xF0, 0x1F, 0x00, 0x00, 0x00, 0x00, 0x3F, 0x07,
    0xFE, 0x7C, 0xF3, 0x81, 0xC0, 0x0E, 0x00, 0x70, 0x0F, 0x8F, 0xFD, 0xFE, 0xFE, 0x07, 0xE0, 0x3F,
    0x01, 0xF8, 0x1F, 0xF3, 0xF7, 0xFF, 0x8F, 0x9C, 0x07, 0x1C, 0x00, 0xE3, 0x80, 0x1C, 0x70, 0x00,
    0x00, 0x00, 0x00, 0x00, 0x00, 0x00, 0x00, 0x78, 0x00, 0x0F, 0x80, 0x01, 0xF0, 0x00, 0x77, 0x00,
    0x0E, 0xE0, 0x01, 0xDC, 0x00, 0x71, 0xC0, 0x0E, 0x38, 0x01, 0xC7, 0x00, 0x70, 0x70, 0x0E, 0x0E,
    0x03, 0x81, 0xC0, 0x78, 0x3C, 0x0F, 0xFF, 0x83, 0xFF, 0xF8, 0x70, 0x07, 0x0E, 0x00, 0xE3, 0x80,
    0x0E, 0x70, 0x01, 0xCE, 0x00, 0x3B, 0x80, 0x03, 0x80, 0x38, 0xE1, 0xC7, 0x0E, 0x38, 0x00, 0x00,
    0x00, 0x07, 0xE0, 0xFF, 0xCF, 0x9E, 0x70, 0x38, 0x01, 0xC0, 0x0E, 0x01, 0xF1, 0xFF, 0xBF, 0xDF,
    0xC0, 0xFC, 0x07, 0xE0, 0x3F, 0x03, 0xFE, 0x7E, 0xFF, 0xF1, 0xF3, 0x80, 0x00, 0x3F, 0xFF, 0xE0,
    0x07, 0xFF, 0xFC, 0x01, 0xCE, 0x00, 0x00, 0x39, 0xC0, 0x00, 0x06, 0x38, 0x00, 0x01, 0xC7, 0x00,
    0x00, 0x38, 0xE0, 0x00, 0x0E, 0x1C, 0x00, 0x01, 0xC3, 0x80, 0x00, 0x70, 0x7F, 0xF8, 0x0E, 0x0F,
    0xFF, 0x03, 0x81, 0xC0, 0x00, 0x70, 0x38, 0x00, 0x1F, 0xFF, 0x00, 0x03, 0xFF, 0xE0, 0x00, 0xE0,
    0x1C, 0x00, 0x1C, 0x03, 0x80, 0x07, 0x00, 0x70, 0x00, 0xE0, 0x0E, 0x00, 0x38, 0x01, 0xFF, 0xF7,
    0x00, 0x3F, 0xFE, 0x0F, 0xC3, 0xF0, 0x3F, 0xE7, 0xFC, 0x7C, 0xFF, 0x3E, 0x70, 0x3C, 0x0E, 0x00,
    0x38, 0x07, 0x00, 0x38, 0x07, 0x00, 0x38, 0x07, 0x3F, 0xFF, 0xFF, 0x7F, 0xFF, 0xFF, 0xF0, 0x38,
    0x00, 0xE0, 0x38, 0x00, 0xE0, 0x38, 0x04, 0xE0, 0x7C, 0x0F, 0xF9, 0xEF, 0x3E, 0x7F, 0xC7, 0xFC,
    0x1F, 0x03, 0xF8, 0x30, 0x61, 0x83, 0x0F, 0x78, 0x3F, 0x80, 0xF8, 0x00, 0x00, 0x00, 0x1F, 0xFF,
    0xFF, 0xFF, 0x00, 0x38, 0x01, 0xC0, 0x0E, 0x00, 0x70, 0x03, 0x80, 0x1C, 0x00, 0xFF, 0xF7, 0xFF,
    0xB8, 0x01, 0xC0, 0x0E, 0x00, 0x70, 0x03, 0x80, 0x1C, 0x00, 0xE0, 0x07, 0x00, 0x3F, 0xFF, 0xFF,
    0xF0, 0x18, 0x60, 0x61, 0x81, 0xCE, 0x03, 0xF0, 0x07, 0x80, 0x00, 0x00, 0x00, 0x03, 0xF0, 0x1F,
    0xF0, 0xF3, 0xE7, 0x03, 0x98, 0x07, 0xE0, 0x1F, 0x80, 0x7F, 0xFF, 0xFF, 0xFF, 0xE0, 0x03, 0x80,
    0x0E, 0x01, 0x1C, 0x0F, 0x3C, 0xF8, 0x7F, 0xC0, 0xFE, 0x00, 0x07, 0xF0, 0x07, 0xFF, 0x03, 0xF3,
    0xE1, 0xE0, 0x3C, 0x70, 0x07, 0xB8, 0x00, 0xE6, 0x00, 0x1C, 0x00, 0x07, 0x00, 0x01, 0xFF, 0xFF,
    0xFF, 0xFF, 0xFF, 0x80, 0x07, 0xE0, 0x01, 0xF8, 0x00, 0x7E, 0x00, 0x1D, 0xC0, 0x0E, 0x70, 0x07,
    0x8E, 0x03, 0xC3, 0xE3, 0xE0, 0x7F, 0xF0, 0x07, 0xF0, 0x00, 0x1F, 0xC0, 0xFF, 0x87, 0x8F, 0x3C,
    0x0E, 0x00, 0x1C, 0x00, 0x70, 0x01, 0xFF, 0xFF, 0xFF, 0xFF, 0x80, 0x7E, 0x01, 0xF8, 0x06, 0x70,
    0x39, 0xF3, 0xC3, 0xFE, 0x03, 0xF0, 0x0E, 0x38, 0x03, 0x8E, 0x00, 0xE3, 0x80, 0x00, 0x00, 0x00,
    0x00, 0x00, 0x00, 0x00, 0x7F, 0x00, 0x7F, 0xF0, 0x3E, 0x3E, 0x1E, 0x03, 0xC7, 0x00, 0x7B, 0x80,
    0x0E, 0x60, 0x01, 0xC0, 0x00, 0x70, 0x00, 0x1F, 0xFF, 0xFF, 0xFF, 0xFF, 0xF8, 0x00, 0x7E, 0x00,
    0x1F, 0x80, 0x07, 0xE0, 0x01, 0xDC, 0x00, 0xE7, 0x00, 0x78, 0xE0, 0x3C, 0x3E, 0x3E, 0x07, 0xFF,
    0x00, 0x7F, 0x00, 0x1C, 0x70, 0x71, 0xC1, 0xC7, 0x00, 0x00, 0x00, 0x00, 0x7F, 0x03, 0xFE, 0x1F,
    0x3C, 0xF0, 0x38, 0x00, 0x70, 0x01, 0xC0, 0x07, 0xFF, 0xFF, 0xFF, 0xFE, 0x01, 0xF8, 0x07, 0xF0,
    0x19, 0xC0, 0xE7, 0xCF, 0x0F, 0xF8, 0x0F, 0xC0, 0x00, 0x71, 0xC0, 0x00, 0x0E, 0x38, 0x00, 0x01,
    0xC7, 0x00, 0x00, 0x00, 0x00, 0x00, 0x00, 0x00, 0x00, 0x00, 0x00, 0x00, 0x1E, 0x03, 0x80, 0xF1,
    0xC0, 0x70, 0x1C, 0x1C, 0x0E, 0x07, 0x03, 0xC1, 0xC0, 0xE0, 0x38, 0x38, 0x38, 0x03, 0x87, 0x0F,
    0x00, 0x70, 0xE1, 0xC0, 0x07, 0x1C, 0x70, 0x00, 0xF3, 0x8E, 0x00, 0x0F, 0xFF, 0x80, 0x01, 0xFF,
    0xF0, 0x00, 0x79, 0xCF, 0x00, 0x0E, 0x38, 0xE0, 0x03, 0x87, 0x0E, 0x00, 0xF0, 0xE1, 0xE0, 0x1C,
    0x1C, 0x1C, 0x07, 0x03, 0x81, 0xC0, 0xE0, 0x70, 0x38, 0x38, 0x0E, 0x03, 0x8F, 0x01, 0xC0, 0x79,
    0xC0, 0x38, 0x07, 0x00, 0x01, 0xC7, 0x00, 0x03, 0x8E, 0x00, 0x07, 0x1C, 0x00, 0x00, 0x00, 0x00,
    0x00, 0x00, 0x0E, 0x07, 0x03, 0x8E, 0x0E, 0x0E, 0x0E, 0x1C, 0x38, 0x0E, 0x38, 0xE0, 0x1C, 0x71,
    0xC0, 0x1C, 0xE7, 0x00, 0x1D, 0xDC, 0x00, 0x1F, 0xF0, 0x00, 0x3F, 0xE0, 0x00, 0xEE, 0xE0, 0x03,
    0x9C, 0xE0, 0x0E, 0x38, 0xE0, 0x3C, 0x71, 0xE0, 0x70, 0xE1, 0xC1, 0xC1, 0xC1, 0xC7, 0x03, 0x81,
    0xC0, 0x1C, 0x70, 0x38, 0xE0, 0x71, 0xC0, 0x00, 0x00, 0x00, 0x00, 0x00, 0x01, 0xF8, 0x0F, 0xF8,
    0x3E, 0x78, 0xE0, 0x39, 0xC0, 0x70, 0x00, 0xE0, 0x01, 0xC0, 0x07, 0x80, 0x3E, 0x03, 0xF0, 0x07,
    0xF8, 0x00, 0x78, 0x00, 0x78, 0x00, 0x70, 0x00, 0xEC, 0x01, 0xDC, 0x03, 0xB8, 0x0E, 0x3E, 0x7C,
    0x3F, 0xF0, 0x3F, 0x80, 0x71, 0xC7, 0x1C, 0x71, 0xC0, 0x00, 0x00, 0x01, 0xF0, 0x7F, 0xCF, 0x9E,
    0xE0, 0xE0, 0x0E, 0x00, 0xE0, 0x3C, 0x0F, 0x80, 0xFC, 0x01, 0xE0, 0x07, 0x00, 0x7E, 0x07, 0xF9,
    0xE7, 0xFC, 0x1F, 0x80, 0x3F, 0xFE, 0x3F, 0xFE, 0x00, 0x1C, 0x00, 0x3C, 0x00, 0x78, 0x00, 0xF0,
    0x01, 0xE0, 0x01, 0xC0, 0x03, 0x80, 0x03, 0xF0, 0x03, 0xFC, 0x00, 0x1E, 0x00, 0x0E, 0x00, 0x07,
    0x00, 0x07, 0x60, 0x07, 0x70, 0x06, 0x78, 0x0E, 0x3E, 0x3C, 0x1F, 0xF8, 0x07, 0xF0, 0x3F, 0xFE,
    0x3F, 0xFE, 0x00, 0x1E, 0x00, 0x3C, 0x00, 0x78, 0x00, 0x70, 0x00, 0xE0, 0x01, 0xC0, 0x03, 0x80,
    0x03, 0xE0, 0x03, 0xF8, 0x00, 0x3C, 0x00, 0x0E, 0x00, 0x0E, 0x00, 0x07, 0x00, 0x07, 0x70, 0x07,
    0x70, 0x0E, 0x78, 0x0E, 0x3E, 0x3C, 0x1F, 0xF8, 0x07, 0xF0, 0x00, 0x00, 0x07, 0xF8, 0x03, 0xFC,
    0x00, 0x00, 0x00, 0x00, 0x00, 0x00, 0x03, 0x80, 0x1F, 0xC0, 0x0F, 0xE0, 0x0F, 0xF0, 0x0F, 0xF8,
    0x07, 0xFC, 0x07, 0x7E, 0x07, 0xBF, 0x03, 0x9F, 0x83, 0x8F, 0xC3, 0xC7, 0xE1, 0xC3, 0xF1, 0xC1,
    0xF8, 0xE0, 0xFC, 0xE0, 0x7E, 0xE0, 0x3F, 0x70, 0x1F, 0xF0, 0x0F, 0xF0, 0x07, 0xF8, 0x03, 0xF8,
    0x01, 0xF8, 0x00, 0xE0, 0x3F, 0xC1, 0xFE, 0x00, 0x00, 0x00, 0x00, 0x00, 0x70, 0x1F, 0x81, 0xFC,
    0x1F, 0xE0, 0xFF, 0x0F, 0xF8, 0xEF, 0xC7, 0x7E, 0x73, 0xF3, 0x1F, 0xB8, 0xFF, 0x87, 0xF8, 0x3F,
    0xC1, 0xFC, 0x0F, 0xC0, 0x7E, 0x03, 0x80, 0x0E, 0x38, 0x07, 0x1C, 0x03, 0x8E, 0x00, 0x00, 0x00,
    0x00, 0x00, 0x00, 0x03, 0x80, 0x1F, 0xC0, 0x0F, 0xE0, 0x0F, 0xF0, 0x0F, 0xF8, 0x07, 0xFC, 0x07,
    0x7E, 0x07, 0xBF, 0x03, 0x9F, 0x83, 0x8F, 0xC1, 0xC7, 0xE1, 0xC3, 0xF1, 0xC1, 0xF8, 0xE0, 0xFC,
    0xE0, 0x7E, 0xF0, 0x3F, 0x70, 0x1F, 0xF0, 0x0F, 0xF8, 0x07, 0xF8, 0x03, 0xF8, 0x01, 0xFC, 0x00,
    0xE0, 0x38, 0xE1, 0xC7, 0x0E, 0x38, 0x00, 0x00, 0x00, 0x70, 0x1F, 0x81, 0xFC, 0x1F, 0xE0, 0xFF,
    0x0F, 0xF8, 0x6F, 0xC7, 0x7E, 0x73, 0xF3, 0x1F, 0xB8, 0xFF, 0x87, 0xF8, 0x3F, 0xC1, 0xFC, 0x0F,
    0xE0, 0x7E, 0x03, 0x80, 0x07, 0x1C, 0x00, 0xE3, 0x80, 0x1C, 0x70, 0x00, 0x00, 0x00, 0x00, 0x00,
    0x00, 0x00, 0x00, 0xFE, 0x00, 0x7F, 0xF0, 0x1F, 0x1F, 0x07, 0x80, 0xF1, 0xE0, 0x0F, 0x38, 0x00,
    0xEE, 0x00, 0x0F, 0xC0, 0x01, 0xF8, 0x00, 0x3F, 0x00, 0x07, 0xE0, 0x00, 0xFC, 0x00, 0x1F, 0x80,
    0x03, 0xF0, 0x00, 0x7E, 0x00, 0x0E, 0xE0, 0x03, 0x9E, 0x00, 0xF1, 0xE0, 0x3C, 0x1F, 0x1F, 0x01,
    0xFF, 0xC0, 0x0F, 0xE0, 0x00, 0x1C, 0x70, 0x38, 0xE0, 0x71, 0xC0, 0x00, 0x00, 0x00, 0x01, 0xF8,
    0x07, 0xFC, 0x1E, 0x7C, 0x78, 0x3C, 0xE0, 0x3B, 0x80, 0x37, 0x00, 0x7E, 0x00, 0xFC, 0x01, 0xF8,
    0x03, 0xF0, 0x06, 0x70, 0x1C, 0xF0, 0x78, 0xF3, 0xE0, 0xFF, 0x80, 0xFC, 0x00, 0x03, 0xF8, 0x01,
    0xFF, 0xC0, 0x7C, 0x7C, 0x1E, 0x03, 0xC7, 0x80, 0x3C, 0xE0, 0x03, 0xB8, 0x00, 0x3F, 0x00, 0x07,
    0xE0, 0x00, 0xFF, 0xFF, 0xFF, 0xFF, 0xFF, 0xF0, 0x00, 0x7E, 0x00, 0x0F, 0xC0, 0x01, 0xF8, 0x00,
    0x3B, 0x80, 0x0E, 0x78, 0x03, 0xC7, 0x80, 0xF0, 0x7C, 0x7C, 0x07, 0xFF, 0x00, 0x3F, 0x80, 0x0F,
    0xC0, 0x3F, 0xE0, 0xF3, 0xE3, 0x81, 0xE7, 0x01, 0xDC, 0x03, 0xBF, 0xC7, 0xFF, 0xFF, 0xF3, 0xFF,
    0xC0, 0x1F, 0x80, 0x73, 0x80, 0xE7, 0x03, 0xC7, 0x9F, 0x07, 0xFC, 0x07, 0xE0, 0x07, 0x1C, 0x00,
    0xE3, 0x80, 0x1C, 0x70, 0x00, 0x00, 0x00, 0x00, 0x00, 0x00, 0x00, 0x00, 0xFE, 0x00, 0x7F, 0xF0,
    0x1F, 0x1F, 0x07, 0x80, 0xF1, 0xE0, 0x0F, 0x38, 0x00, 0xEE, 0x00, 0x0F, 0xC0, 0x01, 0xF8, 0x00,
    0x3F, 0xFF, 0xFF, 0xFF, 0xFF, 0xFC, 0x00, 0x1F, 0x80, 0x03, 0xF0, 0x00, 0x7E, 0x00, 0x0E, 0xE0,
    0x03, 0x9E, 0x00, 0xF1, 0xE0, 0x3C, 0x1F, 0x1F, 0x01, 0xFF, 0xC0, 0x0F, 0xE0, 0x00, 0x1C, 0x70,
    0x38, 0xE0, 0x71, 0xC0, 0x00, 0x00, 0x00, 0x01, 0xF8, 0x07, 0xFC, 0x1E, 0x7C, 0x78, 0x3C, 0xE0,
    0x3B, 0x80, 0x37, 0xF8, 0xFF, 0xFF, 0xFE, 0x7F, 0xF8, 0x03, 0xF0, 0x06, 0x70, 0x1C, 0xF0, 0x78,
    0xF3, 0xE0, 0xFF, 0x80, 0xFC, 0x00, 0x0E, 0x38, 0x03, 0x8E, 0x00, 0xE3, 0x80, 0x00, 0x00, 0x00,
    0x00, 0x00, 0x00, 0x00, 0x7F, 0x00, 0x7F, 0xF0, 0x3E, 0x3E, 0x1E, 0x03, 0xC7, 0x00, 0x7B, 0x80,
    0x0E, 0x00, 0x01, 0xC0, 0x00, 0x70, 0x00, 0x1C, 0x0F, 0xFF, 0x03, 0xFF, 0xC0, 0x00, 0x70, 0x00,
    0x1C, 0x00, 0x07, 0xE0, 0x01, 0xF8, 0x00, 0xE7, 0x00, 0x79, 0xE0, 0x3C, 0x3E, 0x3E, 0x07, 0xFF,
    0x00, 0x7F, 0x00, 0x38, 0xE0, 0xE3, 0x83, 0x8E, 0x00, 0x00, 0x00, 0x00, 0x3F, 0x03, 0xFE, 0x1F,
    0x3C, 0xF0, 0x39, 0x80, 0xE0, 0x01, 0xC0, 0x07, 0x0F, 0xFC, 0x3F, 0xF0, 0x01, 0xC0, 0x07, 0xE0,
    0x3B, 0xC0, 0xE7, 0xCF, 0x0F, 0xF8, 0x0F, 0xC0, 0x00, 0x00, 0x01, 0xFE, 0x00, 0x7F, 0x80, 0x00,
    0x00, 0x00, 0x00, 0x00, 0x00, 0x07, 0x00, 0x39, 0xC0, 0x0E, 0x38, 0x07, 0x8E, 0x01, 0xC1, 0xC0,
    0x70, 0x70, 0x38, 0x1E, 0x0E, 0x03, 0x87, 0x00, 0xE1, 0xC0, 0x1C, 0x70, 0x07, 0x38, 0x00, 0xCE,
    0x00, 0x3B, 0x00, 0x07, 0xC0, 0x01, 0xE0, 0x00, 0x38, 0x00, 0x0E, 0x00, 0x07, 0x00, 0x03, 0xC0,
    0x07, 0xE0, 0x01, 0xF0, 0x00, 0x0F, 0xF0, 0x0F, 0xF0, 0x00, 0x00, 0x00, 0x00, 0x00, 0x00, 0x70,
    0x0E, 0x70, 0x0E, 0x70, 0x0E, 0x38, 0x1C, 0x38, 0x1C, 0x38, 0x18, 0x1C, 0x38, 0x1C, 0x38, 0x0E,
    0x70, 0x0E, 0x70, 0x0E, 0x70, 0x07, 0xE0, 0x07, 0xE0, 0x03, 0xC0, 0x03, 0xC0, 0x03, 0xC0, 0x03,
    0x80, 0x03, 0x80, 0x03, 0x00, 0x0F, 0x00, 0x3E, 0x00, 0x3C, 0x00, 0x0E, 0x38, 0x07, 0x1C, 0x03,
    0x8E, 0x00, 0x00, 0x00, 0x00, 0x00, 0x00, 0x03, 0x80, 0x0E, 0xE0, 0x0E, 0x70, 0x07, 0x1C, 0x07,
    0x0E, 0x03, 0x87, 0x81, 0xC1, 0xC1, 0xC0, 0xF0, 0xE0, 0x38, 0xE0, 0x1C, 0x70, 0x07, 0x38, 0x03,
    0xB8, 0x00, 0xDC, 0x00, 0x7C, 0x00, 0x3E, 0x00, 0x0E, 0x00, 0x07, 0x00, 0x03, 0x80, 0x07, 0x80,
    0x0F, 0x80, 0x07, 0x80, 0x00, 0x1C, 0x70, 0x38, 0xE0, 0x71, 0xC0, 0x00, 0x00, 0x00, 0x1C, 0x01,
    0xDC, 0x07, 0x38, 0x0E, 0x70, 0x1C, 0x70, 0x70, 0xE0, 0xE1, 0xC1, 0x81, 0xC7, 0x03, 0x8E, 0x03,
    0x18, 0x07, 0x70, 0x0E, 0xE0, 0x0F, 0x80, 0x1F, 0x00, 0x3C, 0x00, 0x38, 0x00, 0x70, 0x01, 0xC0,
    0x03, 0x80, 0x0E, 0x00, 0x7C, 0x00, 0xF0, 0x00, 0x07, 0x1C, 0x03, 0x9C, 0x03, 0x9C, 0x01, 0x8C,
    0x00, 0x00, 0x00, 0x00, 0x03, 0x80, 0x0E, 0xE0, 0x0E, 0x70, 0x07, 0x1C, 0x03, 0x8E, 0x03, 0x87,
    0x81, 0xC1, 0xC1, 0xC0, 0xE0, 0xE0, 0x38, 0x60, 0x1C, 0x70, 0x07, 0x38, 0x03, 0xB8, 0x00, 0xDC,
    0x00, 0x7C, 0x00, 0x1E, 0x00, 0x0F, 0x00, 0x07, 0x00, 0x03, 0x80, 0x03, 0x80, 0x0F, 0xC0, 0x07,
    0x80, 0x00, 0x07, 0x38, 0x06, 0x38, 0x0E, 0x70, 0x0C, 0x60, 0x00, 0x00, 0x00, 0x00, 0x70, 0x07,
    0x70, 0x0E, 0x38, 0x0E, 0x38, 0x1C, 0x38, 0x1C, 0x1C, 0x1C, 0x1C, 0x38, 0x0C, 0x38, 0x0E, 0x30,
    0x0E, 0x70, 0x06, 0x70, 0x07, 0x60, 0x07, 0xE0, 0x03, 0xE0, 0x03, 0xC0, 0x01, 0xC0, 0x01, 0x80,
    0x03, 0x80, 0x03, 0x80, 0x07, 0x00, 0x3E, 0x00, 0x3C, 0x00, 0x1C, 0x70, 0x1C, 0x70, 0x1C, 0x70,
    0x00, 0x00, 0x00, 0x00, 0x00, 0x00, 0xE0, 0x07, 0xE0, 0x07, 0xE0, 0x07, 0xE0, 0x07, 0xE0, 0x07,
    0xE0, 0x07, 0xE0, 0x07, 0xE0, 0x07, 0xE0, 0x07, 0xF0, 0x0F, 0x7C, 0x7F, 0x3F, 0xFF, 0x0F, 0xE7,
    0x00, 0x07, 0x00, 0x07, 0x00, 0x07, 0x00, 0x07, 0x00, 0x07, 0x00, 0x07, 0x00, 0x07, 0x00, 0x07,
    0x38, 0xE1, 0xC7, 0x0E, 0x38, 0x00, 0x00, 0x00, 0x70, 0x1F, 0x80, 0xFC, 0x07, 0xE0, 0x3F, 0x01,
    0xF8, 0x0F, 0xC0, 0x7E, 0x03, 0xBC, 0x7C, 0xFF, 0xE3, 0xFF, 0x00, 0x38, 0x01, 0xC0, 0x0E, 0x00,
    0x70, 0x03, 0x80, 0xFF, 0xFF, 0xFF, 0xF8, 0x01, 0xC0, 0x0E, 0x00, 0x70, 0x03, 0x80, 0x1C, 0x00,
    0xE0, 0x07, 0x00, 0x38, 0x01, 0xC0, 0x0E, 0x00, 0x70, 0x03, 0x80, 0x1C, 0x00, 0xE0, 0x07, 0x00,
    0x38, 0x01, 0xF0, 0x0F, 0x80, 0x1C, 0x00, 0xE0, 0x07, 0x00, 0x38, 0x00, 0xC0, 0x00, 0xFF, 0xFF,
    0xFE, 0x03, 0x80, 0xE0, 0x38, 0x0E, 0x03, 0x80, 0xE0, 0x38, 0x0E, 0x03, 0x80, 0xE0, 0x38, 0x0F,
    0x83, 0xE0, 0x38, 0x0E, 0x03, 0x80, 0xE0, 0x30, 0x00, 0x07, 0x1C, 0x00, 0x38, 0xE0, 0x01, 0xC7,
    0x00, 0x00, 0x00, 0x00, 0x00, 0x00, 0x00, 0x00, 0x03, 0x80, 0x00, 0xFC, 0x00, 0x07, 0xE0, 0x00,
    0x3F, 0x00, 0x01, 0xF8, 0x00, 0x0F, 0xC0, 0x00, 0x7E, 0x00, 0x03, 0xF0, 0x00, 0x1F, 0xFF, 0x80,
    0xFF, 0xFF, 0x07, 0xE0, 0xFC, 0x3F, 0x00, 0xE1, 0xF8, 0x03, 0x8F, 0xC0, 0x1C, 0x7E, 0x00, 0xE3,
    0xF0, 0x07, 0x1F, 0x80, 0x38, 0xFC, 0x03, 0x87, 0xE0, 0x7C, 0x3F, 0xFF, 0xC1, 0xFF, 0xF8, 0x0E,
    0x0E, 0x30, 0x07, 0x1C, 0x03, 0x8C, 0x00, 0x00, 0x00, 0x00, 0x07, 0x00, 0x1F, 0x80, 0x0F, 0xC0,
    0x07, 0xE0, 0x03, 0xF0, 0x01, 0xF8, 0x00, 0xFF, 0xF8, 0x7F, 0xFE, 0x3F, 0x0F, 0x9F, 0x81, 0xCF,
    0xC0, 0x77, 0xE0, 0x3B, 0xF0, 0x39, 0xF8, 0x3C, 0xFF, 0xFC, 0x7F, 0xFC, 0x38, 0x1F, 0xFF, 0x1F,
    0xFF, 0x1C, 0x00, 0x1C, 0x00, 0x1C, 0x00, 0x1C, 0x00, 0x1C, 0x00, 0x1C, 0x00, 0x1C, 0x00, 0xFF,
    0xF0, 0xFF, 0xF0, 0x1C, 0x00, 0x1C, 0x00, 0x1C, 0x00, 0x1C, 0x00, 0x1C, 0x00, 0x1C, 0x00, 0x1C,
    0x00, 0x1C, 0x00, 0x1F, 0x00, 0x1F, 0x00, 0x07, 0x00, 0x07, 0x00, 0x07, 0x00, 0x0F, 0x00, 0x3E,
    0x00, 0x3C, 0x00, 0x3F, 0xF3, 0xFF, 0x38, 0x03, 0x80, 0x38, 0x03, 0x80, 0x38, 0x0F, 0xF8, 0xFF,
    0x83, 0x80, 0x38, 0x03, 0x80, 0x38, 0x03, 0x80, 0x3E, 0x03, 0xE0, 0x0E, 0x00, 0xE0, 0x0E, 0x01,
    0xE0, 0x7C, 0x07, 0x80, 0x78, 0x01, 0xE1, 0xC0, 0x1E, 0x07, 0x00, 0xE0, 0x1C, 0x0E, 0x00, 0xF0,
    0xF0, 0x03, 0x87, 0x00, 0x0E, 0x70, 0x00, 0x77, 0x80, 0x01, 0xF8, 0x00, 0x07, 0x80, 0x00, 0x3C,
    0x00, 0x03, 0xF0, 0x00, 0x1F, 0x80, 0x01, 0xCE, 0x00, 0x1C, 0x78, 0x01, 0xE1, 0xC0, 0x0E, 0x07,
    0x00, 0xE0, 0x3C, 0x0F, 0x00, 0xF0, 0x70, 0x03, 0xF7, 0x00, 0x0F, 0x80, 0x00, 0x1C, 0x00, 0x00,
    0xE0, 0x00, 0x07, 0x00, 0x00, 0x70, 0x00, 0x1F, 0x80, 0x00, 0xF8, 0x70, 0x3D, 0xC0, 0xE3, 0x87,
    0x0E, 0x1C, 0x1C, 0xE0, 0x3F, 0x00, 0xFC, 0x01, 0xE0, 0x07, 0x80, 0x3F, 0x00, 0xFC, 0x07, 0x38,
    0x3C, 0x70, 0xE1, 0xC7, 0x03, 0x9C, 0x0E, 0x00, 0x1C, 0x00, 0x70, 0x01, 0xC0, 0x0E, 0x01, 0xF8,
    0x07, 0xC0, 0x78, 0x01, 0xC7, 0x00, 0x78, 0x70, 0x0E, 0x0F, 0x03, 0x80, 0xF0, 0xE0, 0x0E, 0x1C,
    0x01, 0xE7, 0x00, 0x1F, 0xC0, 0x01, 0xF8, 0x07, 0xFF, 0xF0, 0xFF, 0xFE, 0x00, 0xFC, 0x00, 0x3F,
    0x80, 0x07, 0x38, 0x01, 0xC7, 0x80, 0x78, 0x70, 0x0E, 0x07, 0x03, 0x80, 0xF0, 0xE0, 0x0E, 0x3C,
    0x00, 0xE7, 0x00, 0x1E, 0x70, 0x38, 0xE0, 0xE3, 0x87, 0x07, 0x1C, 0x0E, 0xE0, 0x3B, 0x00, 0x7C,
    0x1F, 0xFE, 0x7F, 0xF8, 0x1F, 0x00, 0xEC, 0x03, 0x38, 0x1C, 0x70, 0xE0, 0xC7, 0x03, 0x9C, 0x07,
    0x01, 0xE0, 0x00, 0x3C, 0x00, 0x0F, 0xC0, 0x01, 0xF8, 0x00, 0x33, 0x80, 0x0E, 0x70, 0x01, 0xCE,
    0x00, 0x38, 0xE0, 0x0E, 0x1C, 0x01, 0xC3, 0x80, 0x38, 0x38, 0x0E, 0x07, 0x01, 0xC0, 0x70, 0x3F,
    0xFE, 0x0F, 0xFF, 0xC1, 0xC0, 0x3C, 0x38, 0x03, 0x8E, 0x00, 0x39, 0xC0, 0x07, 0x38, 0x00, 0xEE,
    0x00, 0x0E, 0x00, 0x00, 0x00, 0x00, 0x00, 0x00, 0x00, 0x01, 0xE0, 0x00, 0x3C, 0x00, 0x07, 0x80,
    0x00, 0x0F, 0xC1, 0xFF, 0x9F, 0x3C, 0xE0, 0x70, 0x03, 0x80, 0x1C, 0x03, 0xE3, 0xFF, 0x7F, 0xBF,
    0x81, 0xF8, 0x0F, 0xC0, 0x7E, 0x07, 0xFC, 0xFD, 0xFF, 0xE3, 0xE7, 0x00, 0x00, 0x00, 0x00, 0x00,
    0x0F, 0x00, 0x78, 0x03, 0xC0, 0x01, 0xE0, 0x00, 0x3E, 0x00, 0x01, 0x80, 0x00, 0x30, 0x00, 0x00,
    0x00, 0x00, 0x00, 0x00, 0x38, 0x00, 0x0F, 0x80, 0x01, 0xF0, 0x00, 0x76, 0x00, 0x0E, 0xE0, 0x01,
    0xDC, 0x00, 0x71, 0xC0, 0x0E, 0x38, 0x01, 0xC7, 0x00, 0x70, 0x70, 0x0E, 0x0E, 0x01, 0x81, 0xC0,
    0x78, 0x3C, 0x0F, 0xFF, 0x83, 0xFF, 0xF8, 0x70, 0x07, 0x0E, 0x00, 0xE3, 0x80, 0x0E, 0x70, 0x01,
    0xCE, 0x00, 0x3B, 0x80, 0x03, 0x80, 0x06, 0x00, 0x7C, 0x00, 0xE0, 0x06, 0x00, 0x20, 0x00, 0x00,
    0x3F, 0x07, 0xFE, 0x7C, 0xF3, 0x81, 0xC0, 0x0E, 0x00, 0x70, 0x0F, 0x8F, 0xFD, 0xFE, 0xFE, 0x07,
    0xE0, 0x3F, 0x01, 0xF8, 0x1F, 0xF3, 0xF7, 0xFF, 0x8F, 0x9C, 0x00, 0x07, 0x00, 0x00, 0xC0, 0x00,
    0x38, 0x00, 0x06, 0x00, 0x00, 0x00, 0x01, 0xC0, 0x00, 0x7C, 0x00, 0x1D, 0xC0, 0x07, 0x1C, 0x00,
    0x00, 0x00, 0x00, 0x00, 0x00, 0x70, 0x00, 0x1F, 0x00, 0x03, 0xE0, 0x00, 0xEC, 0x00, 0x1D, 0xC0,
    0x03, 0xB8, 0x00, 0xE3, 0x80, 0x1C, 0x70, 0x03, 0x8E, 0x00, 0xE0, 0xE0, 0x1C, 0x1C, 0x03, 0x03,
    0x80, 0xE0, 0x78, 0x1F, 0xFF, 0x07, 0xFF, 0xF0, 0xE0, 0x0E, 0x1C, 0x01, 0xC7, 0x00, 0x1C, 0xE0,
    0x03, 0x9C, 0x00, 0x77, 0x00, 0x07, 0x00, 0x38, 0x00, 0xE0, 0x07, 0x00, 0x18, 0x00, 0x00, 0x1E,
    0x00, 0xF8, 0x07, 0x30, 0x38, 0xE0, 0x00, 0x00, 0x00, 0x03, 0xF0, 0x3F, 0xF1, 0xF3, 0xC7, 0x03,
    0x80, 0x0E, 0x00, 0x38, 0x03, 0xE1, 0xFF, 0x9F, 0xEE, 0xF0, 0x3B, 0x80, 0xEE, 0x03, 0xB8, 0x1E,
    0xF9, 0xF9, 0xFF, 0xE1, 0xF3, 0x80, 0x00, 0x38, 0x00, 0x07, 0x00, 0x00, 0x70, 0x00, 0x06, 0x00,
    0x00, 0x00, 0x01, 0xC0, 0x00, 0x7C, 0x00, 0x1D, 0xC0, 0x07, 0x1C, 0x00, 0x00, 0x00, 0x00, 0x00,
    0x00, 0x70, 0x00, 0x1F, 0x00, 0x03, 0xE0, 0x00, 0xEC, 0x00, 0x1D, 0xC0, 0x03, 0xB8, 0x00, 0xE3,
    0x80, 0x1C, 0x70, 0x03, 0x8E, 0x00, 0xE0, 0xE0, 0x1C, 0x1C, 0x03, 0x03, 0x80, 0xE0, 0x78, 0x1F,
    0xFF, 0x07, 0xFF, 0xF0, 0xE0, 0x0E, 0x1C, 0x01, 0xC7, 0x00, 0x1C, 0xE0, 0x03, 0x9C, 0x00, 0x77,
    0x00, 0x07, 0x01, 0xC0, 0x06, 0x00, 0x38, 0x00, 0xC0, 0x00, 0x03, 0x80, 0x3E, 0x01, 0xB8, 0x18,
    0xE0, 0x00, 0x00, 0x00, 0x1F, 0x83, 0xFF, 0x3E, 0x79, 0xC0, 0xE0, 0x07, 0x00, 0x38, 0x07, 0xC7,
    0xFE, 0xFF, 0x7F, 0x03, 0xF0, 0x1F, 0x80, 0xFC, 0x0F, 0xF9, 0xFB, 0xFF, 0xC7, 0xCE, 0x00, 0x00,
    0x00, 0x07, 0x80, 0x00, 0xF8, 0x00, 0x06, 0x00, 0x00, 0xC0, 0x00, 0x00, 0x00, 0x38, 0x00, 0x0F,
    0x80, 0x03, 0xB8, 0x00, 0xE3, 0x80, 0x00, 0x00, 0x00, 0x00, 0x00, 0x0E, 0x00, 0x03, 0xE0, 0x00,
    0x7C, 0x00, 0x1D, 0x80, 0x03, 0xB8, 0x00, 0x77, 0x00, 0x1C, 0x70, 0x03, 0x8E, 0x00, 0x71, 0xC0,
    0x1C, 0x1C, 0x03, 0x83, 0x80, 0x60, 0x70, 0x1C, 0x0F, 0x03, 0xFF, 0xE0, 0xFF, 0xFE, 0x1C, 0x01,
    0xC3, 0x80, 0x38, 0xE0, 0x03, 0x9C, 0x00, 0x73, 0x80, 0x0E, 0xE0, 0x00, 0xE0, 0x00, 0x00, 0x0F,
    0x80, 0x7C, 0x00, 0xE0, 0x06, 0x00, 0x00, 0x0C, 0x00, 0xF0, 0x0D, 0xC0, 0xE7, 0x00, 0x00, 0x00,
    0x00, 0xFC, 0x1F, 0xF9, 0xF3, 0xCE, 0x07, 0x00, 0x38, 0x01, 0xC0, 0x3E, 0x3F, 0xF7, 0xFB, 0xF8,
    0x1F, 0x80, 0xFC, 0x07, 0xE0, 0x7F, 0xCF, 0xDF, 0xFE, 0x3E, 0x70, 0x00, 0x00, 0x00, 0x71, 0x80,
    0x0F, 0x30, 0x03, 0xBC, 0x00, 0x63, 0x80, 0x00, 0x00, 0x00, 0x38, 0x00, 0x0F, 0x80, 0x03, 0xB8,
    0x00, 0xE3, 0x80, 0x00, 0x00, 0x00, 0x00, 0x00, 0x0E, 0x00, 0x03, 0xE0, 0x00, 0x7C, 0x00, 0x1D,
    0x80, 0x03, 0xB8, 0x00, 0x77, 0x00, 0x1C, 0x70, 0x03, 0x8E, 0x00, 0x71, 0xC0, 0x1C, 0x1C, 0x03,
    0x83, 0x80, 0x60, 0x70, 0x1E, 0x0F, 0x03, 0xFF, 0xE0, 0xFF, 0xFE, 0x1C, 0x01, 0xC3, 0x80, 0x38,
    0xE0, 0x03, 0x9C, 0x00, 0x73, 0x80, 0x0E, 0xE0, 0x00, 0xE0, 0x0C, 0x60, 0xFB, 0x06, 0xF8, 0x23,
    0x80, 0x00, 0x03, 0x80, 0x3E, 0x01, 0xB8, 0x1C, 0xE0, 0x00, 0x00, 0x00, 0x1F, 0x83, 0xFF, 0x3E,
    0x79, 0xC0, 0xE0, 0x07, 0x00, 0x38, 0x07, 0xC7, 0xFE, 0xFF, 0x7F, 0x03, 0xF0, 0x1F, 0x80, 0xFC,
    0x0F, 0xF9, 0xFB, 0xFF, 0xC7, 0xCE, 0x01, 0xE0, 0x00, 0x7E, 0x00, 0x1C, 0xE0, 0x03, 0x0C, 0x00,
    0x00, 0x00, 0x00, 0x00, 0x00, 0x78, 0x00, 0x0F, 0x00, 0x03, 0xF0, 0x00, 0x7E, 0x00, 0x0C, 0xE0,
    0x03, 0x9C, 0x00, 0x73, 0x80, 0x0E, 0x38, 0x03, 0x87, 0x00, 0x70, 0xE0, 0x0E, 0x0E, 0x03, 0x81,
    0xC0, 0x70, 0x1C, 0x0F, 0xFF, 0x83, 0xFF, 0xF0, 0x70, 0x0F, 0x0E, 0x00, 0xE3, 0x80, 0x0E, 0x70,
    0x01, 0xCE, 0x00, 0x3B, 0x80, 0x03, 0x80, 0x00, 0x00, 0x00, 0x00, 0x00, 0x00, 0x00, 0x78, 0x00,
    0x0F, 0x00, 0x01, 0xE0, 0x00, 0x07, 0x80, 0x7E, 0x07, 0x30, 0x70, 0xC0, 0x00, 0x00, 0x00, 0x3F,
    0x07, 0xFE, 0x7C, 0xF3, 0x81, 0xC0, 0x0E, 0x00, 0x70, 0x0F, 0x8F, 0xFD, 0xFE, 0xFE, 0x07, 0xE0,
    0x3F, 0x01, 0xF8, 0x1F, 0xF3, 0xF7, 0xFF, 0x8F, 0x9C, 0x00, 0x00, 0x00, 0x00, 0x00, 0x3C, 0x01,
    0xE0, 0x0F, 0x00, 0x00, 0x38, 0x00, 0x07, 0x00, 0x01, 0xC0, 0x00, 0x70, 0x00, 0x00, 0x00, 0x0C,
    0x18, 0x01, 0xC7, 0x00, 0x1F, 0xC0, 0x01, 0xF0, 0x00, 0x00, 0x00, 0x00, 0x00, 0x00, 0xF0, 0x00,
    0x1F, 0x00, 0x03, 0xE0, 0x00, 0xEE, 0x00, 0x1D, 0xC0, 0x03, 0x38, 0x00, 0xE3, 0x80, 0x1C, 0x70,
    0x07, 0x0E, 0x00, 0xE0, 0xE0, 0x1C, 0x1C, 0x07, 0x03, 0x80, 0xE0, 0x78, 0x1F, 0xFF, 0x07, 0xFF,
    0xF0, 0xE0, 0x0E, 0x1C, 0x01, 0xC7, 0x00, 0x1C, 0xE0, 0x03, 0x9C, 0x00, 0x77, 0x00, 0x07, 0x01,
    0xC0, 0x0E, 0x00, 0x60, 0x06, 0x00, 0x00, 0x0C, 0x30, 0x73, 0x81, 0xF8, 0x07, 0x80, 0x00, 0x00,
    0x00, 0x1F, 0x83, 0xFF, 0x3E, 0x79, 0xC0, 0xE0, 0x07, 0x00, 0x38, 0x07, 0xC7, 0xFE, 0xFF, 0x7F,
    0x03, 0xF0, 0x1F, 0x80, 0xFC, 0x0F, 0xF9, 0xFB, 0xFF, 0xC7, 0xCE, 0x03, 0x80, 0x00, 0x70, 0x00,
    0x07, 0x00, 0x00, 0x70, 0x00, 0x00, 0x00, 0x0C, 0x18, 0x01, 0xC7, 0x00, 0x1F, 0xC0, 0x01, 0xF0,
    0x00, 0x00, 0x00, 0x00, 0x00, 0x00, 0x78, 0x00, 0x1F, 0x00, 0x03, 0xE0, 0x00, 0xEE, 0x00, 0x1D,
    0xC0, 0x03, 0xB8, 0x00, 0xE3, 0x80, 0x1C, 0x70, 0x03, 0x8E, 0x00, 0xE0, 0xE0, 0x1C, 0x1C, 0x07,
    0x83, 0xC0, 0xF0, 0x78, 0x1F, 0xFF, 0x07, 0xFF, 0xF0, 0xE0, 0x0E, 0x1C, 0x01, 0xC7, 0x00, 0x1C,
    0xE0, 0x03, 0x9C, 0x00, 0x77, 0x00, 0x07, 0x1C, 0x00, 0x60, 0x03, 0x80, 0x0E, 0x00, 0x00, 0x18,
    0x30, 0xE3, 0x83, 0xF8, 0x0F, 0x80, 0x00, 0x00, 0x00, 0x1F, 0x83, 0xFF, 0x3E, 0x79, 0xC0, 0xE0,
    0x07, 0x00, 0x38, 0x07, 0xC7, 0xFE, 0xFF, 0x7F, 0x03, 0xF0, 0x1F, 0x80, 0xFC, 0x0F, 0xF9, 0xFB,
    0xFF, 0xC7, 0xCE, 0x00, 0x00, 0x00, 0x3C, 0x00, 0x07, 0xC0, 0x00, 0x38, 0x00, 0x06, 0x00, 0x00,
    0x00, 0x01, 0x83, 0x00, 0x38, 0xE0, 0x03, 0xF8, 0x00, 0x3E, 0x00, 0x00, 0x00, 0x00, 0x00, 0x00,
    0x1E, 0x00, 0x03, 0xE0, 0x00, 0x7C, 0x00, 0x1D, 0xC0, 0x03, 0xB8, 0x00, 0x67, 0x00, 0x1C, 0x70,
    0x03, 0x8E, 0x00, 0xE1, 0xC0, 0x1C, 0x1C, 0x03, 0x83, 0x80, 0xE0, 0x70, 0x1C, 0x0F, 0x03, 0xFF,
    0xE0, 0xFF, 0xFE, 0x1C, 0x01, 0xC3, 0x80, 0x38, 0xE0, 0x03, 0x9C, 0x00, 0x73, 0x80, 0x0E, 0xE0,
    0x00, 0xE0, 0x00, 0x00, 0x3C, 0x01, 0xE0, 0x03, 0x00, 0x30, 0x00, 0x00, 0x61, 0x83, 0x9C, 0x0F,
    0xC0, 0x3C, 0x00, 0x00, 0x00, 0x00, 0xFC, 0x1F, 0xF9, 0xF3, 0xCE, 0x07, 0x00, 0x38, 0x01, 0xC0,
    0x3E, 0x3F, 0xF7, 0xFB, 0xF8, 0x1F, 0x80, 0xFC, 0x07, 0xE0, 0x7F, 0xCF, 0xDF, 0xFE, 0x3E, 0x70,
    0x00, 0x00, 0x00, 0x71, 0x80, 0x1F, 0xB0, 0x03, 0x3C, 0x00, 0x63, 0x80, 0x00, 0x00, 0x01, 0x83,
    0x00, 0x38, 0xE0, 0x03, 0xF8, 0x00, 0x3E, 0x00, 0x00, 0x00, 0x00, 0x00, 0x00, 0x1E, 0x00, 0x03,
    0xE0, 0x00, 0x7C, 0x00, 0x1D, 0xC0, 0x03, 0xB8, 0x00, 0x77, 0x00, 0x1C, 0x70, 0x03, 0x8E, 0x00,
    0x71, 0xC0, 0x1C, 0x1C, 0x03, 0x83, 0x80, 0xE0, 0x78, 0x1E, 0x0F, 0x03, 0xFF, 0xE0, 0xFF, 0xFE,
    0x1C, 0x01, 0xC3, 0x80, 0x38, 0xE0, 0x03, 0x9C, 0x00, 0x73, 0x80, 0x0E, 0xE0, 0x00, 0xE0, 0x0E,
    0x60, 0xFB, 0x07, 0xF8, 0x31, 0x80, 0x00, 0x0C, 0x30, 0x73, 0x81, 0xF8, 0x07, 0x80, 0x00, 0x00,
    0x00, 0x1F, 0x83, 0xFF, 0x3E, 0x79, 0xC0, 0xE0, 0x07, 0x00, 0x38, 0x07, 0xC7, 0xFE, 0xFF, 0x7F,
    0x03, 0xF0, 0x1F, 0x80, 0xFC, 0x0F, 0xF9, 0xFB, 0xFF, 0xC7, 0xCE, 0x06, 0x0C, 0x00, 0xF7, 0x80,
    0x0F, 0xE0, 0x00, 0xF8, 0x00, 0x00, 0x00, 0x00, 0x00, 0x00, 0x78, 0x00, 0x0F, 0x00, 0x03, 0xF0,
    0x00, 0x7E, 0x00, 0x0C, 0xE0, 0x03, 0x9C, 0x00, 0x73, 0x80, 0x0E, 0x38, 0x03, 0x87, 0x00, 0x70,
    0xE0, 0x0E, 0x0E, 0x03, 0x81, 0xC0, 0x70, 0x1C, 0x0F, 0xFF, 0x83, 0xFF, 0xF0, 0x70, 0x0F, 0x0E,
    0x00, 0xE3, 0x80, 0x0E, 0x70, 0x01, 0xCE, 0x00, 0x3B, 0x80, 0x03, 0x80, 0x00, 0x00, 0x00, 0x00,
    0x00, 0x00, 0x00, 0x78, 0x00, 0x0F, 0x00, 0x01, 0xE0, 0x00, 0x30, 0x61, 0xC7, 0x07, 0xF0, 0x1F,
    0x00, 0x00, 0x00, 0x00, 0x3F, 0x07, 0xFE, 0x7C, 0xF3, 0x81, 0xC0, 0x0E, 0x00, 0x70, 0x0F, 0x8F,
    0xFD, 0xFE, 0xFE, 0x07, 0xE0, 0x3F, 0x01, 0xF8, 0x1F, 0xF3, 0xF7, 0xFF, 0x8F, 0x9C, 0x00, 0x00,
    0x00, 0x00, 0x00, 0x3C, 0x01, 0xE0, 0x0F, 0x00, 0xFF, 0xFF, 0xFF, 0xF8, 0x01, 0xC0, 0x0E, 0x00,
    0x70, 0x03, 0x80, 0x1C, 0x00, 0xE0, 0x07, 0xFF, 0xBF, 0xFD, 0xC0, 0x0E, 0x00, 0x70, 0x03, 0x80,
    0x1C, 0x00, 0xE0, 0x07, 0x00, 0x38, 0x01, 0xFF, 0xFF, 0xFF, 0x80, 0x00, 0x00, 0x00, 0x00, 0x07,
    0x80, 0x3C, 0x01, 0xE0, 0x0F, 0xC0, 0x7F, 0xC3, 0xCF, 0x9C, 0x0E, 0x60, 0x1F, 0x80, 0x7E, 0x01,
    0xFF, 0xFF, 0xFF, 0xFF, 0x80, 0x0E, 0x00, 0x38, 0x00, 0x70, 0x3C, 0xF1, 0xE1, 0xFF, 0x03, 0xF8,
    0x00, 0x00, 0x00, 0x00, 0x00, 0x01, 0xE0, 0x07, 0x80, 0x1E, 0x00, 0x0F, 0x00, 0x78, 0x00, 0xC0,
    0x06, 0x00, 0x00, 0x00, 0x03, 0xFF, 0xFF, 0xFF, 0xE0, 0x07, 0x00, 0x38, 0x01, 0xC0, 0x0E, 0x00,
    0x70, 0x03, 0x80, 0x1F, 0xFE, 0xFF, 0xF7, 0x00, 0x38, 0x01, 0xC0, 0x0E, 0x00, 0x70, 0x03, 0x80,
    0x1C, 0x00, 0xE0, 0x07, 0xFF, 0xFF, 0xFE, 0x07, 0x00, 0x1E, 0x00, 0x18, 0x00, 0xE0, 0x03, 0x00,
    0x00, 0x00, 0xFC, 0x07, 0xFC, 0x3C, 0xF9, 0xC0, 0xE6, 0x01, 0xF8, 0x07, 0xE0, 0x1F, 0xFF, 0xFF,
    0xFF, 0xF8, 0x00, 0xE0, 0x03, 0x80, 0x07, 0x03, 0xCF, 0x1E, 0x1F, 0xF0, 0x3F, 0x80, 0x1C, 0x61,
    0xFE, 0x0F, 0xF0, 0x00, 0x00, 0x00, 0x00, 0x03, 0xFF, 0xFF, 0xFF, 0xE0, 0x07, 0x00, 0x38, 0x01,
    0xC0, 0x0E, 0x00, 0x70, 0x03, 0x80, 0x1F, 0xFE, 0xFF, 0xF7, 0x00, 0x38, 0x01, 0xC0, 0x0E, 0x00,
    0x70, 0x03, 0x80, 0x1C, 0x00, 0xE0, 0x07, 0xFF, 0xFF, 0xFE, 0x04, 0x20, 0x7F, 0x81, 0xFE, 0x00,
    0x00, 0x00, 0x00, 0x00, 0x00, 0xFC, 0x07, 0xFC, 0x3C, 0xF9, 0xC0, 0xE6, 0x01, 0xF8, 0x07, 0xE0,
    0x1F, 0xFF, 0xFF, 0xFF, 0xF8, 0x00, 0xE0, 0x03, 0x80, 0x07, 0x01, 0xCF, 0x1E, 0x1F, 0xF0, 0x3F,
    0x80, 0x00, 0x38, 0x01, 0xC0, 0x07, 0x00, 0x18, 0x00, 0x00, 0x1C, 0x00, 0xF8, 0x07, 0x70, 0x38,
    0xE0, 0x00, 0x00, 0x00, 0x3F, 0xFE, 0xFF, 0xFB, 0x80, 0x0E, 0x00, 0x38, 0x00, 0xE0, 0x03, 0x80,
    0x0E, 0x00, 0x38, 0x00, 0xFF, 0xF3, 0xFF, 0xCE, 0x00, 0x38, 0x00, 0xE0, 0x03, 0x80, 0x0E, 0x00,
    0x38, 0x00, 0xE0, 0x03, 0x80, 0x0F, 0xFF, 0xBF, 0xFE, 0x00, 0x1C, 0x00, 0xE0, 0x03, 0x00, 0x18,
    0x00, 0x00, 0x1E, 0x00, 0x7C, 0x03, 0x30, 0x1C, 0x60, 0x00, 0x00, 0x00, 0x03, 0xF0, 0x1F, 0xF0,
    0xF3, 0xE7, 0x03, 0x98, 0x07, 0xE0, 0x1F, 0x80, 0x7F, 0xFF, 0xFF, 0xFF, 0xE0, 0x03, 0x80, 0x0E,
    0x00, 0x1C, 0x0F, 0x3C, 0x78, 0x7F, 0xC0, 0xFE, 0x00, 0x01, 0xC0, 0x0E, 0x00, 0x38, 0x00, 0xC0,
    0x00, 0x03, 0x80, 0x3E, 0x03, 0xB8, 0x38, 0xE0, 0x00, 0x00, 0x01, 0xFF, 0xFF, 0xFF, 0xF0, 0x03,
    0x80, 0x1C, 0x00, 0xE0, 0x07, 0x00, 0x38, 0x01, 0xC0, 0x0F, 0xFF, 0x7F, 0xFB, 0x80, 0x1C, 0x00,
    0xE0, 0x07, 0x00, 0x38, 0x01, 0xC0, 0x0E, 0x00, 0x70, 0x03, 0xFF, 0xFF, 0xFF, 0x01, 0xC0, 0x03,
    0x80, 0x06, 0x00, 0x1C, 0x00, 0x00, 0x0E, 0x00, 0x78, 0x03, 0xB0, 0x1C, 0xE0, 0x00, 0x00, 0x00,
    0x03, 0xF0, 0x1F, 0xF0, 0xF3, 0xE7, 0x03, 0x98, 0x07, 0xE0, 0x1F, 0x80, 0x7F, 0xFF, 0xFF, 0xFF,
    0xE0, 0x03, 0x80, 0x0E, 0x00, 0x1C, 0x0F, 0x3C, 0x78, 0x7F, 0xC0, 0xFE, 0x00, 0x00, 0x00, 0x0F,
    0x00, 0x78, 0x00, 0xC0, 0x06, 0x00, 0x00, 0x1C, 0x01, 0xF0, 0x1D, 0xC1, 0xC7, 0x00, 0x00, 0x00,
    0x0F, 0xFF, 0xFF, 0xFF, 0x80, 0x1C, 0x00, 0xE0, 0x07, 0x00, 0x38, 0x01, 0xC0, 0x0E, 0x00, 0x7F,
    0xFB, 0xFF, 0xDC, 0x00, 0xE0, 0x07, 0x00, 0x38, 0x01, 0xC0, 0x0E, 0x00, 0x70, 0x03, 0x80, 0x1F,
    0xFF, 0xFF, 0xF8, 0x00, 0x00, 0x07, 0xC0, 0x1F, 0x00, 0x0C, 0x00, 0x60, 0x00, 0x00, 0x30, 0x01,
    0xE0, 0x0E, 0xC0, 0x73, 0x80, 0x00, 0x00, 0x00, 0x0F, 0xC0, 0x7F, 0xC3, 0xCF, 0x9C, 0x0E, 0x60,
    0x1F, 0x80, 0x7E, 0x01, 0xFF, 0xFF, 0xFF, 0xFF, 0x80, 0x0E, 0x00, 0x38, 0x00, 0x70, 0x3C, 0xF1,
    0xE1, 0xFF, 0x03, 0xF8, 0x00, 0x00, 0xE3, 0x07, 0xB0, 0x67, 0x83, 0x18, 0x00, 0x00, 0x1C, 0x01,
    0xF0, 0x1D, 0xC1, 0xC7, 0x00, 0x00, 0x00, 0x0F, 0xFF, 0xFF, 0xFF, 0x80, 0x1C, 0x00, 0xE0, 0x07,
    0x00, 0x38, 0x01, 0xC0, 0x0E, 0x00, 0x7F, 0xFB, 0xFF, 0xDC, 0x00, 0xE0, 0x07, 0x00, 0x38, 0x01,
    0xC0, 0x0E, 0x00, 0x70, 0x03, 0x80, 0x1F, 0xFF, 0xFF, 0xF8, 0x0E, 0x30, 0x7D, 0xC1, 0xFE, 0x06,
    0x30, 0x00, 0x00, 0x0E, 0x00, 0x7C, 0x03, 0xB8, 0x1C, 0x60, 0x00, 0x00, 0x00, 0x03, 0xF0, 0x1F,
    0xF0, 0xF3, 0xE7, 0x03, 0x98, 0x07, 0xE0, 0x1F, 0x80, 0x7F, 0xFF, 0xFF, 0xFF, 0xE0, 0x03, 0x80,
    0x0E, 0x00, 0x1C, 0x07, 0x3C, 0x78, 0x7F, 0xC0, 0xFE, 0x00, 0x07, 0x80, 0x7E, 0x07, 0x30, 0x70,
    0xC0, 0x00, 0x00, 0x03, 0xFF, 0xFF, 0xFF, 0xE0, 0x07, 0x00, 0x38, 0x01, 0xC0, 0x0E, 0x00, 0x70,
    0x03, 0x80, 0x1F, 0xFE, 0xFF, 0xF7, 0x00, 0x38, 0x01, 0xC0, 0x0E, 0x00, 0x70, 0x03, 0x80, 0x1C,
    0x00, 0xE0, 0x07, 0xFF, 0xFF, 0xFE, 0x00, 0x00, 0x00, 0x00, 0x00, 0x1E, 0x00, 0xF0, 0x07, 0x80,
    0x07, 0x80, 0x3F, 0x00, 0xCC, 0x06, 0x18, 0x00, 0x00, 0x00, 0x00, 0xFC, 0x07, 0xFC, 0x3C, 0xF9,
    0xC0, 0xE6, 0x01, 0xF8, 0x07, 0xE0, 0x1F, 0xFF, 0xFF, 0xFF, 0xF8, 0x00, 0xE0, 0x03, 0x80, 0x07,
    0x03, 0xCF, 0x1E, 0x1F, 0xF0, 0x3F, 0x80, 0x00, 0x00, 0x00, 0x00, 0x00, 0x1E, 0x00, 0x78, 0x01,
    0xE0, 0xF7, 0x8C, 0x60, 0x01, 0xCE, 0x73, 0x9C, 0xE7, 0x39, 0xCE, 0x73, 0x9C, 0xE7, 0x39, 0xCE,
    0x73, 0x9C, 0xE7, 0x8C, 0x60, 0x01, 0xCE, 0x73, 0x9C, 0xE7, 0x39, 0xCE, 0x73, 0x9C, 0xE7, 0x38,
    0xEE, 0xEE, 0xEE, 0xEE, 0xEE, 0xEE, 0xEE, 0xEE, 0xEE, 0xEE, 0xE0, 0x00, 0xFF, 0xF0, 0x6F, 0xF6,
    0x00, 0xEE, 0xEE, 0xEE, 0xEE, 0xEE, 0xEE, 0xEE, 0xEE, 0x00, 0x0F, 0xFF, 0x03, 0xF8, 0x01, 0xFF,
    0xC0, 0x7C, 0x7C, 0x1E, 0x03, 0xC7, 0x80, 0x3C, 0xE0, 0x03, 0xB8, 0x00, 0x3F, 0x00, 0x07, 0xE0,
    0x00, 0xFC, 0x00, 0x1F, 0x80, 0x03, 0xF0, 0x00, 0x7E, 0x00, 0x0F, 0xC0, 0x01, 0xF8, 0x00, 0x3B,
    0x80, 0x0E, 0x78, 0x03, 0xC7, 0x80, 0xF0, 0x7C, 0x7C, 0x07, 0xFF, 0x00, 0x3F, 0x80, 0x00, 0x00,
    0x00, 0x00, 0x00, 0x00, 0x00, 0x01, 0xE0, 0x00, 0x3C, 0x00, 0x07, 0x80, 0x00, 0x0F, 0xC0, 0x3F,
    0xE0, 0xF3, 0xE3, 0x81, 0xE7, 0x01, 0xDC, 0x03, 0xB8, 0x03, 0xF0, 0x07, 0xE0, 0x0F, 0xC0, 0x1F,
    0x80, 0x73, 0x80, 0xE7, 0x03, 0xC7, 0x9F, 0x07, 0xFC, 0x07, 0xE0, 0x00, 0x00, 0x00, 0x00, 0x00,
    0x00, 0x3C, 0x00, 0x78, 0x00, 0xF0, 0x00, 0x01, 0xE0, 0x00, 0x3E, 0x00, 0x01, 0xC0, 0x00, 0x30,
    0x00, 0x06, 0x00, 0x00, 0x00, 0x00, 0x00, 0x00, 0x1F, 0xC0, 0x0F, 0xFE, 0x03, 0xE3, 0xE0, 0xF0,
    0x1E, 0x3C, 0x01, 0xE7, 0x00, 0x1D, 0xC0, 0x01, 0xF8, 0x00, 0x3F, 0x00, 0x07, 0xE0, 0x00, 0xFC,
    0x00, 0x1F, 0x80, 0x03, 0xF0, 0x00, 0x7E, 0x00, 0x0F, 0xC0, 0x01, 0xDC, 0x00, 0x73, 0xC0, 0x1E,
    0x3C, 0x07, 0x83, 0xE3, 0xE0, 0x3F, 0xF8, 0x01, 0xFC, 0x00, 0x07, 0x00, 0x0F, 0x00, 0x06, 0x00,
    0x0C, 0x00, 0x10, 0x00, 0x00, 0x03, 0xF0, 0x0F, 0xF8, 0x3C, 0xF8, 0xE0, 0x79, 0xC0, 0x77, 0x00,
    0xEE, 0x00, 0xFC, 0x01, 0xF8, 0x03, 0xF0, 0x07, 0xE0, 0x1C, 0xE0, 0x39, 0xC0, 0xF1, 0xE7, 0xC1,
    0xFF, 0x01, 0xF8, 0x00, 0x00, 0x07, 0x00, 0x00, 0xE0, 0x00, 0x38, 0x00, 0x06, 0x00, 0x00, 0x00,
    0x01, 0xC0, 0x00, 0x7C, 0x00, 0x1D, 0xC0, 0x07, 0x1C, 0x00, 0x00, 0x00, 0x00, 0x00, 0x01, 0xFC,
    0x00, 0xFF, 0xE0, 0x3E, 0x3E, 0x0F, 0x01, 0xE3, 0xC0, 0x1E, 0x70, 0x01, 0xDC, 0x00, 0x1F, 0x80,
    0x03, 0xF0, 0x00, 0x7E, 0x00, 0x0F, 0xC0, 0x01, 0xF8, 0x00, 0x3F, 0x00, 0x07, 0xE0, 0x00, 0xFC,
    0x00, 0x1D, 0xC0, 0x07, 0x3C, 0x01, 0xE3, 0xC0, 0x78, 0x3E, 0x3E, 0x03, 0xFF, 0x80, 0x1F, 0xC0,
    0x00, 0x1C, 0x00, 0x70, 0x00, 0xE0, 0x03, 0x80, 0x00, 0x00, 0x70, 0x01, 0xF0, 0x07, 0x70, 0x1C,
    0x70, 0x00, 0x00, 0x00, 0x00, 0x7E, 0x01, 0xFF, 0x07, 0x9F, 0x1C, 0x0F, 0x38, 0x0E, 0xE0, 0x1D,
    0xC0, 0x1F, 0x80, 0x3F, 0x00, 0x7E, 0x00, 0xFC, 0x03, 0x9C, 0x07, 0x38, 0x1E, 0x3C, 0xF8, 0x3F,
    0xE0, 0x3F, 0x00, 0x00, 0x38, 0x00, 0x07, 0x00, 0x00, 0x70, 0x00, 0x06, 0x00, 0x00, 0x00, 0x01,
    0xC0, 0x00, 0x7C, 0x00, 0x1D, 0xC0, 0x07, 0x1C, 0x00, 0x00, 0x00, 0x00, 0x00, 0x01, 0xFC, 0x00,
    0xFF, 0xE0, 0x3E, 0x3E, 0x0F, 0x01, 0xE3, 0xC0, 0x1E, 0x70, 0x01, 0xDC, 0x00, 0x1F, 0x80, 0x03,
    0xF0, 0x00, 0x7E, 0x00, 0x0F, 0xC0, 0x01, 0xF8, 0x00, 0x3F, 0x00, 0x07, 0xE0, 0x00, 0xFC, 0x00,
    0x1D, 0xC0, 0x07, 0x3C, 0x01, 0xE3, 0xC0, 0x78, 0x3E, 0x3E, 0x03, 0xFF, 0x80, 0x1F, 0xC0, 0x01,
    0xC0, 0x01, 0xC0, 0x01, 0x80, 0x01, 0x80, 0x00, 0x00, 0x70, 0x01, 0xF0, 0x07, 0x70, 0x1C, 0x60,
    0x00, 0x00, 0x00, 0x00, 0x7E, 0x01, 0xFF, 0x07, 0x9F, 0x1C, 0x0F, 0x38, 0x0E, 0xE0, 0x1D, 0xC0,
    0x1F, 0x80, 0x3F, 0x00, 0x7E, 0x00, 0xFC, 0x03, 0x9C, 0x07, 0x38, 0x1E, 0x3C, 0xF8, 0x3F, 0xE0,
    0x3F, 0x00, 0x00, 0x3C, 0x00, 0x07, 0xC0, 0x00, 0x38, 0x00, 0x06, 0x00, 0x00, 0x80, 0x00, 0x00,
    0x00, 0x7C, 0x00, 0x0D, 0xC0, 0x03, 0x1C, 0x00, 0x41, 0x80, 0x00, 0x00, 0x01, 0xFC, 0x00, 0xFF,
    0xE0, 0x3E, 0x3E, 0x0F, 0x01, 0xE3, 0xC0, 0x1E, 0x70, 0x01, 0xDC, 0x00, 0x1F, 0x80, 0x03, 0xF0,
    0x00, 0x7E, 0x00, 0x0F, 0xC0, 0x01, 0xF8, 0x00, 0x3F, 0x00, 0x07, 0xE0, 0x00, 0xFC, 0x00, 0x1D,
    0xC0, 0x07, 0x3C, 0x01, 0xE3, 0xC0, 0x78, 0x3E, 0x3E, 0x03, 0xFF, 0x80, 0x1F, 0xC0, 0x00, 0x00,
    0x01, 0xE0, 0x03, 0xC0, 0x01, 0x80, 0x03, 0x00, 0x00, 0x00, 0xE0, 0x03, 0xE0, 0x0E, 0xE0, 0x38,
    0xC0, 0x00, 0x00, 0x00, 0x00, 0xFC, 0x03, 0xFE, 0x0F, 0x3E, 0x38, 0x1E, 0x70, 0x1D, 0xC0, 0x3B,
    0x80, 0x3F, 0x00, 0x7E, 0x00, 0xFC, 0x01, 0xF8, 0x07, 0x38, 0x0E, 0x70, 0x3C, 0x79, 0xF0, 0x7F,
    0xC0, 0x7E, 0x00, 0x03, 0xCC, 0x00, 0x7F, 0x80, 0x1D, 0xE0, 0x00, 0x00, 0x00, 0x00, 0x00, 0x01,
    0xE0, 0x00, 0x7C, 0x00, 0x1D, 0xC0, 0x07, 0x1C, 0x00, 0x00, 0x00, 0x00, 0x00, 0x01, 0xFC, 0x00,
    0xFF, 0xE0, 0x3E, 0x3E, 0x0F, 0x01, 0xE3, 0xC0, 0x1E, 0x70, 0x01, 0xDC, 0x00, 0x1F, 0x80, 0x03,
    0xF0, 0x00, 0x7E, 0x00, 0x0F, 0xC0, 0x01, 0xF8, 0x00, 0x3F, 0x00, 0x07, 0xE0, 0x00, 0xFC, 0x00,
    0x1D, 0xC0, 0x07, 0x3C, 0x01, 0xE3, 0xC0, 0x78, 0x3E, 0x3E, 0x03, 0xFF, 0x80, 0x1F, 0xC0, 0x0E,
    0x30, 0x3E, 0xC0, 0x7F, 0x80, 0xC6, 0x00, 0x00, 0x00, 0x70, 0x01, 0xF0, 0x07, 0x70, 0x1C, 0x60,
    0x00, 0x00, 0x00, 0x00, 0x7E, 0x01, 0xFF, 0x07, 0x9F, 0x1C, 0x0F, 0x38, 0x0E, 0xE0, 0x1D, 0xC0,
    0x1F, 0x80, 0x3F, 0x00, 0x7E, 0x00, 0xFC, 0x03, 0x9C, 0x07, 0x38, 0x1E, 0x3C, 0xF8, 0x3F, 0xE0,
    0x3F, 0x00, 0x01, 0xE0, 0x00, 0x7E, 0x00, 0x1C, 0xE0, 0x03, 0x0C, 0x00, 0x00, 0x00, 0x00, 0x00,
    0x00, 0xFE, 0x00, 0x7F, 0xF0, 0x1F, 0x1F, 0x07, 0x80, 0xF1, 0xE0, 0x0F, 0x38, 0x00, 0xEE, 0x00,
    0x0F, 0xC0, 0x01, 0xF8, 0x00, 0x3F, 0x00, 0x07, 0xE0, 0x00, 0xFC, 0x00, 0x1F, 0x80, 0x03, 0xF0,
    0x00, 0x7E, 0x00, 0x0E, 0xE0, 0x03, 0x9E, 0x00, 0xF1, 0xE0, 0x3C, 0x1F, 0x1F, 0x01, 0xFF, 0xC0,
    0x0F, 0xE0, 0x00, 0x00, 0x00, 0x00, 0x00, 0x00, 0x00, 0x00, 0x78, 0x00, 0x0F, 0x00, 0x01, 0xE0,
    0x00, 0x07, 0x80, 0x1F, 0x80, 0x33, 0x80, 0xC3, 0x80, 0x00, 0x00, 0x00, 0x03, 0xF0, 0x0F, 0xF8,
    0x3C, 0xF8, 0xE0, 0x79, 0xC0, 0x77, 0x00, 0xEE, 0x00, 0xFC, 0x01, 0xF8, 0x03, 0xF0, 0x07, 0xE0,
    0x1C, 0xE0, 0x39, 0xC0, 0xF1, 0xE7, 0xC1, 0xFF, 0x01, 0xF8, 0x00, 0x00, 0x00, 0x00, 0x00, 0x00,
    0x0F, 0x00, 0x1E, 0x00, 0x3C, 0x00, 0x00, 0x38, 0x00, 0x07, 0x00, 0x01, 0xC0, 0x00, 0x30, 0x30,
    0x04, 0x0E, 0x00, 0x01, 0xC0, 0x00, 0x38, 0x1F, 0xFF, 0x0F, 0xFF, 0xE3, 0xF3, 0xF0, 0xF0, 0x1E,
    0x3C, 0x01, 0xE7, 0x00, 0x1D, 0xC0, 0x01, 0xF8, 0x00, 0x3F, 0x00, 0x07, 0xE0, 0x00, 0xFC, 0x00,
    0x1F, 0x80, 0x03, 0xF0, 0x00, 0x7E, 0x00, 0x0F, 0xC0, 0x01, 0xDC, 0x00, 0x73, 0xC0, 0x1E, 0x3C,
    0x07, 0x83, 0xE3, 0xE0, 0x3F, 0xF8, 0x01, 0xFC, 0x00, 0x00, 0xE0, 0x01, 0xC0, 0x07, 0x00, 0x0C,
    0x30, 0x38, 0xE0, 0x01, 0xC0, 0x03, 0x87, 0xFF, 0x1F, 0xFC, 0x79, 0xF1, 0xC0, 0xF3, 0x80, 0xEE,
    0x01, 0xDC, 0x01, 0xF8, 0x03, 0xF0, 0x07, 0xE0, 0x0F, 0xC0, 0x39, 0xC0, 0x73, 0x81, 0xE3, 0xCF,
    0x83, 0xFE, 0x03, 0xF0, 0x00, 0x03, 0x80, 0x00, 0x30, 0x00, 0x07, 0x00, 0x00, 0x60, 0x70, 0x00,
    0x0E, 0x00, 0x01, 0xC0, 0xFF, 0xF8, 0x7F, 0xFF, 0x1F, 0x9F, 0x87, 0x80, 0xF1, 0xE0, 0x0F, 0x38,
    0x00, 0xEE, 0x00, 0x0F, 0xC0, 0x01, 0xF8, 0x00, 0x3F, 0x00, 0x07, 0xE0, 0x00, 0xFC, 0x00, 0x1F,
    0x80, 0x03, 0xF0, 0x00, 0x7E, 0x00, 0x0E, 0xE0, 0x03, 0x9E, 0x00, 0xF1, 0xE0, 0x3C, 0x1F, 0x1F,
    0x01, 0xFF, 0xC0, 0x0F, 0xE0, 0x00, 0x0E, 0x00, 0x1C, 0x00, 0x1C, 0x18, 0x18, 0x70, 0x00, 0xE0,
    0x01, 0xC3, 0xFF, 0x8F, 0xFE, 0x3C, 0xF8, 0xE0, 0x79, 0xC0, 0x77, 0x00, 0xEE, 0x00, 0xFC, 0x01,
    0xF8, 0x03, 0xF0, 0x07, 0xE0, 0x1C, 0xE0, 0x39, 0xC0, 0xF1, 0xE7, 0xC1, 0xFF, 0x01, 0xF8, 0x00,
    0x01, 0xE0, 0x00, 0x3E, 0x00, 0x01, 0xC0, 0x00, 0x30, 0x00, 0x0E, 0x0E, 0x00, 0x01, 0xC0, 0x00,
    0x38, 0x1F, 0xFF, 0x0F, 0xFF, 0xE3, 0xF3, 0xF0, 0xF0, 0x1E, 0x3C, 0x01, 0xE7, 0x00, 0x1D, 0xC0,
    0x01, 0xF8, 0x00, 0x3F, 0x00, 0x07, 0xE0, 0x00, 0xFC, 0x00, 0x1F, 0x80, 0x03, 0xF0, 0x00, 0x7E,
    0x00, 0x0F, 0xC0, 0x01, 0xDC, 0x00, 0x73, 0xC0, 0x1E, 0x3C, 0x07, 0x83, 0xE3, 0xE0, 0x3F, 0xF8,
    0x01, 0xFC, 0x00, 0x07, 0x00, 0x0F, 0x00, 0x06, 0x00, 0x0C, 0x70, 0x00, 0xE0, 0x01, 0xC3, 0xFF,
    0x8F, 0xFE, 0x3C, 0xF8, 0xE0, 0x79, 0xC0, 0x77, 0x00, 0xEE, 0x00, 0xFC, 0x01, 0xF8, 0x03, 0xF0,
    0x07, 0xE0, 0x1C, 0xE0, 0x39, 0xC0, 0xF1, 0xE7, 0xC1, 0xFF, 0x01, 0xF8, 0x00, 0x00, 0x00, 0x00,
    0x79, 0x80, 0x1F, 0xE0, 0x03, 0x3C, 0x00, 0x00, 0x0E, 0x00, 0x01, 0xC0, 0x00, 0x38, 0x1F, 0xFF,
    0x0F, 0xFF, 0xE3, 0xF3, 0xF0, 0xF0, 0x1E, 0x3C, 0x01, 0xE7, 0x00, 0x1D, 0xC0, 0x01, 0xF8, 0x00,
    0x3F, 0x00, 0x07, 0xE0, 0x00, 0xFC, 0x00, 0x1F, 0x80, 0x03, 0xF0, 0x00, 0x7E, 0x00, 0x0F, 0xC0,
    0x01, 0xDC, 0x00, 0x73, 0xC0, 0x1E, 0x3C, 0x07, 0x83, 0xE3, 0xE0, 0x3F, 0xF8, 0x01, 0xFC, 0x00,
    0x04, 0x20, 0x3F, 0xC0, 0x7F, 0x80, 0x00, 0x70, 0x00, 0xE0, 0x01, 0xC3, 0xFF, 0x8F, 0xFE, 0x3C,
    0xF8, 0xE0, 0x79, 0xC0, 0x77, 0x00, 0xEE, 0x00, 0xFC, 0x01, 0xF8, 0x03, 0xF0, 0x07, 0xE0, 0x1C,
    0xE0, 0x39, 0xC0, 0xF1, 0xE7, 0xC1, 0xFF, 0x01, 0xF8, 0x00, 0x00, 0x00, 0xE0, 0x00, 0x1C, 0x00,
    0x03, 0x81, 0xFF, 0xF0, 0xFF, 0xFE, 0x3F, 0x3F, 0x0F, 0x01, 0xE3, 0xC0, 0x1E, 0x70, 0x01, 0xDC,
    0x00, 0x1F, 0x80, 0x03, 0xF0, 0x00, 0x7E, 0x00, 0x0F, 0xC0, 0x01, 0xF8, 0x00, 0x3F, 0x00, 0x07,
    0xE0, 0x00, 0xFC, 0x00, 0x1D, 0xC0, 0x07, 0x3C, 0x01, 0xE3, 0xC0, 0x78, 0x3E, 0x3E, 0x03, 0xFF,
    0x80, 0x1F, 0xC0, 0x00, 0x00, 0x00, 0x00, 0x00, 0x00, 0x00, 0x00, 0xF0, 0x00, 0x1E, 0x00, 0x03,
    0xC0, 0x00, 0x00, 0x06, 0x00, 0x1C, 0x00, 0x38, 0x00, 0x70, 0xFF, 0xE3, 0xFF, 0x8F, 0x3E, 0x38,
    0x1E, 0x70, 0x1D, 0xC0, 0x3B, 0x80, 0x3F, 0x00, 0x7E, 0x00, 0xFC, 0x01, 0xF8, 0x07, 0x38, 0x0E,
    0x70, 0x3C, 0x79, 0xF0, 0x7F, 0xC0, 0x7E, 0x00, 0x00, 0x00, 0x00, 0x00, 0x00, 0x03, 0xC0, 0x07,
    0x80, 0x0F, 0x00, 0xE0, 0x03, 0xF0, 0x01, 0xF8, 0x00, 0xFC, 0x00, 0x7E, 0x00, 0x3F, 0x00, 0x1F,
    0x80, 0x0F, 0xC0, 0x07, 0xE0, 0x03, 0xF0, 0x01, 0xF8, 0x00, 0xFC, 0x00, 0x7E, 0x00, 0x3F, 0x00,
    0x1F, 0x80, 0x0F, 0xC0, 0x06, 0xF0, 0x07, 0x3C, 0x07, 0x8F, 0x8F, 0x83, 0xFF, 0x80, 0x7F, 0x00,
    0x00, 0x00, 0x00, 0x00, 0x00, 0x00, 0x03, 0xC0, 0x01, 0xE0, 0x00, 0xF0, 0x00, 0xE0, 0x3F, 0x01,
    0xF8, 0x0F, 0xC0, 0x7E, 0x03, 0xF0, 0x1F, 0x80, 0xFC, 0x07, 0xE0, 0x3F, 0x01, 0xF8, 0x0F, 0xC0,
    0xFF, 0x07, 0xBC, 0xFD, 0xFE, 0xE3, 0xE7, 0x00, 0x00, 0x00, 0x00, 0x00, 0x1E, 0x00, 0xF0, 0x07,
    0x80, 0x03, 0xC0, 0x01, 0xE0, 0x00, 0x30, 0x00, 0x18, 0x00, 0x18, 0x00, 0x00, 0x00, 0x00, 0x01,
    0xC0, 0x07, 0xE0, 0x03, 0xF0, 0x01, 0xF8, 0x00, 0xFC, 0x00, 0x7E, 0x00, 0x3F, 0x00, 0x1F, 0x80,
    0x0F, 0xC0, 0x07, 0xE0, 0x03, 0xF0, 0x01, 0xF8, 0x00, 0xFC, 0x00, 0x7E, 0x00, 0x3F, 0x00, 0x1F,
    0x80, 0x0D, 0xE0, 0x0E, 0x78, 0x0F, 0x1F, 0x1F, 0x07, 0xFF, 0x00, 0xFE, 0x00, 0x0E, 0x00, 0x78,
    0x00, 0xC0, 0x06, 0x00, 0x00, 0x00, 0x03, 0x80, 0xFC, 0x07, 0xE0, 0x3F, 0x01, 0xF8, 0x0F, 0xC0,
    0x7E, 0x03, 0xF0, 0x1F, 0x80, 0xFC, 0x07, 0xE0, 0x3F, 0x03, 0xFC, 0x1E, 0xF3, 0xF7, 0xFB, 0x8F,
    0x9C, 0x00, 0x70, 0x00, 0x0C, 0x00, 0x03, 0x80, 0x00, 0x60, 0x30, 0x08, 0x0E, 0x00, 0x01, 0xC0,
    0x00, 0x3F, 0x00, 0x1F, 0xE0, 0x03, 0xFC, 0x00, 0x73, 0x80, 0x0E, 0x70, 0x01, 0xCE, 0x00, 0x39,
    0xC0, 0x07, 0x38, 0x00, 0xE7, 0x00, 0x1C, 0xE0, 0x03, 0x9C, 0x00, 0x73, 0x80, 0x0E, 0x70, 0x01,
    0xCE, 0x00, 0x39, 0xC0, 0x07, 0x38, 0x00, 0xC7, 0x80, 0x38, 0x78, 0x0F, 0x07, 0xC7, 0xC0, 0x7F,
    0xF0, 0x03, 0xF8, 0x00, 0x01, 0xC0, 0x03, 0x80, 0x03, 0x06, 0x07, 0x07, 0x00, 0x07, 0x00, 0x07,
    0xE0, 0x3F, 0xE0, 0x3E, 0xE0, 0x38, 0xE0, 0x38, 0xE0, 0x38, 0xE0, 0x38, 0xE0, 0x38, 0xE0, 0x38,
    0xE0, 0x38, 0xE0, 0x38, 0xE0, 0x38, 0xE0, 0x78, 0xF0, 0x78, 0x79, 0xF8, 0x7F, 0xB8, 0x1F, 0x38,
    0x07, 0x00, 0x00, 0xE0, 0x00, 0x0E, 0x00, 0x00, 0xC0, 0x30, 0x00, 0x0E, 0x00, 0x01, 0xC0, 0x00,
    0x3F, 0x00, 0x1F, 0xE0, 0x03, 0xFC, 0x00, 0x73, 0x80, 0x0E, 0x70, 0x01, 0xCE, 0x00, 0x39, 0xC0,
    0x07, 0x38, 0x00, 0xE7, 0x00, 0x1C, 0xE0, 0x03, 0x9C, 0x00, 0x73, 0x80, 0x0E, 0x70, 0x01, 0xCE,
    0x00, 0x39, 0xC0, 0x07, 0x38, 0x00, 0xC7, 0x80, 0x38, 0x78, 0x0F, 0x07, 0xC7, 0xC0, 0x7F, 0xF0,
    0x03, 0xF8, 0x00, 0x1C, 0x00, 0x0C, 0x00, 0x0E, 0x06, 0x06, 0x07, 0x00, 0x07, 0x00, 0x07, 0xE0,
    0x3F, 0xE0, 0x3E, 0xE0, 0x38, 0xE0, 0x38, 0xE0, 0x38, 0xE0, 0x38, 0xE0, 0x38, 0xE0, 0x38, 0xE0,
    0x38, 0xE0, 0x38, 0xE0, 0x38, 0xE0, 0x78, 0xF0, 0x78, 0x79, 0xF8, 0x7F, 0xB8, 0x1F, 0x38, 0x03,
    0xC0, 0x00, 0x78, 0x00, 0x03, 0x00, 0x00, 0x60, 0x00, 0x18, 0x0E, 0x00, 0x01, 0xC0, 0x00, 0x3F,
    0x00, 0x1F, 0xE0, 0x03, 0xFC, 0x00, 0x73, 0x80, 0x0E, 0x70, 0x01, 0xCE, 0x00, 0x39, 0xC0, 0x07,
    0x38, 0x00, 0xE7, 0x00, 0x1C, 0xE0, 0x03, 0x9C, 0x00, 0x73, 0x80, 0x0E, 0x70, 0x01, 0xCE, 0x00,
    0x39, 0xC0, 0x07, 0x38, 0x00, 0xC7, 0x80, 0x38, 0x78, 0x0F, 0x07, 0xC7, 0xC0, 0x7F, 0xF0, 0x03,
    0xF8, 0x00, 0x0E, 0x00, 0x0F, 0x00, 0x03, 0x00, 0x03, 0x07, 0x00, 0x07, 0x00, 0x07, 0xE0, 0x3F,
    0xE0, 0x3E, 0xE0, 0x38, 0xE0, 0x38, 0xE0, 0x38, 0xE0, 0x38, 0xE0, 0x38, 0xE0, 0x38, 0xE0, 0x38,
    0xE0, 0x38, 0xE0, 0x38, 0xE0, 0x78, 0xF0, 0x78, 0x79, 0xF8, 0x7F, 0xB8, 0x1F, 0x38, 0x00, 0x00,
    0x00, 0xF6, 0x00, 0x3F, 0xC0, 0x06, 0x70, 0x00, 0x00, 0x0E, 0x00, 0x01, 0xC0, 0x00, 0x3F, 0x00,
    0x1F, 0xE0, 0x03, 0xFC, 0x00, 0x73, 0x80, 0x0E, 0x70, 0x01, 0xCE, 0x00, 0x39, 0xC0, 0x07, 0x38,
    0x00, 0xE7, 0x00, 0x1C, 0xE0, 0x03, 0x9C, 0x00, 0x73, 0x80, 0x0E, 0x70, 0x01, 0xCE, 0x00, 0x39,
    0xC0, 0x07, 0x38, 0x00, 0xC7, 0x80, 0x38, 0x78, 0x0F, 0x07, 0xC7, 0xC0, 0x7F, 0xF0, 0x03, 0xF8,
    0x00, 0x08, 0x40, 0x1F, 0xC0, 0x3F, 0xC0, 0x00, 0x07, 0x00, 0x07, 0x00, 0x07, 0xE0, 0x3F, 0xE0,
    0x3E, 0xE0, 0x38, 0xE0, 0x38, 0xE0, 0x38, 0xE0, 0x38, 0xE0, 0x38, 0xE0, 0x38, 0xE0, 0x38, 0xE0,
    0x38, 0xE0, 0x38, 0xE0, 0x78, 0xF0, 0x78, 0x79, 0xF8, 0x7F, 0xB8, 0x1F, 0x38, 0x00, 0x00, 0xE0,
    0x00, 0x1C, 0x00, 0x03, 0xF0, 0x01, 0xFE, 0x00, 0x3F, 0xC0, 0x07, 0x38, 0x00, 0xE7, 0x00, 0x1C,
    0xE0, 0x03, 0x9C, 0x00, 0x73, 0x80, 0x0E, 0x70, 0x01, 0xCE, 0x00, 0x39, 0xC0, 0x07, 0x38, 0x00,
    0xE7, 0x00, 0x1C, 0xE0, 0x03, 0x9C, 0x00, 0x73, 0x80, 0x0C, 0x78, 0x03, 0x87, 0x80, 0xF0, 0x7C,
    0x7C, 0x07, 0xFF, 0x00, 0x3F, 0x80, 0x00, 0x00, 0x00, 0x00, 0x00, 0x00, 0x00, 0x01, 0xE0, 0x00,
    0x3C, 0x00, 0x07, 0x80, 0x00, 0x00, 0x06, 0x00, 0x07, 0x00, 0x07, 0x00, 0x07, 0xE0, 0x3F, 0xE0,
    0x3E, 0xE0, 0x38, 0xE0, 0x38, 0xE0, 0x38, 0xE0, 0x38, 0xE0, 0x38, 0xE0, 0x38, 0xE0, 0x38, 0xE0,
    0x38, 0xE0, 0x38, 0xE0, 0x78, 0xF0, 0x78, 0x79, 0xF8, 0x7F, 0xB8, 0x1F, 0x38, 0x00, 0x00, 0x00,
    0x00, 0x00, 0x00, 0x0F, 0x00, 0x0F, 0x00, 0x0F, 0x00, 0x03, 0x80, 0x00, 0x30, 0x00, 0x07, 0x00,
    0x00, 0x60, 0x00, 0x00, 0x00, 0x00, 0x00, 0x3C, 0x00, 0x73, 0x80, 0x1E, 0x38, 0x03, 0x87, 0x80,
    0xE0, 0x70, 0x3C, 0x07, 0x07, 0x00, 0xE1, 0xC0, 0x0E, 0x38, 0x01, 0xEE, 0x00, 0x1D, 0xC0, 0x01,
    0xF0, 0x00, 0x3C, 0x00, 0x03, 0x80, 0x00, 0x70, 0x00, 0x0E, 0x00, 0x01, 0xC0, 0x00, 0x38, 0x00,
    0x07, 0x00, 0x00, 0xE0, 0x00, 0x1C, 0x00, 0x03, 0x80, 0x00, 0x07, 0x00, 0x07, 0x00, 0x03, 0x80,
    0x01, 0x80, 0x00, 0x00, 0x00, 0x00, 0x70, 0x07, 0x70, 0x0E, 0x38, 0x0E, 0x38, 0x1C, 0x38, 0x1C,
    0x1C, 0x1C, 0x1C, 0x38, 0x0C, 0x38, 0x0E, 0x30, 0x0E, 0x70, 0x06, 0x70, 0x07, 0x60, 0x07, 0xE0,
    0x03, 0xE0, 0x03, 0xC0, 0x01, 0xC0, 0x01, 0x80, 0x03, 0x80, 0x03, 0x80, 0x07, 0x00, 0x3E, 0x00,
    0x3C, 0x00, 0x70, 0x00, 0xE7, 0x80, 0x1C, 0x38, 0x03, 0xC1, 0xC0, 0x38, 0x1E, 0x07, 0x00, 0xE0,
    0xF0, 0x07, 0x0E, 0x00, 0x71, 0xC0, 0x03, 0x9C, 0x00, 0x3F, 0x80, 0x01, 0xF0, 0x00, 0x0F, 0x00,
    0x00, 0xE0, 0x00, 0x0E, 0x00, 0x00, 0xE0, 0x00, 0x0E, 0x00, 0x00, 0xE0, 0x00, 0x0E, 0x00, 0x00,
    0xE0, 0x00, 0x0E, 0x00, 0x00, 0xE0, 0x00, 0x00, 0x00, 0x00, 0x00, 0x00, 0x00, 0x00, 0x00, 0xF0,
    0x00, 0x0F, 0x00, 0x00, 0xF0, 0x00, 0xE0, 0x0F, 0x70, 0x0E, 0x70, 0x0E, 0x30, 0x1C, 0x38, 0x1C,
    0x38, 0x1C, 0x1C, 0x38, 0x1C, 0x38, 0x1C, 0x70, 0x0E, 0x70, 0x0E, 0x70, 0x0E, 0xE0, 0x06, 0xE0,
    0x07, 0xC0, 0x03, 0xC0, 0x03, 0xC0, 0x03, 0x80, 0x03, 0x80, 0x03, 0x00, 0x07, 0x3C, 0x3E, 0x3C,
    0x3C, 0x3C, 0x01, 0xE0, 0x00, 0x3C, 0x00, 0x01, 0x80, 0x00, 0x30, 0x00, 0x00, 0x00, 0x00, 0x00,
    0x3C, 0x00, 0x73, 0x80, 0x1E, 0x38, 0x03, 0x87, 0x80, 0xE0, 0x70, 0x3C, 0x07, 0x07, 0x00, 0xE1,
    0xC0, 0x0E, 0x38, 0x01, 0xEE, 0x00, 0x1D, 0xC0, 0x01, 0xF0, 0x00, 0x3C, 0x00, 0x03, 0x80, 0x00,
    0x70, 0x00, 0x0E, 0x00, 0x01, 0xC0, 0x00, 0x38, 0x00, 0x07, 0x00, 0x00, 0xE0, 0x00, 0x1C, 0x00,
    0x03, 0x80, 0x00, 0x03, 0x80, 0x03, 0xC0, 0x00, 0xC0, 0x00, 0xC0, 0x00, 0x00, 0x00, 0x00, 0x70,
    0x07, 0x70, 0x0E, 0x38, 0x0E, 0x38, 0x0E, 0x18, 0x1C, 0x1C, 0x1C, 0x1C, 0x18, 0x0E, 0x38, 0x0E,
    0x38, 0x0E, 0x70, 0x07, 0x70, 0x07, 0x70, 0x03, 0xE0, 0x03, 0xE0, 0x03, 0xC0, 0x01, 0xC0, 0x01,
    0xC0, 0x03, 0x80, 0x03, 0x80, 0x07, 0x00, 0x3F, 0x00, 0x3C, 0x00, 0x01, 0xCE, 0x00, 0x3F, 0xC0,
    0x03, 0x7C, 0x00, 0x00, 0x00, 0x00, 0x00, 0x00, 0x00, 0x00, 0x78, 0x00, 0xE3, 0x80, 0x1E, 0x3C,
    0x01, 0xC1, 0xC0, 0x38, 0x0E, 0x03, 0x80, 0xF0, 0x70, 0x07, 0x0E, 0x00, 0x38, 0xE0, 0x03, 0xDC,
    0x00, 0x1D, 0xC0, 0x00, 0xF8, 0x00, 0x0F, 0x00, 0x00, 0x70, 0x00, 0x07, 0x00, 0x00, 0x70, 0x00,
    0x07, 0x00, 0x00, 0x70, 0x00, 0x07, 0x00, 0x00, 0x70, 0x00, 0x07, 0x00, 0x00, 0x70, 0x00, 0x02,
    0x10, 0x0F, 0xB8, 0x0F, 0xF0, 0x0C, 0xE0, 0x00, 0x00, 0x00, 0x00, 0x70, 0x07, 0x70, 0x0E, 0x38,
    0x0E, 0x38, 0x0E, 0x38, 0x1C, 0x1C, 0x1C, 0x1C, 0x38, 0x1C, 0x38, 0x0E, 0x38, 0x0E, 0x70, 0x06,
    0x70, 0x07, 0x60, 0x07, 0xE0, 0x03, 0xE0, 0x03, 0xC0, 0x01, 0xC0, 0x01, 0x80, 0x03, 0x80, 0x03,
    0x80, 0x0F, 0x00, 0x3E, 0x00, 0x3C, 0x00, 0x00, 0x7F, 0xFF, 0xE0, 0x00, 0x7F, 0xFF, 0xE0, 0x00,
    0x00, 0xFF, 0xFF, 0xFF, 0xFF, 0x00, 0x01, 0xFF, 0xFF, 0xFF, 0xF8, 0x00, 0x00, 0x00, 0x07, 0xFF,
    0xFF, 0xFF, 0xFF, 0xFF, 0xFF, 0xFE, 0x00, 0x00, 0x00, 0x07, 0xFF, 0xFF, 0xFF, 0xFF, 0xFF, 0xFF,
    0xFE, 0xCD, 0xDF, 0xBF, 0x7E, 0xFD, 0xFB, 0xF7, 0xEF, 0xDF, 0xBF, 0x7E, 0xFD, 0xFB, 0xF7, 0xEF,
    0xDF, 0xBF, 0x7E, 0xFD, 0xFB, 0xF7, 0xEF, 0xDF, 0xBF, 0x7E, 0xFD, 0xFB, 0xF7, 0xEF, 0xDF, 0xB8,
    0xFF, 0xFF, 0xFF, 0xC0, 0x00, 0x00, 0x0F, 0xFF, 0xFF, 0xFC, 0x31, 0x8C, 0xE7, 0x39, 0xDC, 0x73,
    0x9C, 0xE6, 0x33, 0x98, 0x39, 0xDC, 0xE7, 0x31, 0x8C, 0xE7, 0x1C, 0xE7, 0x18, 0xC6, 0x30, 0xCC,
    0x73, 0x19, 0xC6, 0x73, 0x9C, 0xE7, 0x3B, 0x8E, 0x71, 0xDC, 0xE7, 0x39, 0xCE, 0x63, 0x98, 0xCE,
    0x33, 0x1C, 0x39, 0xC7, 0x39, 0xC7, 0x38, 0xC7, 0x38, 0xC7, 0x18, 0xC3, 0x18, 0xE7, 0x38, 0xE7,
    0x39, 0xCE, 0x71, 0x8C, 0x63, 0x18, 0xC7, 0x07, 0x00, 0x70, 0x07, 0x00, 0x70, 0xFF, 0xFF, 0xFF,
    0x07, 0x00, 0x70, 0x07, 0x00, 0x70, 0x07, 0x00, 0x70, 0x06, 0x00, 0x60, 0x06, 0x00, 0x20, 0x07,
    0x00, 0x70, 0x07, 0x00, 0x70, 0xFF, 0xFF, 0xFF, 0x07, 0x00, 0x70, 0x07, 0x00, 0x70, 0x07, 0x0F,
    0xFF, 0xFF, 0xF0, 0x70, 0x07, 0x00, 0x70, 0x07, 0x00, 0x60, 0x06, 0x00, 0x60, 0x06, 0x00, 0x3E,
    0x3F, 0xBF, 0xFF, 0xFF, 0xFF, 0xFF, 0xFE, 0xFE, 0x3E, 0x00, 0x80, 0xE0, 0xF0, 0xFC, 0xFE, 0xFC,
    0xF8, 0xE0, 0x80, 0x00, 0x6F, 0xF6, 0x60, 0x6F, 0x0F, 0xF0, 0xF6, 0x06, 0x60, 0x60, 0x6F, 0x0F,
    0x0F, 0xF0, 0xF0, 0xF6, 0x06, 0x06, 0x6F, 0xF6, 0x3E, 0x00, 0x60, 0x00, 0x3F, 0x80, 0x60, 0x00,
    0x3D, 0xC0, 0x60, 0x00, 0x1C, 0x70, 0x70, 0x00, 0x0E, 0x38, 0x30, 0x00, 0x07, 0x1C, 0x30, 0x00,
    0x03, 0xDC, 0x38, 0x00, 0x00, 0xFE, 0x18, 0x00, 0x00, 0x3E, 0x18, 0x00, 0x00, 0x00, 0x1C, 0x00,
    0x00, 0x00, 0x0C, 0x00, 0x00, 0x00, 0x0C, 0x1E, 0x07, 0x80, 0x0E, 0x3F, 0x87, 0xF0, 0x06, 0x1C,
    0xE7, 0x38, 0x06, 0x1C, 0x73, 0x8E, 0x07, 0x0E, 0x39, 0xC7, 0x03, 0x07, 0x1C, 0xE3, 0x83, 0x03,
    0x8E, 0x71, 0xC3, 0x80, 0xEF, 0x3D, 0xC1, 0x80, 0x7F, 0x0F, 0xE1, 0x80, 0x1F, 0x03, 0xE0, 0x3E,
    0x00, 0x60, 0x00, 0x00, 0x0F, 0xE0, 0x18, 0x00, 0x00, 0x03, 0xDC, 0x06, 0x00, 0x00, 0x00, 0x71,
    0xC1, 0xC0, 0x00, 0x00, 0x0E, 0x38, 0x30, 0x00, 0x00, 0x01, 0xC7, 0x0C, 0x00, 0x00, 0x00, 0x3D,
    0xC3, 0x80, 0x00, 0x00, 0x03, 0xF8, 0x60, 0x00, 0x00, 0x00, 0x3E, 0x18, 0x00, 0x00, 0x00, 0x00,
    0x07, 0x00, 0x00, 0x00, 0x00, 0x00, 0xC0, 0x00, 0x00, 0x00, 0x00, 0x30, 0x78, 0x1E, 0x07, 0xC0,
    0x0E, 0x3F, 0x87, 0xF1, 0xFC, 0x01, 0x87, 0x39, 0xCE, 0x71, 0xC0, 0x61, 0xC7, 0x38, 0xEE, 0x38,
    0x1C, 0x38, 0xE7, 0x1D, 0xC7, 0x03, 0x07, 0x1C, 0xE3, 0xB8, 0xE0, 0xC0, 0xE3, 0x9C, 0x77, 0x1C,
    0x38, 0x0E, 0xF3, 0xDC, 0xF7, 0x86, 0x01, 0xFC, 0x3F, 0x8F, 0xE1, 0x80, 0x1F, 0x03, 0xE0, 0xF8,
    0x73, 0x9C, 0xC6, 0x33, 0x9C, 0x71, 0xCE, 0x39, 0xC7, 0x30, 0xE6, 0x1C, 0xC3, 0x38, 0x67, 0x0C,
    0x71, 0xC3, 0xB8, 0xE1, 0xDC, 0x70, 0xCC, 0x38, 0x66, 0x1C, 0x73, 0x0C, 0x3B, 0x86, 0x1D, 0xC3,
    0x0C, 0xE3, 0x9C, 0xE7, 0x18, 0xC6, 0xE1, 0xCE, 0x39, 0xC7, 0x38, 0x67, 0x0C, 0x61, 0x8C, 0x31,
    0x87, 0xE1, 0xC7, 0x38, 0xE3, 0x9C, 0x70, 0xCE, 0x18, 0x77, 0x0C, 0x39, 0x86, 0x1C, 0xC3, 0x06,
    0x61, 0xC3, 0x06, 0x01, 0xC0, 0x7C, 0x0D, 0xC3, 0x98, 0xE3, 0x98, 0x38, 0x03, 0x81, 0xC0, 0xE0,
    0x70, 0x38, 0x1C, 0x07, 0x01, 0xC0, 0x38, 0x07, 0x00, 0xE0, 0x1C, 0x03, 0x80, 0xF0, 0x38, 0x0E,
    0x03, 0x80, 0xE0, 0x38, 0x1E, 0x0E, 0x0E, 0x0E, 0x0E, 0x0E, 0x0F, 0x00, 0x03, 0x80, 0x07, 0x10,
    0xCE, 0x71, 0xC1, 0xC1, 0xC7, 0x01, 0xFC, 0x39, 0xFB, 0xF3, 0xE7, 0xE7, 0xCE, 0x1F, 0xC0, 0x79,
    0xC1, 0xE1, 0xC3, 0xB9, 0xC2, 0x71, 0x00, 0xE0, 0x00, 0xE0, 0x7E, 0x07, 0xE0, 0x7E, 0x07, 0xE0,
    0x7E, 0x07, 0xE0, 0x7E, 0x07, 0xE0, 0x7E, 0x07, 0xE0, 0x7E, 0x07, 0xE0, 0x7E, 0x07, 0x00, 0x00,
    0x00, 0x00, 0x06, 0x06, 0xF0, 0xFF, 0x0F, 0x60, 0x60, 0x1F, 0x87, 0xFC, 0x79, 0xEE, 0x07, 0xE0,
    0x70, 0x67, 0x06, 0x70, 0x67, 0x06, 0xE0, 0x7C, 0x07, 0x80, 0x70, 0x06, 0x00, 0x60, 0x00, 0x00,
    0x00, 0x00, 0x00, 0x60, 0x0F, 0x00, 0xF0, 0x06, 0x00, 0x00, 0x07, 0xFF, 0xFF, 0xFE, 0x40, 0x00,
    0x0B, 0xC0, 0x00, 0xF7, 0xF0, 0x7F, 0x87, 0xFF, 0xF8, 0x07, 0xFF, 0x00, 0x00, 0x78, 0x00, 0x1F,
    0xFE, 0x03, 0xFF, 0xFF, 0x1F, 0x00, 0x3E, 0xF0, 0x00, 0x3C, 0x00, 0x00, 0x00, 0x00, 0x00, 0x0C,
    0x03, 0x80, 0xE0, 0x18, 0x07, 0x00, 0xC0, 0x30, 0x0E, 0x01, 0xC0, 0x78, 0x1F, 0x83, 0x30, 0xE7,
    0x18, 0x72, 0x04, 0x00, 0x00, 0x00, 0x00, 0x00, 0x08, 0x00, 0x0D, 0x60, 0x00, 0xF8, 0x00, 0x7F,
    0xC0, 0x03, 0xE0, 0x00, 0xFE, 0x00, 0x1A, 0xC0, 0x00, 0x40, 0x01, 0x00, 0x40, 0xA0, 0x4A, 0x3F,
    0x8F, 0xC3, 0xE0, 0xF1, 0xFF, 0x7F, 0x8F, 0x83, 0xE3, 0xD8, 0xDC, 0x08, 0x02, 0x80, 0x00, 0x00,
    0x00, 0xFF, 0xFF, 0x00, 0x03, 0x80, 0x00, 0xC0, 0x00, 0x70, 0x00, 0x38, 0x00, 0x0C, 0x00, 0x07,
    0x00, 0x03, 0x80, 0x00, 0xC0, 0x00, 0x60, 0x00, 0x38, 0x00, 0x1C, 0x00, 0x06, 0x00, 0x03, 0x80,
    0x01, 0xC0, 0x00, 0x60, 0x00, 0x38, 0x00, 0x1C, 0x00, 0x06, 0x00, 0x03, 0x80, 0x01, 0xC0, 0x00,
    0x60, 0x00, 0x00, 0x03, 0xFF, 0xF8, 0xE3, 0x8E, 0x38, 0xE3, 0x8E, 0x38, 0xE3, 0xFF, 0xF8, 0xE3,
    0x8E, 0x38, 0xE3, 0x8E, 0x38, 0xE3, 0xFF, 0xC0, 0x03, 0xFF, 0xC7, 0x1C, 0x71, 0xC7, 0x1C, 0x71,
    0xC7, 0x1F, 0xFF, 0xC7, 0x1C, 0x71, 0xC7, 0x1C, 0x71, 0xC7, 0x1F, 0xFF, 0xC0, 0x0F, 0xC0, 0x1F,
    0x03, 0xFE, 0x07, 0xFC, 0x7D, 0xF0, 0xFB, 0xE7, 0x07, 0x0E, 0x0E, 0xE0, 0x39, 0xC0, 0x76, 0x03,
    0x8C, 0x07, 0x00, 0x38, 0x00, 0x70, 0x07, 0x00, 0x0E, 0x00, 0xF0, 0x01, 0xE0, 0x3E, 0x00, 0x7C,
    0x07, 0x80, 0x0F, 0x00, 0x70, 0x00, 0xE0, 0x0E, 0x00, 0x1C, 0x00, 0xE0, 0x01, 0xC0, 0x00, 0x00,
    0x00, 0x00, 0x00, 0x00, 0x00, 0x00, 0x00, 0x00, 0x00, 0x60, 0x00, 0xC0, 0x0F, 0x00, 0x1E, 0x00,
    0xF0, 0x01, 0xE0, 0x06, 0x00, 0x0C, 0x00, 0x0F, 0xC0, 0x73, 0xFE, 0x07, 0x7D, 0xF0, 0x77, 0x07,
    0x07, 0xE0, 0x38, 0x76, 0x03, 0x87, 0x00, 0x38, 0x70, 0x07, 0x07, 0x00, 0xF0, 0x70, 0x3E, 0x07,
    0x07, 0x80, 0x70, 0x70, 0x07, 0x0E, 0x00, 0x70, 0xE0, 0x07, 0x00, 0x00, 0x00, 0x00, 0x00, 0x00,
    0x00, 0x00, 0x60, 0x06, 0x0F, 0x00, 0xF0, 0xF0, 0x0F, 0x06, 0x00, 0x60, 0xE0, 0x1F, 0x8E, 0x07,
    0xFC, 0xE0, 0xFB, 0xEE, 0x0E, 0x0E, 0xE1, 0xC0, 0x7E, 0x0C, 0x07, 0xE0, 0x00, 0x7E, 0x00, 0x0E,
    0xE0, 0x01, 0xEE, 0x00, 0x7C, 0xE0, 0x0F, 0x0E, 0x00, 0xE0, 0xE0, 0x1C, 0x0E, 0x01, 0xC0, 0x00,
    0x00, 0x00, 0x00, 0x00, 0x00, 0x00, 0x06, 0x00, 0xC0, 0xF0, 0x1E, 0x0F, 0x01, 0xE0, 0x60, 0x0C,
    0x00, 0xFF, 0xDF, 0xF8, 0x07, 0x00, 0xE0, 0x1C, 0x03, 0x80, 0x70, 0x0E, 0x01, 0x80, 0x30, 0x06,
    0x00, 0xC0, 0x18, 0x07, 0x00, 0xE0, 0x1C, 0x03, 0x80, 0x70, 0x0C, 0x01, 0x80, 0x30, 0x06, 0x00,
    0xFF, 0x87, 0xFF, 0x39, 0xFD, 0xCF, 0xEE, 0x7F, 0xF3, 0xFF, 0x9F, 0xFC, 0xFF, 0xE7, 0xFF, 0x3F,
    0xF9, 0xFD, 0xCF, 0xCE, 0x7C, 0x70, 0x03, 0x80, 0x1C, 0x00, 0xE0, 0x07, 0x00, 0x38, 0x01, 0xC0,
    0x0E, 0x00, 0x00, 0x1F, 0xF9, 0xFF, 0xDF, 0xCF, 0xFE, 0x7F, 0xF3, 0xFF, 0x9F, 0xFC, 0xFF, 0xE7,
    0xFF, 0x3B, 0xF9, 0xCF, 0xFE, 0x3F, 0xF0, 0xFF, 0xC7, 0xFF, 0x39, 0xFD, 0xCF, 0xFE, 0x7F, 0xF3,
    0xFF, 0x9F, 0xFC, 0xFF, 0xE7, 0xFF, 0x3F, 0xBF, 0xF9, 0xFF, 0x80, 0x06, 0x00, 0x60, 0x46, 0x2F,
    0x6E, 0x7F, 0xE1, 0xF8, 0x1F, 0x87, 0xFE, 0xF6, 0xE4, 0x62, 0x06, 0x00, 0x60, 0x67, 0xBC, 0xC0,
    0x00, 0x00, 0x00, 0x00, 0x07, 0x39, 0xCE, 0x31, 0xCE, 0x30, 0x00, 0x7C, 0x00, 0x0F, 0xFF, 0xC0,
    0x7F, 0xFF, 0xE3, 0xE0, 0x03, 0xE7, 0x00, 0x00, 0xC0, 0x00, 0x00, 0x00, 0x00, 0x00, 0x00, 0x00,
    0x00, 0x00, 0x00, 0x00, 0x00, 0x00, 0x00, 0x00, 0x00, 0x00, 0x00, 0x00, 0x00, 0x00, 0x00, 0x00,
    0x00, 0x00, 0x00, 0x00, 0x00, 0x00, 0x00, 0x00, 0x00, 0x00, 0x00, 0x00, 0x00, 0x00, 0x00, 0x00,
    0x00, 0x00, 0x00, 0x00, 0x00, 0x00, 0x00, 0x00, 0x00, 0x00, 0x00, 0x00, 0x00, 0x00, 0x00, 0x70,
    0x00, 0x1C, 0x7C, 0x01, 0xF8, 0x7F, 0xFF, 0xC0, 0x3F, 0xFE, 0x00, 0x00, 0x00, 0x00, 0x06, 0x00,
    0x60, 0x46, 0x2F, 0x6E, 0x7F, 0xE1, 0xF8, 0x1F, 0x87, 0xFE, 0xF6, 0xE4, 0x62, 0x06, 0x00, 0x60,
    0x00, 0x00, 0x00, 0x00, 0x00, 0x60, 0x06, 0x04, 0x62, 0xF6, 0xE7, 0xFE, 0x1F, 0x81, 0xF8, 0x7F,
    0xEF, 0x6E, 0x46, 0x20, 0x60, 0x06, 0x00, 0x00, 0x03, 0x80, 0x00, 0xC7, 0x00, 0x73, 0xE0, 0x38,
    0xF8, 0x0C, 0x3E, 0x07, 0x07, 0x03, 0x80, 0x00, 0xC0, 0x00, 0x70, 0x00, 0x38, 0x00, 0x0C, 0x00,
    0x07, 0x00, 0x03, 0x80, 0x00, 0xC0, 0xE0, 0x70, 0x7C, 0x38, 0x1F, 0x0C, 0x07, 0xC7, 0x00, 0xE3,
    0x80, 0x00, 0xC0, 0x00, 0x70, 0x00, 0x00, 0x1F, 0x00, 0x0F, 0xF8, 0x01, 0xCF, 0xE7, 0x00, 0x3F,
    0xE0, 0x01, 0xF0, 0x00, 0x00, 0x00, 0x1F, 0xFE, 0x03, 0xFF, 0xFF, 0x1F, 0x00, 0x7E, 0xE0, 0x00,
    0x1C, 0x00, 0x00, 0x00, 0x07, 0x02, 0x74, 0x77, 0xE3, 0xFC, 0x1F, 0x8F, 0xFF, 0xFF, 0xF1, 0xF8,
    0x3F, 0xC7, 0x7E, 0x27, 0x40, 0x70, 0x71, 0xC3, 0x8E, 0x71, 0xC3, 0x8E, 0x71, 0xC3, 0x0E, 0x61,
    0xC3, 0x0E, 0x61, 0xC7, 0x0C, 0x61, 0x87, 0x0C, 0xE1, 0x87, 0x0C, 0xE1, 0x86, 0x0C, 0x1F, 0x0F,
    0xF1, 0xC7, 0x70, 0xEE, 0x0D, 0xC1, 0xF8, 0x3F, 0x06, 0xE1, 0xCE, 0x39, 0xFE, 0x0F, 0x80, 0xD8,
    0x7F, 0xFF, 0xFF, 0xF0, 0x03, 0xC0, 0xF8, 0x1F, 0x07, 0xE1, 0xDC, 0x73, 0x8C, 0x73, 0x8E, 0xFF,
    0xFF, 0xFC, 0x07, 0x00, 0xE0, 0x7F, 0x9F, 0xE6, 0x01, 0x80, 0xEF, 0x3F, 0xE6, 0x3C, 0x07, 0x01,
    0xF8, 0x77, 0xF8, 0xFC, 0x1F, 0x07, 0xF1, 0xC7, 0x70, 0x0E, 0xF1, 0xFF, 0xBC, 0x77, 0x07, 0xE0,
    0xEE, 0x39, 0xFF, 0x0F, 0x80, 0xFF, 0xFF, 0xF0, 0x1C, 0x0E, 0x03, 0x81, 0xC0, 0xE0, 0x38, 0x1C,
    0x0E, 0x03, 0x81, 0xC0, 0x3F, 0x0F, 0xF1, 0xC7, 0x70, 0xE7, 0x1C, 0x7F, 0x1F, 0xE7, 0x0E, 0xE0,
    0xFC, 0x39, 0xFF, 0x1F, 0x80, 0x3F, 0x0F, 0xF3, 0x87, 0x70, 0xEE, 0x1F, 0xE3, 0xDF, 0xF9, 0xE6,
    0x01, 0xDC, 0x39, 0xFE, 0x1F, 0x80, 0x0E, 0x03, 0x80, 0xE3, 0xFF, 0xFF, 0xC3, 0x80, 0xE0, 0x38,
    0xFF, 0xFF, 0xC0, 0xFF, 0xFF, 0x00, 0x00, 0xFF, 0xFF, 0x33, 0x9C, 0xCE, 0x73, 0x9C, 0xE7, 0x38,
    0xC7, 0x38, 0xE0, 0x71, 0xC3, 0x8E, 0x38, 0x61, 0xC7, 0x1C, 0x61, 0x8E, 0x39, 0xC7, 0x00, 0xEF,
    0x3F, 0xEE, 0x3F, 0x87, 0xE1, 0xF8, 0x7E, 0x1F, 0x87, 0xE1, 0xC0, 0x1F, 0x0F, 0xF1, 0xC7, 0x70,
    0x6E, 0x0F, 0xC1, 0xF8, 0x3F, 0x06, 0x71, 0xCF, 0xF0, 0x7C, 0x00, 0x3F, 0xFD, 0xE7, 0x1C, 0x71,
    0xC7, 0x1C, 0x71, 0xC0, 0x3F, 0x1F, 0xEE, 0x3B, 0x07, 0x03, 0x81, 0xE0, 0xE0, 0xF0, 0x78, 0x3F,
    0xFF, 0xFC, 0x1F, 0x8F, 0xF9, 0xC3, 0x80, 0xE0, 0xF8, 0x1F, 0x80, 0x38, 0x07, 0x70, 0xEF, 0xF8,
    0x7E, 0x00, 0x03, 0xC0, 0xF8, 0x3F, 0x0E, 0xE1, 0xDC, 0x73, 0x9C, 0x77, 0xFF, 0xFF, 0xE0, 0x38,
    0x07, 0x00, 0x7F, 0x9F, 0xE6, 0x03, 0xBC, 0xFF, 0x98, 0xF0, 0x1C, 0x07, 0xE1, 0xDF, 0xE3, 0xF0,
    0x1F, 0x0F, 0xF9, 0xC3, 0x77, 0x8F, 0xFD, 0xE3, 0xB8, 0x3F, 0x07, 0xF1, 0xCF, 0xF8, 0x7C, 0x00,
    0xFF, 0xFF, 0xF0, 0x1C, 0x0E, 0x07, 0x01, 0xC0, 0xE0, 0x70, 0x1C, 0x0E, 0x07, 0x00, 0x3F, 0x0F,
    0xFB, 0x87, 0x38, 0xE3, 0xF8, 0xFF, 0x38, 0x77, 0x07, 0xE1, 0xCF, 0xF8, 0xFC, 0x00, 0x3F, 0x0F,
    0xF3, 0x87, 0x70, 0x6E, 0x1E, 0xFF, 0xCF, 0x30, 0x0E, 0xE1, 0xCF, 0xF0, 0xFC, 0x00, 0x0E, 0x03,
    0x80, 0xE3, 0xFF, 0xFF, 0xC3, 0x80, 0xE0, 0x38, 0xFF, 0xFF, 0xC0, 0xFF, 0xFF, 0x00, 0x00, 0xFF,
    0xFF, 0x33, 0x9C, 0xCE, 0x73, 0x9C, 0xE7, 0x38, 0xE7, 0x18, 0x70, 0xC3, 0x8E, 0x18, 0x61, 0xC7,
    0x1C, 0x63, 0x8E, 0x31, 0xC0, 0x3E, 0x3F, 0xD8, 0xE0, 0x77, 0xFF, 0x1F, 0x8F, 0xFF, 0x7D, 0x80,
    0x3F, 0x1F, 0xEE, 0x1F, 0xFF, 0xFF, 0xF8, 0x0E, 0x19, 0xFE, 0x3F, 0x00, 0x3F, 0x1F, 0xEE, 0x1F,
    0x87, 0xE1, 0xF8, 0x7E, 0x1D, 0xFE, 0x3F, 0x00, 0x70, 0xE3, 0x9C, 0x19, 0x81, 0xF8, 0x0F, 0x01,
    0xF8, 0x19, 0x83, 0x9C, 0x70, 0xE0, 0x3E, 0x0F, 0xF1, 0x8F, 0x20, 0xE0, 0x0D, 0xFF, 0xFF, 0xFF,
    0x06, 0xE1, 0xCC, 0x39, 0xFE, 0x0F, 0x80, 0xE0, 0x38, 0x0E, 0xF3, 0xFE, 0xE3, 0xF8, 0x7E, 0x1F,
    0x87, 0xE1, 0xF8, 0x7E, 0x1C, 0xE0, 0x38, 0x0E, 0x3B, 0x9C, 0xEE, 0x3F, 0x0F, 0xC3, 0xF0, 0xEE,
    0x39, 0xCE, 0x38, 0xFF, 0xFF, 0xFF, 0xFF, 0x80, 0xFE, 0x79, 0xFF, 0xFB, 0x8E, 0x3F, 0x1C, 0x7E,
    0x38, 0xFC, 0x71, 0xF8, 0xE3, 0xF1, 0xC7, 0xE3, 0x8E, 0xEF, 0x3F, 0xEE, 0x3F, 0x87, 0xE1, 0xF8,
    0x7E, 0x1F, 0x87, 0xE1, 0xC0, 0xEF, 0x3F, 0xEE, 0x1F, 0x87, 0xE1, 0xF8, 0x7E, 0x1F, 0xFE, 0xFF,
    0x38, 0x0E, 0x03, 0x80, 0xE0, 0x00, 0x3F, 0x1F, 0xE7, 0x19, 0xE0, 0x3F, 0x80, 0xF7, 0x1D, 0xFF,
    0x3F, 0x00, 0x38, 0x73, 0xFF, 0xF3, 0x87, 0x0E, 0x1C, 0x38, 0x7C, 0x78, 0x07, 0x00, 0x0F, 0xE0,
    0x1F, 0xF8, 0x0E, 0x0E, 0x0E, 0x07, 0x07, 0x01, 0x83, 0x80, 0x01, 0xC7, 0xFF, 0xE3, 0xFF, 0xF1,
    0xC0, 0x38, 0xE0, 0x1E, 0x70, 0x07, 0xB8, 0x01, 0xFF, 0xF8, 0x7F, 0xFC, 0x07, 0x00, 0x03, 0x80,
    0x01, 0xC0, 0x00, 0xE0, 0x00, 0x70, 0x00, 0x3F, 0xF8, 0x1F, 0xFC, 0x00, 0x33, 0x00, 0x0C, 0x80,
    0x02, 0x20, 0x0F, 0xF8, 0x0F, 0xFE, 0x07, 0xDF, 0xC3, 0xC4, 0xF9, 0xE3, 0x3F, 0x70, 0xC9, 0xF8,
    0x26, 0x0E, 0x19, 0x83, 0x86, 0x40, 0xE1, 0x30, 0x38, 0xCC, 0x0E, 0x32, 0x03, 0x88, 0x80, 0xE2,
    0x60, 0x39, 0x98, 0x77, 0x44, 0x1D, 0xF3, 0x0E, 0x3C, 0xC7, 0x87, 0xFF, 0xC0, 0xFF, 0xE0, 0x6F,
    0xE0, 0x19, 0x00, 0x04, 0xC0, 0x01, 0x00, 0x00, 0x03, 0xF8, 0x01, 0xFF, 0xC0, 0x7C, 0x7C, 0x1E,
    0x03, 0xC7, 0x80, 0x3C, 0xE0, 0x03, 0xB8, 0x00, 0x37, 0x00, 0x00, 0xE0, 0x00, 0x1C, 0x1C, 0xF3,
    0x83, 0xFE, 0x70, 0x7E, 0x8E, 0x0F, 0x01, 0xC1, 0xC0, 0x38, 0x38, 0x73, 0x87, 0x0E, 0x78, 0xE3,
    0xC7, 0x9C, 0xF0, 0x7F, 0xFC, 0x07, 0xFF, 0x00, 0x3F, 0x80, 0x1F, 0xFF, 0x1F, 0xFF, 0x1C, 0x00,
    0x1C, 0x00, 0x1C, 0x00, 0x1C, 0x00, 0x1C, 0x00, 0x1C, 0x00, 0x1C, 0x00, 0x1C, 0x00, 0x1F, 0xFE,
    0x1F, 0xFE, 0x1C, 0x00, 0x1C, 0x00, 0x1C, 0x00, 0xFF, 0x80, 0xFF, 0x80, 0x1C, 0x00, 0x1C, 0x00,
    0x1C, 0x00, 0x1C, 0x00, 0x03, 0xE0, 0x1F, 0xF0, 0x79, 0xF0, 0xE0, 0xE3, 0x80, 0xE7, 0x00, 0x0E,
    0x00, 0x1C, 0x00, 0xFF, 0xE1, 0xFF, 0xC0, 0xE0, 0x01, 0xC0, 0x0F, 0xFE, 0x1F, 0xFC, 0x0E, 0x00,
    0x1C, 0x00, 0x38, 0x00, 0x60, 0x1F, 0xC0, 0x7F, 0xFF, 0xEF, 0xFF, 0x80, 0x00, 0x1C, 0x00, 0x00,
    0xE0, 0x39, 0xE7, 0xF1, 0xFF, 0xFF, 0xCF, 0x9F, 0xCF, 0x78, 0x78, 0x3B, 0x81, 0xC0, 0xFC, 0x0E,
    0x07, 0xE0, 0xF0, 0x3F, 0x07, 0x81, 0xF8, 0x7C, 0x0F, 0xC3, 0xE0, 0x7E, 0x1F, 0x03, 0xF1, 0xF8,
    0x1F, 0x8F, 0xC0, 0xFC, 0xEE, 0x07, 0xE7, 0x70, 0x3F, 0x33, 0x81, 0xC3, 0x80, 0x00, 0x1C, 0x00,
    0x00, 0x3C, 0x00, 0xE1, 0xE0, 0x07, 0x0F, 0x80, 0x38, 0x7E, 0x01, 0xC3, 0xF0, 0x0E, 0x1D, 0xC0,
    0x70, 0xEF, 0x03, 0x87, 0x38, 0x1C, 0xFF, 0xFF, 0xFF, 0xFF, 0xFF, 0xCE, 0x1C, 0x38, 0x70, 0xF1,
    0xCF, 0xFF, 0xFF, 0xFF, 0xFF, 0xFC, 0xE0, 0x7B, 0x87, 0x01, 0xDC, 0x38, 0x07, 0xE1, 0xC0, 0x3F,
    0x0E, 0x00, 0xF8, 0x70, 0x03, 0xC3, 0x80, 0x1E, 0x00, 0xFF, 0xE0, 0x00, 0x7F, 0xF8, 0x0C, 0x38,
    0x3E, 0x07, 0x1C, 0x03, 0x83, 0x8E, 0x01, 0xC1, 0xC7, 0x00, 0x77, 0xFF, 0x80, 0x3B, 0xFF, 0xC0,
    0x1C, 0x38, 0xE0, 0x0C, 0x1C, 0x70, 0x0E, 0x0E, 0x38, 0x0F, 0x07, 0x1F, 0xFF, 0x03, 0x8F, 0xFE,
    0x01, 0xC7, 0x00, 0x00, 0xE3, 0x80, 0x00, 0x71, 0xC0, 0x00, 0x38, 0xE0, 0x00, 0x1C, 0x70, 0x00,
    0x0E, 0x38, 0x00, 0x07, 0x9C, 0x00, 0x01, 0xFE, 0x00, 0x00, 0x78, 0xFF, 0xE0, 0x00, 0x07, 0xFF,
    0xC0, 0x00, 0x38, 0x1F, 0x00, 0x01, 0xC0, 0x38, 0x00, 0x0E, 0x00, 0xC0, 0x00, 0x70, 0x07, 0x07,
    0xE3, 0x80, 0x38, 0xFF, 0x9C, 0x01, 0xCF, 0x9E, 0xE0, 0x1C, 0x70, 0x37, 0x01, 0xE3, 0x80, 0x3F,
    0xFE, 0x1C, 0x01, 0xFF, 0xE0, 0xF8, 0x0E, 0x0E, 0x03, 0xFC, 0x70, 0x78, 0x07, 0xF3, 0x81, 0xC0,
    0x03, 0xDC, 0x0F, 0x00, 0x07, 0xE0, 0x38, 0x60, 0x3F, 0x01, 0xE3, 0x83, 0xF8, 0x07, 0x1E, 0x3D,
    0xC0, 0x3C, 0x7F, 0xCE, 0x00, 0xE1, 0xFC, 0x00, 0x70, 0x0F, 0x00, 0xE7, 0x00, 0xF0, 0x0E, 0x70,
    0x0F, 0x00, 0xE3, 0x80, 0xF0, 0x1C, 0x38, 0x1F, 0x81, 0xC3, 0x81, 0xF8, 0x1C, 0x38, 0x19, 0x81,
    0x87, 0xFF, 0xFF, 0xFE, 0x7F, 0xFF, 0xFF, 0xE1, 0xC3, 0x9C, 0x38, 0x0C, 0x30, 0xC3, 0x00, 0xE7,
    0x0E, 0x70, 0x7F, 0xFF, 0xFF, 0xE7, 0xFF, 0xFF, 0xFE, 0x0F, 0xE0, 0x7F, 0x00, 0x7E, 0x07, 0xE0,
    0x07, 0xE0, 0x7E, 0x00, 0x7C, 0x03, 0xC0, 0x03, 0xC0, 0x3C, 0x00, 0x3C, 0x03, 0xC0, 0x03, 0xC0,
    0x3C, 0x00, 0xFF, 0xE0, 0xFF, 0xFF, 0x1F, 0x81, 0xE3, 0xF0, 0x0E, 0x7E, 0x01, 0xCF, 0xCE, 0x39,
    0xF9, 0xC7, 0x3F, 0x38, 0xE7, 0xE7, 0x1C, 0xFC, 0xE3, 0x9F, 0x9C, 0x73, 0xF3, 0x80, 0x7E, 0x70,
    0x0F, 0xCE, 0x07, 0xB9, 0xFF, 0xF7, 0x3F, 0xF8, 0x00, 0x1C, 0x00, 0x1C, 0x01, 0xFF, 0x01, 0xFF,
    0x00, 0x1C, 0x0F, 0x9C, 0x3F, 0xFC, 0x3C, 0xFC, 0x70, 0x3C, 0xE0, 0x1C, 0xE0, 0x1C, 0xE0, 0x1C,
    0xE0, 0x1C, 0xE0, 0x1C, 0xE0, 0x1C, 0xE0, 0x1C, 0xE0, 0x1C, 0x70, 0x3C, 0x3C, 0xFC, 0x3F, 0xDC,
    0x0F, 0x9C, 0x00, 0x00, 0x00, 0x00, 0x00, 0x00, 0x00, 0x00, 0x7F, 0xFC, 0x7F, 0xFC, 0x00, 0x7E,
    0x00, 0x7F, 0xE0, 0x3E, 0x78, 0x1C, 0x06, 0x0E, 0x00, 0x03, 0x80, 0x01, 0xC0, 0x01, 0xFF, 0xF8,
    0x7F, 0xFC, 0x07, 0x00, 0x01, 0xC0, 0x01, 0xFF, 0xE0, 0x7F, 0xF8, 0x07, 0x00, 0x01, 0xC0, 0x00,
    0x38, 0x00, 0x0E, 0x00, 0x01, 0xC0, 0x60, 0x3E, 0x78, 0x07, 0xFE, 0x00, 0xFE, 0x00, 0x0E, 0x00,
    0xF0, 0xE0, 0x1E, 0x0E, 0x03, 0xC0, 0xE0, 0x78, 0x0E, 0x0F, 0x00, 0xE1, 0xE0, 0x0E, 0x3C, 0x00,
    0xE7, 0x80, 0x0E, 0xF8, 0x0F, 0xFF, 0xFF, 0xFF, 0xFF, 0xF0, 0xFF, 0x80, 0x0F, 0x38, 0x00, 0xE1,
    0xC0, 0x0E, 0x0E, 0x00, 0xE0, 0xF0, 0x0E, 0x07, 0x80, 0xE0, 0x38, 0x0E, 0x01, 0xC0, 0xE0, 0x1E,
    0x0E, 0x00, 0xF0, 0xFF, 0xFF, 0xFF, 0xFF, 0x01, 0xC0, 0x01, 0xC0, 0x01, 0xC0, 0x01, 0xC0, 0x01,
    0xD8, 0x01, 0xF8, 0x03, 0xF0, 0x1F, 0xC0, 0x1F, 0xD8, 0x11, 0xF8, 0x01, 0xF0, 0x0F, 0xC0, 0x1F,
    0xC0, 0x19, 0xC0, 0x01, 0xC0, 0x01, 0xC0, 0x01, 0xC0, 0x01, 0xC0, 0x01, 0xC0, 0x01, 0x80, 0x00,
    0x00, 0x00, 0x0E, 0x00, 0x00, 0x00, 0x00, 0x38, 0x00, 0x00, 0x00, 0x01, 0xFF, 0x80, 0x00, 0x00,
    0x3F, 0xFF, 0x80, 0x00, 0x00, 0xFE, 0x3F, 0x00, 0x00, 0x00, 0x38, 0x0E, 0x00, 0x00, 0x00, 0xE0,
    0x1C, 0x00, 0x00, 0x03, 0x80, 0x70, 0x0F, 0xC0, 0x0E, 0x00, 0xE0, 0xFF, 0x80, 0x38, 0x03, 0x87,
    0x8F, 0x00, 0xE0, 0x0E, 0x3C, 0x1E, 0x03, 0x80, 0x38, 0xE0, 0x38, 0x0E, 0x00, 0xE3, 0x00, 0x60,
    0x38, 0x03, 0x9C, 0x01, 0xC0, 0xE0, 0x0E, 0x70, 0x07, 0x3F, 0x80, 0x39, 0xC0, 0x1D, 0xFE, 0x00,
    0xE7, 0x00, 0x7F, 0x78, 0x03, 0x1C, 0x01, 0xB8, 0xE0, 0x1C, 0x78, 0x0E, 0xE3, 0xC0, 0xF1, 0xF0,
    0x7B, 0xDF, 0xCF, 0x87, 0xF7, 0xC7, 0xF7, 0xFC, 0x1D, 0xFE, 0x0F, 0x07, 0xC0, 0x73, 0xF0, 0x00,
    0x00, 0x01, 0xC0, 0x00, 0x00, 0x00, 0x07, 0x00, 0x00, 0x00, 0x00, 0x1C, 0x00, 0x00, 0x00, 0x00,
    0x70, 0x00, 0x00, 0x00, 0x01, 0xC0, 0x00, 0x00, 0x00, 0x07, 0x00, 0x00, 0x3F, 0xF0, 0x0F, 0xFF,
    0x03, 0x83, 0xC0, 0xE0, 0x38, 0xFF, 0xFF, 0xFF, 0xFF, 0xF3, 0x80, 0x70, 0xE0, 0x1C, 0x38, 0x07,
    0x3F, 0xFF, 0xFF, 0xFF, 0xFC, 0xE0, 0x38, 0x38, 0x1E, 0x0F, 0xFF, 0x03, 0xFF, 0x80, 0xE0, 0x00,
    0x38, 0x00, 0x0E, 0x00, 0x03, 0x80, 0x00, 0xE0, 0x00, 0x38, 0x00, 0x00, 0x00, 0xC0, 0x00, 0x30,
    0x00, 0x0C, 0x00, 0x03, 0x00, 0x03, 0xF8, 0x03, 0xFF, 0x81, 0xFD, 0xF0, 0xF3, 0x1E, 0x78, 0xC3,
    0x9C, 0x30, 0x7E, 0x0C, 0x03, 0x83, 0x00, 0xE0, 0xC0, 0x38, 0x30, 0x0E, 0x0F, 0xFF, 0x83, 0xFF,
    0xE0, 0xC1, 0xF8, 0x30, 0x7E, 0x0C, 0x1D, 0xC3, 0x07, 0x78, 0xC3, 0x8F, 0x31, 0xE1, 0xFD, 0xF0,
    0x3F, 0xF8, 0x03, 0xF8, 0x00, 0x30, 0x00, 0x0C, 0x00, 0x03, 0x00, 0x00, 0xF0, 0x00, 0x0F, 0x00,
    0x01, 0xF8, 0x00, 0x1F, 0x80, 0x01, 0x98, 0x00, 0x39, 0xC0, 0x03, 0x9C, 0x00, 0x70, 0xE0, 0x07,
    0x0E, 0x07, 0xFF, 0xFE, 0x7F, 0xFF, 0xE0, 0xE0, 0x70, 0x0E, 0x07, 0x87, 0xFF, 0xFE, 0x7F, 0xFF,
    0xE3, 0xC0, 0x3C, 0x38, 0x01, 0xC3, 0x80, 0x1C, 0x70, 0x00, 0xE7, 0x00, 0x0E, 0x70, 0x00, 0xF0,
    0x0F, 0xE0, 0x3F, 0xF0, 0xF1, 0xE1, 0xC0, 0xE7, 0x01, 0xC0, 0x03, 0x80, 0x0E, 0x7F, 0xFF, 0xFF,
    0xFE, 0x00, 0x00, 0x00, 0x07, 0xFF, 0xFF, 0xFF, 0xE7, 0x00, 0x0C, 0x00, 0x38, 0x00, 0x70, 0x1C,
    0x70, 0x38, 0xF1, 0xE0, 0xFF, 0xC0, 0xFE, 0x00, 0x00, 0xC0, 0x00, 0x30, 0x00, 0x0C, 0x00, 0x03,
    0x00, 0x03, 0xF8, 0x03, 0xFF, 0x81, 0xFD, 0xF0, 0xF3, 0x1E, 0x78, 0xC3, 0x9C, 0x30, 0x7E, 0x0C,
    0x1F, 0x83, 0x00, 0xE0, 0xC0, 0x38, 0x30, 0x0E, 0x0C, 0x03, 0x83, 0x00, 0xE0, 0xC0, 0x38, 0x30,
    0x0E, 0x0C, 0x1D, 0xC3, 0x07, 0x78, 0xC3, 0x8F, 0x31, 0xE1, 0xFD, 0xF0, 0x3F, 0xF8, 0x03, 0xF8,
    0x00, 0x30, 0x00, 0x0C, 0x00, 0x03, 0x00, 0xFF, 0xFF, 0xFF, 0xFF, 0x00, 0x00, 0x00, 0x00, 0xFF,
    0xFF, 0xFF, 0xFF, 0x01, 0xC0, 0x01, 0xC0, 0x01, 0xC0, 0x01, 0xC0, 0x01, 0xC0, 0x01, 0xC0, 0x01,
    0xC0, 0x01, 0xC0, 0x01, 0xC0, 0x01, 0xC0, 0x01, 0xC0, 0x01, 0xC0, 0x01, 0xC0, 0x01, 0xC0, 0x01,
    0xC0, 0x00, 0x00, 0xFF, 0xFD, 0xFF, 0xF8, 0x1F, 0x00, 0x0F, 0x00, 0x0E, 0x1F, 0xFF, 0xBF, 0xFF,
    0x00, 0x70, 0x00, 0xE0, 0x07, 0x83, 0xFF, 0x07, 0xF8, 0x07, 0x80, 0x0F, 0x00, 0x0F, 0x00, 0x0F,
    0x00, 0x0F, 0x00, 0x0E, 0x00, 0x1E, 0x00, 0x1E, 0x00, 0x1E, 0x00, 0x1C, 0x00, 0x70, 0x01, 0xDC,
    0x07, 0xF0, 0x1F, 0x81, 0xF8, 0x0F, 0xC0, 0x3F, 0x70, 0x1F, 0xC0, 0x7E, 0x0F, 0xC0, 0x3F, 0x00,
    0xDC, 0x18, 0x70, 0x61, 0xC3, 0x87, 0x0E, 0x1C, 0x38, 0x71, 0xC1, 0xDF, 0x07, 0xF8, 0x1F, 0x80,
    0x00, 0x00, 0x01, 0xC0, 0x00, 0xE0, 0x00, 0x70, 0x00, 0x38, 0x00, 0xFF, 0x80, 0xFF, 0xE0, 0xF7,
    0xF8, 0xF3, 0x9C, 0x71, 0xC7, 0x70, 0xE3, 0xB8, 0x70, 0xDC, 0x38, 0x7E, 0x1C, 0x3F, 0x0E, 0x1F,
    0x87, 0x0F, 0xC3, 0x87, 0x0F, 0xFE, 0x01, 0xFF, 0xF0, 0x38, 0x1F, 0x07, 0x00, 0xE0, 0xE0, 0x0C,
    0x1C, 0x01, 0xC3, 0x80, 0x38, 0x70, 0x07, 0x0E, 0x01, 0xC1, 0xC0, 0x7B, 0xFF, 0xFE, 0x7F, 0xFF,
    0x80, 0xE0, 0x00, 0x1C, 0x00, 0x03, 0x80, 0x07, 0xFF, 0x80, 0xFF, 0xF0, 0x01, 0xC0, 0x00, 0x38,
    0x00, 0x07, 0x00, 0x00, 0xE0, 0x00, 0x07, 0x70, 0x03, 0xB8, 0x01, 0xFC, 0x01, 0xFF, 0x01, 0xFF,
    0xC1, 0xFB, 0xF1, 0xFD, 0xF8, 0xEE, 0xEE, 0xE7, 0x77, 0x73, 0xB9, 0xF9, 0xDC, 0xFC, 0xEE, 0x6E,
    0x00, 0x07, 0x00, 0x03, 0x80, 0x00, 0xE0, 0x00, 0x70, 0x00, 0x1C, 0x00, 0x0F, 0xE0, 0x1F, 0xFF,
    0xFF, 0xFF, 0xF8, 0x19, 0x80, 0x33, 0x00, 0x66, 0x07, 0xFF, 0x0F, 0xFF, 0x1C, 0x1F, 0x38, 0x0F,
    0x70, 0x0E, 0xE0, 0x1D, 0xC0, 0x3B, 0x80, 0x77, 0x03, 0xCF, 0xFE, 0x1F, 0xFE, 0x38, 0x1F, 0x70,
    0x0E, 0xE0, 0x0F, 0xC0, 0x1F, 0x80, 0x3F, 0x00, 0x7E, 0x01, 0xFC, 0x0F, 0xBF, 0xFE, 0x7F, 0xF8,
    0x19, 0x80, 0x33, 0x00, 0x66, 0x00, 0x00, 0x00, 0x00, 0x01, 0x80, 0x00, 0x0E, 0x00, 0x00, 0x78,
    0x00, 0x03, 0xC0, 0x00, 0x1C, 0x00, 0x00, 0xE0, 0x00, 0x07, 0x00, 0x00, 0x38, 0x00, 0x01, 0xFF,
    0xFF, 0xF7, 0xFF, 0xFF, 0xCE, 0x00, 0x00, 0x1E, 0x00, 0x00, 0x3C, 0x00, 0x00, 0x78, 0x00, 0x00,
    0xF0, 0x00, 0x01, 0xE0, 0x00, 0x03, 0x80, 0x00, 0x06, 0x00, 0x00, 0x00, 0x00, 0x00, 0x00, 0x00,
    0x06, 0x00, 0x00, 0xF0, 0x00, 0x1F, 0x80, 0x03, 0xFC, 0x00, 0x76, 0xE0, 0x0E, 0x67, 0x01, 0xC6,
    0x38, 0x38, 0x61, 0xC7, 0x86, 0x0E, 0x30, 0x60, 0x60, 0x06, 0x00, 0x00, 0x60, 0x00, 0x06, 0x00,
    0x00, 0x60, 0x00, 0x06, 0x00, 0x00, 0x60, 0x00, 0x06, 0x00, 0x00, 0x60, 0x00, 0x06, 0x00, 0x00,
    0x60, 0x00, 0x06, 0x00, 0x00, 0x00, 0x00, 0x00, 0x60, 0x00, 0x01, 0xC0, 0x00, 0x07, 0x80, 0x00,
    0x0F, 0x00, 0x00, 0x0E, 0x00, 0x00, 0x1C, 0x00, 0x00, 0x38, 0x00, 0x00, 0x73, 0xFF, 0xFF, 0xEF,
    0xFF, 0xFF, 0x80, 0x00, 0x1C, 0x00, 0x01, 0xE0, 0x00, 0x0F, 0x00, 0x00, 0x78, 0x00, 0x03, 0xC0,
    0x00, 0x1E, 0x00, 0x00, 0x70, 0x00, 0x01, 0x80, 0x00, 0x00, 0x00, 0x00, 0x00, 0x00, 0x06, 0x00,
    0x00, 0x60, 0x00, 0x06, 0x00, 0x00, 0x60, 0x00, 0x06, 0x00, 0x00, 0x60, 0x00, 0x06, 0x00, 0x00,
    0x60, 0x00, 0x06, 0x00, 0x00, 0x60, 0x00, 0x06, 0x00, 0x70, 0x60, 0x67, 0x86, 0x0E, 0x3C, 0x61,
    0xC1, 0xE6, 0x38, 0x0F, 0x67, 0x00, 0x76, 0xE0, 0x03, 0xFC, 0x00, 0x1F, 0x80, 0x00, 0xF0, 0x00,
    0x06, 0x00, 0x00, 0x00, 0x00, 0x00, 0x00, 0x00, 0x00, 0x00, 0x0C, 0x00, 0x18, 0x00, 0x03, 0xC0,
    0x07, 0x80, 0x00, 0xF0, 0x00, 0x78, 0x00, 0x3C, 0x00, 0x07, 0x80, 0x0F, 0x00, 0x00, 0x78, 0x03,
    0xC0, 0x00, 0x03, 0x80, 0xE0, 0x00, 0x00, 0x38, 0x38, 0x00, 0x00, 0x03, 0x8F, 0xFF, 0xFF, 0xFF,
    0xF9, 0xFF, 0xFF, 0xFF, 0xFF, 0x1E, 0x00, 0x00, 0x01, 0xC1, 0xE0, 0x00, 0x00, 0xF0, 0x1E, 0x00,
    0x00, 0x3C, 0x01, 0xE0, 0x00, 0x0F, 0x00, 0x1E, 0x00, 0x03, 0xC0, 0x01, 0xE0, 0x00, 0xF0, 0x00,
    0x1E, 0x00, 0x3C, 0x00, 0x00, 0x80, 0x03, 0x00, 0x00, 0x00, 0x00, 0x00, 0x00, 0x00, 0x20, 0x00,
    0x07, 0x00, 0x00, 0xF8, 0x00, 0x1F, 0xC0, 0x03, 0xEE, 0x00, 0x76, 0x70, 0x0E, 0x67, 0x81, 0xC6,
    0x3C, 0x38, 0x61, 0xE7, 0x06, 0x0E, 0x20, 0x60, 0x40, 0x06, 0x00, 0x00, 0x60, 0x00, 0x06, 0x00,
    0x00, 0x60, 0x00, 0x06, 0x00, 0x00, 0x60, 0x00, 0x06, 0x00, 0x00, 0x60, 0x00, 0x06, 0x00, 0x00,
    0x60, 0x00, 0x06, 0x00, 0x00, 0x60, 0x07, 0x06, 0x06, 0x78, 0x60, 0xE3, 0xC6, 0x1C, 0x1E, 0x63,
    0x80, 0xE6, 0x70, 0x07, 0x6E, 0x00, 0x3F, 0xC0, 0x01, 0xF8, 0x00, 0x0F, 0x00, 0x00, 0x60, 0x00,
    0x00, 0x00, 0x7F, 0xFC, 0x3F, 0xFE, 0x1E, 0x00, 0x0F, 0x80, 0x06, 0xE0, 0x03, 0x38, 0x01, 0x8E,
    0x00, 0xC3, 0x80, 0x60, 0xE0, 0x30, 0x38, 0x18, 0x0E, 0x0C, 0x03, 0x86, 0x00, 0xE0, 0x00, 0x38,
    0x00, 0x0C, 0x00, 0x00, 0x1F, 0xFF, 0x1F, 0xFF, 0x00, 0x0F, 0x00, 0x1F, 0x00, 0x3B, 0x00, 0x73,
    0x00, 0xE3, 0x01, 0xC3, 0x03, 0x83, 0x07, 0x03, 0x0E, 0x03, 0x1C, 0x03, 0x38, 0x03, 0x70, 0x00,
    0x60, 0x00, 0x00, 0x00, 0x00, 0x00, 0x60, 0x00, 0x70, 0x00, 0x38, 0x03, 0x1C, 0x03, 0x0E, 0x03,
    0x07, 0x03, 0x03, 0x83, 0x01, 0xC3, 0x00, 0xE3, 0x00, 0x73, 0x00, 0x3B, 0x00, 0x1F, 0x00, 0x0F,
    0x1F, 0xFF, 0x1F, 0xFF, 0x00, 0x00, 0x00, 0x01, 0x80, 0x01, 0xCC, 0x01, 0xC6, 0x01, 0xC3, 0x01,
    0xC1, 0x81, 0xC0, 0xC1, 0xC0, 0x61, 0xC0, 0x31, 0xC0, 0x19, 0xC0, 0x0D, 0xC0, 0x07, 0xC0, 0x03,
    0xC0, 0x01, 0xFF, 0xF0, 0xFF, 0xF8, 0x00, 0x00, 0x0F, 0x00, 0x00, 0x00, 0x7E, 0x00, 0x00, 0x00,
    0xF8, 0x00, 0x00, 0x01, 0xE0, 0x06, 0x00, 0x07, 0x00, 0x70, 0x00, 0x18, 0x07, 0x00, 0x00, 0xE0,
    0x70, 0x00, 0x07, 0x07, 0x00, 0x00, 0x30, 0x70, 0x00, 0x03, 0x87, 0x00, 0x00, 0x3C, 0x70, 0x00,
    0x07, 0xC7, 0xFF, 0xFF, 0xFC, 0x3F, 0xFF, 0xFF, 0x80, 0xE0, 0x00, 0x00, 0x03, 0xC0, 0x00, 0x00,
    0x0F, 0x00, 0x00, 0x00, 0x3C, 0x00, 0x00, 0x00, 0xF0, 0x00, 0x00, 0x03, 0xC0, 0x00, 0x00, 0x0E,
    0x00, 0x00, 0x00, 0x30, 0x00, 0x00, 0x00, 0x00, 0x00, 0x00, 0x07, 0x80, 0x00, 0x00, 0xFC, 0x00,
    0x00, 0x0F, 0x80, 0x00, 0x00, 0xF0, 0x00, 0x00, 0x07, 0x00, 0x03, 0x00, 0x30, 0x00, 0x1C, 0x03,
    0x80, 0x00, 0x70, 0x1C, 0x00, 0x01, 0xC0, 0x60, 0x00, 0x07, 0x03, 0x80, 0x00, 0x1C, 0x1E, 0x00,
    0x00, 0x70, 0x7C, 0x00, 0x01, 0xC1, 0xFF, 0xFF, 0xFF, 0x03, 0xFF, 0xFF, 0xF8, 0x00, 0x00, 0x03,
    0x80, 0x00, 0x00, 0x78, 0x00, 0x00, 0x07, 0x80, 0x00, 0x00, 0x78, 0x00, 0x00, 0x07, 0x80, 0x00,
    0x00, 0x78, 0x00, 0x00, 0x03, 0x80, 0x00, 0x00, 0x18, 0x00, 0x00, 0x00, 0x00, 0x00, 0x00, 0x00,
    0x00, 0x01, 0x00, 0x00, 0x01, 0x80, 0x00, 0x01, 0xC0, 0x00, 0x01, 0xE0, 0x00, 0x01, 0xF0, 0x00,
    0x01, 0xFF, 0xFF, 0xFC, 0xFF, 0xFF, 0xFE, 0x3E, 0x00, 0x03, 0x0F, 0x00, 0x01, 0x83, 0x80, 0x00,
    0xC0, 0xC0, 0x00, 0x60, 0x20, 0x00, 0x30, 0x00, 0x00, 0x18, 0x00, 0x00, 0x0C, 0x00, 0x00, 0x06,
    0x00, 0x00, 0x03, 0x00, 0x00, 0x01, 0x80, 0x00, 0x00, 0xC0, 0x00, 0x00, 0x60, 0x00, 0x00, 0x30,
    0x00, 0x00, 0x18, 0x00, 0x00, 0x0C, 0x00, 0x00, 0x00, 0x00, 0x00, 0x10, 0x00, 0x00, 0x0C, 0x00,
    0x00, 0x07, 0x00, 0x00, 0x03, 0xC0, 0x00, 0x01, 0xF1, 0xFF, 0xFF, 0xFC, 0xFF, 0xFF, 0xFE, 0x60,
    0x00, 0x3E, 0x30, 0x00, 0x1E, 0x18, 0x00, 0x0E, 0x0C, 0x00, 0x06, 0x06, 0x00, 0x02, 0x03, 0x00,
    0x00, 0x01, 0x80, 0x00, 0x00, 0xC0, 0x00, 0x00, 0x60, 0x00, 0x00, 0x30, 0x00, 0x00, 0x18, 0x00,
    0x00, 0x0C, 0x00, 0x00, 0x06, 0x00, 0x00, 0x03, 0x00, 0x00, 0x01, 0x80, 0x00, 0x00, 0x60, 0x00,
    0x00, 0x30, 0x00, 0x00, 0x18, 0x00, 0x00, 0x0C, 0x00, 0x00, 0x06, 0x00, 0x00, 0x03, 0x00, 0x00,
    0x01, 0x80, 0x00, 0x80, 0xC0, 0x00, 0x60, 0x60, 0x00, 0x38, 0x30, 0x00, 0x1E, 0x18, 0x00, 0x0F,
    0x8F, 0xFF, 0xFF, 0xE7, 0xFF, 0xFF, 0xF0, 0x00, 0x01, 0xF0, 0x00, 0x00, 0xF0, 0x00, 0x00, 0x70,
    0x00, 0x00, 0x30, 0x00, 0x00, 0x10, 0x00, 0x00, 0x00, 0x00, 0x00, 0x00, 0x07, 0xFF, 0xE0, 0x7F,
    0xFE, 0x00, 0x00, 0xC0, 0x00, 0x0C, 0x00, 0x00, 0xC0, 0x00, 0x0C, 0x00, 0x00, 0xC0, 0x00, 0x0C,
    0x00, 0x00, 0xC0, 0x00, 0x0C, 0x00, 0x00, 0xC0, 0x00, 0x0C, 0x00, 0x00, 0xC0, 0x00, 0x0C, 0x00,
    0x00, 0xC0, 0x01, 0xFF, 0xE0, 0x0F, 0xFC, 0x00, 0x7F, 0x80, 0x03, 0xF0, 0x00, 0x1E, 0x00, 0x00,
    0xC0, 0x00, 0x00, 0x00, 0x00, 0x00, 0x03, 0x00, 0x00, 0x01, 0x80, 0x00, 0x00, 0xC0, 0x00, 0x00,
    0x60, 0x00, 0x00, 0x30, 0x00, 0x00, 0x18, 0x08, 0x00, 0x0C, 0x0C, 0x00, 0x06, 0x0E, 0x00, 0x03,
    0x0F, 0x00, 0x01, 0x8F, 0x80, 0x00, 0xCF, 0xFF, 0xFF, 0xE7, 0xFF, 0xFF, 0xF1, 0xF0, 0x00, 0x00,
    0x78, 0x00, 0x00, 0x1C, 0x00, 0x00, 0x06, 0x00, 0x00, 0x01, 0x00, 0x00, 0x00, 0x00, 0x00, 0x00,
    0x00, 0x00, 0x00, 0x00, 0x80, 0x00, 0x06, 0x00, 0x00, 0x38, 0x00, 0x01, 0xE0, 0x00, 0x0F, 0x80,
    0x00, 0x3F, 0xE0, 0x01, 0xFF, 0xC0, 0x03, 0xEF, 0xC0, 0x07, 0x87, 0x80, 0x0E, 0x0E, 0x00, 0x18,
    0x1C, 0x00, 0x20, 0x38, 0x00, 0x00, 0xE0, 0x00, 0x01, 0x80, 0x00, 0x06, 0xC0, 0x00, 0x1B, 0x80,
    0x00, 0x6E, 0x00, 0x03, 0xB8, 0x00, 0x0E, 0x70, 0x00, 0x39, 0xC0, 0x01, 0xC3, 0x80, 0x0E, 0x07,
    0x80, 0x78, 0x0F, 0xDF, 0xC0, 0x1F, 0xFC, 0x00, 0x1F, 0xC0, 0x00, 0x00, 0x00, 0x00, 0x00, 0x80,
    0x00, 0x03, 0x00, 0x00, 0x0E, 0x00, 0x00, 0x3C, 0x00, 0x00, 0xF8, 0x00, 0x1F, 0xF0, 0x01, 0xFF,
    0xC0, 0x1F, 0xBE, 0x00, 0xF0, 0xF0, 0x03, 0x83, 0x80, 0x1C, 0x0C, 0x00, 0x60, 0x20, 0x03, 0x80,
    0x00, 0x0E, 0x00, 0x00, 0x38, 0x00, 0x00, 0xC0, 0x00, 0x1B, 0x80, 0x00, 0x6E, 0x00, 0x03, 0xB8,
    0x00, 0x0E, 0x70, 0x00, 0x39, 0xC0, 0x01, 0xC3, 0x80, 0x0E, 0x07, 0x80, 0x78, 0x0F, 0xDF, 0xC0,
    0x1F, 0xFC, 0x00, 0x1F, 0xC0, 0x00, 0x00, 0x00, 0x00, 0x00, 0xE0, 0x00, 0x03, 0x80, 0x00, 0x0E,
    0x00, 0x00, 0x38, 0x00, 0x00, 0xE0, 0x00, 0x03, 0xFF, 0xFF, 0x0F, 0xFF, 0xFE, 0x3C, 0x00, 0x00,
    0xF0, 0x00, 0x00, 0xE0, 0x00, 0x00, 0xFF, 0xFF, 0xE0, 0xFF, 0xFF, 0xC0, 0xF0, 0x00, 0x00, 0xE0,
    0x00, 0x00, 0xE0, 0x00, 0x00, 0xE0, 0x00, 0x00, 0xE0, 0x00, 0x00, 0x80, 0x00, 0x00, 0x00, 0x00,
    0x00, 0x18, 0x00, 0x00, 0xF0, 0x00, 0x01, 0xE0, 0x00, 0x03, 0xC0, 0x00, 0x07, 0x80, 0x00, 0x0F,
    0x0F, 0xFF, 0xFE, 0x3F, 0xFF, 0xFC, 0x00, 0x00, 0x78, 0x00, 0x00, 0xE0, 0x00, 0x07, 0x3F, 0xFF,
    0xF8, 0xFF, 0xFF, 0xC0, 0x00, 0x0E, 0x00, 0x00, 0x70, 0x00, 0x03, 0x80, 0x00, 0x1C, 0x00, 0x00,
    0x60, 0x00, 0x00, 0x00, 0x00, 0x00, 0x20, 0x00, 0x80, 0x00, 0x0E, 0x00, 0x38, 0x00, 0x03, 0x80,
    0x03, 0x80, 0x00, 0xE0, 0x00, 0x38, 0x00, 0x38, 0x00, 0x03, 0x80, 0x0F, 0x00, 0x00, 0x38, 0x03,
    0xFF, 0xFF, 0xFF, 0x80, 0xFF, 0xFF, 0xFF, 0xF8, 0x38, 0x00, 0x00, 0x03, 0x8F, 0x00, 0x00, 0x00,
    0x38, 0xF0, 0x00, 0x00, 0x0E, 0x0F, 0xFF, 0xFF, 0xFF, 0x80, 0xFF, 0xFF, 0xFF, 0xE0, 0x0E, 0x00,
    0x00, 0x38, 0x00, 0xE0, 0x00, 0x0E, 0x00, 0x0E, 0x00, 0x03, 0x80, 0x00, 0xE0, 0x00, 0xE0, 0x00,
    0x0E, 0x00, 0x18, 0x00, 0x00, 0x00, 0x00, 0x00, 0x00, 0x00, 0x00, 0x0C, 0x00, 0x78, 0x03, 0xF0,
    0x1F, 0xE0, 0xFF, 0xC7, 0xFF, 0x80, 0xC0, 0x03, 0x00, 0x0C, 0x00, 0x30, 0x0F, 0xFC, 0x3F, 0xF0,
    0x0C, 0x00, 0x30, 0x00, 0xC0, 0x3F, 0xF0, 0xFF, 0xC0, 0x30, 0x00, 0xC0, 0x03, 0x00, 0x0C, 0x00,
    0x30, 0x00, 0x00, 0x00, 0x00, 0x0C, 0x00, 0x30, 0x00, 0xC0, 0x03, 0x00, 0x0C, 0x03, 0xFF, 0x0F,
    0xFC, 0x03, 0x00, 0x0C, 0x03, 0xFF, 0x0F, 0xFC, 0x03, 0x00, 0x0C, 0x00, 0x30, 0x00, 0xC0, 0x7F,
    0xF8, 0xFF, 0xC1, 0xFE, 0x03, 0xF0, 0x07, 0x80, 0x0C, 0x00, 0x00, 0x00, 0x60, 0x20, 0x00, 0x30,
    0x30, 0x00, 0x18, 0x38, 0x00, 0x0C, 0x1C, 0x00, 0x06, 0x1E, 0x00, 0x03, 0x1F, 0xFF, 0xFD, 0x9F,
    0xFF, 0xFE, 0xC7, 0xC0, 0x00, 0x61, 0xE0, 0x00, 0x30, 0x70, 0x00, 0x18, 0x18, 0x00, 0x0C, 0x04,
    0x00, 0x06, 0x00, 0x00, 0x00, 0x00, 0x02, 0x01, 0x80, 0x01, 0x80, 0xC0, 0x00, 0xE0, 0x60, 0x00,
    0x78, 0x30, 0x00, 0x3E, 0x1F, 0xFF, 0xFF, 0x8F, 0xFF, 0xFF, 0xC6, 0x00, 0x07, 0xC3, 0x00, 0x03,
    0xC1, 0x80, 0x01, 0xC0, 0xC0, 0x00, 0xC0, 0x60, 0x00, 0x40, 0x30, 0x00, 0x00, 0x18, 0x00, 0x00,
    0x00, 0x00, 0x03, 0x00, 0x00, 0x01, 0xE0, 0x00, 0x00, 0xFC, 0x00, 0x00, 0x73, 0x80, 0x00, 0x38,
    0x70, 0x00, 0x1C, 0x0E, 0x00, 0x0E, 0x01, 0xC0, 0x07, 0x00, 0x38, 0x03, 0x80, 0x07, 0x01, 0xC0,
    0x00, 0xE0, 0xFE, 0x01, 0xFC, 0x7F, 0x80, 0x7F, 0x80, 0x60, 0x18, 0x00, 0x18, 0x06, 0x00, 0x06,
    0x01, 0x80, 0x01, 0x80, 0x60, 0x00, 0x60, 0x18, 0x00, 0x18, 0x06, 0x00, 0x06, 0x01, 0x80, 0x01,
    0x80, 0x60, 0x00, 0x7F, 0xF8, 0x00, 0x1F, 0xFE, 0x00, 0x00, 0x00, 0x00, 0x00, 0x03, 0x00, 0x00,
    0x01, 0xE0, 0x00, 0x00, 0xFC, 0x00, 0x00, 0x73, 0x80, 0x00, 0x38, 0x70, 0x00, 0x1C, 0x0E, 0x00,
    0x0E, 0x01, 0xC0, 0x07, 0x00, 0x38, 0x03, 0x80, 0x07, 0x01, 0xC0, 0x00, 0xE0, 0xFE, 0x01, 0xFC,
    0x7F, 0x80, 0x7F, 0x80, 0x60, 0x18, 0x00, 0x18, 0x06, 0x00, 0x06, 0x01, 0x80, 0x01, 0x80, 0x60,
    0x00, 0x7F, 0xF8, 0x00, 0x1F, 0xFE, 0x00, 0x00, 0x00, 0x00, 0x00, 0x00, 0x00, 0x00, 0x7F, 0xF8,
    0x00, 0x1F, 0xFE, 0x00, 0x06, 0x01, 0x80, 0x01, 0x80, 0x60, 0x00, 0x60, 0x18, 0x00, 0x1F, 0xFE,
    0x00, 0x07, 0xFF, 0x80, 0x0E, 0x00, 0xFF, 0x03, 0xFE, 0x08, 0x7C, 0x00, 0x78, 0x00, 0xE0, 0x03,
    0x80, 0x07, 0x1F, 0xDC, 0xFF, 0xF7, 0x87, 0xDC, 0x0F, 0xE0, 0x1F, 0x80, 0x7E, 0x01, 0xF8, 0x07,
    0xE0, 0x1F, 0xC0, 0xE7, 0x03, 0x9E, 0x3C, 0x3F, 0xE0, 0x7F, 0x00, 0x00, 0x00, 0x00, 0x00, 0x00,
    0x7E, 0x18, 0x3F, 0xF6, 0x0F, 0xFF, 0x83, 0xC0, 0xF0, 0x70, 0x1F, 0x1C, 0x06, 0xE3, 0x81, 0x8E,
    0x70, 0x61, 0xCE, 0x18, 0x39, 0xC6, 0x07, 0x39, 0x81, 0xC3, 0xE0, 0x38, 0x7C, 0x1E, 0x07, 0xFF,
    0x81, 0xFF, 0xE0, 0x63, 0xF0, 0x08, 0x00, 0x00, 0x00, 0xF0, 0x00, 0x0F, 0x00, 0x01, 0xF0, 0x00,
    0x1F, 0x80, 0x01, 0xF8, 0x00, 0x39, 0xC0, 0x03, 0x9C, 0x00, 0x39, 0xC0, 0x07, 0x0E, 0x00, 0x70,
    0xE0, 0x06, 0x0E, 0x00, 0xE0, 0x70, 0x0E, 0x07, 0x01, 0xC0, 0x30, 0x1C, 0x03, 0x81, 0xC0, 0x38,
    0x38, 0x01, 0xC3, 0x80, 0x1C, 0x38, 0x01, 0xC7, 0xFF, 0xFE, 0x7F, 0xFF, 0xE0, 0x00, 0x00, 0xFF,
    0xFF, 0xFF, 0xFF, 0xE0, 0x07, 0xE0, 0x07, 0xE0, 0x07, 0xE0, 0x07, 0xE0, 0x07, 0xE0, 0x07, 0xE0,
    0x07, 0xE0, 0x07, 0xE0, 0x07, 0xE0, 0x07, 0xE0, 0x07, 0xE0, 0x07, 0xE0, 0x07, 0xE0, 0x07, 0xE0,
    0x07, 0xE0, 0x07, 0xE0, 0x07, 0xE0, 0x07, 0xE0, 0x07, 0xE0, 0x07, 0xE0, 0x07, 0xE0, 0x07, 0x00,
    0x00, 0x00, 0x00, 0x7F, 0xFF, 0x3F, 0xFF, 0x8E, 0x00, 0x07, 0x80, 0x01, 0xE0, 0x00, 0x78, 0x00,
    0x1C, 0x00, 0x07, 0x00, 0x01, 0xC0, 0x00, 0xF0, 0x00, 0x3C, 0x00, 0x0F, 0x00, 0x03, 0x80, 0x03,
    0xC0, 0x03, 0xC0, 0x03, 0xC0, 0x03, 0xC0, 0x01, 0xC0, 0x01, 0xC0, 0x01, 0xE0, 0x01, 0xE0, 0x01,
    0xE0, 0x01, 0xF0, 0x00, 0xFF, 0xFF, 0x7F, 0xFF, 0x80, 0x00, 0x07, 0xFF, 0xFF, 0xFE, 0x00, 0x00,
    0x00, 0x03, 0x80, 0x01, 0xC0, 0x01, 0xC0, 0x00, 0xE0, 0x00, 0x70, 0x00, 0x70, 0x00, 0x38, 0x00,
    0x1C, 0x00, 0x1C, 0x00, 0x0E, 0x1F, 0x0F, 0x0F, 0xC7, 0x00, 0xE3, 0x80, 0x73, 0x80, 0x1D, 0xC0,
    0x0E, 0xE0, 0x07, 0xE0, 0x01, 0xF0, 0x00, 0xF8, 0x00, 0x38, 0x00, 0x1C, 0x00, 0x00, 0x00, 0x00,
    0x07, 0xC0, 0x7E, 0x0F, 0xF8, 0x7F, 0x87, 0xFE, 0x7F, 0xE7, 0x07, 0xF8, 0x7B, 0x01, 0xF8, 0x1F,
    0x80, 0x78, 0x0F, 0xC0, 0x3C, 0x07, 0x60, 0x3F, 0x03, 0xB8, 0x3F, 0xC3, 0xCF, 0xFC, 0xFF, 0xC7,
    0xFC, 0x3F, 0xC0, 0xF8, 0x07, 0xC0, 0x00, 0x00, 0x3E, 0x07, 0xE0, 0x70, 0x0E, 0x00, 0xE0, 0x0E,
    0x00, 0xE0, 0x0E, 0x00, 0xE0, 0x0E, 0x00, 0xE0, 0x0E, 0x00, 0xE0, 0x0E, 0x00, 0xE0, 0x0E, 0x00,
    0xE0, 0x0E, 0x00, 0xE0, 0x0E, 0x00, 0xE0, 0x0E, 0x00, 0xE0, 0x0E, 0x00, 0xE0, 0x0E, 0x07, 0xC0,
    0x7C, 0x00, 0x00, 0x6F, 0xF6, 0x00, 0x00, 0x00, 0x06, 0xFF, 0x60, 0x00, 0x00, 0x7C, 0x1D, 0xFC,
    0x3F, 0x1E, 0xEE, 0x1F, 0xD8, 0x1F, 0x00, 0x00, 0x3F, 0x07, 0x7F, 0x0F, 0xC7, 0xBB, 0x87, 0xF6,
    0x07, 0xC0, 0x00, 0xE0, 0x06, 0x00, 0x71, 0xFF, 0xFF, 0xFF, 0x81, 0xC0, 0x0C, 0x00, 0xE0, 0x06,
    0x00, 0x70, 0x3F, 0xFF, 0xFF, 0xF1, 0xC0, 0x0C, 0x00, 0xE0, 0x00, 0x00, 0x00, 0x00, 0xC0, 0x3E,
    0x07, 0xF1, 0xFC, 0x7F, 0x03, 0xE0, 0x1F, 0xC0, 0x1F, 0xC0, 0x1F, 0xC0, 0x3E, 0x00, 0x30, 0x00,
    0x00, 0x03, 0xFF, 0xFF, 0xFF, 0x00, 0x06, 0x00, 0x3E, 0x01, 0xFC, 0x01, 0xFC, 0x01, 0xFC, 0x03,
    0xE0, 0x7F, 0x1F, 0xC7, 0xF0, 0x3E, 0x01, 0x80, 0x00, 0x00, 0x00, 0x03, 0xFF, 0xFF, 0xFF, 0x00,
    0x00, 0x00, 0x00, 0x00, 0x00, 0x03, 0xFF, 0xC0, 0x00, 0x00, 0x1F, 0xFF, 0xF8, 0x00, 0x00, 0x3F,
    0x00, 0xFC, 0x00, 0x00, 0xF8, 0x00, 0x1F, 0x00, 0x01, 0xE0, 0x00, 0x07, 0x80, 0x03, 0xC0, 0x00,
    0x03, 0xC0, 0x07, 0x00, 0x00, 0x00, 0xE0, 0x0E, 0x00, 0x00, 0x00, 0x70, 0x1E, 0x00, 0x00, 0x00,
    0x78, 0x1C, 0x00, 0x00, 0x00, 0x38, 0x38, 0x00, 0x38, 0x00, 0x1C, 0x38, 0x00, 0x38, 0x00, 0x1C,
    0x70, 0x00, 0x38, 0x00, 0x0E, 0x70, 0x00, 0x38, 0x00, 0x0E, 0x60, 0x00, 0x38, 0x00, 0x06, 0xE0,
    0x00, 0x38, 0x00, 0x07, 0xE0, 0x00, 0x38, 0x00, 0x07, 0xE0, 0x00, 0x38, 0x00, 0x07, 0xE0, 0x3F,
    0xFF, 0xFC, 0x07, 0xE0, 0x3F, 0xFF, 0xFC, 0x07, 0xE0, 0x00, 0x38, 0x00, 0x07, 0xE0, 0x00, 0x38,
    0x00, 0x07, 0xE0, 0x00, 0x38, 0x00, 0x07, 0xE0, 0x00, 0x38, 0x00, 0x07, 0x60, 0x00, 0x38, 0x00,
    0x06, 0x70, 0x00, 0x38, 0x00, 0x0E, 0x70, 0x00, 0x38, 0x00, 0x0E, 0x38, 0x00, 0x38, 0x00, 0x1C,
    0x38, 0x00, 0x38, 0x00, 0x1C, 0x1C, 0x00, 0x00, 0x00, 0x38, 0x1E, 0x00, 0x00, 0x00, 0x78, 0x0F,
    0x00, 0x00, 0x00, 0xF0, 0x07, 0x80, 0x00, 0x01, 0xE0, 0x03, 0xC0, 0x00, 0x03, 0xC0, 0x01, 0xF0,
    0x00, 0x0F, 0x80, 0x00, 0xFC, 0x00, 0x3F, 0x00, 0x00, 0x3F, 0xC3, 0xFC, 0x00, 0x00, 0x0F, 0xFF,
    0xF0, 0x00, 0x00, 0x01, 0xFF, 0x80, 0x00, 0x00, 0x00, 0x00, 0x00, 0x00, 0x00, 0x03, 0xFF, 0xC0,
    0x00, 0x00, 0x1F, 0xFF, 0xF8, 0x00, 0x00, 0x3F, 0x00, 0xFC, 0x00, 0x00, 0xF8, 0x00, 0x1F, 0x00,
    0x01, 0xE0, 0x00, 0x07, 0x80, 0x03, 0xC0, 0x00, 0x03, 0xC0, 0x07, 0x00, 0x00, 0x00, 0xE0, 0x0E,
    0x00, 0x00, 0x00, 0x70, 0x1E, 0x00, 0x00, 0x00, 0x78, 0x1C, 0x00, 0x00, 0x00, 0x38, 0x38, 0x00,
    0x00, 0x00, 0x1C, 0x38, 0x00, 0x00, 0x00, 0x1C, 0x70, 0x00, 0x00, 0x00, 0x0E, 0x70, 0x00, 0x00,
    0x00, 0x0E, 0x60, 0x00, 0x00, 0x00, 0x06, 0xE0, 0x00, 0x00, 0x00, 0x07, 0xE0, 0x00, 0x00, 0x00,
    0x07, 0xE0, 0x00, 0x00, 0x00, 0x07, 0xE0, 0x07, 0xFF, 0xC0, 0x07, 0xE0, 0x07, 0xFF, 0xC0, 0x07,
    0xE0, 0x00, 0x00, 0x00, 0x07, 0xE0, 0x00, 0x00, 0x00, 0x07, 0xE0, 0x00, 0x00, 0x00, 0x07, 0xE0,
    0x00, 0x00, 0x00, 0x07, 0x60, 0x00, 0x00, 0x00, 0x06, 0x70, 0x00, 0x00, 0x00, 0x0E, 0x70, 0x00,
    0x00, 0x00, 0x0E, 0x38, 0x00, 0x00, 0x00, 0x1C, 0x38, 0x00, 0x00, 0x00, 0x1C, 0x1C, 0x00, 0x00,
    0x00, 0x38, 0x1E, 0x00, 0x00, 0x00, 0x78, 0x0F, 0x00, 0x00, 0x00, 0xF0, 0x07, 0x80, 0x00, 0x01,
    0xE0, 0x03, 0xC0, 0x00, 0x03, 0xC0, 0x01, 0xF0, 0x00, 0x0F, 0x80, 0x00, 0xFC, 0x00, 0x3F, 0x00,
    0x00, 0x3F, 0xC3, 0xFC, 0x00, 0x00, 0x0F, 0xFF, 0xF0, 0x00, 0x00, 0x01, 0xFF, 0x80, 0x00, 0x00,
    0x00, 0x00, 0x00, 0x00, 0x00, 0x03, 0xFF, 0xC0, 0x00, 0x00, 0x1F, 0xFF, 0xF8, 0x00, 0x00, 0x3F,
    0x00, 0xFC, 0x00, 0x00, 0xF8, 0x00, 0x1F, 0x00, 0x01, 0xE0, 0x00, 0x07, 0x80, 0x03, 0xC0, 0x00,
    0x03, 0xC0, 0x07, 0x00, 0x00, 0x00, 0xE0, 0x0E, 0x00, 0x00, 0x00, 0x70, 0x1E, 0x00, 0x00, 0x00,
    0x78, 0x1C, 0x00, 0x00, 0x00, 0x38, 0x38, 0x00, 0x00, 0x00, 0x1C, 0x38, 0x00, 0x00, 0x00, 0x1C,
    0x70, 0x00, 0x00, 0x00, 0x0E, 0x70, 0x03, 0x00, 0xC0, 0x0E, 0x60, 0x03, 0x81, 0xC0, 0x06, 0xE0,
    0x03, 0xC3, 0xC0, 0x07, 0xE0, 0x01, 0xE7, 0x80, 0x07, 0xE0, 0x00, 0xFF, 0x00, 0x07, 0xE0, 0x00,
    0x7E, 0x00, 0x07, 0xE0, 0x00, 0x3C, 0x00, 0x07, 0xE0, 0x00, 0x7E, 0x00, 0x07, 0xE0, 0x00, 0xFF,
    0x00, 0x07, 0xE0, 0x01, 0xE7, 0x80, 0x07, 0xE0, 0x03, 0xC3, 0xC0, 0x07, 0x60, 0x03, 0x81, 0xC0,
    0x06, 0x70, 0x03, 0x00, 0xC0, 0x0E, 0x70, 0x00, 0x00, 0x00, 0x0E, 0x38, 0x00, 0x00, 0x00, 0x1C,
    0x38, 0x00, 0x00, 0x00, 0x1C, 0x1C, 0x00, 0x00, 0x00, 0x38, 0x1E, 0x00, 0x00, 0x00, 0x78, 0x0F,
    0x00, 0x00, 0x00, 0xF0, 0x07, 0x80, 0x00, 0x01, 0xE0, 0x03, 0xC0, 0x00, 0x03, 0xC0, 0x01, 0xF0,
    0x00, 0x0F, 0x80, 0x00, 0xFC, 0x00, 0x3F, 0x00, 0x00, 0x3F, 0xC3, 0xFC, 0x00, 0x00, 0x0F, 0xFF,
    0xF0, 0x00, 0x00, 0x01, 0xFF, 0x80, 0x00, 0x00, 0x00, 0x00, 0x00, 0x00, 0x00, 0x03, 0xFF, 0xC0,
    0x00, 0x00, 0x1F, 0xFF, 0xF8, 0x00, 0x00, 0x3F, 0x00, 0xFC, 0x00, 0x00, 0xF8, 0x00, 0x1F, 0x00,
    0x01, 0xE0, 0x00, 0x07, 0x80, 0x03, 0xC0, 0x00, 0x03, 0xC0, 0x07, 0x00, 0x00, 0x00, 0xE0, 0x0E,
    0x00, 0x00, 0x00, 0x70, 0x1E, 0x00, 0x00, 0x00, 0x78, 0x1C, 0x00, 0x00, 0x00, 0x38, 0x38, 0x00,
    0x00, 0x00, 0x1C, 0x38, 0x00, 0x00, 0x60, 0x1C, 0x70, 0x00, 0x00, 0xE0, 0x0E, 0x70, 0x00, 0x01,
    0xE0, 0x0E, 0x60, 0x00, 0x03, 0xC0, 0x06, 0xE0, 0x00, 0x03, 0x80, 0x07, 0xE0, 0x00, 0x07, 0x00,
    0x07, 0xE0, 0x00, 0x0E, 0x00, 0x07, 0xE0, 0x00, 0x1C, 0x00, 0x07, 0xE0, 0x00, 0x3C, 0x00, 0x07,
    0xE0, 0x00, 0x78, 0x00, 0x07, 0xE0, 0x00, 0x70, 0x00, 0x07, 0xE0, 0x00, 0xE0, 0x00, 0x07, 0xE0,
    0x01, 0xC0, 0x00, 0x07, 0x60, 0x03, 0x80, 0x00, 0x06, 0x70, 0x07, 0x80, 0x00, 0x0E, 0x70, 0x07,
    0x00, 0x00, 0x0E, 0x38, 0x02, 0x00, 0x00, 0x1C, 0x38, 0x00, 0x00, 0x00, 0x1C, 0x1C, 0x00, 0x00,
    0x00, 0x38, 0x1E, 0x00, 0x00, 0x00, 0x78, 0x0F, 0x00, 0x00, 0x00, 0xF0, 0x07, 0x80, 0x00, 0x01,
    0xE0, 0x03, 0xC0, 0x00, 0x03, 0xC0, 0x01, 0xF0, 0x00, 0x0F, 0x80, 0x00, 0xFC, 0x00, 0x3F, 0x00,
    0x00, 0x3F, 0xC3, 0xFC, 0x00, 0x00, 0x0F, 0xFF, 0xF0, 0x00, 0x00, 0x01, 0xFF, 0x80, 0x00,
};

static const EpdGlyphPacked inter_ui_14_regularGlyphs[] = {
    { 0, 0, 273, 0, 0, 0 }, // U+0000
    { 0, 0, 131, 0, 0, 0 }, // U+0020
    { 4, 21, 134, 2, 21, 0 }, // !
    { 8, 8, 217, 3, 21, 11 }, // "
    { 18, 21, 296, 0, 21, 19 }, // #
    { 16, 28, 299, 1, 25, 67 }, // $
    { 22, 21, 458, 3, 21, 123 }, // %
    { 17, 21, 301, 1, 21, 181 }, // &
    { 3, 8, 140, 3, 21, 226 }, // '
    { 7, 27, 170, 3, 23, 229 }, // (
    { 7, 27, 170, 1, 23, 253 }, // )
    { 12, 12, 234, 1, 21, 277 }, // *
    { 14, 14, 309, 2, 15, 295 }, // +
    { 6, 8, 134, 1, 3, 320 }, // ,
    { 9, 3, 215, 2, 11, 326 }, // -
    { 4, 4, 134, 2, 4, 330 }, // .
    { 10, 25, 168, 0, 22, 332 }, // /
    { 15, 21, 294, 2, 21, 364 }, // 0
    { 9, 21, 190, 1, 21, 404 }, // 1
    { 14, 21, 285, 2, 21, 428 }, // 2
    { 15, 21, 288, 1, 21, 465 }, // 3
    { 16, 21, 302, 2, 21, 505 }, // 4
    { 14, 21, 277, 2, 21, 547 }, // 5
    { 15, 21, 289, 2, 21, 584 }, // 6
    { 14, 21, 264, 1, 21, 624 }, // 7
    { 15, 21, 289, 2, 21, 661 }, // 8
    { 15, 21, 289, 2, 21, 701 }, // 9
    { 4, 15, 134, 2, 15, 741 }, // :
    { 5, 20, 141, 2, 15, 749 }, // ;
    { 14, 16, 309, 2, 16, 762 }, // <
    { 13, 9, 309, 3, 13, 790 }, // =
    { 14, 16, 309, 3, 16, 805 }, // >
    { 13, 21, 239, 1, 21, 833 }, // ?
    { 25, 26, 451, 2, 20, 868 }, // @
    { 19, 21, 322, 1, 21, 950 }, // A
    { 15, 21, 305, 3, 21, 1000 }, // B
    { 18, 21, 341, 2, 21, 1040 }, // C
    { 17, 21, 337, 3, 21, 1088 }, // D
    { 13, 21, 281, 3, 21, 1133 }, // E
    { 13, 21, 276, 3, 21, 1168 }, // F
    { 18, 21, 348, 2, 21, 1203 }, // G
    { 17, 21, 347, 3, 21, 1251 }, // H
    { 3, 21, 125, 3, 21, 1296 }, // I
    { 13, 21, 266, 1, 21, 1304 }, // J
    { 17, 21, 314, 3, 21, 1339 }, // K
    { 13, 21, 264, 3, 21, 1384 }, // L
    { 21, 21, 422, 3, 21, 1419 }, // M
    { 17, 21, 352, 3, 21, 1475 }, // N
    { 19, 21, 357, 2, 21, 1520 }, // O
    { 15, 21, 298, 3, 21, 1570 }, // P
    { 19, 23, 357, 2, 21, 1610 }, // Q
    { 16, 21, 300, 3, 21, 1665 }, // R
    { 16, 21, 299, 1, 21, 1707 }, // S
    { 16, 21, 301, 1, 21, 1749 }, // T
    { 17, 21, 347, 3, 21, 1791 }, // U
    { 20, 21, 322, 0, 21, 1836 }, // V
    { 28, 21, 460, 0, 21, 1889 }, // W
    { 20, 21, 318, 0, 21, 1963 }, // X
    { 19, 21, 317, 1, 21, 2016 }, // Y
    { 15, 21, 294, 2, 21, 2066 }, // Z
    { 6, 27, 170, 3, 23, 2106 }, // [
    { 10, 25, 168, 0, 22, 2127 }, // <backslash>
    { 6, 27, 170, 2, 23, 2159 }, // ]
    { 13, 10, 220, 0, 21, 2180 }, // ^
    { 13, 3, 213, 0, 1, 2197 }, // _
    { 5, 4, 151, 2, 22, 2202 }, // `
    { 13, 16, 262, 1, 16, 2205 }, // a
    { 14, 21, 286, 2, 21, 2231 }, // b
    { 14, 16, 267, 1, 16, 2268 }, // c
    { 14, 21, 286, 1, 21, 2296 }, // d
    { 14, 16, 272, 1, 16, 2333 }, // e
    { 10, 22, 173, 1, 22, 2361 }, // f
    { 14, 22, 286, 1, 16, 2389 }, // g
    { 13, 21, 276, 2, 21, 2428 }, // h
    { 4, 22, 113, 2, 22, 2463 }, // i
    { 6, 28, 113, 0, 22, 2474 }, // j
    { 14, 21, 256, 2, 21, 2495 }, // k
    { 3, 21, 113, 2, 21, 2532 }, // l
    { 22, 16, 409, 2, 16, 2540 }, // m
    { 13, 16, 276, 2, 16, 2584 }, // n
    { 15, 16, 280, 1, 16, 2610 }, // o
    { 14, 22, 286, 2, 16, 2640 }, // p
    { 14, 22, 286, 1, 16, 2679 }, // q
    { 9, 16, 176, 2, 16, 2718 }, // r
    { 13, 16, 246, 1, 16, 2736 }, // s
    { 10, 20, 153, 0, 20, 2762 }, // t
    { 13, 16, 276, 2, 16, 2787 }, // u
    { 16, 16, 262, 0, 16, 2813 }, // v
    { 22, 16, 382, 1, 16, 2845 }, // w
    { 15, 16, 255, 0, 16, 2889 }, // x
    { 16, 22, 262, 0, 16, 2919 }, // y
    { 13, 16, 258, 2, 16, 2963 }, // z
    { 9, 27, 199, 2, 23, 2989 }, // {
    { 3, 35, 155, 4, 28, 3020 }, // |
    { 9, 27, 199, 2, 23, 3034 }, // }
    { 15, 6, 309, 2, 12, 3065 }, // ~
    { 0, 0, 131, 0, 0, 3077 }, // U+00A0
    { 4, 21, 134, 2, 16, 3077 }, // U+00A1
    { 14, 21, 267, 1, 21, 3088 }, // U+00A2
    { 15, 21, 285, 2, 21, 3125 }, // U+00A3
    { 19, 19, 338, 1, 19, 3165 }, // U+00A4
    { 17, 21, 257, 0, 21, 3211 }, // U+00A5
    { 3, 26, 126, 3, 21, 3256 }, // U+00A6
    { 13, 26, 265, 2, 21, 3266 }, // U+00A7
    { 9, 3, 276, 4, 21, 3309 }, // U+00A8
    { 22, 22, 427, 2, 22, 3313 }, // U+00A9
    { 11, 12, 212, 1, 22, 3374 }, // U+00AA
    { 15, 13, 272, 1, 16, 3391 }, // U+00AB
    { 13, 7, 309, 3, 11, 3416 }, // U+00AC
    { 17, 17, 311, 1, 22, 3428 }, // U+00AE
    { 8, 3, 223, 3, 22, 3465 }, // U+00AF
    { 10, 10, 213, 2, 22, 3468 }, // U+00B0
    { 13, 15, 309, 3, 16, 3481 }, // U+00B1
    { 10, 12, 206, 2, 25, 3506 }, // U+00B2
    { 11, 12, 208, 1, 25, 3521 }, // U+00B3
    { 6, 4, 151, 2, 22, 3538 }, // U+00B4
    { 15, 22, 273, 2, 16, 3541 }, // U+00B5
    { 14, 21, 281, 2, 21, 3583 }, // U+00B6
    { 4, 4, 134, 2, 12, 3620 }, // U+00B7
    { 6, 7, 125, 1, 0, 3622 }, // U+00B8
    { 6, 12, 142, 1, 25, 3628 }, // U+00B9
    { 12, 12, 225, 1, 22, 3637 }, // U+00BA
    { 15, 13, 272, 1, 16, 3655 }, // U+00BB
    { 21, 21, 374, 1, 21, 3680 }, // U+00BC
    { 23, 21, 395, 1, 21, 3736 }, // U+00BD
    { 23, 21, 412, 1, 21, 3797 }, // U+00BE
    { 12, 22, 239, 1, 16, 3858 }, // U+00BF
    { 19, 27, 322, 1, 27, 3891 }, // U+00C0
    { 19, 28, 322, 1, 28, 3956 }, // U+00C1
    { 19, 28, 322, 1, 28, 4023 }, // U+00C2
    { 19, 27, 322, 1, 27, 4090 }, // U+00C3
    { 19, 27, 322, 1, 27, 4155 }, // U+00C4
    { 19, 29, 322, 1, 29, 4220 }, // U+00C5
    { 27, 21, 464, 0, 21, 4289 }, // U+00C6
    { 19, 27, 341, 2, 21, 4360 }, // U+00C7
    { 13, 27, 281, 3, 27, 4425 }, // U+00C8
    { 13, 28, 281, 3, 28, 4469 }, // U+00C9
    { 13, 28, 281, 3, 28, 4515 }, // U+00CA
    { 13, 27, 281, 3, 27, 4561 }, // U+00CB
    { 6, 27, 125, 0, 27, 4605 }, // U+00CC
    { 5, 28, 125, 3, 28, 4626 }, // U+00CD
    { 10, 28, 125, -1, 28, 4644 }, // U+00CE
    { 9, 27, 125, -1, 27, 4679 }, // U+00CF
    { 20, 21, 343, 0, 21, 4710 }, // U+00D0
    { 17, 27, 352, 3, 27, 4763 }, // U+00D1
    { 19, 27, 357, 2, 27, 4821 }, // U+00D2
    { 19, 28, 357, 2, 28, 4886 }, // U+00D3
    { 19, 28, 357, 2, 28, 4953 }, // U+00D4
    { 19, 28, 357, 2, 28, 5020 }, // U+00D5
    { 19, 27, 357, 2, 27, 5087 }, // U+00D6
    { 15, 14, 309, 2, 15, 5152 }, // U+00D7
    { 19, 23, 357, 2, 22, 5179 }, // U+00D8
    { 17, 28, 347, 3, 28, 5234 }, // U+00D9
    { 17, 28, 347, 3, 28, 5294 }, // U+00DA
    { 17, 28, 347, 3, 28, 5354 }, // U+00DB
    { 17, 27, 347, 3, 27, 5414 }, // U+00DC
    { 19, 28, 317, 1, 28, 5472 }, // U+00DD
    { 14, 21, 297, 2, 21, 5539 }, // U+00DE
    { 14, 21, 288, 3, 21, 5576 }, // U+00DF
    { 13, 22, 262, 1, 22, 5613 }, // U+00E0
    { 13, 23, 262, 1, 23, 5649 }, // U+00E1
    { 13, 23, 262, 1, 23, 5687 }, // U+00E2
    { 13, 22, 262, 1, 22, 5725 }, // U+00E3
    { 13, 22, 262, 1, 22, 5761 }, // U+00E4
    { 13, 24, 262, 1, 24, 5797 }, // U+00E5
    { 24, 16, 428, 1, 16, 5836 }, // U+00E6
    { 14, 22, 267, 1, 16, 5884 }, // U+00E7
    { 14, 22, 272, 1, 22, 5923 }, // U+00E8
    { 14, 23, 272, 1, 23, 5962 }, // U+00E9
    { 14, 23, 272, 1, 23, 6003 }, // U+00EA
    { 14, 22, 272, 1, 22, 6044 }, // U+00EB
    { 6, 22, 113, -1, 22, 6083 }, // U+00EC
    { 6, 22, 113, 2, 22, 6100 }, // U+00ED
    { 10, 22, 113, -2, 22, 6117 }, // U+00EE
    { 9, 22, 113, -1, 22, 6145 }, // U+00EF
    { 14, 23, 272, 1, 23, 6170 }, // U+00F0
    { 13, 22, 276, 2, 22, 6211 }, // U+00F1
    { 15, 22, 280, 1, 22, 6247 }, // U+00F2
    { 15, 23, 280, 1, 23, 6289 }, // U+00F3
    { 15, 23, 280, 1, 23, 6333 }, // U+00F4
    { 15, 22, 280, 1, 22, 6377 }, // U+00F5
    { 15, 22, 280, 1, 22, 6419 }, // U+00F6
    { 13, 15, 309, 3, 16, 6461 }, // U+00F7
    { 16, 18, 280, 0, 17, 6486 }, // U+00F8
    { 13, 22, 276, 2, 22, 6522 }, // U+00F9
    { 13, 22, 276, 2, 22, 6558 }, // U+00FA
    { 13, 22, 276, 2, 22, 6594 }, // U+00FB
    { 13, 22, 276, 2, 22, 6630 }, // U+00FC
    { 16, 28, 262, 0, 22, 6666 }, // U+00FD
    { 14, 27, 286, 2, 21, 6722 }, // U+00FE
    { 15, 28, 262, 1, 22, 6770 }, // U+00FF
    { 19, 27, 322, 1, 27, 6823 }, // U+0100
    { 13, 21, 262, 1, 21, 6888 }, // U+0101
    { 19, 28, 322, 1, 28, 6923 }, // U+0102
    { 13, 22, 262, 1, 22, 6990 }, // U+0103
    { 20, 27, 322, 1, 21, 7026 }, // U+0104
    { 14, 22, 262, 1, 16, 7094 }, // U+0105
    { 18, 28, 341, 2, 28, 7133 }, // U+0106
    { 14, 23, 267, 1, 23, 7196 }, // U+0107
    { 18, 28, 341, 2, 28, 7237 }, // U+0108
    { 14, 23, 267, 1, 23, 7300 }, // U+0109
    { 18, 27, 341, 2, 27, 7341 }, // U+010A
    { 14, 22, 267, 1, 22, 7402 }, // U+010B
    { 18, 28, 341, 2, 28, 7441 }, // U+010C
    { 14, 23, 267, 1, 23, 7504 }, // U+010D
    { 17, 28, 337, 3, 28, 7545 }, // U+010E
    { 19, 22, 331, 1, 22, 7605 }, // U+010F
    { 20, 21, 343, 0, 21, 7658 }, // U+0110
    { 16, 21, 286, 1, 21, 7711 }, // U+0111
    { 13, 27, 281, 3, 27, 7753 }, // U+0112
    { 14, 21, 272, 1, 21, 7797 }, // U+0113
    { 13, 28, 281, 3, 28, 7834 }, // U+0114
    { 14, 23, 272, 1, 23, 7880 }, // U+0115
    { 13, 27, 281, 3, 27, 7921 }, // U+0116
    { 14, 22, 272, 1, 22, 7965 }, // U+0117
    { 15, 27, 281, 3, 21, 8004 }, // U+0118
    { 14, 22, 272, 1, 16, 8055 }, // U+0119
    { 13, 28, 281, 3, 28, 8094 }, // U+011A
    { 14, 23, 272, 1, 23, 8140 }, // U+011B
    { 18, 28, 348, 2, 28, 8181 }, // U+011C
    { 14, 29, 286, 1, 23, 8244 }, // U+011D
    { 18, 28, 348, 2, 28, 8295 }, // U+011E
    { 14, 29, 286, 1, 23, 8358 }, // U+011F
    { 18, 27, 348, 2, 27, 8409 }, // U+0120
    { 14, 28, 286, 1, 22, 8470 }, // U+0121
    { 18, 28, 348, 2, 21, 8519 }, // U+0122
    { 14, 30, 286, 1, 24, 8582 }, // U+0123
    { 17, 28, 347, 3, 28, 8635 }, // U+0124
    { 17, 28, 276, -2, 28, 8695 }, // U+0125
    { 20, 21, 362, 1, 21, 8755 }, // U+0126
    { 15, 21, 276, 1, 21, 8808 }, // U+0127
    { 9, 27, 125, 0, 27, 8848 }, // U+0128
    { 9, 22, 113, 0, 22, 8879 }, // U+0129
    { 8, 27, 125, 0, 27, 8904 }, // U+012A
    { 8, 21, 113, 0, 21, 8931 }, // U+012B
    { 8, 28, 125, 0, 28, 8952 }, // U+012C
    { 8, 22, 113, 0, 22, 8980 }, // U+012D
    { 6, 27, 125, 1, 21, 9002 }, // U+012E
    { 7, 28, 113, 0, 22, 9023 }, // U+012F
    { 4, 27, 125, 2, 27, 9048 }, // U+0130
    { 3, 16, 113, 2, 16, 9062 }, // U+0131
    { 19, 21, 392, 3, 21, 9068 }, // U+0132
    { 11, 28, 226, 2, 22, 9118 }, // U+0133
    { 16, 28, 266, 1, 28, 9157 }, // U+0134
    { 10, 28, 113, -2, 22, 9213 }, // U+0135
    { 17, 28, 314, 3, 21, 9248 }, // U+0136
    { 14, 28, 256, 2, 21, 9308 }, // U+0137
    { 13, 16, 245, 2, 16, 9357 }, // U+0138
    { 13, 28, 264, 3, 28, 9383 }, // U+0139
    { 6, 28, 113, 2, 28, 9429 }, // U+013A
    { 13, 28, 264, 3, 21, 9450 }, // U+013B
    { 5, 28, 113, 0, 21, 9496 }, // U+013C
    { 13, 22, 264, 3, 22, 9514 }, // U+013D
    { 8, 22, 159, 2, 22, 9550 }, // U+013E
    { 13, 21, 263, 3, 21, 9572 }, // U+013F
    { 8, 21, 168, 2, 21, 9607 }, // U+0140
    { 16, 21, 278, 0, 21, 9628 }, // U+0141
    { 8, 21, 113, -1, 21, 9670 }, // U+0142
    { 17, 28, 352, 3, 28, 9691 }, // U+0143
    { 13, 22, 276, 2, 22, 9751 }, // U+0144
    { 17, 28, 352, 3, 21, 9787 }, // U+0145
    { 13, 23, 276, 2, 16, 9847 }, // U+0146
    { 17, 28, 352, 3, 28, 9885 }, // U+0147
    { 13, 22, 276, 2, 22, 9945 }, // U+0148
    { 17, 27, 352, 3, 21, 9981 }, // U+014A
    { 13, 22, 276, 2, 16, 10039 }, // U+014B
    { 19, 27, 357, 2, 27, 10075 }, // U+014C
    { 15, 21, 280, 1, 21, 10140 }, // U+014D
    { 19, 28, 357, 2, 28, 10180 }, // U+014E
    { 15, 23, 280, 1, 23, 10247 }, // U+014F
    { 19, 27, 357, 2, 27, 10291 }, // U+0150
    { 15, 22, 280, 1, 22, 10356 }, // U+0151
    { 26, 21, 469, 2, 21, 10398 }, // U+0152
    { 26, 16, 467, 1, 16, 10467 }, // U+0153
    { 16, 28, 300, 3, 28, 10519 }, // U+0154
    { 9, 22, 176, 2, 22, 10575 }, // U+0155
    { 16, 28, 300, 3, 21, 10600 }, // U+0156
    { 11, 23, 176, 0, 16, 10656 }, // U+0157
    { 16, 28, 300, 3, 28, 10688 }, // U+0158
    { 10, 22, 176, 1, 22, 10744 }, // U+0159
    { 16, 28, 299, 1, 28, 10772 }, // U+015A
    { 13, 23, 246, 1, 23, 10828 }, // U+015B
    { 16, 28, 299, 1, 28, 10866 }, // U+015C
    { 13, 23, 246, 1, 23, 10922 }, // U+015D
    { 16, 27, 299, 1, 21, 10960 }, // U+015E
    { 13, 22, 246, 1, 16, 11014 }, // U+015F
    { 16, 28, 299, 1, 28, 11050 }, // U+0160
    { 13, 23, 246, 1, 23, 11106 }, // U+0161
    { 16, 27, 301, 1, 21, 11144 }, // U+0162
    { 10, 26, 153, 0, 20, 11198 }, // U+0163
    { 16, 28, 301, 1, 28, 11231 }, // U+0164
    { 10, 23, 175, 0, 23, 11287 }, // U+0165
    { 16, 21, 301, 1, 21, 11316 }, // U+0166
    { 10, 20, 153, 0, 20, 11358 }, // U+0167
    { 17, 28, 347, 3, 28, 11383 }, // U+0168
    { 13, 22, 276, 2, 22, 11443 }, // U+0169
    { 17, 27, 347, 3, 27, 11479 }, // U+016A
    { 13, 21, 276, 2, 21, 11537 }, // U+016B
    { 17, 28, 347, 3, 28, 11572 }, // U+016C
    { 13, 22, 276, 2, 22, 11632 }, // U+016D
    { 17, 30, 347, 3, 30, 11668 }, // U+016E
    { 13, 25, 276, 2, 25, 11732 }, // U+016F
    { 17, 28, 347, 3, 28, 11773 }, // U+0170
    { 13, 22, 276, 2, 22, 11833 }, // U+0171
    { 17, 27, 347, 3, 21, 11869 }, // U+0172
    { 14, 22, 276, 2, 16, 11927 }, // U+0173
    { 28, 28, 460, 0, 28, 11966 }, // U+0174
    { 22, 22, 382, 1, 22, 12064 }, // U+0175
    { 19, 27, 317, 1, 27, 12125 }, // U+0176
    { 16, 28, 262, 0, 22, 12190 }, // U+0177
    { 19, 27, 317, 0, 27, 12246 }, // U+0178
    { 15, 28, 294, 2, 28, 12311 }, // U+0179
    { 13, 22, 258, 2, 22, 12364 }, // U+017A
    { 15, 27, 294, 2, 27, 12400 }, // U+017B
    { 13, 22, 258, 2, 22, 12451 }, // U+017C
    { 15, 28, 294, 2, 28, 12487 }, // U+017D
    { 13, 22, 258, 2, 22, 12540 }, // U+017E
    { 7, 22, 147, 2, 22, 12576 }, // U+017F
    { 19, 25, 356, 2, 25, 12596 }, // U+01A0
    { 15, 20, 279, 1, 20, 12656 }, // U+01A1
    { 19, 25, 346, 3, 25, 12694 }, // U+01AF
    { 16, 20, 289, 2, 20, 12754 }, // U+01B0
    { 33, 22, 595, 3, 22, 12794 }, // U+01C5
    { 31, 23, 544, 1, 23, 12885 }, // U+01C6
    { 28, 21, 530, 3, 21, 12975 }, // U+01C7
    { 19, 28, 377, 3, 22, 13049 }, // U+01C8
    { 10, 28, 226, 2, 22, 13116 }, // U+01C9
    { 34, 21, 618, 3, 21, 13151 }, // U+01CA
    { 25, 28, 465, 3, 22, 13241 }, // U+01CB
    { 21, 28, 389, 2, 22, 13329 }, // U+01CC
    { 19, 28, 322, 1, 28, 13403 }, // U+01CD
    { 13, 22, 262, 1, 22, 13470 }, // U+01CE
    { 10, 28, 125, -1, 28, 13506 }, // U+01CF
    { 10, 22, 113, -2, 22, 13541 }, // U+01D0
    { 19, 28, 357, 2, 28, 13569 }, // U+01D1
    { 15, 23, 280, 1, 23, 13636 }, // U+01D2
    { 17, 28, 347, 3, 28, 13680 }, // U+01D3
    { 13, 22, 276, 2, 22, 13740 }, // U+01D4
    { 17, 31, 347, 3, 31, 13776 }, // U+01D5
    { 13, 25, 276, 2, 25, 13842 }, // U+01D6
    { 17, 33, 347, 3, 33, 13883 }, // U+01D7
    { 13, 27, 276, 2, 27, 13954 }, // U+01D8
    { 17, 33, 347, 3, 33, 13998 }, // U+01D9
    { 13, 27, 276, 2, 27, 14069 }, // U+01DA
    { 17, 32, 347, 3, 32, 14113 }, // U+01DB
    { 13, 27, 276, 2, 27, 14181 }, // U+01DC
    { 14, 16, 272, 1, 16, 14225 }, // U+01DD
    { 19, 32, 322, 1, 32, 14253 }, // U+01DE
    { 13, 26, 262, 1, 26, 14329 }, // U+01DF
    { 19, 32, 322, 1, 32, 14372 }, // U+01E0
    { 13, 26, 262, 1, 26, 14448 }, // U+01E1
    { 27, 27, 464, 0, 27, 14491 }, // U+01E2
    { 24, 21, 428, 1, 21, 14583 }, // U+01E3
    { 20, 21, 348, 2, 21, 14646 }, // U+01E4
    { 18, 22, 314, 1, 16, 14699 }, // U+01E5
    { 18, 28, 348, 2, 28, 14749 }, // U+01E6
    { 14, 29, 286, 1, 23, 14812 }, // U+01E7
    { 17, 28, 314, 3, 28, 14863 }, // U+01E8
    { 18, 27, 256, -2, 27, 14923 }, // U+01E9
    { 19, 27, 357, 2, 21, 14984 }, // U+01EA
    { 15, 22, 280, 1, 16, 15049 }, // U+01EB
    { 19, 33, 357, 2, 27, 15091 }, // U+01EC
    { 15, 27, 280, 1, 21, 15170 }, // U+01ED
    { 17, 34, 320, 1, 28, 15221 }, // U+01EE
    { 16, 28, 289, 1, 22, 15294 }, // U+01EF
    { 10, 28, 113, -2, 22, 15350 }, // U+01F0
    { 35, 21, 630, 3, 21, 15385 }, // U+01F1
    { 33, 21, 595, 3, 21, 15477 }, // U+01F2
    { 31, 21, 544, 1, 21, 15564 }, // U+01F3
    { 18, 28, 348, 2, 28, 15646 }, // U+01F4
    { 14, 29, 286, 1, 23, 15709 }, // U+01F5
    { 28, 21, 522, 3, 21, 15760 }, // U+01F6
    { 15, 27, 297, 2, 21, 15834 }, // U+01F7
    { 17, 27, 352, 3, 27, 15885 }, // U+01F8
    { 13, 22, 276, 2, 22, 15943 }, // U+01F9
    { 19, 32, 322, 1, 32, 15979 }, // U+01FA
    { 13, 28, 262, 1, 28, 16055 }, // U+01FB
    { 27, 28, 464, 0, 28, 16101 }, // U+01FC
    { 24, 23, 428, 1, 23, 16196 }, // U+01FD
    { 19, 29, 357, 2, 28, 16265 }, // U+01FE
    { 16, 24, 280, 0, 23, 16334 }, // U+01FF
    { 19, 27, 322, 1, 27, 16382 }, // U+0200
    { 13, 22, 262, 1, 22, 16447 }, // U+0201
    { 19, 28, 322, 1, 28, 16483 }, // U+0202
    { 13, 23, 262, 1, 23, 16550 }, // U+0203
    { 13, 27, 281, 3, 27, 16588 }, // U+0204
    { 14, 22, 272, 1, 22, 16632 }, // U+0205
    { 13, 28, 281, 3, 28, 16671 }, // U+0206
    { 14, 23, 272, 1, 23, 16717 }, // U+0207
    { 11, 27, 125, -3, 27, 16758 }, // U+0208
    { 11, 22, 113, -4, 22, 16796 }, // U+0209
    { 9, 28, 125, 0, 28, 16827 }, // U+020A
    { 9, 23, 113, -1, 23, 16859 }, // U+020B
    { 19, 27, 357, 2, 27, 16885 }, // U+020C
    { 15, 22, 280, 1, 22, 16950 }, // U+020D
    { 19, 28, 357, 2, 28, 16992 }, // U+020E
    { 15, 23, 280, 1, 23, 17059 }, // U+020F
    { 16, 27, 300, 3, 27, 17103 }, // U+0210
    { 12, 22, 176, -1, 22, 17157 }, // U+0211
    { 16, 28, 300, 3, 28, 17190 }, // U+0212
    { 9, 23, 176, 2, 23, 17246 }, // U+0213
    { 17, 28, 347, 3, 28, 17272 }, // U+0214
    { 14, 22, 276, 1, 22, 17332 }, // U+0215
    { 17, 29, 347, 3, 29, 17371 }, // U+0216
    { 13, 23, 276, 2, 23, 17433 }, // U+0217
    { 16, 27, 299, 1, 21, 17471 }, // U+0218
    { 13, 22, 246, 1, 16, 17525 }, // U+0219
    { 16, 28, 301, 1, 21, 17561 }, // U+021A
    { 10, 27, 153, 0, 20, 17617 }, // U+021B
    { 15, 28, 296, 2, 21, 17651 }, // U+021C
    { 12, 22, 254, 2, 16, 17704 }, // U+021D
    { 17, 28, 347, 3, 28, 17737 }, // U+021E
    { 17, 28, 276, -2, 28, 17797 }, // U+021F
    { 5, 4, 0, 2, 22, 17857 }, // U+0300
    { 6, 4, 0, 2, 22, 17860 }, // U+0301
    { 10, 4, 0, 1, 22, 17863 }, // U+0302
    { 9, 4, 0, 3, 23, 17868 }, // U+0303
    { 8, 3, 0, 3, 22, 17873 }, // U+0304
    { 8, 4, 0, 1, 22, 17876 }, // U+0306
    { 4, 3, 0, 2, 21, 17880 }, // U+0307
    { 9, 3, 0, 4, 21, 17882 }, // U+0308
    { 5, 5, 0, 1, 22, 17886 }, // U+0309
    { 8, 8, 0, 1, 25, 17890 }, // U+030A
    { 10, 4, 0, 1, 22, 17898 }, // U+030C
    { 11, 4, 0, 2, 22, 17903 }, // U+030F
    { 5, 9, 0, 5, 14, 17909 }, // U+0313
    { 5, 9, 0, 5, 14, 17915 }, // U+0315
    { 5, 6, 0, -6, 20, 17921 }, // U+031B
    { 4, 3, 113, 2, -3, 17925 }, // U+0323
    { 5, 6, 0, -12, -2, 17927 }, // U+0326
    { 6, 7, 0, 1, 0, 17931 }, // U+0327
    { 6, 7, 0, 1, 1, 17937 }, // U+0328
    { 10, 4, 0, 1, -2, 17943 }, // U+032C
    { 13, 19, 0, -15, 17, 17948 }, // U+0337
    { 17, 23, 0, -17, 22, 17979 }, // U+0338
    { 9, 4, 0, -12, 23, 18028 }, // U+0342
    { 5, 5, 0, 0, 18, 18033 }, // U+0343
    { 10, 7, 0, -13, 24, 18037 }, // U+0346
    { 8, 6, 0, -13, -3, 18046 }, // U+0347
    { 7, 6, 0, -11, -1, 18052 }, // U+0348
    { 7, 7, 0, -11, -1, 18058 }, // U+0349
    { 10, 7, 0, -14, 23, 18065 }, // U+034A
    { 10, 10, 0, -14, 26, 18074 }, // U+034B
    { 11, 7, 0, -13, 25, 18087 }, // U+034C
    { 13, 7, 0, -15, -1, 18097 }, // U+034D
    { 7, 7, 0, -12, -1, 18109 }, // U+034E
    { 0, 0, 0, 0, 0, 18116 }, // U+034F
    { 11, 11, 0, -13, 29, 18116 }, // U+0350
    { 3, 6, 0, -9, 21, 18132 }, // U+0351
    { 9, 9, 0, -13, 26, 18135 }, // U+0352
    { 8, 8, 0, -11, 0, 18146 }, // U+0353
    { 8, 7, 0, -11, -1, 18154 }, // U+0354
    { 8, 7, 0, -10, -1, 18161 }, // U+0355
    { 15, 8, 0, -13, -1, 18168 }, // U+0356
    { 4, 8, 0, 1, 25, 18183 }, // U+0357
    { 4, 3, 0, 2, 21, 18187 }, // U+0358
    { 7, 7, 0, -12, -1, 18189 }, // U+0359
    { 12, 7, 0, -14, -1, 18196 }, // U+035A
    { 6, 8, 0, -11, 24, 18207 }, // U+035B
    { 21, 5, 0, -10, -1, 18213 }, // U+035C
    { 21, 5, 0, -10, 22, 18227 }, // U+035D
    { 17, 3, 0, -17, 22, 18241 }, // U+035E
    { 17, 3, 0, -17, -2, 18248 }, // U+035F
    { 28, 5, 0, -14, 22, 18255 }, // U+0360
    { 21, 6, 0, -10, 22, 18273 }, // U+0361
    { 22, 7, 0, -10, -1, 18289 }, // U+0362
    { 8, 9, 0, -11, 25, 18309 }, // U+0363
    { 7, 8, 0, -11, 25, 18318 }, // U+0364
    { 2, 11, 0, -9, 28, 18325 }, // U+0365
    { 8, 8, 0, -12, 25, 18328 }, // U+0366
    { 7, 9, 0, -11, 25, 18336 }, // U+0367
    { 7, 8, 0, -12, 25, 18344 }, // U+0368
    { 7, 12, 0, -12, 28, 18351 }, // U+0369
    { 7, 11, 0, -11, 28, 18362 }, // U+036A
    { 12, 8, 0, -14, 25, 18372 }, // U+036B
    { 5, 8, 0, -10, 25, 18384 }, // U+036C
    { 6, 10, 0, 0, 27, 18389 }, // U+036D
    { 8, 8, 0, -12, 25, 18397 }, // U+036E
    { 8, 8, 0, -11, 25, 18405 }, // U+036F
    { 13, 27, 281, 3, 27, 18413 }, // U+0400
    { 13, 27, 281, 3, 27, 18457 }, // U+0401
    { 22, 23, 393, 1, 21, 18501 }, // U+0402
    { 13, 28, 270, 3, 28, 18565 }, // U+0403
    { 18, 21, 341, 2, 21, 18611 }, // U+0404
    { 16, 21, 299, 1, 21, 18659 }, // U+0405
    { 3, 21, 125, 3, 21, 18701 }, // U+0406
    { 9, 27, 125, -1, 27, 18709 }, // U+0407
    { 13, 21, 266, 1, 21, 18740 }, // U+0408
    { 30, 21, 520, 1, 21, 18775 }, // U+0409
    { 29, 21, 525, 3, 21, 18854 }, // U+040A
    { 23, 21, 413, 1, 21, 18931 }, // U+040B
    { 17, 28, 314, 3, 28, 18992 }, // U+040C
    { 17, 27, 352, 3, 27, 19052 }, // U+040D
    { 18, 28, 293, 0, 28, 19110 }, // U+040E
    { 16, 26, 337, 3, 21, 19173 }, // U+040F
    { 19, 21, 322, 1, 21, 19225 }, // U+0410
    { 15, 21, 302, 3, 21, 19275 }, // U+0411
    { 15, 21, 305, 3, 21, 19315 }, // U+0412
    { 13, 21, 270, 3, 21, 19355 }, // U+0413
    { 21, 26, 382, 1, 21, 19390 }, // U+0414
    { 13, 21, 281, 3, 21, 19459 }, // U+0415
    { 27, 21, 448, 1, 21, 19494 }, // U+0416
    { 15, 21, 288, 1, 21, 19565 }, // U+0417
    { 17, 21, 352, 3, 21, 19605 }, // U+0418
    { 17, 28, 352, 3, 28, 19650 }, // U+0419
    { 17, 21, 314, 3, 21, 19710 }, // U+041A
    { 18, 21, 349, 1, 21, 19755 }, // U+041B
    { 21, 21, 422, 3, 21, 19803 }, // U+041C
    { 17, 21, 347, 3, 21, 19859 }, // U+041D
    { 19, 21, 357, 2, 21, 19904 }, // U+041E
    { 17, 21, 347, 3, 21, 19954 }, // U+041F
    { 15, 21, 298, 3, 21, 19999 }, // U+0420
    { 18, 21, 341, 2, 21, 20039 }, // U+0421
    { 16, 21, 301, 1, 21, 20087 }, // U+0422
    { 17, 21, 293, 1, 21, 20129 }, // U+0423
    { 21, 24, 387, 2, 23, 20174 }, // U+0424
    { 20, 21, 318, 0, 21, 20237 }, // U+0425
    { 18, 26, 336, 3, 21, 20290 }, // U+0426
    { 16, 21, 327, 2, 21, 20349 }, // U+0427
    { 23, 21, 447, 3, 21, 20391 }, // U+0428
    { 25, 26, 454, 3, 21, 20452 }, // U+0429
    { 21, 21, 381, 1, 21, 20534 }, // U+042A
    { 21, 21, 412, 3, 21, 20590 }, // U+042B
    { 15, 21, 303, 3, 21, 20646 }, // U+042C
    { 19, 21, 341, 1, 21, 20686 }, // U+042D
    { 25, 21, 474, 3, 21, 20736 }, // U+042E
    { 16, 21, 300, 1, 21, 20802 }, // U+042F
    { 13, 16, 262, 1, 16, 20844 }, // U+0430
    { 15, 21, 277, 1, 21, 20870 }, // U+0431
    { 13, 16, 264, 2, 16, 20910 }, // U+0432
    { 10, 16, 204, 2, 16, 20936 }, // U+0433
    { 17, 21, 286, 1, 16, 20956 }, // U+0434
    { 14, 16, 272, 1, 16, 21001 }, // U+0435
    { 23, 16, 378, 1, 16, 21029 }, // U+0436
    { 12, 16, 231, 1, 16, 21075 }, // U+0437
    { 13, 16, 276, 2, 16, 21099 }, // U+0438
    { 13, 22, 276, 2, 22, 21125 }, // U+0439
    { 14, 16, 253, 2, 16, 21161 }, // U+043A
    { 15, 16, 268, 0, 16, 21189 }, // U+043B
    { 18, 16, 359, 2, 16, 21219 }, // U+043C
    { 13, 16, 275, 2, 16, 21255 }, // U+043D
    { 15, 16, 280, 1, 16, 21281 }, // U+043E
    { 13, 16, 274, 2, 16, 21311 }, // U+043F
    { 14, 22, 286, 2, 16, 21337 }, // U+0440
    { 14, 16, 267, 1, 16, 21376 }, // U+0441
    { 13, 16, 217, 1, 16, 21404 }, // U+0442
    { 16, 22, 262, 0, 16, 21430 }, // U+0443
    { 18, 27, 321, 1, 21, 21474 }, // U+0444
    { 15, 16, 255, 0, 16, 21535 }, // U+0445
    { 15, 21, 279, 2, 16, 21565 }, // U+0446
    { 13, 16, 270, 2, 16, 21605 }, // U+0447
    { 20, 16, 384, 2, 16, 21631 }, // U+0448
    { 22, 21, 391, 2, 16, 21671 }, // U+0449
    { 18, 16, 300, 0, 16, 21729 }, // U+044A
    { 17, 16, 344, 2, 16, 21765 }, // U+044B
    { 13, 16, 261, 2, 16, 21799 }, // U+044C
    { 15, 16, 267, 1, 16, 21825 }, // U+044D
    { 21, 16, 393, 2, 16, 21855 }, // U+044E
    { 14, 16, 259, 0, 16, 21897 }, // U+044F
    { 14, 22, 272, 1, 22, 21925 }, // U+0450
    { 14, 21, 272, 1, 21, 21964 }, // U+0451
    { 15, 27, 276, 1, 21, 22001 }, // U+0452
    { 10, 22, 204, 2, 22, 22052 }, // U+0453
    { 14, 16, 267, 1, 16, 22080 }, // U+0454
    { 13, 16, 246, 1, 16, 22108 }, // U+0455
    { 4, 21, 113, 2, 21, 22134 }, // U+0456
    { 9, 21, 113, -1, 21, 22145 }, // U+0457
    { 6, 27, 113, 0, 21, 22169 }, // U+0458
    { 26, 16, 431, 0, 16, 22190 }, // U+0459
    { 23, 16, 418, 2, 16, 22242 }, // U+045A
    { 15, 21, 276, 1, 21, 22288 }, // U+045B
    { 14, 22, 253, 2, 22, 22328 }, // U+045C
    { 13, 22, 276, 2, 22, 22367 }, // U+045D
    { 16, 28, 262, 0, 22, 22403 }, // U+045E
    { 13, 21, 274, 2, 16, 22459 }, // U+045F
    { 22, 21, 418, 3, 21, 22494 }, // U+0460
    { 19, 16, 376, 2, 16, 22552 }, // U+0461
    { 19, 21, 321, 0, 21, 22590 }, // U+0462
    { 17, 21, 287, 0, 21, 22640 }, // U+0463
    { 24, 21, 446, 3, 21, 22685 }, // U+0464
    { 20, 16, 365, 2, 16, 22748 }, // U+0465
    { 19, 21, 322, 1, 21, 22788 }, // U+0466
    { 16, 16, 266, 0, 16, 22838 }, // U+0467
    { 24, 21, 437, 3, 21, 22870 }, // U+0468
    { 20, 16, 362, 2, 16, 22933 }, // U+0469
    { 21, 21, 398, 2, 21, 22973 }, // U+046A
    { 18, 16, 324, 1, 16, 23029 }, // U+046B
    { 29, 21, 534, 3, 21, 23065 }, // U+046C
    { 25, 16, 447, 2, 16, 23142 }, // U+046D
    { 12, 35, 254, 2, 28, 23192 }, // U+046E
    { 12, 28, 244, 1, 22, 23245 }, // U+046F
    { 21, 21, 411, 3, 21, 23287 }, // U+0470
    { 19, 26, 363, 2, 20, 23343 }, // U+0471
    { 19, 21, 357, 2, 21, 23405 }, // U+0472
    { 15, 16, 280, 1, 16, 23455 }, // U+0473
    { 20, 21, 329, 0, 21, 23485 }, // U+0474
    { 16, 16, 277, 1, 16, 23538 }, // U+0475
    { 20, 27, 329, 0, 27, 23570 }, // U+0476
    { 16, 22, 277, 1, 22, 23638 }, // U+0477
    { 37, 27, 619, 2, 21, 23682 }, // U+0478
    { 32, 22, 533, 1, 16, 23807 }, // U+0479
    { 17, 21, 332, 2, 21, 23895 }, // U+0480
    { 14, 21, 264, 1, 16, 23940 }, // U+0481
    { 16, 19, 295, 1, 19, 23977 }, // U+0482
    { 11, 5, 0, -13, 22, 24015 }, // U+0483
    { 11, 4, 0, -13, 22, 24022 }, // U+0484
    { 4, 5, 0, -9, 23, 24028 }, // U+0485
    { 4, 5, 0, -9, 23, 24031 }, // U+0486
    { 12, 4, 0, -14, 22, 24034 }, // U+0487
    { 28, 25, 0, -21, 20, 24040 }, // U+0488
    { 27, 27, 0, -21, 21, 24128 }, // U+0489
    { 20, 33, 352, 3, 28, 24220 }, // U+048A
    { 16, 27, 276, 2, 22, 24303 }, // U+048B
    { 19, 21, 321, 0, 21, 24357 }, // U+048C
    { 17, 20, 287, 0, 20, 24407 }, // U+048D
    { 15, 21, 296, 3, 21, 24450 }, // U+048E
    { 14, 22, 284, 2, 16, 24490 }, // U+048F
    { 13, 26, 270, 3, 26, 24529 }, // U+0490
    { 10, 20, 204, 2, 20, 24572 }, // U+0491
    { 16, 21, 270, 0, 21, 24597 }, // U+0492
    { 12, 16, 204, 1, 16, 24639 }, // U+0493
    { 15, 23, 304, 3, 21, 24663 }, // U+0494
    { 12, 21, 253, 2, 16, 24707 }, // U+0495
    { 28, 26, 457, 1, 21, 24739 }, // U+0496
    { 24, 21, 387, 1, 16, 24830 }, // U+0497
    { 15, 27, 288, 1, 21, 24893 }, // U+0498
    { 12, 22, 231, 1, 16, 24944 }, // U+0499
    { 18, 26, 330, 3, 21, 24977 }, // U+049A
    { 14, 21, 262, 2, 16, 25036 }, // U+049B
    { 17, 21, 311, 3, 21, 25073 }, // U+049C
    { 15, 16, 273, 2, 16, 25118 }, // U+049D
    { 23, 21, 392, 1, 21, 25148 }, // U+04A0
    { 19, 16, 293, 0, 16, 25209 }, // U+04A1
    { 19, 26, 354, 3, 21, 25247 }, // U+04A2
    { 15, 21, 281, 2, 16, 25309 }, // U+04A3
    { 25, 21, 460, 3, 21, 25349 }, // U+04A4
    { 17, 16, 316, 2, 16, 25415 }, // U+04A5
    { 28, 23, 517, 3, 21, 25449 }, // U+04A6
    { 23, 21, 430, 2, 16, 25530 }, // U+04A7
    { 26, 21, 460, 2, 21, 25591 }, // U+04A8
    { 21, 16, 363, 1, 16, 25660 }, // U+04A9
    { 19, 27, 341, 2, 21, 25702 }, // U+04AA
    { 14, 22, 267, 1, 16, 25767 }, // U+04AB
    { 16, 26, 301, 1, 21, 25806 }, // U+04AC
    { 13, 21, 217, 1, 16, 25858 }, // U+04AD
    { 19, 21, 317, 1, 21, 25893 }, // U+04AE
    { 16, 22, 262, 0, 16, 25943 }, // U+04AF
    { 19, 21, 317, 1, 21, 25987 }, // U+04B0
    { 16, 22, 262, 0, 16, 26037 }, // U+04B1
    { 20, 26, 328, 1, 21, 26081 }, // U+04B2
    { 16, 21, 264, 1, 16, 26146 }, // U+04B3
    { 25, 26, 427, 1, 21, 26188 }, // U+04B4
    { 19, 21, 308, 1, 16, 26270 }, // U+04B5
    { 18, 26, 334, 2, 21, 26320 }, // U+04B6
    { 15, 21, 276, 2, 16, 26379 }, // U+04B7
    { 16, 21, 327, 2, 21, 26419 }, // U+04B8
    { 13, 16, 270, 2, 16, 26461 }, // U+04B9
    { 16, 21, 327, 3, 21, 26487 }, // U+04BA
    { 13, 21, 276, 2, 21, 26529 }, // U+04BB
    { 23, 21, 392, 1, 21, 26564 }, // U+04BC
    { 19, 16, 333, 1, 16, 26625 }, // U+04BD
    { 23, 25, 392, 1, 21, 26663 }, // U+04BE
    { 19, 22, 333, 1, 16, 26735 }, // U+04BF
    { 3, 21, 125, 3, 21, 26788 }, // U+04C0
    { 28, 28, 448, 0, 28, 26796 }, // U+04C1
    { 22, 22, 378, 1, 22, 26894 }, // U+04C2
    { 16, 26, 319, 3, 21, 26955 }, // U+04C3
    { 14, 20, 274, 2, 16, 27007 }, // U+04C4
    { 21, 26, 349, 1, 21, 27042 }, // U+04C5
    { 18, 21, 268, 0, 16, 27111 }, // U+04C6
    { 17, 27, 347, 3, 21, 27159 }, // U+04C7
    { 13, 22, 275, 2, 16, 27217 }, // U+04C8
    { 20, 26, 347, 3, 21, 27253 }, // U+04C9
    { 16, 21, 275, 2, 16, 27318 }, // U+04CA
    { 18, 26, 334, 2, 21, 27360 }, // U+04CB
    { 15, 21, 276, 2, 16, 27419 }, // U+04CC
    { 24, 26, 422, 3, 21, 27459 }, // U+04CD
    { 21, 21, 359, 2, 16, 27537 }, // U+04CE
    { 3, 21, 113, 2, 21, 27593 }, // U+04CF
    { 19, 28, 322, 1, 28, 27601 }, // U+04D0
    { 13, 22, 262, 1, 22, 27668 }, // U+04D1
    { 19, 27, 322, 1, 27, 27704 }, // U+04D2
    { 13, 21, 262, 1, 21, 27769 }, // U+04D3
    { 27, 21, 464, 0, 21, 27804 }, // U+04D4
    { 24, 16, 428, 1, 16, 27875 }, // U+04D5
    { 13, 28, 281, 3, 28, 27923 }, // U+04D6
    { 14, 23, 272, 1, 23, 27969 }, // U+04D7
    { 18, 21, 348, 2, 21, 28010 }, // U+04D8
    { 14, 16, 272, 1, 16, 28058 }, // U+04D9
    { 18, 27, 348, 2, 27, 28086 }, // U+04DA
    { 14, 21, 272, 1, 21, 28147 }, // U+04DB
    { 27, 27, 448, 0, 27, 28184 }, // U+04DC
    { 23, 21, 378, 0, 21, 28276 }, // U+04DD
    { 15, 27, 288, 1, 27, 28337 }, // U+04DE
    { 12, 21, 231, 1, 21, 28388 }, // U+04DF
    { 16, 21, 289, 1, 21, 28420 }, // U+04E0
    { 16, 22, 289, 1, 16, 28462 }, // U+04E1
    { 17, 27, 352, 3, 27, 28506 }, // U+04E2
    { 13, 21, 276, 2, 21, 28564 }, // U+04E3
    { 17, 27, 352, 3, 27, 28599 }, // U+04E4
    { 13, 21, 276, 2, 21, 28657 }, // U+04E5
    { 19, 27, 357, 2, 27, 28692 }, // U+04E6
    { 15, 21, 280, 1, 21, 28757 }, // U+04E7
    { 19, 21, 357, 2, 21, 28797 }, // U+04E8
    { 15, 16, 280, 1, 16, 28847 }, // U+04E9
    { 19, 27, 357, 2, 27, 28877 }, // U+04EA
    { 15, 21, 280, 1, 21, 28942 }, // U+04EB
    { 18, 27, 341, 1, 27, 28982 }, // U+04EC
    { 14, 21, 267, 1, 21, 29043 }, // U+04ED
    { 18, 27, 293, 0, 27, 29080 }, // U+04EE
    { 16, 27, 262, 0, 21, 29141 }, // U+04EF
    { 17, 27, 293, 1, 27, 29195 }, // U+04F0
    { 15, 27, 262, 1, 21, 29253 }, // U+04F1
    { 17, 27, 293, 1, 27, 29304 }, // U+04F2
    { 16, 28, 262, 0, 22, 29362 }, // U+04F3
    { 16, 27, 327, 2, 27, 29418 }, // U+04F4
    { 13, 21, 270, 2, 21, 29472 }, // U+04F5
    { 13, 26, 270, 3, 21, 29507 }, // U+04F6
    { 10, 21, 204, 2, 16, 29550 }, // U+04F7
    { 21, 27, 412, 3, 27, 29577 }, // U+04F8
    { 17, 21, 344, 2, 21, 29648 }, // U+04F9
    { 16, 27, 276, 0, 21, 29693 }, // U+04FA
    { 12, 22, 204, 1, 16, 29747 }, // U+04FB
    { 21, 27, 328, 0, 21, 29780 }, // U+04FC
    { 14, 22, 243, 1, 16, 29851 }, // U+04FD
    { 19, 21, 318, 0, 21, 29890 }, // U+04FE
    { 14, 16, 255, 1, 16, 29940 }, // U+04FF
    { 19, 27, 322, 1, 21, 29968 }, // U+1EA0
    { 13, 22, 262, 1, 16, 30033 }, // U+1EA1
    { 19, 27, 322, 1, 27, 30069 }, // U+1EA2
    { 13, 22, 262, 1, 22, 30134 }, // U+1EA3
    { 19, 32, 322, 1, 32, 30170 }, // U+1EA4
    { 14, 27, 262, 1, 27, 30246 }, // U+1EA5
    { 19, 32, 322, 1, 32, 30294 }, // U+1EA6
    { 13, 27, 262, 1, 27, 30370 }, // U+1EA7
    { 19, 33, 322, 1, 33, 30414 }, // U+1EA8
    { 13, 28, 262, 1, 28, 30493 }, // U+1EA9
    { 19, 33, 322, 1, 33, 30539 }, // U+1EAA
    { 13, 27, 262, 1, 27, 30618 }, // U+1EAB
    { 19, 33, 322, 1, 27, 30662 }, // U+1EAC
    { 13, 28, 262, 1, 22, 30741 }, // U+1EAD
    { 19, 32, 322, 1, 32, 30787 }, // U+1EAE
    { 13, 27, 262, 1, 27, 30863 }, // U+1EAF
    { 19, 32, 322, 1, 32, 30907 }, // U+1EB0
    { 13, 27, 262, 1, 27, 30983 }, // U+1EB1
    { 19, 33, 322, 1, 33, 31027 }, // U+1EB2
    { 13, 28, 262, 1, 28, 31106 }, // U+1EB3
    { 19, 33, 322, 1, 33, 31152 }, // U+1EB4
    { 13, 27, 262, 1, 27, 31231 }, // U+1EB5
    { 19, 33, 322, 1, 27, 31275 }, // U+1EB6
    { 13, 28, 262, 1, 22, 31354 }, // U+1EB7
    { 13, 27, 281, 3, 21, 31400 }, // U+1EB8
    { 14, 22, 272, 1, 16, 31444 }, // U+1EB9
    { 13, 27, 281, 3, 27, 31483 }, // U+1EBA
    { 14, 22, 272, 1, 22, 31527 }, // U+1EBB
    { 13, 27, 281, 3, 27, 31566 }, // U+1EBC
    { 14, 22, 272, 1, 22, 31610 }, // U+1EBD
    { 14, 32, 281, 3, 32, 31649 }, // U+1EBE
    { 14, 27, 272, 1, 27, 31705 }, // U+1EBF
    { 13, 32, 281, 3, 32, 31753 }, // U+1EC0
    { 14, 27, 272, 1, 27, 31805 }, // U+1EC1
    { 13, 33, 281, 3, 33, 31853 }, // U+1EC2
    { 14, 28, 272, 1, 28, 31907 }, // U+1EC3
    { 13, 33, 281, 3, 33, 31956 }, // U+1EC4
    { 14, 27, 272, 1, 27, 32010 }, // U+1EC5
    { 13, 33, 281, 3, 27, 32058 }, // U+1EC6
    { 14, 28, 272, 1, 22, 32112 }, // U+1EC7
    { 5, 27, 125, 2, 27, 32161 }, // U+1EC8
    { 5, 22, 113, 1, 22, 32178 }, // U+1EC9
    { 4, 27, 125, 2, 21, 32192 }, // U+1ECA
    { 4, 28, 113, 2, 22, 32206 }, // U+1ECB
    { 19, 27, 357, 2, 21, 32220 }, // U+1ECC
    { 15, 22, 280, 1, 16, 32285 }, // U+1ECD
    { 19, 28, 357, 2, 28, 32327 }, // U+1ECE
    { 15, 22, 280, 1, 22, 32394 }, // U+1ECF
    { 19, 32, 357, 2, 32, 32436 }, // U+1ED0
    { 15, 27, 280, 1, 27, 32512 }, // U+1ED1
    { 19, 32, 357, 2, 32, 32563 }, // U+1ED2
    { 15, 27, 280, 1, 27, 32639 }, // U+1ED3
    { 19, 32, 357, 2, 32, 32690 }, // U+1ED4
    { 15, 28, 280, 1, 28, 32766 }, // U+1ED5
    { 19, 32, 357, 2, 32, 32819 }, // U+1ED6
    { 15, 27, 280, 1, 27, 32895 }, // U+1ED7
    { 19, 33, 357, 2, 27, 32946 }, // U+1ED8
    { 15, 28, 280, 1, 22, 33025 }, // U+1ED9
    { 19, 28, 356, 2, 28, 33078 }, // U+1EDA
    { 15, 23, 279, 1, 23, 33145 }, // U+1EDB
    { 19, 27, 356, 2, 27, 33189 }, // U+1EDC
    { 15, 22, 279, 1, 22, 33254 }, // U+1EDD
    { 19, 28, 356, 2, 28, 33296 }, // U+1EDE
    { 15, 22, 279, 1, 22, 33363 }, // U+1EDF
    { 19, 28, 356, 2, 28, 33405 }, // U+1EE0
    { 15, 22, 279, 1, 22, 33472 }, // U+1EE1
    { 19, 30, 356, 2, 24, 33514 }, // U+1EE2
    { 15, 26, 279, 1, 20, 33586 }, // U+1EE3
    { 17, 27, 347, 3, 21, 33635 }, // U+1EE4
    { 13, 22, 276, 2, 16, 33693 }, // U+1EE5
    { 17, 28, 347, 3, 28, 33729 }, // U+1EE6
    { 13, 22, 276, 2, 22, 33789 }, // U+1EE7
    { 19, 28, 346, 3, 28, 33825 }, // U+1EE8
    { 16, 22, 289, 2, 22, 33892 }, // U+1EE9
    { 19, 28, 346, 3, 28, 33936 }, // U+1EEA
    { 16, 22, 289, 2, 22, 34003 }, // U+1EEB
    { 19, 28, 346, 3, 28, 34047 }, // U+1EEC
    { 16, 22, 289, 2, 22, 34114 }, // U+1EED
    { 19, 28, 346, 3, 28, 34158 }, // U+1EEE
    { 16, 22, 289, 2, 22, 34225 }, // U+1EEF
    { 19, 30, 346, 3, 24, 34269 }, // U+1EF0
    { 16, 26, 289, 2, 20, 34341 }, // U+1EF1
    { 19, 27, 317, 1, 27, 34393 }, // U+1EF2
    { 16, 28, 262, 0, 22, 34458 }, // U+1EF3
    { 20, 27, 317, 0, 21, 34514 }, // U+1EF4
    { 16, 22, 262, 0, 16, 34582 }, // U+1EF5
    { 19, 27, 317, 1, 27, 34626 }, // U+1EF6
    { 16, 28, 262, 0, 22, 34691 }, // U+1EF7
    { 20, 27, 317, 0, 27, 34747 }, // U+1EF8
    { 16, 28, 262, 0, 22, 34815 }, // U+1EF9
    { 0, 0, 255, 0, 0, 34871 }, // U+2000
    { 0, 0, 509, 0, 0, 34871 }, // U+2001
    { 0, 0, 233, 0, 0, 34871 }, // U+2002
    { 0, 0, 467, 0, 0, 34871 }, // U+2003
    { 0, 0, 156, 0, 0, 34871 }, // U+2004
    { 0, 0, 117, 0, 0, 34871 }, // U+2005
    { 0, 0, 77, 0, 0, 34871 }, // U+2006
    { 0, 0, 303, 0, 0, 34871 }, // U+2007
    { 0, 0, 134, 0, 0, 34871 }, // U+2008
    { 0, 0, 85, 0, 0, 34871 }, // U+2009
    { 0, 0, 42, 0, 0, 34871 }, // U+200A
    { 0, 0, 0, 0, 0, 34871 }, // U+200B
    { 0, 0, 0, 0, 0, 34871 }, // U+200C
    { 0, 0, 0, 0, 0, 34871 }, // U+200D
    { 0, 0, 0, 0, 0, 34871 }, // U+200E
    { 0, 0, 0, 0, 0, 34871 }, // U+200F
    { 9, 3, 167, 1, 11, 34871 }, // U+2010
    { 9, 3, 167, 1, 11, 34875 }, // U+2011
    { 16, 3, 303, 1, 11, 34879 }, // U+2012
    { 15, 3, 233, 0, 11, 34885 }, // U+2013
    { 29, 3, 467, 0, 11, 34891 }, // U+2014
    { 29, 3, 467, 0, 11, 34902 }, // U+2015
    { 7, 35, 224, 4, 28, 34913 }, // U+2016
    { 13, 6, 211, 0, 0, 34944 }, // U+2017
    { 5, 8, 122, 2, 21, 34954 }, // U+2018
    { 5, 8, 122, 2, 21, 34959 }, // U+2019
    { 5, 8, 113, 1, 3, 34964 }, // U+201A
    { 5, 8, 122, 1, 21, 34969 }, // U+201B
    { 10, 8, 206, 2, 21, 34974 }, // U+201C
    { 10, 8, 206, 2, 21, 34984 }, // U+201D
    { 11, 8, 196, 1, 3, 34994 }, // U+201E
    { 10, 8, 206, 1, 21, 35005 }, // U+201F
    { 12, 16, 229, 1, 21, 35015 }, // U+2020
    { 12, 21, 229, 1, 21, 35039 }, // U+2021
    { 9, 9, 263, 4, 13, 35071 }, // U+2022
    { 8, 10, 263, 5, 13, 35082 }, // U+2023
    { 4, 4, 134, 2, 4, 35092 }, // U+2024
    { 12, 4, 269, 2, 4, 35094 }, // U+2025
    { 20, 4, 403, 2, 4, 35100 }, // U+2026
    { 4, 4, 134, 2, 12, 35110 }, // U+2027
    { 0, 0, 0, 0, 0, 35112 }, // U+202A
    { 0, 0, 0, 0, 0, 35112 }, // U+202B
    { 0, 0, 0, 0, 0, 35112 }, // U+202C
    { 0, 0, 0, 0, 0, 35112 }, // U+202D
    { 0, 0, 0, 0, 0, 35112 }, // U+202E
    { 0, 0, 85, 0, 0, 35112 }, // U+202F
    { 33, 21, 623, 3, 21, 35112 }, // U+2030
    { 43, 21, 788, 3, 21, 35199 }, // U+2031
    { 5, 8, 104, 1, 21, 35312 }, // U+2032
    { 11, 8, 206, 1, 21, 35317 }, // U+2033
    { 17, 8, 309, 1, 21, 35328 }, // U+2034
    { 5, 8, 104, 1, 21, 35345 }, // U+2035
    { 11, 8, 206, 1, 21, 35350 }, // U+2036
    { 17, 8, 309, 1, 21, 35361 }, // U+2037
    { 11, 7, 212, 1, -1, 35378 }, // U+2038
    { 10, 13, 179, 1, 16, 35388 }, // U+2039
    { 9, 13, 179, 1, 16, 35405 }, // U+203A
    { 15, 15, 299, 1, 17, 35420 }, // U+203B
    { 12, 21, 268, 2, 21, 35449 }, // U+203C
    { 12, 21, 237, 1, 21, 35481 }, // U+203D
    { 13, 3, 252, 1, 25, 35513 }, // U+203E
    { 22, 5, 381, 1, -2, 35518 }, // U+203F
    { 22, 6, 381, 1, 22, 35532 }, // U+2040
    { 11, 17, 211, 1, 9, 35549 }, // U+2041
    { 19, 18, 338, 1, 20, 35573 }, // U+2042
    { 8, 3, 263, 4, 10, 35616 }, // U+2043
    { 18, 21, 90, -6, 21, 35619 }, // U+2044
    { 6, 27, 170, 3, 23, 35667 }, // U+2045
    { 6, 27, 170, 2, 23, 35688 }, // U+2046
    { 28, 21, 477, 1, 21, 35709 }, // U+2047
    { 20, 21, 373, 1, 21, 35783 }, // U+2048
    { 20, 21, 373, 2, 21, 35836 }, // U+2049
    { 11, 22, 207, 1, 16, 35889 }, // U+204A
    { 13, 21, 281, 3, 21, 35920 }, // U+204B
    { 13, 12, 276, 2, 14, 35955 }, // U+204C
    { 13, 12, 276, 2, 14, 35975 }, // U+204D
    { 12, 12, 234, 1, 10, 35995 }, // U+204E
    { 5, 20, 141, 2, 15, 36013 }, // U+204F
    { 23, 29, 379, 0, 22, 36026 }, // U+2050
    { 12, 27, 252, 3, 21, 36110 }, // U+2051
    { 18, 21, 345, 2, 21, 36151 }, // U+2052
    { 19, 5, 339, 1, 13, 36199 }, // U+2053
    { 22, 6, 381, 1, -1, 36211 }, // U+2054
    { 12, 12, 256, 2, 14, 36228 }, // U+2055
    { 24, 8, 412, 1, 21, 36246 }, // U+2057
    { 0, 0, 131, 0, 0, 36270 }, // U+205F
    { 0, 0, 0, 0, 0, 36270 }, // U+2060
    { 0, 0, 0, 0, 0, 36270 }, // U+2061
    { 0, 0, 0, 0, 0, 36270 }, // U+2062
    { 0, 0, 0, 0, 0, 36270 }, // U+2063
    { 0, 0, 0, 0, 0, 36270 }, // U+2064
    { 0, 0, 0, 0, 0, 36270 }, // U+2065
    { 0, 0, 0, 0, 0, 36270 }, // U+206A
    { 0, 0, 0, 0, 0, 36270 }, // U+206B
    { 0, 0, 0, 0, 0, 36270 }, // U+206C
    { 0, 0, 0, 0, 0, 36270 }, // U+206D
    { 0, 0, 0, 0, 0, 36270 }, // U+206E
    { 0, 0, 0, 0, 0, 36270 }, // U+206F
    { 11, 12, 214, 1, 25, 36270 }, // U+2070
    { 3, 12, 92, 2, 25, 36287 }, // U+2071
    { 11, 12, 215, 1, 25, 36292 }, // U+2074
    { 10, 12, 205, 2, 25, 36309 }, // U+2075
    { 11, 12, 207, 1, 25, 36324 }, // U+2076
    { 10, 12, 189, 1, 25, 36341 }, // U+2077
    { 11, 12, 210, 1, 25, 36356 }, // U+2078
    { 11, 12, 207, 1, 25, 36373 }, // U+2079
    { 10, 8, 200, 1, 22, 36390 }, // U+207A
    { 9, 2, 200, 2, 19, 36400 }, // U+207B
    { 8, 6, 200, 2, 21, 36403 }, // U+207C
    { 5, 15, 126, 2, 26, 36409 }, // U+207D
    { 6, 15, 126, 0, 26, 36419 }, // U+207E
    { 10, 9, 203, 2, 22, 36431 }, // U+207F
    { 11, 11, 214, 1, 7, 36443 }, // U+2080
    { 6, 11, 142, 1, 7, 36459 }, // U+2081
    { 10, 11, 206, 2, 7, 36468 }, // U+2082
    { 11, 11, 208, 1, 7, 36482 }, // U+2083
    { 11, 11, 215, 1, 7, 36498 }, // U+2084
    { 10, 11, 205, 2, 7, 36514 }, // U+2085
    { 11, 11, 207, 1, 7, 36528 }, // U+2086
    { 10, 11, 189, 1, 7, 36544 }, // U+2087
    { 11, 11, 210, 1, 7, 36558 }, // U+2088
    { 11, 11, 207, 1, 7, 36574 }, // U+2089
    { 10, 8, 200, 1, 5, 36590 }, // U+208A
    { 9, 2, 200, 2, 2, 36600 }, // U+208B
    { 8, 6, 200, 2, 4, 36603 }, // U+208C
    { 5, 14, 126, 2, 8, 36609 }, // U+208D
    { 6, 14, 126, 0, 8, 36618 }, // U+208E
    { 9, 9, 187, 1, 5, 36629 }, // U+2090
    { 10, 9, 195, 1, 5, 36640 }, // U+2091
    { 10, 9, 199, 1, 5, 36652 }, // U+2092
    { 12, 9, 187, 0, 5, 36664 }, // U+2093
    { 11, 12, 210, 2, 6, 36678 }, // U+2094
    { 10, 11, 203, 2, 7, 36695 }, // U+2095
    { 10, 11, 185, 2, 7, 36709 }, // U+2096
    { 3, 11, 92, 2, 7, 36723 }, // U+2097
    { 15, 9, 291, 2, 5, 36728 }, // U+2098
    { 10, 9, 203, 2, 5, 36745 }, // U+2099
    { 10, 13, 204, 2, 5, 36757 }, // U+209A
    { 10, 9, 182, 0, 5, 36774 }, // U+209B
    { 7, 11, 114, 0, 7, 36786 }, // U+209C
    { 17, 22, 340, 2, 22, 36796 }, // U+20A0
    { 18, 27, 341, 2, 24, 36843 }, // U+20A1
    { 19, 21, 340, 2, 21, 36904 }, // U+20A2
    { 16, 21, 282, 0, 21, 36954 }, // U+20A3
    { 15, 21, 285, 2, 21, 36996 }, // U+20A4
    { 21, 20, 401, 2, 18, 37036 }, // U+20A5
    { 21, 21, 359, 1, 21, 37089 }, // U+20A6
    { 25, 21, 451, 3, 21, 37145 }, // U+20A7
    { 29, 21, 523, 3, 21, 37211 }, // U+20A8
    { 28, 21, 445, 0, 21, 37288 }, // U+20A9
    { 19, 16, 382, 3, 16, 37362 }, // U+20AA
    { 16, 27, 286, 1, 21, 37400 }, // U+20AB
    { 18, 21, 311, 0, 21, 37454 }, // U+20AC
    { 20, 21, 331, 0, 21, 37502 }, // U+20AD
    { 16, 21, 301, 1, 21, 37555 }, // U+20AE
    { 38, 30, 649, 1, 24, 37597 }, // U+20AF
    { 18, 21, 310, 1, 21, 37740 }, // U+20B1
    { 18, 28, 348, 2, 25, 37788 }, // U+20B2
    { 20, 21, 322, 0, 21, 37851 }, // U+20B3
    { 15, 21, 295, 2, 21, 37904 }, // U+20B4
    { 18, 28, 341, 2, 25, 37944 }, // U+20B5
    { 16, 21, 301, 1, 21, 38007 }, // U+20B8
    { 15, 22, 253, 0, 22, 38049 }, // U+20B9
    { 14, 22, 277, 1, 21, 38091 }, // U+20BA
    { 17, 16, 339, 2, 16, 38130 }, // U+20BC
    { 19, 21, 327, 1, 21, 38164 }, // U+20BD
    { 17, 21, 339, 2, 21, 38214 }, // U+20BE
    { 15, 27, 305, 3, 24, 38259 }, // U+20BF
    { 22, 20, 445, 2, 19, 38310 }, // U+2190
    { 20, 22, 389, 2, 22, 38365 }, // U+2191
    { 22, 20, 445, 4, 19, 38420 }, // U+2192
    { 20, 23, 389, 2, 22, 38475 }, // U+2193
    { 35, 20, 626, 2, 19, 38533 }, // U+2194
    { 20, 34, 389, 2, 26, 38621 }, // U+2195
    { 17, 16, 362, 3, 16, 38706 }, // U+2196
    { 16, 16, 362, 3, 16, 38740 }, // U+2197
    { 16, 16, 362, 3, 16, 38772 }, // U+2198
    { 17, 16, 362, 3, 16, 38804 }, // U+2199
    { 29, 23, 534, 2, 22, 38838 }, // U+21A9
    { 29, 23, 534, 2, 22, 38922 }, // U+21AA
    { 25, 23, 461, 2, 23, 39006 }, // U+21B0
    { 25, 23, 461, 2, 23, 39078 }, // U+21B1
    { 25, 19, 461, 2, 21, 39150 }, // U+21B3
    { 20, 23, 389, 2, 22, 39210 }, // U+21B4
    { 25, 19, 461, 2, 21, 39268 }, // U+21B5
    { 22, 27, 445, 3, 27, 39328 }, // U+21BA
    { 22, 27, 445, 3, 27, 39403 }, // U+21BB
    { 23, 20, 445, 2, 19, 39478 }, // U+21D0
    { 22, 19, 445, 4, 19, 39536 }, // U+21D2
    { 35, 19, 626, 2, 19, 39589 }, // U+21D4
    { 14, 24, 284, 2, 23, 39673 }, // U+21DE
    { 14, 23, 284, 2, 22, 39715 }, // U+21DF
    { 25, 13, 474, 2, 17, 39756 }, // U+21E4
    { 25, 13, 474, 2, 17, 39797 }, // U+21E5
    { 26, 23, 481, 2, 23, 39838 }, // U+21E7
    { 26, 28, 481, 2, 23, 39913 }, // U+21EA
    { 14, 23, 296, 2, 22, 40004 }, // U+2202
    { 19, 18, 320, 1, 17, 40045 }, // U+2205
    { 20, 21, 318, 0, 21, 40088 }, // U+2206
    { 16, 26, 337, 3, 22, 40141 }, // U+220F
    { 17, 26, 296, 1, 22, 40193 }, // U+2211
    { 13, 3, 309, 3, 10, 40249 }, // U+2212
    { 17, 22, 294, 1, 22, 40254 }, // U+221A
    { 25, 13, 437, 1, 16, 40301 }, // U+221E
    { 12, 30, 170, -1, 23, 40342 }, // U+222B
    { 4, 15, 134, 2, 18, 40387 }, // U+2236
    { 15, 12, 309, 2, 14, 40395 }, // U+2248
    { 13, 15, 309, 3, 16, 40418 }, // U+2260
    { 13, 16, 309, 3, 17, 40443 }, // U+2264
    { 13, 16, 309, 3, 17, 40469 }, // U+2265
    { 40, 40, 649, 1, 31, 40495 }, // U+2295
    { 40, 40, 649, 1, 31, 40695 }, // U+2296
    { 40, 40, 649, 1, 31, 40895 }, // U+2297
    { 40, 40, 649, 1, 31, 41095 }, // U+2298
};








static const int8_t inter_ui_14_regularKernSparseValues[] = {
     -16,  -38,  -38,  -29,  -37,  -77,   -7,   -7,   -7,   -7,  -21,  -21,  -38,   -2,   -5,   21,
      21,   21,   -2,   -2,   -2,   21,   -5,   -2,  -32,  -29,  -32,  -32,  -16,  -26,  -29,  -18,
     -34,  -16,  -16,  -18,  -10,  -16,  -26,  -26,  -26,  -26,  -34,  -34,  -42,   -5,   13,   -5,
      -5,   13,   -5,   66,  -16,  -16,  -64,  -64,  -21,   -5,  -37,   -5,  -45,  -32,  -16,  -16,
      -5,  -64,  -16,   -5,  -10,  -16,  -21,  -34,  -24,  -24,  -16,  -37,  -10,   -8,  -50,  -50,
     -34,  -66,  -29,  -66,  -37,  -37,  -29,  -38,  -12,  -40,  -13,   -7,   -7,  -10,   -3,  -41,
     -21,  -21,  -16,  -16,  -24,  -16,  -16,  -16,  -13,  -21,  -16,  -16,  -16,  -31,  -26,  -64,
     -64,  -26,  -18,  -18,  -11,  -29,   18,  -18,  -12,  -12,   -9,   -5,  -16,  -16,  -21,    7,
     -16,    7,    7,  -16,  -16,  -21,  -24,  -12,    7,    2,   16,   27,    2,   16,   27,   27,
      16,   27,    7,    7,   -7,   -7,  -10,  -10,   -9,   -7,  -16,   -7,   -9,  -24,  -10,   -9,
     -16,  -16,   -9,   -9,   -3,   -9,  -18,  -16,  -13,  -13,   -3,  -13,  -16,  -16,  -21,  -21,
     -16,  -26,  -21,  -58,  -58,   -7,   -8,  -27,   -5,    9,   -7,   -5,  -16,  -42,  -50,  -45,
     -74,  -21,  -24,  -24,  -18,  -29,  -21,  -21,  -24,   42,  -24,  -21,   42,   42,  -24,   42,
     -48,  -48,   -8,  -18,  -66,  -58,  -42,  -16,  -29,  -16,  -16,  -16,  -39,  -21,  -24,  -21,
     -32,  -29,  -24,  -45,  -18,  -16,  -18,  -21,  -21,  -21,  -24,  -21,  -45,  -45,  -26,  -18,
     -34,  -37,  -34,  -34,  -26,  -42,  -29,  -37,  -37,  -37,  -16,  -16,  -24,  -34,  -42,  -42,
     -45,  -34,  -29,  -21,  -21,  -18,  -16,  -14,  -16,  -16,  -16,  -18,   -3,  -14,  -14,  -14,
     -40,  -30,  -16,  -16,  -16,  -18,  -21,  -18,  -46,  -37,  -37,  -16,  -16,    9,  -16,  -24,
     -29,  -16,    7,  -16,  -40,   -9,  -32,  -26,  -34,  -37,    3,   -9,  -32,  -32,  -16,  -34,
     -16,  -16,  -33,  -37,  -23,  -16,  -16,  -16,    3,    3,    3,  -32,  -40,  -40,  -66,    3,
     -16,  -40,   -9,  -32,   -9,  -34,  -34,  -61,  -48,  -16,  -48,   -2,  -24,  -26,   16,   16,
      16,  -26,  -26,  -26,   16,  -26,  -29,   -9,   -3,  -18,   16,   16,   16,   16,   -3,   34,
      34,   34,   16,   34,  -18,  -34,  -42,  -32,  -16,  -11,  -18,  -14,  -16,  -16,  -16,  -16,
     -11,  -11,  -18,  -18,  -16,  -16,  -11,  -18,  -16,   34,  -56,  -58,  -26,  -10,  -14,  -10,
      -3,  -10,   16,   16,   16,  -14,  -14,  -14,   16,   -3,  -14,  -10,  -10,  -16,  -16,  -26,
      -9,  -24,   16,  -37,  -16,   -5,  -50,  -50,  -32,  -16,  -16,  -16,  -18,    7,  -16,  -18,
     -29,  -50,  -24,  -74,   -7,  -16,  -72,  -16,  -18,    7,    7,    7,   40,  -18,  -16,  -18,
      40,   40,  -18,  -16,    7,   40,   40,  -16,  -46,  -16,  -16,  -42,  -79,  -40,  -63,  -21,
     -13,  -13,  -45,  -32,  -16,  -61,  -10,  -32,  -58,  -45,  -29, -100,  -38,  -82,  -41,  -69,
     -16,  -32,  -45,  -45,  -45,  -13,  -45,  -10,  -66,  -10,  -16,  -31,  -40,  -18,  -21,  -21,
     -16,  -50,  -16,  -21,  -18,  -21,  -34,  -34,  -45,   -3,  -21,  -21,  -21,   -3,   -3,   -3,
     -66,  -63,  -37,   -8,  -11,   -2,   -7,   -2,   -2,   -7,   21,   -7,   -2,   21,   21,   -7,
      21,  -11,  -11,  -16,  -34,  -16,  -34,  -16,  -61,  -16,  -32,  -37,  -16,  -37,  -16,  -14,
     -40,  -14,  -42,    9,  -26,  -34,  -36,  -26,  -34,  -48,  -34,  -29,  -29,  -29,  -21,  -34,
     -61,  -34,  -82,  -71,  -24,  -16,  -53,  -53,  -60,   42,  -60,  -58,  -45,  -34,   42,   42,
     -36,  -53,   59,   42,  -64,  -64,  -14,  -48,  -25,  -48,  -34,    9,    9,  -56,  -16,  -55,
     -58,  -24,  -24,  -45,  -24,  -45,  -23,   -5,  -16,  -29,  -34,  -29,  -31,  -32,  -16,  -45,
       7,  -37,  -24,  -24,  -21,  -24,  -26,  -53,  -42,  -18,  -24,  -42,  -24,   40,  -45,  -24,
      40,   40,  -24,   18,   40,  -59,  -59,  -16,   -5,  -21,  -53,  -18,  -45,  -57,  -71,  -24,
     -24,  -45,  -24,  -45,  -16,  -24,  -34,  -29,  -26,  -29,   11,  -24,  -24,  -16,  -16,  -24,
     -26,  -24,  -39,  -24,  -24,  -24,  -24,  -24,  -24,   40,  -16,  -16,  -50,  -45,  -39,  -50,
      -5,  -16,  -16,  -16,   -9,  -18,   -9,  -26,  -24,  -16,  -16,  -18,  -26,  -13,  -32,  -18,
     -40,   -3,  -37,  -21,  -26,  -26,  -13,  -13,  -26,  -13,  -18,  -18,  -18,   40,   -9,  -40,
     -16,  -18,  -29,  -36,  -21,  -16,  -29,  -37,  -16,  -37,  -16,  -32,  -29,  -48,  -45,  -16,
     -34,  -16,  -16,    9,  -33,  -36,  -13,  -18,  -32,  -18,  -37,  -42,  -61,   -4,  -18,  -61,
     -29,  -40,  -66,  -56,  -36,  -13,  -26,  -13,  -36,  -18,  -55,  -62,    9,    9,    9,  -18,
     -13,   40,  -16,    9,  -23,  -32,  -50,  -18,  -61,  -68,  -82,  -16,  -18,  -18,  -29,  -16,
     -16,  -18,  -16,  -18,  -34,   40,   40,   40,   16,   40,  -16,  -11,   -5,   13,   -5,   -5,
      13,   -5,   40,  -37,  -37,  -16,  -16,    9,  -16,  -24,  -29,  -16,    7,  -16,  -58,   -9,
     -55,  -53,  -34,  -37,    3,   -9,  -55,  -32,  -16,  -34,  -16,  -16,  -33,  -37,  -23,  -16,
     -16,  -16,    3,    3,    3,  -55,  -58,  -58,  -58,    3,  -16,  -58,   -9,  -32,   -9,  -34,
     -34,  -81,  -74,  -16,  -74,   -2,  -24,  -32,  -21,  -50,  -21,  -26,  -21,  -21,  -21,  -18,
      16,  -18,  -26,  -18,  -37,  -32,   16,   45,   16,  -37,  -32,  -21,   16,   16,   16,  -37,
      16,   45,  -26,  -26,  -26,   16,   16,   26,   26,  -21,  -18,  -50,  -24,   21,   21,  -18,
     -24,  -18,  -32,  -24,  -24,  -34,   -7,   -4,   -7,  -32,  -32,  -32,  -32,  -34,  -34,  -21,
      -9,   -9,   -7,   -5,  -16,  -16,  -36,  -24,  -24,  -13,  -40,    5,   -9,   -8,  -10,   -7,
     -16,   -5,    5,    5,   -9,    5,  -36,  -36,  -36,   21,  -13,  -36,   -5,  -79,  -40,  -29,
     -11,  -11,  -13,  -26,  -13,  -26,  -13,  -29,  -16,  -29,    5,   -7,   -7,  -14,  -18,  -10,
     -16,    7,  -13,  -18,  -13,  -13,  -10,   -7,   -7,  -14,   48,  -14,   -7,   48,   66,  -14,
      21,   63,  -34,  -34,  -16,  -16,  -10,    5,    5,  -42,  -10,  -26,  -18,  -24,  -24,  -24,
     -24,  -24,   30,   45,   30,   39,   45,  -21,  -21,  -21,  -40,  -26,  -10,  -21,  -24,  -53,
     -21,  -10,  -10,  -10,  -26,  -26,  -26,  -26,  -18,  -29,  -18,  -29,  -16,  -18,  -18,    7,
     -26,  -26,  -16,   -8,    7,    5,    7,    7,    7,    7,    4,    7,  -18,  -34,  -18,   -8,
       5,    5,    5,   16,   -8,    7,    7,   16,   16,    7,   -8,  -26,  -26,  -26,    7,    5,
      16,  -26,   -7,   -7,    7,    7,  -18,    7,  -37,  -29,    7,  -24,  -34,  -21,  -16,  -34,
      -4,  -34,  -34,  -34,  -34,  -34,  -34,  -24,   -7,   -9,   -9,   -7,  -13,  -16,   -5,   -5,
      -7,    2,   -5,  -11,    5,   -5,    9,    7,   -9,   -9,   -9,   -5,    2,    2,   -5,   -5,
       9,    2,    5,   -5,  -16,  -16,  -16,   21,  -16,   -5,   -7,   -7,  -18,   -5,   16,  -18,
     -18,  -16,  -18,  -24,  -26,  -16,  -18,  -34,  -18,  -24,  -58,  -24,  -24,  -26,  -26,  -18,
       7,    7,  -29,  -18,  -21,  -18,  -21,  -26,  -16,  -18,  -32,    2,  -29,  -16,  -16,  -37,
      -2,   -9,    7,    7,  -18,  -18,  -18,  -18,   -2,   -2,   -9,   -9,   -2,    2,   -9,  -16,
     -45,  -16,    2,  -16,  -21,  -21,    7,    7,  -16,  -16,  -37,  -55,  -24,  -16,  -34,  -34,
     -32,  -26,  -24,  -16,   -8,  -16,   -8,   -8,   -8,  -24,  -24,  -24,  -24,  -37,  -34,  -10,
     -10,  -16,  -29,  -10,    9,    9,  -10,  -16,  -10,  -10,  -10,  -10,  -10,  -29,  -29,  -29,
     -29,    9,    9,  -16,   -7,   -7,   -7,   -7,  -16,  -16,  -16,  -16,  -16,   -5,  -10,  -16,
     -21,  -34,  -24,  -24,  -32,  -37,  -10,   -8,  -50,  -50,  -34,  -32,  -29,  -66,  -37,  -37,
     -29,  -32,  -16,  -32,  -32,  -32,  -32,  -32,  -32,  -32,  -16,   16,   16,   16,   16,   16,
      21,  -18,  -34,  -34,  -16,  -16,  -16,  -16,  -16,  -24,  -29,  -24,  -24,  -24,  -55,  -29,
     -29,  -16,  -23,   -3,  -33,   -3,  -33,   -3,   -4,   -5,  -13,   -5,   -5,   -5,  -13,  -13,
      -5,  -13,   -3,   -3,   -5,   -4,   -4,   -5,  -18,  -18,  -16,  -18,  -24,  -26,  -16,  -18,
     -34,  -18,  -24,  -58,  -24,  -24,  -26,  -26,  -42,    7,    7,  -29,  -16,   -5,  -10,  -16,
     -21,  -71,  -42,  -24,  -37,  -61,  -10,   -8,  -71,  -71,  -71,  -37,  -29,  -71,  -61,  -61,
     -29,  -18,  -24,  -21,  -24,  -16,  -16,  -61,  -29,  -26,  -18,  -42,  -16,  -16,  -16,  -16,
     -16,  -61,  -61,  -61,  -16,  -16,  -42,  -21,  -93,  -42,  -42,  -40,  -32,  -36,  -34,  -32,
     -32,  -32,  -32,  -29,  -16,  -16,    9,    9,    9,   18,    9,  -16,  -42,  -18,  -21,  -21,
     -42,  -42,  -42,  -21,  -42,  -21,  -21,  -16,  -48,  -48,  -18,  -18,  -26,  -24,  -18,  -26,
     -26,  -26,  -26,  -26,  -58,  -48,  -26,   16,   16,   16,  -26,  -26,  -26,   16,  -26,  -61,
     -37,  -37,  -37,  -37,  -37,   45,   48,   45,   34,   45,   21,   42,   27,   42,   40,   42,
      18,   30,   30,   16,   24,    9,   45,   30,   45,   77,   27,   77,   77,   45,   42,   42,
      42,   62,   45,   24,   77,   42,   24,   24,  -18,  -56,  -24,  -24,  -34,   -7,   -4,   -7,
     -56,  -56,  -56,  -56,  -34,  -34,  -21,   -9,   -9,   -7,   -5,  -16,  -16,  -60,  -24,  -24,
     -13,  -40,    5,   -9,   -8,  -10,   -7,  -16,   -5,    5,    5,   -9,    5,  -60,  -60,  -60,
      21,  -13,  -60,   -5,  -79,  -40,  -29,  -11,  -11,  -18,  -66,  -24,  -24,  -34,   -7,   -4,
      -7,  -66,  -66,  -66,  -66,  -34,  -34,  -21,   -9,   -9,   16,   41,   26,   21,   21,   16,
      18,   26,   18,   16,   16,   18,    8,   26,   18,   18,   34,   16,   16,   16,   16,   16,
      18,   18,   18,   16,   34,   21,   16,   18,   16,  -18,   16,   16,   16,   18,   16,   16,
      18,   18,   18,   18,   18,   18,   16,   16,   16,   16,   16,   18,   18,   16,   21,   42,
      27,   42,   40,   42,   18,   48,   45,   16,   24,    9,   48,   48,   48,   77,   27,   77,
      77,   45,   42,   42,   42,   62,   48,   50,   77,   42,   24,   24,   21,   42,   27,   42,
      40,   42,   18,   48,   48,   16,   24,    9,   48,   48,   48,   77,   27,   77,   77,   48,
      42,   42,   42,   62,   48,   24,   77,   42,   24,   24,   21,   42,   27,   42,   40,   42,
      18,   48,   30,   16,   24,    9,   48,   48,   48,   77,   27,   77,   77,   45,   42,   42,
      42,   62,   48,   24,   77,   42,   24,   24,   45,   48,   45,   34,   48,  -42,  -82,  -63,
     -63,  -21,  -13,  -13,  -45,  -32,  -16,  -82,  -10,  -32,  -61,  -45,  -29,  -63,  -38,  -82,
     -41,  -63,  -16,  -32,  -45,  -45,  -45,  -13,  -45,  -10,  -66,  -10,  -16,  -31,  -40,  -18,
     -21,  -21,  -16,  -50,    7,    2,   16,   27,    2,   16,   27,   27,   34,   27,    7,    7,
     -42,  -79,  -58,  -58,  -21,  -13,  -13,  -45,  -32,  -16,  -61,  -10,  -32,  -55,  -45,  -29,
     -58,  -38,  -82,  -41,  -58,  -16,  -32,  -45,  -45,  -45,  -13,  -45,  -10,  -66,  -10,  -16,
     -31,  -40,  -18,  -21,  -21,  -16,  -50,  -16,  -16,  -16,    7,    2,   31,   27,    2,   16,
      27,   27,   16,   27,    7,    7,  -42,  -77,  -40,  -63,  -21,  -13,  -13,  -45,  -32,  -31,
     -77,  -10,  -32,  -58,  -45,  -29, -100,  -38,  -77,  -41,  -69,  -16,  -32,  -45,  -45,  -45,
     -13,  -45,  -10,  -66,  -10,  -31,  -31,  -40,  -34,  -21,  -21,  -16,  -34,   14,    2,   31,
      27,    2,   16,   27,   27,   16,   27,   14,   14,  -16,  -50,  -16,  -50,  -16,  -61,  -16,
     -32,  -37,  -16,  -37,  -16,  -14,  -40,  -14,  -42,    9,  -26,  -34,  -36,  -26,  -34,  -48,
     -50,  -29,  -29,  -58,  -37,  -50,  -61,  -50,  -50,  -50,  -24,  -16,  -53,  -53,  -60,   42,
     -60,  -50,  -45,  -34,   42,   42,  -36,  -50,   59,   42,  -64,  -64,  -14,  -48,  -25,  -48,
     -34,    9,    9,  -56,  -16,  -55,  -58,  -16,  -50,  -16,  -50,  -16,  -61,  -16,  -32,  -37,
     -16,  -37,  -16,  -14,  -40,  -14,  -42,    9,  -26,  -34,  -36,  -26,  -34,  -48,  -34,  -29,
     -29,  -29,  -21,  -50,  -61,  -50,  -82,  -50,  -24,  -16,  -53,  -53,  -60,   42,  -60,  -58,
     -45,  -34,   42,   42,  -36,  -53,   59,   42,  -64,  -64,  -14,  -48,  -25,  -48,  -34,    9,
       9,  -56,  -16,  -55,  -58,  -16,  -34,  -16,  -34,  -16,  -61,  -16,  -32,  -37,  -16,  -37,
     -16,  -14,  -66,  -14,  -98,    9,  -26,  -34,  -36,  -26,  -34,  -48,  -34,  -29,  -29,  -29,
     -21,  -34,  -61,  -34,  -82,  -71,  -24,  -16,  -53,  -53,  -60,   42,  -60,  -58,  -45,  -34,
      42,   42,  -36,  -53,   59,   42,  -64,  -64,  -14,  -48,  -25,  -48,  -34,    9,    9,  -56,
     -16,  -55,  -93,  -27,  -32,  -14,  -27,  -27,  -14,  -27,  -27,  -27,  -27,  -27,  -27,  -27,
     -27,  -32,  -32,  -27,  -27,  -27,  -32,  -27,  -14,  -14,  -27,  -21,  -21,  -16,  -21,  -21,
     -21,  -21,   18,   18,   18,   18,   18,  -16,   14,    7,  -16,  -16,    7,  -16,   14,   14,
     -34,   -7,   -7,   -7,   -7,  -34,  -34,  -34,  -34,   45,   45,   45,   42,   45,   -7,   -5,
     -16,  -16,  -73,  -24,  -24,  -13,  -40,    5,   -9,   -8,  -10,   -7,  -16,   -5,    5,    5,
      -9,    5,  -73,  -73,  -73,   21,  -13,  -73,   -5,  -79,  -40,  -29,  -11,  -11,   16,  -18,
     -18,  -16,  -18,  -45,  -26,  -16,  -18,  -34,  -18,  -45,  -45,  -45,  -45,  -26,  -26,  -18,
       7,    7,  -29,    9,    9,    9,   34,    9,   45,   45,   45,   39,   45,   21,   42,   27,
      42,   40,   42,   18,   45,   48,   16,   24,    9,   45,   45,   45,   77,   27,   77,   77,
      48,   42,   42,   42,   62,   45,   45,   96,   42,   24,   24,  -16,   29,  -16,  -16,  -16,
      11,   11,  -16,   -5,  -66,  -66,  -16,   -9,  -18,   -9,  -24,  -24,  -16,  -16,  -18,  -26,
     -13,  -66,  -42,  -66,   -3,  -66,  -21,  -26,  -26,  -13,  -13,  -26,  -13,  -18,  -18,  -18,
      40,   -9,  -40,  -16,  -18,  -29,  -36,  -21,  -16,  -21,  -21,  -18,  -16,  -14,  -16,  -16,
     -16,  -18,   -3,  -14,  -14,  -14,  -40,  -30,  -16,  -16,  -16,  -42,  -21,  -18,  -46,  -21,
     -21,  -18,  -16,  -21,  -14,  -14,  -14,    7,  -14,    7,   -5,  -11,   -5,  -14,   -7,  -11,
     -11,   -9,  -11,  -14,  -14,  -14,  -11,  -14,   -7,   -7,   -9,   -7,  -11,   -7,  -11,  -14,
       7,  -14,  -18,  -58,  -18,  -58,  -16,  -18,  -18,    7,  -26,  -26,  -16,   -8,    7,    5,
       7,    7,    7,    7,    4,    7,  -18,  -34,  -18,   -8,    5,    5,    5,   16,   -8,    7,
       7,   16,   16,    7,   -8,  -26,  -26,  -26,    7,    5,   16,  -26,   -7,   -7,    7,    7,
     -18,    7,  -71,  -58,    7,  -24,  -13,  -46,  -46,  -13,  -80,   -9,  -13,  -13,  -10,  -26,
     -13,  -46,  -46,  -46,  -13,  -46,   -9,  -50,  -80,  -80,  -33,  -29,  -37,  -16,  -37,  -16,
     -32,  -29,  -48,  -45,  -16,  -34,  -16,  -16,    9,  -33,  -72,  -13,  -18,  -32,  -18,  -37,
     -42,  -61,   -4,  -18,  -61,  -29,  -40,  -66,  -56,  -72,  -13,  -26,  -13,  -72,  -18,  -55,
     -72,    9,    9,    9,  -18,  -13,   40,  -16,    9,  -23,  -32,  -50,  -18,  -61,  -68,  -82,
     -16,   30,   45,   30,   34,   45,   -7,   -5,  -16,  -16,  -36,  -24,  -24,  -13,  -40,    5,
      -9,   -8,  -10,   -7,  -16,   -5,    5,    5,   -9,    5,  -36,  -36,  -36,   42,  -13,  -36,
      -5,  -79,  -40,  -29,  -11,  -11,  -16,  -16,   18,  -16,  -29,  -37,  -31,  -37,  -31,  -32,
     -29,  -48,  -45,  -16,  -34,  -16,  -16,    9,  -33,  -36,  -13,  -18,  -32,  -18,  -37,  -42,
     -61,   -4,  -18,  -61,  -29,  -40,  -66,  -56,  -36,  -13,  -26,  -13,  -36,  -18,  -55,  -62,
       9,    9,    9,  -18,  -13,   40,  -16,    9,  -23,  -32,  -50,  -18,  -31,  -68,  -82,  -16,
     -29,  -40,  -40,  -45,  -29,  -45,  -69,  -18,   -9,  -29,  -18,  -18,  -18,  -29,  -53,  -66,
     -40,   -9,  -29,  -40,  -58,  -32,  -29,  -46,  -29,  -46,  -66,  -21,  -45,  -29,  -18,  -26,
     -45,  -26,  -26,  -64,  -26,  -58,  -18,  -26,  -29,  -10,  -36,    7,  -18,    7,  -50,  -40,
     -29,  -40,   -5,  -29,  -32,  -26,  -26,  -29,  -29,  -18,    7,  -26,  -29,  -18,  -24,  -42,
     -26,  -56,  -29,    7,    7,  -51,  -46,  -32,  -45,  -42,  -29,  -50,  -16,  -24,  -16,  -16,
     -24,  -16,  -45,  -45,  -45,   24,   24,  -29,  -69,   29,   29,  -24,  -50,  -50,  -58,  -45,
     -45,  -16,  -16,  -18,  -21,  -21,  -16,  -16,  -16,  -21,  -50,  -21,  -21,  -16,  -38,  -12,
     -40,  -13,   -7,   -7,  -10,   -3,  -41,  -21,  -21,  -16,  -16,  -24,  -16,  -16,  -16,  -13,
     -21,  -16,  -16,  -16,  -31,  -26,  -64,  -85,  -26,   10,   -3,   -7,  -25,    6,   -3,  -16,
     -10,   -7,  -42,  -18,  -18,  -58,  -57,  -39,  -68,  -24,  -24,  -58,  -58,  -93,  -18,  -18,
     -74,  -68,  -68,  -11,   -7,   -7,  -23,   18,  -32,  -32,  -18,  -24,  -32,
};

static const EpdFontData inter_ui_14_regular = {
    inter_ui_14_regularBitmaps,
    nullptr,  // glyph: the 16-byte EpdGlyph array is the .cpfont form, SD-card fonts only
    inter_ui_14_regularGlyphs,
    epdSharedFontIntervals_c4d7ea5ccdb0,
    62,
    35,
    29,
    -8,
    false,
    nullptr,
    0,
    nullptr,
    nullptr,  // kernLeftClasses: built-in fonts use the split arrays below
    nullptr,  // kernRightClasses
    epdSharedFontKernLeftCodepoints_c1e207f0c3d3,
    epdSharedFontKernLeftClassIds_53a49843dcb7,
    epdSharedFontKernRightCodepoints_a418634d41a8,
    epdSharedFontKernRightClassIds_d5e6c44fa10f,
    nullptr,  // kernMatrix: built-in fonts use the sparse form below
    epdSharedFontKernRowOffsets_36e9ba6f8152,
    epdSharedFontKernSparseCols_6c2e8025d61b,
    inter_ui_14_regularKernSparseValues,
    744,
    743,
    133,
    127,
    nullptr,
    0,
};
